ISO-10303-21;
HEADER;
/* Generated by software containing ST-Developer
 * from STEP Tools, Inc. (www.steptools.com) 
 */

FILE_DESCRIPTION(
/* description */ (''),
/* implementation_level */ '2;1');

FILE_NAME(
/* name */ 'BEST_BOTTOM_CASE.step',
/* time_stamp */ '2026-07-02T19:33:24-07:00',
/* author */ (''),
/* organization */ (''),
/* preprocessor_version */ 'ST-DEVELOPER v20.1',
/* originating_system */ 'Autodesk Translation Framework v15.8.0.0',
/* authorisation */ '');

FILE_SCHEMA (('AUTOMOTIVE_DESIGN { 1 0 10303 214 3 1 1 }'));
ENDSEC;

DATA;
#10=MECHANICAL_DESIGN_GEOMETRIC_PRESENTATION_REPRESENTATION('',(#13),#2560);
#11=SHAPE_REPRESENTATION_RELATIONSHIP('SRR','None',#2567,#12);
#12=ADVANCED_BREP_SHAPE_REPRESENTATION('',(#14),#2559);
#13=STYLED_ITEM('',(#2577),#14);
#14=MANIFOLD_SOLID_BREP('Bottom_Case',#1116);
#15=B_SPLINE_SURFACE_WITH_KNOTS('',3,3,((#1784,#1785,#1786,#1787,#1788,
#1789),(#1790,#1791,#1792,#1793,#1794,#1795),(#1796,#1797,#1798,#1799,#1800,
#1801),(#1802,#1803,#1804,#1805,#1806,#1807),(#1808,#1809,#1810,#1811,#1812,
#1813),(#1814,#1815,#1816,#1817,#1818,#1819)),.UNSPECIFIED.,.F.,.F.,.F.,
(4,1,1,4),(4,1,1,4),(-5.60989807091961E-5,0.333333333333333,0.666666666666667,
1.00005609898071),(0.,0.333333333333333,0.666666666666667,1.00005609898071),
 .UNSPECIFIED.);
#16=B_SPLINE_SURFACE_WITH_KNOTS('',3,3,((#1842,#1843,#1844,#1845,#1846,
#1847),(#1848,#1849,#1850,#1851,#1852,#1853),(#1854,#1855,#1856,#1857,#1858,
#1859),(#1860,#1861,#1862,#1863,#1864,#1865),(#1866,#1867,#1868,#1869,#1870,
#1871),(#1872,#1873,#1874,#1875,#1876,#1877)),.UNSPECIFIED.,.F.,.F.,.F.,
(4,1,1,4),(4,1,1,4),(0.,0.333333333333333,0.666666666666667,1.0000560989807),
(-5.6098980702912E-5,0.333333333333333,0.666666666666667,1.0000560989807),
 .UNSPECIFIED.);
#17=B_SPLINE_SURFACE_WITH_KNOTS('',3,3,((#1888,#1889,#1890,#1891,#1892,
#1893),(#1894,#1895,#1896,#1897,#1898,#1899),(#1900,#1901,#1902,#1903,#1904,
#1905),(#1906,#1907,#1908,#1909,#1910,#1911),(#1912,#1913,#1914,#1915,#1916,
#1917),(#1918,#1919,#1920,#1921,#1922,#1923)),.UNSPECIFIED.,.F.,.F.,.F.,
(4,1,1,4),(4,1,1,4),(-5.60989806683616E-5,0.333333333333333,0.666666666666667,
1.00005609898067),(0.,0.333333333333333,0.666666666666667,1.00005609898067),
 .UNSPECIFIED.);
#18=B_SPLINE_SURFACE_WITH_KNOTS('',3,3,((#1939,#1940,#1941,#1942,#1943,
#1944),(#1945,#1946,#1947,#1948,#1949,#1950),(#1951,#1952,#1953,#1954,#1955,
#1956),(#1957,#1958,#1959,#1960,#1961,#1962),(#1963,#1964,#1965,#1966,#1967,
#1968),(#1969,#1970,#1971,#1972,#1973,#1974)),.UNSPECIFIED.,.F.,.F.,.F.,
(4,1,1,4),(4,1,1,4),(0.,0.333333333333333,0.666666666666667,1.00005609898065),
(-5.60989806514867E-5,0.333333333333333,0.666666666666667,1.00005609898065),
 .UNSPECIFIED.);
#19=B_SPLINE_SURFACE_WITH_KNOTS('',3,3,((#1979,#1980,#1981,#1982,#1983,
#1984),(#1985,#1986,#1987,#1988,#1989,#1990),(#1991,#1992,#1993,#1994,#1995,
#1996),(#1997,#1998,#1999,#2000,#2001,#2002),(#2003,#2004,#2005,#2006,#2007,
#2008),(#2009,#2010,#2011,#2012,#2013,#2014)),.UNSPECIFIED.,.F.,.F.,.F.,
(4,1,1,4),(4,1,1,4),(-5.60989807093958E-5,0.333333333333333,0.666666666666667,
1.00005609898071),(0.,0.333333333333333,0.666666666666667,1.00005609898071),
 .UNSPECIFIED.);
#20=B_SPLINE_SURFACE_WITH_KNOTS('',3,3,((#2030,#2031,#2032,#2033,#2034,
#2035),(#2036,#2037,#2038,#2039,#2040,#2041),(#2042,#2043,#2044,#2045,#2046,
#2047),(#2048,#2049,#2050,#2051,#2052,#2053),(#2054,#2055,#2056,#2057,#2058,
#2059),(#2060,#2061,#2062,#2063,#2064,#2065)),.UNSPECIFIED.,.F.,.F.,.F.,
(4,1,1,4),(4,1,1,4),(0.,0.333333333333333,0.666666666666667,1.00005609898071),
(-5.60989807093515E-5,0.333333333333333,0.666666666666667,1.00005609898071),
 .UNSPECIFIED.);
#21=B_SPLINE_SURFACE_WITH_KNOTS('',3,3,((#2077,#2078,#2079,#2080,#2081,
#2082),(#2083,#2084,#2085,#2086,#2087,#2088),(#2089,#2090,#2091,#2092,#2093,
#2094),(#2095,#2096,#2097,#2098,#2099,#2100),(#2101,#2102,#2103,#2104,#2105,
#2106),(#2107,#2108,#2109,#2110,#2111,#2112)),.UNSPECIFIED.,.F.,.F.,.F.,
(4,1,1,4),(4,1,1,4),(-5.60989807100841E-5,0.333333333333333,0.666666666666667,
1.00005609898071),(0.,0.333333333333333,0.666666666666667,1.0000560989807),
 .UNSPECIFIED.);
#22=B_SPLINE_SURFACE_WITH_KNOTS('',3,3,((#2124,#2125,#2126,#2127,#2128,
#2129),(#2130,#2131,#2132,#2133,#2134,#2135),(#2136,#2137,#2138,#2139,#2140,
#2141),(#2142,#2143,#2144,#2145,#2146,#2147),(#2148,#2149,#2150,#2151,#2152,
#2153),(#2154,#2155,#2156,#2157,#2158,#2159)),.UNSPECIFIED.,.F.,.F.,.F.,
(4,1,1,4),(4,1,1,4),(0.,0.333333333333333,0.666666666666667,1.0000560989807),
(-5.60989807118162E-5,0.333333333333333,0.666666666666667,1.00005609898071),
 .UNSPECIFIED.);
#23=B_SPLINE_SURFACE_WITH_KNOTS('',3,3,((#2172,#2173,#2174,#2175,#2176,
#2177),(#2178,#2179,#2180,#2181,#2182,#2183),(#2184,#2185,#2186,#2187,#2188,
#2189),(#2190,#2191,#2192,#2193,#2194,#2195),(#2196,#2197,#2198,#2199,#2200,
#2201),(#2202,#2203,#2204,#2205,#2206,#2207)),.UNSPECIFIED.,.F.,.F.,.F.,
(4,1,1,4),(4,1,1,4),(-5.60989807060208E-5,0.333333333333333,0.666666666666667,
1.00005609898071),(0.,0.333333333333333,0.666666666666667,1.00005609898071),
 .UNSPECIFIED.);
#24=B_SPLINE_SURFACE_WITH_KNOTS('',3,3,((#2223,#2224,#2225,#2226,#2227,
#2228),(#2229,#2230,#2231,#2232,#2233,#2234),(#2235,#2236,#2237,#2238,#2239,
#2240),(#2241,#2242,#2243,#2244,#2245,#2246),(#2247,#2248,#2249,#2250,#2251,
#2252),(#2253,#2254,#2255,#2256,#2257,#2258)),.UNSPECIFIED.,.F.,.F.,.F.,
(4,1,1,4),(4,1,1,4),(0.,0.333333333333333,0.666666666666667,1.00005609898065),
(-5.6098980650909E-5,0.333333333333333,0.666666666666667,1.00005609898065),
 .UNSPECIFIED.);
#25=B_SPLINE_SURFACE_WITH_KNOTS('',3,3,((#2270,#2271,#2272,#2273,#2274,
#2275),(#2276,#2277,#2278,#2279,#2280,#2281),(#2282,#2283,#2284,#2285,#2286,
#2287),(#2288,#2289,#2290,#2291,#2292,#2293),(#2294,#2295,#2296,#2297,#2298,
#2299),(#2300,#2301,#2302,#2303,#2304,#2305)),.UNSPECIFIED.,.F.,.F.,.F.,
(4,1,1,4),(4,1,1,4),(-5.609898065142E-5,0.333333333333333,0.666666666666667,
1.00005609898065),(0.,0.333333333333333,0.666666666666667,1.00005609898065),
 .UNSPECIFIED.);
#26=B_SPLINE_SURFACE_WITH_KNOTS('',3,3,((#2317,#2318,#2319,#2320,#2321,
#2322),(#2323,#2324,#2325,#2326,#2327,#2328),(#2329,#2330,#2331,#2332,#2333,
#2334),(#2335,#2336,#2337,#2338,#2339,#2340),(#2341,#2342,#2343,#2344,#2345,
#2346),(#2347,#2348,#2349,#2350,#2351,#2352)),.UNSPECIFIED.,.F.,.F.,.F.,
(4,1,1,4),(4,1,1,4),(0.,0.333333333333333,0.666666666666667,1.00005609898066),
(-5.60989806608117E-5,0.333333333333333,0.666666666666667,1.00005609898066),
 .UNSPECIFIED.);
#27=B_SPLINE_SURFACE_WITH_KNOTS('',3,3,((#2367,#2368,#2369,#2370,#2371,
#2372),(#2373,#2374,#2375,#2376,#2377,#2378),(#2379,#2380,#2381,#2382,#2383,
#2384),(#2385,#2386,#2387,#2388,#2389,#2390),(#2391,#2392,#2393,#2394,#2395,
#2396),(#2397,#2398,#2399,#2400,#2401,#2402)),.UNSPECIFIED.,.F.,.F.,.F.,
(4,1,1,4),(4,1,1,4),(-5.60989807107281E-5,0.333333333333333,0.666666666666667,
1.00005609898071),(0.,0.333333333333333,0.666666666666667,1.00005609898071),
 .UNSPECIFIED.);
#28=B_SPLINE_SURFACE_WITH_KNOTS('',3,3,((#2418,#2419,#2420,#2421,#2422,
#2423),(#2424,#2425,#2426,#2427,#2428,#2429),(#2430,#2431,#2432,#2433,#2434,
#2435),(#2436,#2437,#2438,#2439,#2440,#2441),(#2442,#2443,#2444,#2445,#2446,
#2447),(#2448,#2449,#2450,#2451,#2452,#2453)),.UNSPECIFIED.,.F.,.F.,.F.,
(4,1,1,4),(4,1,1,4),(0.,0.333333333333333,0.666666666666667,1.0000560989807),
(-5.60989807104615E-5,0.333333333333333,0.666666666666667,1.00005609898071),
 .UNSPECIFIED.);
#29=B_SPLINE_SURFACE_WITH_KNOTS('',3,3,((#2465,#2466,#2467,#2468,#2469,
#2470),(#2471,#2472,#2473,#2474,#2475,#2476),(#2477,#2478,#2479,#2480,#2481,
#2482),(#2483,#2484,#2485,#2486,#2487,#2488),(#2489,#2490,#2491,#2492,#2493,
#2494),(#2495,#2496,#2497,#2498,#2499,#2500)),.UNSPECIFIED.,.F.,.F.,.F.,
(4,1,1,4),(4,1,1,4),(-5.60989806556167E-5,0.333333333333333,0.666666666666667,
1.00005609898066),(0.,0.333333333333333,0.666666666666667,1.00005609898066),
 .UNSPECIFIED.);
#30=B_SPLINE_SURFACE_WITH_KNOTS('',3,3,((#2512,#2513,#2514,#2515,#2516,
#2517),(#2518,#2519,#2520,#2521,#2522,#2523),(#2524,#2525,#2526,#2527,#2528,
#2529),(#2530,#2531,#2532,#2533,#2534,#2535),(#2536,#2537,#2538,#2539,#2540,
#2541),(#2542,#2543,#2544,#2545,#2546,#2547)),.UNSPECIFIED.,.F.,.F.,.F.,
(4,1,1,4),(4,1,1,4),(0.,0.333333333333333,0.666666666666667,1.00005609898072),
(-5.60989807185442E-5,0.333333333333333,0.666666666666667,1.00005609898072),
 .UNSPECIFIED.);
#31=B_SPLINE_CURVE_WITH_KNOTS('',3,(#1608,#1609,#1610,#1611),
 .UNSPECIFIED.,.F.,.F.,(4,4),(0.233376640885267,0.237199729385722),
 .UNSPECIFIED.);
#32=B_SPLINE_CURVE_WITH_KNOTS('',3,(#1616,#1617,#1618,#1619),
 .UNSPECIFIED.,.F.,.F.,(4,4),(0.077933170979561,0.0817562594800161),
 .UNSPECIFIED.);
#33=B_SPLINE_CURVE_WITH_KNOTS('',3,(#1822,#1823,#1824,#1825),
 .UNSPECIFIED.,.F.,.F.,(4,4),(-0.0513665138532706,0.),.UNSPECIFIED.);
#34=B_SPLINE_CURVE_WITH_KNOTS('',3,(#1826,#1827,#1828,#1829,#1830,#1831),
 .UNSPECIFIED.,.F.,.F.,(4,1,1,4),(0.0589520569827333,0.333333333333333,
0.666666666666667,1.),.UNSPECIFIED.);
#35=B_SPLINE_CURVE_WITH_KNOTS('',3,(#1832,#1833,#1834,#1835,#1836,#1837),
 .UNSPECIFIED.,.F.,.F.,(4,1,1,4),(0.114517597759091,0.333333333333333,0.666666666666667,
1.),.UNSPECIFIED.);
#36=B_SPLINE_CURVE_WITH_KNOTS('',3,(#1879,#1880,#1881,#1882,#1883,#1884,
#1885,#1886),.UNSPECIFIED.,.F.,.F.,(4,2,2,4),(-0.858842302923201,-0.588785148555959,
-0.295762199464446,0.),.UNSPECIFIED.);
#37=B_SPLINE_CURVE_WITH_KNOTS('',3,(#1925,#1926,#1927,#1928,#1929,#1930,
#1931,#1932),.UNSPECIFIED.,.F.,.F.,(4,2,2,4),(-0.515960173930984,-0.397766133112765,
-0.190219373103095,0.),.UNSPECIFIED.);
#38=B_SPLINE_CURVE_WITH_KNOTS('',3,(#1933,#1934,#1935,#1936,#1937,#1938),
 .UNSPECIFIED.,.F.,.F.,(4,1,1,4),(0.114517597759091,0.333333333333333,0.666666666666667,
1.),.UNSPECIFIED.);
#39=B_SPLINE_CURVE_WITH_KNOTS('',3,(#1975,#1976,#1977,#1978),
 .UNSPECIFIED.,.F.,.F.,(4,4),(-0.0513725217414733,0.),.UNSPECIFIED.);
#40=B_SPLINE_CURVE_WITH_KNOTS('',3,(#2016,#2017,#2018,#2019,#2020,#2021,
#2022,#2023),.UNSPECIFIED.,.F.,.F.,(4,2,2,4),(-0.515960173929721,-0.397766133112135,
-0.190219373103283,0.),.UNSPECIFIED.);
#41=B_SPLINE_CURVE_WITH_KNOTS('',3,(#2024,#2025,#2026,#2027,#2028,#2029),
 .UNSPECIFIED.,.F.,.F.,(4,1,1,4),(0.114517597759134,0.333333333333333,0.666666666666667,
1.),.UNSPECIFIED.);
#42=B_SPLINE_CURVE_WITH_KNOTS('',3,(#2067,#2068,#2069,#2070),
 .UNSPECIFIED.,.F.,.F.,(4,4),(-0.0513725217415052,0.),.UNSPECIFIED.);
#43=B_SPLINE_CURVE_WITH_KNOTS('',3,(#2071,#2072,#2073,#2074,#2075,#2076),
 .UNSPECIFIED.,.F.,.F.,(4,1,1,4),(0.0589520569827562,0.333333333333333,
0.666666666666667,1.),.UNSPECIFIED.);
#44=B_SPLINE_CURVE_WITH_KNOTS('',3,(#2114,#2115,#2116,#2117),
 .UNSPECIFIED.,.F.,.F.,(4,4),(-0.0513665138532748,0.),.UNSPECIFIED.);
#45=B_SPLINE_CURVE_WITH_KNOTS('',3,(#2118,#2119,#2120,#2121,#2122,#2123),
 .UNSPECIFIED.,.F.,.F.,(4,1,1,4),(0.114517597759134,0.333333333333333,0.666666666666667,
1.),.UNSPECIFIED.);
#46=B_SPLINE_CURVE_WITH_KNOTS('',3,(#2160,#2161,#2162,#2163,#2164,#2165,
#2166,#2167),.UNSPECIFIED.,.F.,.F.,(4,2,2,4),(-0.858842302922941,-0.58878514855445,
-0.295762199464031,0.),.UNSPECIFIED.);
#47=B_SPLINE_CURVE_WITH_KNOTS('',3,(#2209,#2210,#2211,#2212,#2213,#2214,
#2215,#2216),.UNSPECIFIED.,.F.,.F.,(4,2,2,4),(-0.515960173939826,-0.397766133118238,
-0.190219373103792,0.),.UNSPECIFIED.);
#48=B_SPLINE_CURVE_WITH_KNOTS('',3,(#2217,#2218,#2219,#2220,#2221,#2222),
 .UNSPECIFIED.,.F.,.F.,(4,1,1,4),(0.114517597759091,0.333333333333333,0.666666666666667,
1.),.UNSPECIFIED.);
#49=B_SPLINE_CURVE_WITH_KNOTS('',3,(#2260,#2261,#2262,#2263),
 .UNSPECIFIED.,.F.,.F.,(4,4),(-0.0513725217415193,0.),.UNSPECIFIED.);
#50=B_SPLINE_CURVE_WITH_KNOTS('',3,(#2264,#2265,#2266,#2267,#2268,#2269),
 .UNSPECIFIED.,.F.,.F.,(4,1,1,4),(0.0589520569827333,0.333333333333333,
0.666666666666667,1.),.UNSPECIFIED.);
#51=B_SPLINE_CURVE_WITH_KNOTS('',3,(#2307,#2308,#2309,#2310),
 .UNSPECIFIED.,.F.,.F.,(4,4),(-0.0513665138532754,0.),.UNSPECIFIED.);
#52=B_SPLINE_CURVE_WITH_KNOTS('',3,(#2311,#2312,#2313,#2314,#2315,#2316),
 .UNSPECIFIED.,.F.,.F.,(4,1,1,4),(0.114517597759091,0.333333333333333,0.666666666666667,
1.),.UNSPECIFIED.);
#53=B_SPLINE_CURVE_WITH_KNOTS('',3,(#2354,#2355,#2356,#2357,#2358,#2359,
#2360,#2361),.UNSPECIFIED.,.F.,.F.,(4,2,2,4),(-0.858842302922619,-0.588785148555138,
-0.295762199464244,0.),.UNSPECIFIED.);
#54=B_SPLINE_CURVE_WITH_KNOTS('',3,(#2404,#2405,#2406,#2407,#2408,#2409,
#2410,#2411),.UNSPECIFIED.,.F.,.F.,(4,2,2,4),(-0.515960173935955,-0.397766133115338,
-0.190219373102657,0.),.UNSPECIFIED.);
#55=B_SPLINE_CURVE_WITH_KNOTS('',3,(#2412,#2413,#2414,#2415,#2416,#2417),
 .UNSPECIFIED.,.F.,.F.,(4,1,1,4),(0.114517597759098,0.333333333333333,0.666666666666667,
1.),.UNSPECIFIED.);
#56=B_SPLINE_CURVE_WITH_KNOTS('',3,(#2455,#2456,#2457,#2458),
 .UNSPECIFIED.,.F.,.F.,(4,4),(-0.0513725217414709,0.),.UNSPECIFIED.);
#57=B_SPLINE_CURVE_WITH_KNOTS('',3,(#2459,#2460,#2461,#2462,#2463,#2464),
 .UNSPECIFIED.,.F.,.F.,(4,1,1,4),(0.0589520569827343,0.333333333333333,
0.666666666666667,1.),.UNSPECIFIED.);
#58=B_SPLINE_CURVE_WITH_KNOTS('',3,(#2502,#2503,#2504,#2505),
 .UNSPECIFIED.,.F.,.F.,(4,4),(-0.0513665138532759,0.),.UNSPECIFIED.);
#59=B_SPLINE_CURVE_WITH_KNOTS('',3,(#2506,#2507,#2508,#2509,#2510,#2511),
 .UNSPECIFIED.,.F.,.F.,(4,1,1,4),(0.114517597759098,0.333333333333333,0.666666666666667,
1.),.UNSPECIFIED.);
#60=B_SPLINE_CURVE_WITH_KNOTS('',3,(#2548,#2549,#2550,#2551,#2552,#2553,
#2554,#2555),.UNSPECIFIED.,.F.,.F.,(4,2,2,4),(-0.858842302922885,-0.588785148554493,
-0.295762199463936,0.),.UNSPECIFIED.);
#61=CYLINDRICAL_SURFACE('',#1142,1.25000000000002);
#62=CYLINDRICAL_SURFACE('',#1145,1.25000000000004);
#63=CYLINDRICAL_SURFACE('',#1150,0.5);
#64=CYLINDRICAL_SURFACE('',#1152,0.500000000000007);
#65=CYLINDRICAL_SURFACE('',#1156,0.499999999999989);
#66=CYLINDRICAL_SURFACE('',#1157,0.5);
#67=CYLINDRICAL_SURFACE('',#1163,5.);
#68=CYLINDRICAL_SURFACE('',#1165,1.25000000000002);
#69=CYLINDRICAL_SURFACE('',#1169,1.24999999999998);
#70=CYLINDRICAL_SURFACE('',#1172,5.);
#71=CYLINDRICAL_SURFACE('',#1174,1.45);
#72=CYLINDRICAL_SURFACE('',#1177,1.45);
#73=CYLINDRICAL_SURFACE('',#1180,1.45);
#74=CYLINDRICAL_SURFACE('',#1183,1.45);
#75=CYLINDRICAL_SURFACE('',#1211,5.);
#76=CYLINDRICAL_SURFACE('',#1214,5.);
#77=CYLINDRICAL_SURFACE('',#1217,5.);
#78=CYLINDRICAL_SURFACE('',#1220,5.);
#79=CYLINDRICAL_SURFACE('',#1223,5.);
#80=CYLINDRICAL_SURFACE('',#1227,5.);
#81=CYLINDRICAL_SURFACE('',#1230,5.);
#82=FACE_BOUND('',#215,.T.);
#83=FACE_BOUND('',#245,.T.);
#84=FACE_BOUND('',#246,.T.);
#85=FACE_BOUND('',#247,.T.);
#86=FACE_BOUND('',#248,.T.);
#87=FACE_BOUND('',#275,.T.);
#88=FACE_BOUND('',#276,.T.);
#89=FACE_BOUND('',#277,.T.);
#90=FACE_BOUND('',#278,.T.);
#91=FACE_BOUND('',#279,.T.);
#92=CIRCLE('',#1134,0.5);
#93=CIRCLE('',#1135,0.500000000000007);
#94=CIRCLE('',#1136,0.5);
#95=CIRCLE('',#1137,0.499999999999989);
#96=CIRCLE('',#1138,1.25000000000002);
#97=CIRCLE('',#1139,1.25000000000004);
#98=CIRCLE('',#1140,1.25000000000002);
#99=CIRCLE('',#1141,1.24999999999998);
#100=CIRCLE('',#1143,1.25000000000002);
#101=CIRCLE('',#1146,1.25000000000004);
#102=CIRCLE('',#1149,5.);
#103=CIRCLE('',#1151,0.5);
#104=CIRCLE('',#1153,0.500000000000007);
#105=CIRCLE('',#1155,5.);
#106=CIRCLE('',#1159,4.9992449429889);
#107=CIRCLE('',#1160,4.9992449429889);
#108=CIRCLE('',#1161,4.99924494298889);
#109=CIRCLE('',#1162,4.99924494298889);
#110=CIRCLE('',#1164,5.);
#111=CIRCLE('',#1166,1.25000000000002);
#112=CIRCLE('',#1170,1.24999999999998);
#113=CIRCLE('',#1173,5.);
#114=CIRCLE('',#1175,1.45);
#115=CIRCLE('',#1176,1.45);
#116=CIRCLE('',#1178,1.45);
#117=CIRCLE('',#1179,1.45);
#118=CIRCLE('',#1181,1.45);
#119=CIRCLE('',#1182,1.45);
#120=CIRCLE('',#1184,1.45);
#121=CIRCLE('',#1185,1.45);
#122=CIRCLE('',#1192,4.99924494298889);
#123=CIRCLE('',#1193,4.99924494298889);
#124=CIRCLE('',#1194,4.9992449429889);
#125=CIRCLE('',#1195,4.9992449429889);
#126=CIRCLE('',#1197,5.);
#127=CIRCLE('',#1198,5.);
#128=CIRCLE('',#1199,5.);
#129=CIRCLE('',#1200,5.);
#130=CIRCLE('',#1202,4.99924494298889);
#131=CIRCLE('',#1203,4.99924494298889);
#132=CIRCLE('',#1204,4.99924494298889);
#133=CIRCLE('',#1205,4.99924494298889);
#134=CIRCLE('',#1207,4.99924494298889);
#135=CIRCLE('',#1208,4.99924494298889);
#136=CIRCLE('',#1209,4.99924494298889);
#137=CIRCLE('',#1210,4.99924494298889);
#138=CIRCLE('',#1212,5.);
#139=CIRCLE('',#1213,5.);
#140=CIRCLE('',#1215,5.);
#141=CIRCLE('',#1216,5.);
#142=CIRCLE('',#1218,5.);
#143=CIRCLE('',#1219,5.);
#144=CIRCLE('',#1221,5.);
#145=CIRCLE('',#1222,5.);
#146=CIRCLE('',#1224,5.);
#147=CIRCLE('',#1225,5.);
#148=CIRCLE('',#1226,5.);
#149=CIRCLE('',#1228,5.);
#150=CIRCLE('',#1229,5.);
#151=CIRCLE('',#1231,5.);
#152=FACE_OUTER_BOUND('',#211,.T.);
#153=FACE_OUTER_BOUND('',#212,.T.);
#154=FACE_OUTER_BOUND('',#213,.T.);
#155=FACE_OUTER_BOUND('',#214,.T.);
#156=FACE_OUTER_BOUND('',#216,.T.);
#157=FACE_OUTER_BOUND('',#217,.T.);
#158=FACE_OUTER_BOUND('',#218,.T.);
#159=FACE_OUTER_BOUND('',#219,.T.);
#160=FACE_OUTER_BOUND('',#220,.T.);
#161=FACE_OUTER_BOUND('',#221,.T.);
#162=FACE_OUTER_BOUND('',#222,.T.);
#163=FACE_OUTER_BOUND('',#223,.T.);
#164=FACE_OUTER_BOUND('',#224,.T.);
#165=FACE_OUTER_BOUND('',#225,.T.);
#166=FACE_OUTER_BOUND('',#226,.T.);
#167=FACE_OUTER_BOUND('',#227,.T.);
#168=FACE_OUTER_BOUND('',#228,.T.);
#169=FACE_OUTER_BOUND('',#229,.T.);
#170=FACE_OUTER_BOUND('',#230,.T.);
#171=FACE_OUTER_BOUND('',#231,.T.);
#172=FACE_OUTER_BOUND('',#232,.T.);
#173=FACE_OUTER_BOUND('',#233,.T.);
#174=FACE_OUTER_BOUND('',#234,.T.);
#175=FACE_OUTER_BOUND('',#235,.T.);
#176=FACE_OUTER_BOUND('',#236,.T.);
#177=FACE_OUTER_BOUND('',#237,.T.);
#178=FACE_OUTER_BOUND('',#238,.T.);
#179=FACE_OUTER_BOUND('',#239,.T.);
#180=FACE_OUTER_BOUND('',#240,.T.);
#181=FACE_OUTER_BOUND('',#241,.T.);
#182=FACE_OUTER_BOUND('',#242,.T.);
#183=FACE_OUTER_BOUND('',#243,.T.);
#184=FACE_OUTER_BOUND('',#244,.T.);
#185=FACE_OUTER_BOUND('',#249,.T.);
#186=FACE_OUTER_BOUND('',#250,.T.);
#187=FACE_OUTER_BOUND('',#251,.T.);
#188=FACE_OUTER_BOUND('',#252,.T.);
#189=FACE_OUTER_BOUND('',#253,.T.);
#190=FACE_OUTER_BOUND('',#254,.T.);
#191=FACE_OUTER_BOUND('',#255,.T.);
#192=FACE_OUTER_BOUND('',#256,.T.);
#193=FACE_OUTER_BOUND('',#257,.T.);
#194=FACE_OUTER_BOUND('',#258,.T.);
#195=FACE_OUTER_BOUND('',#259,.T.);
#196=FACE_OUTER_BOUND('',#260,.T.);
#197=FACE_OUTER_BOUND('',#261,.T.);
#198=FACE_OUTER_BOUND('',#262,.T.);
#199=FACE_OUTER_BOUND('',#263,.T.);
#200=FACE_OUTER_BOUND('',#264,.T.);
#201=FACE_OUTER_BOUND('',#265,.T.);
#202=FACE_OUTER_BOUND('',#266,.T.);
#203=FACE_OUTER_BOUND('',#267,.T.);
#204=FACE_OUTER_BOUND('',#268,.T.);
#205=FACE_OUTER_BOUND('',#269,.T.);
#206=FACE_OUTER_BOUND('',#270,.T.);
#207=FACE_OUTER_BOUND('',#271,.T.);
#208=FACE_OUTER_BOUND('',#272,.T.);
#209=FACE_OUTER_BOUND('',#273,.T.);
#210=FACE_OUTER_BOUND('',#274,.T.);
#211=EDGE_LOOP('',(#705,#706,#707,#708));
#212=EDGE_LOOP('',(#709,#710,#711,#712));
#213=EDGE_LOOP('',(#713,#714,#715,#716));
#214=EDGE_LOOP('',(#717,#718,#719,#720,#721,#722,#723,#724,#725,#726));
#215=EDGE_LOOP('',(#727,#728,#729,#730,#731,#732,#733,#734));
#216=EDGE_LOOP('',(#735,#736,#737,#738));
#217=EDGE_LOOP('',(#739,#740,#741,#742));
#218=EDGE_LOOP('',(#743,#744,#745,#746));
#219=EDGE_LOOP('',(#747,#748,#749,#750));
#220=EDGE_LOOP('',(#751,#752,#753,#754,#755));
#221=EDGE_LOOP('',(#756,#757,#758,#759));
#222=EDGE_LOOP('',(#760,#761,#762,#763));
#223=EDGE_LOOP('',(#764,#765,#766,#767,#768));
#224=EDGE_LOOP('',(#769,#770,#771,#772));
#225=EDGE_LOOP('',(#773,#774,#775,#776));
#226=EDGE_LOOP('',(#777,#778,#779,#780,#781,#782,#783,#784,#785,#786,#787,
#788,#789,#790,#791,#792));
#227=EDGE_LOOP('',(#793,#794,#795,#796,#797));
#228=EDGE_LOOP('',(#798,#799,#800,#801));
#229=EDGE_LOOP('',(#802,#803,#804,#805));
#230=EDGE_LOOP('',(#806,#807,#808,#809));
#231=EDGE_LOOP('',(#810,#811,#812,#813));
#232=EDGE_LOOP('',(#814,#815,#816,#817,#818,#819,#820,#821));
#233=EDGE_LOOP('',(#822,#823,#824,#825,#826));
#234=EDGE_LOOP('',(#827,#828,#829,#830));
#235=EDGE_LOOP('',(#831,#832,#833,#834));
#236=EDGE_LOOP('',(#835,#836,#837,#838));
#237=EDGE_LOOP('',(#839,#840,#841,#842));
#238=EDGE_LOOP('',(#843,#844,#845,#846));
#239=EDGE_LOOP('',(#847,#848,#849,#850));
#240=EDGE_LOOP('',(#851,#852,#853,#854));
#241=EDGE_LOOP('',(#855,#856,#857,#858));
#242=EDGE_LOOP('',(#859,#860,#861,#862));
#243=EDGE_LOOP('',(#863,#864,#865,#866,#867,#868,#869,#870));
#244=EDGE_LOOP('',(#871,#872,#873,#874,#875,#876,#877,#878));
#245=EDGE_LOOP('',(#879));
#246=EDGE_LOOP('',(#880));
#247=EDGE_LOOP('',(#881));
#248=EDGE_LOOP('',(#882));
#249=EDGE_LOOP('',(#883,#884,#885,#886,#887,#888,#889,#890));
#250=EDGE_LOOP('',(#891,#892,#893,#894,#895,#896,#897,#898));
#251=EDGE_LOOP('',(#899,#900,#901,#902));
#252=EDGE_LOOP('',(#903,#904,#905,#906,#907));
#253=EDGE_LOOP('',(#908,#909,#910,#911,#912));
#254=EDGE_LOOP('',(#913,#914,#915,#916,#917));
#255=EDGE_LOOP('',(#918,#919,#920,#921,#922));
#256=EDGE_LOOP('',(#923,#924,#925,#926,#927));
#257=EDGE_LOOP('',(#928,#929,#930,#931));
#258=EDGE_LOOP('',(#932,#933,#934,#935));
#259=EDGE_LOOP('',(#936,#937,#938,#939,#940));
#260=EDGE_LOOP('',(#941,#942,#943,#944));
#261=EDGE_LOOP('',(#945,#946,#947,#948,#949));
#262=EDGE_LOOP('',(#950,#951,#952,#953,#954));
#263=EDGE_LOOP('',(#955,#956,#957,#958));
#264=EDGE_LOOP('',(#959,#960,#961,#962));
#265=EDGE_LOOP('',(#963,#964,#965,#966));
#266=EDGE_LOOP('',(#967,#968,#969,#970,#971));
#267=EDGE_LOOP('',(#972,#973,#974,#975,#976));
#268=EDGE_LOOP('',(#977,#978,#979,#980));
#269=EDGE_LOOP('',(#981,#982,#983,#984));
#270=EDGE_LOOP('',(#985,#986,#987,#988));
#271=EDGE_LOOP('',(#989,#990,#991,#992,#993));
#272=EDGE_LOOP('',(#994,#995,#996,#997,#998));
#273=EDGE_LOOP('',(#999,#1000,#1001,#1002));
#274=EDGE_LOOP('',(#1003,#1004,#1005,#1006,#1007,#1008,#1009,#1010,#1011,
#1012,#1013,#1014,#1015,#1016,#1017,#1018,#1019,#1020,#1021,#1022,#1023,
#1024,#1025,#1026));
#275=EDGE_LOOP('',(#1027,#1028,#1029,#1030));
#276=EDGE_LOOP('',(#1031));
#277=EDGE_LOOP('',(#1032));
#278=EDGE_LOOP('',(#1033));
#279=EDGE_LOOP('',(#1034));
#280=LINE('',#1520,#355);
#281=LINE('',#1522,#356);
#282=LINE('',#1524,#357);
#283=LINE('',#1525,#358);
#284=LINE('',#1529,#359);
#285=LINE('',#1531,#360);
#286=LINE('',#1533,#361);
#287=LINE('',#1534,#362);
#288=LINE('',#1536,#363);
#289=LINE('',#1537,#364);
#290=LINE('',#1541,#365);
#291=LINE('',#1545,#366);
#292=LINE('',#1550,#367);
#293=LINE('',#1554,#368);
#294=LINE('',#1558,#369);
#295=LINE('',#1562,#370);
#296=LINE('',#1566,#371);
#297=LINE('',#1570,#372);
#298=LINE('',#1573,#373);
#299=LINE('',#1576,#374);
#300=LINE('',#1577,#375);
#301=LINE('',#1580,#376);
#302=LINE('',#1584,#377);
#303=LINE('',#1585,#378);
#304=LINE('',#1590,#379);
#305=LINE('',#1592,#380);
#306=LINE('',#1593,#381);
#307=LINE('',#1599,#382);
#308=LINE('',#1602,#383);
#309=LINE('',#1604,#384);
#310=LINE('',#1612,#385);
#311=LINE('',#1615,#386);
#312=LINE('',#1622,#387);
#313=LINE('',#1628,#388);
#314=LINE('',#1630,#389);
#315=LINE('',#1632,#390);
#316=LINE('',#1637,#391);
#317=LINE('',#1640,#392);
#318=LINE('',#1644,#393);
#319=LINE('',#1648,#394);
#320=LINE('',#1649,#395);
#321=LINE('',#1652,#396);
#322=LINE('',#1653,#397);
#323=LINE('',#1660,#398);
#324=LINE('',#1665,#399);
#325=LINE('',#1671,#400);
#326=LINE('',#1677,#401);
#327=LINE('',#1683,#402);
#328=LINE('',#1688,#403);
#329=LINE('',#1690,#404);
#330=LINE('',#1692,#405);
#331=LINE('',#1693,#406);
#332=LINE('',#1696,#407);
#333=LINE('',#1698,#408);
#334=LINE('',#1699,#409);
#335=LINE('',#1702,#410);
#336=LINE('',#1703,#411);
#337=LINE('',#1706,#412);
#338=LINE('',#1707,#413);
#339=LINE('',#1709,#414);
#340=LINE('',#1713,#415);
#341=LINE('',#1715,#416);
#342=LINE('',#1717,#417);
#343=LINE('',#1723,#418);
#344=LINE('',#1731,#419);
#345=LINE('',#1735,#420);
#346=LINE('',#1740,#421);
#347=LINE('',#1746,#422);
#348=LINE('',#1751,#423);
#349=LINE('',#1754,#424);
#350=LINE('',#1760,#425);
#351=LINE('',#1765,#426);
#352=LINE('',#1769,#427);
#353=LINE('',#2170,#428);
#354=LINE('',#2365,#429);
#355=VECTOR('',#1237,10.);
#356=VECTOR('',#1238,10.);
#357=VECTOR('',#1239,10.);
#358=VECTOR('',#1240,10.);
#359=VECTOR('',#1243,10.);
#360=VECTOR('',#1244,10.);
#361=VECTOR('',#1245,10.);
#362=VECTOR('',#1246,10.);
#363=VECTOR('',#1249,10.);
#364=VECTOR('',#1250,10.);
#365=VECTOR('',#1253,10.);
#366=VECTOR('',#1256,10.);
#367=VECTOR('',#1261,10.);
#368=VECTOR('',#1264,10.);
#369=VECTOR('',#1267,10.);
#370=VECTOR('',#1270,10.);
#371=VECTOR('',#1273,10.);
#372=VECTOR('',#1278,10.);
#373=VECTOR('',#1281,10.);
#374=VECTOR('',#1284,10.);
#375=VECTOR('',#1285,10.);
#376=VECTOR('',#1288,10.);
#377=VECTOR('',#1293,10.);
#378=VECTOR('',#1294,10.);
#379=VECTOR('',#1299,10.);
#380=VECTOR('',#1300,10.);
#381=VECTOR('',#1301,10.);
#382=VECTOR('',#1310,10.);
#383=VECTOR('',#1313,10.);
#384=VECTOR('',#1314,10.);
#385=VECTOR('',#1319,10.);
#386=VECTOR('',#1322,10.);
#387=VECTOR('',#1325,10.);
#388=VECTOR('',#1330,10.);
#389=VECTOR('',#1331,10.);
#390=VECTOR('',#1332,10.);
#391=VECTOR('',#1337,10.);
#392=VECTOR('',#1340,10.);
#393=VECTOR('',#1345,10.);
#394=VECTOR('',#1350,10.);
#395=VECTOR('',#1351,10.);
#396=VECTOR('',#1354,10.);
#397=VECTOR('',#1355,10.);
#398=VECTOR('',#1366,10.);
#399=VECTOR('',#1371,1.45);
#400=VECTOR('',#1378,1.45);
#401=VECTOR('',#1385,1.45);
#402=VECTOR('',#1392,1.45);
#403=VECTOR('',#1397,10.);
#404=VECTOR('',#1398,10.);
#405=VECTOR('',#1399,10.);
#406=VECTOR('',#1400,10.);
#407=VECTOR('',#1403,10.);
#408=VECTOR('',#1404,10.);
#409=VECTOR('',#1405,10.);
#410=VECTOR('',#1408,10.);
#411=VECTOR('',#1409,10.);
#412=VECTOR('',#1412,10.);
#413=VECTOR('',#1413,10.);
#414=VECTOR('',#1416,10.);
#415=VECTOR('',#1419,10.);
#416=VECTOR('',#1420,10.);
#417=VECTOR('',#1421,10.);
#418=VECTOR('',#1426,10.);
#419=VECTOR('',#1435,10.);
#420=VECTOR('',#1438,10.);
#421=VECTOR('',#1445,10.);
#422=VECTOR('',#1450,10.);
#423=VECTOR('',#1455,10.);
#424=VECTOR('',#1458,10.);
#425=VECTOR('',#1463,10.);
#426=VECTOR('',#1468,10.);
#427=VECTOR('',#1471,10.);
#428=VECTOR('',#1504,10.);
#429=VECTOR('',#1511,10.);
#430=VERTEX_POINT('',#1518);
#431=VERTEX_POINT('',#1519);
#432=VERTEX_POINT('',#1521);
#433=VERTEX_POINT('',#1523);
#434=VERTEX_POINT('',#1527);
#435=VERTEX_POINT('',#1528);
#436=VERTEX_POINT('',#1530);
#437=VERTEX_POINT('',#1532);
#438=VERTEX_POINT('',#1539);
#439=VERTEX_POINT('',#1540);
#440=VERTEX_POINT('',#1542);
#441=VERTEX_POINT('',#1544);
#442=VERTEX_POINT('',#1547);
#443=VERTEX_POINT('',#1549);
#444=VERTEX_POINT('',#1552);
#445=VERTEX_POINT('',#1553);
#446=VERTEX_POINT('',#1555);
#447=VERTEX_POINT('',#1557);
#448=VERTEX_POINT('',#1559);
#449=VERTEX_POINT('',#1561);
#450=VERTEX_POINT('',#1563);
#451=VERTEX_POINT('',#1565);
#452=VERTEX_POINT('',#1569);
#453=VERTEX_POINT('',#1571);
#454=VERTEX_POINT('',#1575);
#455=VERTEX_POINT('',#1579);
#456=VERTEX_POINT('',#1583);
#457=VERTEX_POINT('',#1587);
#458=VERTEX_POINT('',#1588);
#459=VERTEX_POINT('',#1591);
#460=VERTEX_POINT('',#1597);
#461=VERTEX_POINT('',#1601);
#462=VERTEX_POINT('',#1603);
#463=VERTEX_POINT('',#1607);
#464=VERTEX_POINT('',#1614);
#465=VERTEX_POINT('',#1621);
#466=VERTEX_POINT('',#1623);
#467=VERTEX_POINT('',#1625);
#468=VERTEX_POINT('',#1627);
#469=VERTEX_POINT('',#1629);
#470=VERTEX_POINT('',#1631);
#471=VERTEX_POINT('',#1633);
#472=VERTEX_POINT('',#1635);
#473=VERTEX_POINT('',#1639);
#474=VERTEX_POINT('',#1643);
#475=VERTEX_POINT('',#1647);
#476=VERTEX_POINT('',#1651);
#477=VERTEX_POINT('',#1658);
#478=VERTEX_POINT('',#1662);
#479=VERTEX_POINT('',#1664);
#480=VERTEX_POINT('',#1668);
#481=VERTEX_POINT('',#1670);
#482=VERTEX_POINT('',#1674);
#483=VERTEX_POINT('',#1676);
#484=VERTEX_POINT('',#1680);
#485=VERTEX_POINT('',#1682);
#486=VERTEX_POINT('',#1686);
#487=VERTEX_POINT('',#1687);
#488=VERTEX_POINT('',#1689);
#489=VERTEX_POINT('',#1691);
#490=VERTEX_POINT('',#1695);
#491=VERTEX_POINT('',#1697);
#492=VERTEX_POINT('',#1701);
#493=VERTEX_POINT('',#1705);
#494=VERTEX_POINT('',#1711);
#495=VERTEX_POINT('',#1712);
#496=VERTEX_POINT('',#1714);
#497=VERTEX_POINT('',#1716);
#498=VERTEX_POINT('',#1718);
#499=VERTEX_POINT('',#1720);
#500=VERTEX_POINT('',#1722);
#501=VERTEX_POINT('',#1724);
#502=VERTEX_POINT('',#1728);
#503=VERTEX_POINT('',#1730);
#504=VERTEX_POINT('',#1732);
#505=VERTEX_POINT('',#1734);
#506=VERTEX_POINT('',#1739);
#507=VERTEX_POINT('',#1741);
#508=VERTEX_POINT('',#1743);
#509=VERTEX_POINT('',#1745);
#510=VERTEX_POINT('',#1747);
#511=VERTEX_POINT('',#1749);
#512=VERTEX_POINT('',#1753);
#513=VERTEX_POINT('',#1755);
#514=VERTEX_POINT('',#1757);
#515=VERTEX_POINT('',#1759);
#516=VERTEX_POINT('',#1761);
#517=VERTEX_POINT('',#1763);
#518=VERTEX_POINT('',#1767);
#519=VERTEX_POINT('',#1768);
#520=VERTEX_POINT('',#1773);
#521=VERTEX_POINT('',#1777);
#522=VERTEX_POINT('',#1781);
#523=VERTEX_POINT('',#1820);
#524=VERTEX_POINT('',#1821);
#525=VERTEX_POINT('',#1839);
#526=VERTEX_POINT('',#1878);
#527=VERTEX_POINT('',#1924);
#528=VERTEX_POINT('',#2015);
#529=VERTEX_POINT('',#2066);
#530=VERTEX_POINT('',#2113);
#531=VERTEX_POINT('',#2169);
#532=VERTEX_POINT('',#2208);
#533=VERTEX_POINT('',#2259);
#534=VERTEX_POINT('',#2306);
#535=VERTEX_POINT('',#2353);
#536=VERTEX_POINT('',#2364);
#537=VERTEX_POINT('',#2403);
#538=VERTEX_POINT('',#2454);
#539=VERTEX_POINT('',#2501);
#540=EDGE_CURVE('',#430,#431,#280,.T.);
#541=EDGE_CURVE('',#431,#432,#281,.T.);
#542=EDGE_CURVE('',#432,#433,#282,.T.);
#543=EDGE_CURVE('',#430,#433,#283,.T.);
#544=EDGE_CURVE('',#434,#435,#284,.T.);
#545=EDGE_CURVE('',#436,#434,#285,.T.);
#546=EDGE_CURVE('',#436,#437,#286,.T.);
#547=EDGE_CURVE('',#435,#437,#287,.T.);
#548=EDGE_CURVE('',#433,#436,#288,.T.);
#549=EDGE_CURVE('',#437,#432,#289,.T.);
#550=EDGE_CURVE('',#438,#439,#290,.T.);
#551=EDGE_CURVE('',#440,#438,#92,.T.);
#552=EDGE_CURVE('',#441,#440,#291,.T.);
#553=EDGE_CURVE('',#435,#441,#93,.T.);
#554=EDGE_CURVE('',#442,#431,#94,.T.);
#555=EDGE_CURVE('',#443,#442,#292,.T.);
#556=EDGE_CURVE('',#439,#443,#95,.T.);
#557=EDGE_CURVE('',#444,#445,#293,.T.);
#558=EDGE_CURVE('',#446,#444,#96,.T.);
#559=EDGE_CURVE('',#447,#446,#294,.T.);
#560=EDGE_CURVE('',#448,#447,#97,.T.);
#561=EDGE_CURVE('',#449,#448,#295,.T.);
#562=EDGE_CURVE('',#450,#449,#98,.T.);
#563=EDGE_CURVE('',#451,#450,#296,.T.);
#564=EDGE_CURVE('',#445,#451,#99,.T.);
#565=EDGE_CURVE('',#452,#449,#297,.T.);
#566=EDGE_CURVE('',#452,#453,#100,.T.);
#567=EDGE_CURVE('',#453,#450,#298,.T.);
#568=EDGE_CURVE('',#454,#448,#299,.T.);
#569=EDGE_CURVE('',#454,#452,#300,.T.);
#570=EDGE_CURVE('',#455,#447,#301,.T.);
#571=EDGE_CURVE('',#455,#454,#101,.T.);
#572=EDGE_CURVE('',#456,#446,#302,.T.);
#573=EDGE_CURVE('',#456,#455,#303,.T.);
#574=EDGE_CURVE('',#457,#458,#102,.T.);
#575=EDGE_CURVE('',#457,#443,#304,.T.);
#576=EDGE_CURVE('',#459,#442,#305,.T.);
#577=EDGE_CURVE('',#458,#459,#306,.T.);
#578=EDGE_CURVE('',#459,#430,#103,.T.);
#579=EDGE_CURVE('',#434,#460,#104,.T.);
#580=EDGE_CURVE('',#460,#441,#307,.T.);
#581=EDGE_CURVE('',#460,#461,#308,.T.);
#582=EDGE_CURVE('',#462,#440,#309,.T.);
#583=EDGE_CURVE('',#461,#462,#105,.T.);
#584=EDGE_CURVE('',#463,#457,#31,.T.);
#585=EDGE_CURVE('',#439,#463,#310,.T.);
#586=EDGE_CURVE('',#464,#438,#311,.T.);
#587=EDGE_CURVE('',#462,#464,#32,.T.);
#588=EDGE_CURVE('',#465,#461,#312,.T.);
#589=EDGE_CURVE('',#466,#465,#106,.T.);
#590=EDGE_CURVE('',#467,#466,#107,.T.);
#591=EDGE_CURVE('',#468,#467,#313,.T.);
#592=EDGE_CURVE('',#469,#468,#314,.T.);
#593=EDGE_CURVE('',#470,#469,#315,.T.);
#594=EDGE_CURVE('',#471,#470,#108,.T.);
#595=EDGE_CURVE('',#472,#471,#109,.T.);
#596=EDGE_CURVE('',#458,#472,#316,.T.);
#597=EDGE_CURVE('',#473,#464,#317,.T.);
#598=EDGE_CURVE('',#473,#465,#110,.T.);
#599=EDGE_CURVE('',#474,#444,#318,.T.);
#600=EDGE_CURVE('',#474,#456,#111,.T.);
#601=EDGE_CURVE('',#475,#445,#319,.T.);
#602=EDGE_CURVE('',#475,#474,#320,.T.);
#603=EDGE_CURVE('',#453,#476,#321,.T.);
#604=EDGE_CURVE('',#476,#451,#322,.T.);
#605=EDGE_CURVE('',#476,#475,#112,.T.);
#606=EDGE_CURVE('',#472,#477,#113,.T.);
#607=EDGE_CURVE('',#463,#477,#323,.T.);
#608=EDGE_CURVE('',#478,#478,#114,.T.);
#609=EDGE_CURVE('',#478,#479,#324,.T.);
#610=EDGE_CURVE('',#479,#479,#115,.T.);
#611=EDGE_CURVE('',#480,#480,#116,.T.);
#612=EDGE_CURVE('',#480,#481,#325,.T.);
#613=EDGE_CURVE('',#481,#481,#117,.T.);
#614=EDGE_CURVE('',#482,#482,#118,.T.);
#615=EDGE_CURVE('',#482,#483,#326,.T.);
#616=EDGE_CURVE('',#483,#483,#119,.T.);
#617=EDGE_CURVE('',#484,#484,#120,.T.);
#618=EDGE_CURVE('',#484,#485,#327,.T.);
#619=EDGE_CURVE('',#485,#485,#121,.T.);
#620=EDGE_CURVE('',#486,#487,#328,.T.);
#621=EDGE_CURVE('',#487,#488,#329,.T.);
#622=EDGE_CURVE('',#488,#489,#330,.T.);
#623=EDGE_CURVE('',#489,#486,#331,.T.);
#624=EDGE_CURVE('',#489,#490,#332,.T.);
#625=EDGE_CURVE('',#491,#490,#333,.T.);
#626=EDGE_CURVE('',#486,#491,#334,.T.);
#627=EDGE_CURVE('',#488,#492,#335,.T.);
#628=EDGE_CURVE('',#490,#492,#336,.T.);
#629=EDGE_CURVE('',#493,#491,#337,.T.);
#630=EDGE_CURVE('',#487,#493,#338,.T.);
#631=EDGE_CURVE('',#492,#493,#339,.T.);
#632=EDGE_CURVE('',#494,#495,#340,.T.);
#633=EDGE_CURVE('',#496,#494,#341,.T.);
#634=EDGE_CURVE('',#497,#496,#342,.T.);
#635=EDGE_CURVE('',#498,#497,#122,.T.);
#636=EDGE_CURVE('',#499,#498,#123,.T.);
#637=EDGE_CURVE('',#500,#499,#343,.T.);
#638=EDGE_CURVE('',#501,#500,#124,.T.);
#639=EDGE_CURVE('',#495,#501,#125,.T.);
#640=EDGE_CURVE('',#502,#494,#126,.T.);
#641=EDGE_CURVE('',#502,#503,#344,.T.);
#642=EDGE_CURVE('',#504,#503,#127,.T.);
#643=EDGE_CURVE('',#504,#505,#345,.T.);
#644=EDGE_CURVE('',#469,#505,#128,.T.);
#645=EDGE_CURVE('',#496,#468,#129,.T.);
#646=EDGE_CURVE('',#506,#504,#346,.T.);
#647=EDGE_CURVE('',#507,#506,#130,.T.);
#648=EDGE_CURVE('',#508,#507,#131,.T.);
#649=EDGE_CURVE('',#509,#508,#347,.T.);
#650=EDGE_CURVE('',#510,#509,#132,.T.);
#651=EDGE_CURVE('',#511,#510,#133,.T.);
#652=EDGE_CURVE('',#505,#511,#348,.T.);
#653=EDGE_CURVE('',#512,#502,#349,.T.);
#654=EDGE_CURVE('',#513,#512,#134,.T.);
#655=EDGE_CURVE('',#514,#513,#135,.T.);
#656=EDGE_CURVE('',#515,#514,#350,.T.);
#657=EDGE_CURVE('',#516,#515,#136,.T.);
#658=EDGE_CURVE('',#517,#516,#137,.T.);
#659=EDGE_CURVE('',#503,#517,#351,.T.);
#660=EDGE_CURVE('',#518,#519,#352,.T.);
#661=EDGE_CURVE('',#518,#509,#138,.T.);
#662=EDGE_CURVE('',#508,#519,#139,.T.);
#663=EDGE_CURVE('',#511,#520,#140,.T.);
#664=EDGE_CURVE('',#520,#470,#141,.T.);
#665=EDGE_CURVE('',#467,#521,#142,.T.);
#666=EDGE_CURVE('',#521,#497,#143,.T.);
#667=EDGE_CURVE('',#517,#522,#144,.T.);
#668=EDGE_CURVE('',#522,#506,#145,.T.);
#669=EDGE_CURVE('',#523,#524,#33,.T.);
#670=EDGE_CURVE('',#523,#522,#34,.T.);
#671=EDGE_CURVE('',#524,#516,#35,.T.);
#672=EDGE_CURVE('',#495,#525,#146,.T.);
#673=EDGE_CURVE('',#525,#512,#147,.T.);
#674=EDGE_CURVE('',#524,#526,#36,.T.);
#675=EDGE_CURVE('',#526,#515,#148,.T.);
#676=EDGE_CURVE('',#519,#527,#37,.T.);
#677=EDGE_CURVE('',#527,#507,#38,.T.);
#678=EDGE_CURVE('',#527,#523,#39,.T.);
#679=EDGE_CURVE('',#477,#528,#40,.T.);
#680=EDGE_CURVE('',#528,#471,#41,.T.);
#681=EDGE_CURVE('',#528,#529,#42,.T.);
#682=EDGE_CURVE('',#529,#520,#43,.T.);
#683=EDGE_CURVE('',#529,#530,#44,.T.);
#684=EDGE_CURVE('',#530,#510,#45,.T.);
#685=EDGE_CURVE('',#530,#518,#46,.T.);
#686=EDGE_CURVE('',#526,#531,#353,.T.);
#687=EDGE_CURVE('',#514,#531,#149,.T.);
#688=EDGE_CURVE('',#531,#532,#47,.T.);
#689=EDGE_CURVE('',#532,#513,#48,.T.);
#690=EDGE_CURVE('',#532,#533,#49,.T.);
#691=EDGE_CURVE('',#533,#525,#50,.T.);
#692=EDGE_CURVE('',#533,#534,#51,.T.);
#693=EDGE_CURVE('',#534,#501,#52,.T.);
#694=EDGE_CURVE('',#534,#535,#53,.T.);
#695=EDGE_CURVE('',#535,#500,#150,.T.);
#696=EDGE_CURVE('',#535,#536,#354,.T.);
#697=EDGE_CURVE('',#499,#536,#151,.T.);
#698=EDGE_CURVE('',#536,#537,#54,.T.);
#699=EDGE_CURVE('',#537,#498,#55,.T.);
#700=EDGE_CURVE('',#537,#538,#56,.T.);
#701=EDGE_CURVE('',#538,#521,#57,.T.);
#702=EDGE_CURVE('',#538,#539,#58,.T.);
#703=EDGE_CURVE('',#539,#466,#59,.T.);
#704=EDGE_CURVE('',#539,#473,#60,.T.);
#705=ORIENTED_EDGE('',*,*,#540,.T.);
#706=ORIENTED_EDGE('',*,*,#541,.T.);
#707=ORIENTED_EDGE('',*,*,#542,.T.);
#708=ORIENTED_EDGE('',*,*,#543,.F.);
#709=ORIENTED_EDGE('',*,*,#544,.F.);
#710=ORIENTED_EDGE('',*,*,#545,.F.);
#711=ORIENTED_EDGE('',*,*,#546,.T.);
#712=ORIENTED_EDGE('',*,*,#547,.F.);
#713=ORIENTED_EDGE('',*,*,#548,.F.);
#714=ORIENTED_EDGE('',*,*,#542,.F.);
#715=ORIENTED_EDGE('',*,*,#549,.F.);
#716=ORIENTED_EDGE('',*,*,#546,.F.);
#717=ORIENTED_EDGE('',*,*,#550,.F.);
#718=ORIENTED_EDGE('',*,*,#551,.F.);
#719=ORIENTED_EDGE('',*,*,#552,.F.);
#720=ORIENTED_EDGE('',*,*,#553,.F.);
#721=ORIENTED_EDGE('',*,*,#547,.T.);
#722=ORIENTED_EDGE('',*,*,#549,.T.);
#723=ORIENTED_EDGE('',*,*,#541,.F.);
#724=ORIENTED_EDGE('',*,*,#554,.F.);
#725=ORIENTED_EDGE('',*,*,#555,.F.);
#726=ORIENTED_EDGE('',*,*,#556,.F.);
#727=ORIENTED_EDGE('',*,*,#557,.F.);
#728=ORIENTED_EDGE('',*,*,#558,.F.);
#729=ORIENTED_EDGE('',*,*,#559,.F.);
#730=ORIENTED_EDGE('',*,*,#560,.F.);
#731=ORIENTED_EDGE('',*,*,#561,.F.);
#732=ORIENTED_EDGE('',*,*,#562,.F.);
#733=ORIENTED_EDGE('',*,*,#563,.F.);
#734=ORIENTED_EDGE('',*,*,#564,.F.);
#735=ORIENTED_EDGE('',*,*,#562,.T.);
#736=ORIENTED_EDGE('',*,*,#565,.F.);
#737=ORIENTED_EDGE('',*,*,#566,.T.);
#738=ORIENTED_EDGE('',*,*,#567,.T.);
#739=ORIENTED_EDGE('',*,*,#561,.T.);
#740=ORIENTED_EDGE('',*,*,#568,.F.);
#741=ORIENTED_EDGE('',*,*,#569,.T.);
#742=ORIENTED_EDGE('',*,*,#565,.T.);
#743=ORIENTED_EDGE('',*,*,#560,.T.);
#744=ORIENTED_EDGE('',*,*,#570,.F.);
#745=ORIENTED_EDGE('',*,*,#571,.T.);
#746=ORIENTED_EDGE('',*,*,#568,.T.);
#747=ORIENTED_EDGE('',*,*,#559,.T.);
#748=ORIENTED_EDGE('',*,*,#572,.F.);
#749=ORIENTED_EDGE('',*,*,#573,.T.);
#750=ORIENTED_EDGE('',*,*,#570,.T.);
#751=ORIENTED_EDGE('',*,*,#574,.F.);
#752=ORIENTED_EDGE('',*,*,#575,.T.);
#753=ORIENTED_EDGE('',*,*,#555,.T.);
#754=ORIENTED_EDGE('',*,*,#576,.F.);
#755=ORIENTED_EDGE('',*,*,#577,.F.);
#756=ORIENTED_EDGE('',*,*,#578,.F.);
#757=ORIENTED_EDGE('',*,*,#576,.T.);
#758=ORIENTED_EDGE('',*,*,#554,.T.);
#759=ORIENTED_EDGE('',*,*,#540,.F.);
#760=ORIENTED_EDGE('',*,*,#579,.F.);
#761=ORIENTED_EDGE('',*,*,#544,.T.);
#762=ORIENTED_EDGE('',*,*,#553,.T.);
#763=ORIENTED_EDGE('',*,*,#580,.F.);
#764=ORIENTED_EDGE('',*,*,#581,.F.);
#765=ORIENTED_EDGE('',*,*,#580,.T.);
#766=ORIENTED_EDGE('',*,*,#552,.T.);
#767=ORIENTED_EDGE('',*,*,#582,.F.);
#768=ORIENTED_EDGE('',*,*,#583,.F.);
#769=ORIENTED_EDGE('',*,*,#584,.F.);
#770=ORIENTED_EDGE('',*,*,#585,.F.);
#771=ORIENTED_EDGE('',*,*,#556,.T.);
#772=ORIENTED_EDGE('',*,*,#575,.F.);
#773=ORIENTED_EDGE('',*,*,#586,.F.);
#774=ORIENTED_EDGE('',*,*,#587,.F.);
#775=ORIENTED_EDGE('',*,*,#582,.T.);
#776=ORIENTED_EDGE('',*,*,#551,.T.);
#777=ORIENTED_EDGE('',*,*,#545,.T.);
#778=ORIENTED_EDGE('',*,*,#579,.T.);
#779=ORIENTED_EDGE('',*,*,#581,.T.);
#780=ORIENTED_EDGE('',*,*,#588,.F.);
#781=ORIENTED_EDGE('',*,*,#589,.F.);
#782=ORIENTED_EDGE('',*,*,#590,.F.);
#783=ORIENTED_EDGE('',*,*,#591,.F.);
#784=ORIENTED_EDGE('',*,*,#592,.F.);
#785=ORIENTED_EDGE('',*,*,#593,.F.);
#786=ORIENTED_EDGE('',*,*,#594,.F.);
#787=ORIENTED_EDGE('',*,*,#595,.F.);
#788=ORIENTED_EDGE('',*,*,#596,.F.);
#789=ORIENTED_EDGE('',*,*,#577,.T.);
#790=ORIENTED_EDGE('',*,*,#578,.T.);
#791=ORIENTED_EDGE('',*,*,#543,.T.);
#792=ORIENTED_EDGE('',*,*,#548,.T.);
#793=ORIENTED_EDGE('',*,*,#587,.T.);
#794=ORIENTED_EDGE('',*,*,#597,.F.);
#795=ORIENTED_EDGE('',*,*,#598,.T.);
#796=ORIENTED_EDGE('',*,*,#588,.T.);
#797=ORIENTED_EDGE('',*,*,#583,.T.);
#798=ORIENTED_EDGE('',*,*,#558,.T.);
#799=ORIENTED_EDGE('',*,*,#599,.F.);
#800=ORIENTED_EDGE('',*,*,#600,.T.);
#801=ORIENTED_EDGE('',*,*,#572,.T.);
#802=ORIENTED_EDGE('',*,*,#557,.T.);
#803=ORIENTED_EDGE('',*,*,#601,.F.);
#804=ORIENTED_EDGE('',*,*,#602,.T.);
#805=ORIENTED_EDGE('',*,*,#599,.T.);
#806=ORIENTED_EDGE('',*,*,#563,.T.);
#807=ORIENTED_EDGE('',*,*,#567,.F.);
#808=ORIENTED_EDGE('',*,*,#603,.T.);
#809=ORIENTED_EDGE('',*,*,#604,.T.);
#810=ORIENTED_EDGE('',*,*,#564,.T.);
#811=ORIENTED_EDGE('',*,*,#604,.F.);
#812=ORIENTED_EDGE('',*,*,#605,.T.);
#813=ORIENTED_EDGE('',*,*,#601,.T.);
#814=ORIENTED_EDGE('',*,*,#605,.F.);
#815=ORIENTED_EDGE('',*,*,#603,.F.);
#816=ORIENTED_EDGE('',*,*,#566,.F.);
#817=ORIENTED_EDGE('',*,*,#569,.F.);
#818=ORIENTED_EDGE('',*,*,#571,.F.);
#819=ORIENTED_EDGE('',*,*,#573,.F.);
#820=ORIENTED_EDGE('',*,*,#600,.F.);
#821=ORIENTED_EDGE('',*,*,#602,.F.);
#822=ORIENTED_EDGE('',*,*,#574,.T.);
#823=ORIENTED_EDGE('',*,*,#596,.T.);
#824=ORIENTED_EDGE('',*,*,#606,.T.);
#825=ORIENTED_EDGE('',*,*,#607,.F.);
#826=ORIENTED_EDGE('',*,*,#584,.T.);
#827=ORIENTED_EDGE('',*,*,#608,.F.);
#828=ORIENTED_EDGE('',*,*,#609,.T.);
#829=ORIENTED_EDGE('',*,*,#610,.F.);
#830=ORIENTED_EDGE('',*,*,#609,.F.);
#831=ORIENTED_EDGE('',*,*,#611,.F.);
#832=ORIENTED_EDGE('',*,*,#612,.T.);
#833=ORIENTED_EDGE('',*,*,#613,.F.);
#834=ORIENTED_EDGE('',*,*,#612,.F.);
#835=ORIENTED_EDGE('',*,*,#614,.F.);
#836=ORIENTED_EDGE('',*,*,#615,.T.);
#837=ORIENTED_EDGE('',*,*,#616,.F.);
#838=ORIENTED_EDGE('',*,*,#615,.F.);
#839=ORIENTED_EDGE('',*,*,#617,.F.);
#840=ORIENTED_EDGE('',*,*,#618,.T.);
#841=ORIENTED_EDGE('',*,*,#619,.F.);
#842=ORIENTED_EDGE('',*,*,#618,.F.);
#843=ORIENTED_EDGE('',*,*,#620,.T.);
#844=ORIENTED_EDGE('',*,*,#621,.T.);
#845=ORIENTED_EDGE('',*,*,#622,.T.);
#846=ORIENTED_EDGE('',*,*,#623,.T.);
#847=ORIENTED_EDGE('',*,*,#623,.F.);
#848=ORIENTED_EDGE('',*,*,#624,.T.);
#849=ORIENTED_EDGE('',*,*,#625,.F.);
#850=ORIENTED_EDGE('',*,*,#626,.F.);
#851=ORIENTED_EDGE('',*,*,#622,.F.);
#852=ORIENTED_EDGE('',*,*,#627,.T.);
#853=ORIENTED_EDGE('',*,*,#628,.F.);
#854=ORIENTED_EDGE('',*,*,#624,.F.);
#855=ORIENTED_EDGE('',*,*,#620,.F.);
#856=ORIENTED_EDGE('',*,*,#626,.T.);
#857=ORIENTED_EDGE('',*,*,#629,.F.);
#858=ORIENTED_EDGE('',*,*,#630,.F.);
#859=ORIENTED_EDGE('',*,*,#621,.F.);
#860=ORIENTED_EDGE('',*,*,#630,.T.);
#861=ORIENTED_EDGE('',*,*,#631,.F.);
#862=ORIENTED_EDGE('',*,*,#627,.F.);
#863=ORIENTED_EDGE('',*,*,#632,.F.);
#864=ORIENTED_EDGE('',*,*,#633,.F.);
#865=ORIENTED_EDGE('',*,*,#634,.F.);
#866=ORIENTED_EDGE('',*,*,#635,.F.);
#867=ORIENTED_EDGE('',*,*,#636,.F.);
#868=ORIENTED_EDGE('',*,*,#637,.F.);
#869=ORIENTED_EDGE('',*,*,#638,.F.);
#870=ORIENTED_EDGE('',*,*,#639,.F.);
#871=ORIENTED_EDGE('',*,*,#640,.F.);
#872=ORIENTED_EDGE('',*,*,#641,.T.);
#873=ORIENTED_EDGE('',*,*,#642,.F.);
#874=ORIENTED_EDGE('',*,*,#643,.T.);
#875=ORIENTED_EDGE('',*,*,#644,.F.);
#876=ORIENTED_EDGE('',*,*,#592,.T.);
#877=ORIENTED_EDGE('',*,*,#645,.F.);
#878=ORIENTED_EDGE('',*,*,#633,.T.);
#879=ORIENTED_EDGE('',*,*,#608,.T.);
#880=ORIENTED_EDGE('',*,*,#611,.T.);
#881=ORIENTED_EDGE('',*,*,#614,.T.);
#882=ORIENTED_EDGE('',*,*,#617,.T.);
#883=ORIENTED_EDGE('',*,*,#646,.F.);
#884=ORIENTED_EDGE('',*,*,#647,.F.);
#885=ORIENTED_EDGE('',*,*,#648,.F.);
#886=ORIENTED_EDGE('',*,*,#649,.F.);
#887=ORIENTED_EDGE('',*,*,#650,.F.);
#888=ORIENTED_EDGE('',*,*,#651,.F.);
#889=ORIENTED_EDGE('',*,*,#652,.F.);
#890=ORIENTED_EDGE('',*,*,#643,.F.);
#891=ORIENTED_EDGE('',*,*,#653,.F.);
#892=ORIENTED_EDGE('',*,*,#654,.F.);
#893=ORIENTED_EDGE('',*,*,#655,.F.);
#894=ORIENTED_EDGE('',*,*,#656,.F.);
#895=ORIENTED_EDGE('',*,*,#657,.F.);
#896=ORIENTED_EDGE('',*,*,#658,.F.);
#897=ORIENTED_EDGE('',*,*,#659,.F.);
#898=ORIENTED_EDGE('',*,*,#641,.F.);
#899=ORIENTED_EDGE('',*,*,#660,.F.);
#900=ORIENTED_EDGE('',*,*,#661,.T.);
#901=ORIENTED_EDGE('',*,*,#649,.T.);
#902=ORIENTED_EDGE('',*,*,#662,.T.);
#903=ORIENTED_EDGE('',*,*,#644,.T.);
#904=ORIENTED_EDGE('',*,*,#652,.T.);
#905=ORIENTED_EDGE('',*,*,#663,.T.);
#906=ORIENTED_EDGE('',*,*,#664,.T.);
#907=ORIENTED_EDGE('',*,*,#593,.T.);
#908=ORIENTED_EDGE('',*,*,#645,.T.);
#909=ORIENTED_EDGE('',*,*,#591,.T.);
#910=ORIENTED_EDGE('',*,*,#665,.T.);
#911=ORIENTED_EDGE('',*,*,#666,.T.);
#912=ORIENTED_EDGE('',*,*,#634,.T.);
#913=ORIENTED_EDGE('',*,*,#642,.T.);
#914=ORIENTED_EDGE('',*,*,#659,.T.);
#915=ORIENTED_EDGE('',*,*,#667,.T.);
#916=ORIENTED_EDGE('',*,*,#668,.T.);
#917=ORIENTED_EDGE('',*,*,#646,.T.);
#918=ORIENTED_EDGE('',*,*,#669,.F.);
#919=ORIENTED_EDGE('',*,*,#670,.T.);
#920=ORIENTED_EDGE('',*,*,#667,.F.);
#921=ORIENTED_EDGE('',*,*,#658,.T.);
#922=ORIENTED_EDGE('',*,*,#671,.F.);
#923=ORIENTED_EDGE('',*,*,#640,.T.);
#924=ORIENTED_EDGE('',*,*,#632,.T.);
#925=ORIENTED_EDGE('',*,*,#672,.T.);
#926=ORIENTED_EDGE('',*,*,#673,.T.);
#927=ORIENTED_EDGE('',*,*,#653,.T.);
#928=ORIENTED_EDGE('',*,*,#674,.F.);
#929=ORIENTED_EDGE('',*,*,#671,.T.);
#930=ORIENTED_EDGE('',*,*,#657,.T.);
#931=ORIENTED_EDGE('',*,*,#675,.F.);
#932=ORIENTED_EDGE('',*,*,#676,.F.);
#933=ORIENTED_EDGE('',*,*,#662,.F.);
#934=ORIENTED_EDGE('',*,*,#648,.T.);
#935=ORIENTED_EDGE('',*,*,#677,.F.);
#936=ORIENTED_EDGE('',*,*,#678,.F.);
#937=ORIENTED_EDGE('',*,*,#677,.T.);
#938=ORIENTED_EDGE('',*,*,#647,.T.);
#939=ORIENTED_EDGE('',*,*,#668,.F.);
#940=ORIENTED_EDGE('',*,*,#670,.F.);
#941=ORIENTED_EDGE('',*,*,#679,.F.);
#942=ORIENTED_EDGE('',*,*,#606,.F.);
#943=ORIENTED_EDGE('',*,*,#595,.T.);
#944=ORIENTED_EDGE('',*,*,#680,.F.);
#945=ORIENTED_EDGE('',*,*,#681,.F.);
#946=ORIENTED_EDGE('',*,*,#680,.T.);
#947=ORIENTED_EDGE('',*,*,#594,.T.);
#948=ORIENTED_EDGE('',*,*,#664,.F.);
#949=ORIENTED_EDGE('',*,*,#682,.F.);
#950=ORIENTED_EDGE('',*,*,#683,.F.);
#951=ORIENTED_EDGE('',*,*,#682,.T.);
#952=ORIENTED_EDGE('',*,*,#663,.F.);
#953=ORIENTED_EDGE('',*,*,#651,.T.);
#954=ORIENTED_EDGE('',*,*,#684,.F.);
#955=ORIENTED_EDGE('',*,*,#685,.F.);
#956=ORIENTED_EDGE('',*,*,#684,.T.);
#957=ORIENTED_EDGE('',*,*,#650,.T.);
#958=ORIENTED_EDGE('',*,*,#661,.F.);
#959=ORIENTED_EDGE('',*,*,#686,.F.);
#960=ORIENTED_EDGE('',*,*,#675,.T.);
#961=ORIENTED_EDGE('',*,*,#656,.T.);
#962=ORIENTED_EDGE('',*,*,#687,.T.);
#963=ORIENTED_EDGE('',*,*,#688,.F.);
#964=ORIENTED_EDGE('',*,*,#687,.F.);
#965=ORIENTED_EDGE('',*,*,#655,.T.);
#966=ORIENTED_EDGE('',*,*,#689,.F.);
#967=ORIENTED_EDGE('',*,*,#690,.F.);
#968=ORIENTED_EDGE('',*,*,#689,.T.);
#969=ORIENTED_EDGE('',*,*,#654,.T.);
#970=ORIENTED_EDGE('',*,*,#673,.F.);
#971=ORIENTED_EDGE('',*,*,#691,.F.);
#972=ORIENTED_EDGE('',*,*,#692,.F.);
#973=ORIENTED_EDGE('',*,*,#691,.T.);
#974=ORIENTED_EDGE('',*,*,#672,.F.);
#975=ORIENTED_EDGE('',*,*,#639,.T.);
#976=ORIENTED_EDGE('',*,*,#693,.F.);
#977=ORIENTED_EDGE('',*,*,#694,.F.);
#978=ORIENTED_EDGE('',*,*,#693,.T.);
#979=ORIENTED_EDGE('',*,*,#638,.T.);
#980=ORIENTED_EDGE('',*,*,#695,.F.);
#981=ORIENTED_EDGE('',*,*,#696,.F.);
#982=ORIENTED_EDGE('',*,*,#695,.T.);
#983=ORIENTED_EDGE('',*,*,#637,.T.);
#984=ORIENTED_EDGE('',*,*,#697,.T.);
#985=ORIENTED_EDGE('',*,*,#698,.F.);
#986=ORIENTED_EDGE('',*,*,#697,.F.);
#987=ORIENTED_EDGE('',*,*,#636,.T.);
#988=ORIENTED_EDGE('',*,*,#699,.F.);
#989=ORIENTED_EDGE('',*,*,#700,.F.);
#990=ORIENTED_EDGE('',*,*,#699,.T.);
#991=ORIENTED_EDGE('',*,*,#635,.T.);
#992=ORIENTED_EDGE('',*,*,#666,.F.);
#993=ORIENTED_EDGE('',*,*,#701,.F.);
#994=ORIENTED_EDGE('',*,*,#702,.F.);
#995=ORIENTED_EDGE('',*,*,#701,.T.);
#996=ORIENTED_EDGE('',*,*,#665,.F.);
#997=ORIENTED_EDGE('',*,*,#590,.T.);
#998=ORIENTED_EDGE('',*,*,#703,.F.);
#999=ORIENTED_EDGE('',*,*,#704,.F.);
#1000=ORIENTED_EDGE('',*,*,#703,.T.);
#1001=ORIENTED_EDGE('',*,*,#589,.T.);
#1002=ORIENTED_EDGE('',*,*,#598,.F.);
#1003=ORIENTED_EDGE('',*,*,#585,.T.);
#1004=ORIENTED_EDGE('',*,*,#607,.T.);
#1005=ORIENTED_EDGE('',*,*,#679,.T.);
#1006=ORIENTED_EDGE('',*,*,#681,.T.);
#1007=ORIENTED_EDGE('',*,*,#683,.T.);
#1008=ORIENTED_EDGE('',*,*,#685,.T.);
#1009=ORIENTED_EDGE('',*,*,#660,.T.);
#1010=ORIENTED_EDGE('',*,*,#676,.T.);
#1011=ORIENTED_EDGE('',*,*,#678,.T.);
#1012=ORIENTED_EDGE('',*,*,#669,.T.);
#1013=ORIENTED_EDGE('',*,*,#674,.T.);
#1014=ORIENTED_EDGE('',*,*,#686,.T.);
#1015=ORIENTED_EDGE('',*,*,#688,.T.);
#1016=ORIENTED_EDGE('',*,*,#690,.T.);
#1017=ORIENTED_EDGE('',*,*,#692,.T.);
#1018=ORIENTED_EDGE('',*,*,#694,.T.);
#1019=ORIENTED_EDGE('',*,*,#696,.T.);
#1020=ORIENTED_EDGE('',*,*,#698,.T.);
#1021=ORIENTED_EDGE('',*,*,#700,.T.);
#1022=ORIENTED_EDGE('',*,*,#702,.T.);
#1023=ORIENTED_EDGE('',*,*,#704,.T.);
#1024=ORIENTED_EDGE('',*,*,#597,.T.);
#1025=ORIENTED_EDGE('',*,*,#586,.T.);
#1026=ORIENTED_EDGE('',*,*,#550,.T.);
#1027=ORIENTED_EDGE('',*,*,#631,.T.);
#1028=ORIENTED_EDGE('',*,*,#629,.T.);
#1029=ORIENTED_EDGE('',*,*,#625,.T.);
#1030=ORIENTED_EDGE('',*,*,#628,.T.);
#1031=ORIENTED_EDGE('',*,*,#619,.T.);
#1032=ORIENTED_EDGE('',*,*,#616,.T.);
#1033=ORIENTED_EDGE('',*,*,#613,.T.);
#1034=ORIENTED_EDGE('',*,*,#610,.T.);
#1035=PLANE('',#1130);
#1036=PLANE('',#1131);
#1037=PLANE('',#1132);
#1038=PLANE('',#1133);
#1039=PLANE('',#1144);
#1040=PLANE('',#1147);
#1041=PLANE('',#1148);
#1042=PLANE('',#1154);
#1043=PLANE('',#1158);
#1044=PLANE('',#1167);
#1045=PLANE('',#1168);
#1046=PLANE('',#1171);
#1047=PLANE('',#1186);
#1048=PLANE('',#1187);
#1049=PLANE('',#1188);
#1050=PLANE('',#1189);
#1051=PLANE('',#1190);
#1052=PLANE('',#1191);
#1053=PLANE('',#1196);
#1054=PLANE('',#1201);
#1055=PLANE('',#1206);
#1056=PLANE('',#1232);
#1057=ADVANCED_FACE('',(#152),#1035,.F.);
#1058=ADVANCED_FACE('',(#153),#1036,.F.);
#1059=ADVANCED_FACE('',(#154),#1037,.F.);
#1060=ADVANCED_FACE('',(#155,#82),#1038,.T.);
#1061=ADVANCED_FACE('',(#156),#61,.F.);
#1062=ADVANCED_FACE('',(#157),#1039,.F.);
#1063=ADVANCED_FACE('',(#158),#62,.F.);
#1064=ADVANCED_FACE('',(#159),#1040,.F.);
#1065=ADVANCED_FACE('',(#160),#1041,.F.);
#1066=ADVANCED_FACE('',(#161),#63,.F.);
#1067=ADVANCED_FACE('',(#162),#64,.F.);
#1068=ADVANCED_FACE('',(#163),#1042,.F.);
#1069=ADVANCED_FACE('',(#164),#65,.F.);
#1070=ADVANCED_FACE('',(#165),#66,.F.);
#1071=ADVANCED_FACE('',(#166),#1043,.T.);
#1072=ADVANCED_FACE('',(#167),#67,.T.);
#1073=ADVANCED_FACE('',(#168),#68,.F.);
#1074=ADVANCED_FACE('',(#169),#1044,.F.);
#1075=ADVANCED_FACE('',(#170),#1045,.F.);
#1076=ADVANCED_FACE('',(#171),#69,.F.);
#1077=ADVANCED_FACE('',(#172),#1046,.F.);
#1078=ADVANCED_FACE('',(#173),#70,.T.);
#1079=ADVANCED_FACE('',(#174),#71,.F.);
#1080=ADVANCED_FACE('',(#175),#72,.F.);
#1081=ADVANCED_FACE('',(#176),#73,.F.);
#1082=ADVANCED_FACE('',(#177),#74,.F.);
#1083=ADVANCED_FACE('',(#178),#1047,.T.);
#1084=ADVANCED_FACE('',(#179),#1048,.T.);
#1085=ADVANCED_FACE('',(#180),#1049,.T.);
#1086=ADVANCED_FACE('',(#181),#1050,.T.);
#1087=ADVANCED_FACE('',(#182),#1051,.T.);
#1088=ADVANCED_FACE('',(#183),#1052,.T.);
#1089=ADVANCED_FACE('',(#184,#83,#84,#85,#86),#1053,.F.);
#1090=ADVANCED_FACE('',(#185),#1054,.T.);
#1091=ADVANCED_FACE('',(#186),#1055,.T.);
#1092=ADVANCED_FACE('',(#187),#75,.T.);
#1093=ADVANCED_FACE('',(#188),#76,.T.);
#1094=ADVANCED_FACE('',(#189),#77,.T.);
#1095=ADVANCED_FACE('',(#190),#78,.T.);
#1096=ADVANCED_FACE('',(#191),#15,.T.);
#1097=ADVANCED_FACE('',(#192),#79,.T.);
#1098=ADVANCED_FACE('',(#193),#16,.T.);
#1099=ADVANCED_FACE('',(#194),#17,.T.);
#1100=ADVANCED_FACE('',(#195),#18,.T.);
#1101=ADVANCED_FACE('',(#196),#19,.T.);
#1102=ADVANCED_FACE('',(#197),#20,.T.);
#1103=ADVANCED_FACE('',(#198),#21,.T.);
#1104=ADVANCED_FACE('',(#199),#22,.T.);
#1105=ADVANCED_FACE('',(#200),#80,.T.);
#1106=ADVANCED_FACE('',(#201),#23,.T.);
#1107=ADVANCED_FACE('',(#202),#24,.T.);
#1108=ADVANCED_FACE('',(#203),#25,.T.);
#1109=ADVANCED_FACE('',(#204),#26,.T.);
#1110=ADVANCED_FACE('',(#205),#81,.T.);
#1111=ADVANCED_FACE('',(#206),#27,.T.);
#1112=ADVANCED_FACE('',(#207),#28,.T.);
#1113=ADVANCED_FACE('',(#208),#29,.T.);
#1114=ADVANCED_FACE('',(#209),#30,.T.);
#1115=ADVANCED_FACE('',(#210,#87,#88,#89,#90,#91),#1056,.T.);
#1116=CLOSED_SHELL('',(#1057,#1058,#1059,#1060,#1061,#1062,#1063,#1064,
#1065,#1066,#1067,#1068,#1069,#1070,#1071,#1072,#1073,#1074,#1075,#1076,
#1077,#1078,#1079,#1080,#1081,#1082,#1083,#1084,#1085,#1086,#1087,#1088,
#1089,#1090,#1091,#1092,#1093,#1094,#1095,#1096,#1097,#1098,#1099,#1100,
#1101,#1102,#1103,#1104,#1105,#1106,#1107,#1108,#1109,#1110,#1111,#1112,
#1113,#1114,#1115));
#1117=DERIVED_UNIT_ELEMENT(#1119,1.);
#1118=DERIVED_UNIT_ELEMENT(#2562,-3.);
#1119=(
MASS_UNIT()
NAMED_UNIT(*)
SI_UNIT(.KILO.,.GRAM.)
);
#1120=DERIVED_UNIT((#1117,#1118));
#1121=MEASURE_REPRESENTATION_ITEM('density measure',
POSITIVE_RATIO_MEASURE(7850.),#1120);
#1122=PROPERTY_DEFINITION_REPRESENTATION(#1127,#1124);
#1123=PROPERTY_DEFINITION_REPRESENTATION(#1128,#1125);
#1124=REPRESENTATION('material name',(#1126),#2559);
#1125=REPRESENTATION('density',(#1121),#2559);
#1126=DESCRIPTIVE_REPRESENTATION_ITEM('Steel','Steel');
#1127=PROPERTY_DEFINITION('material property','material name',#2569);
#1128=PROPERTY_DEFINITION('material property','density of part',#2569);
#1129=AXIS2_PLACEMENT_3D('',#1516,#1233,#1234);
#1130=AXIS2_PLACEMENT_3D('',#1517,#1235,#1236);
#1131=AXIS2_PLACEMENT_3D('',#1526,#1241,#1242);
#1132=AXIS2_PLACEMENT_3D('',#1535,#1247,#1248);
#1133=AXIS2_PLACEMENT_3D('',#1538,#1251,#1252);
#1134=AXIS2_PLACEMENT_3D('',#1543,#1254,#1255);
#1135=AXIS2_PLACEMENT_3D('',#1546,#1257,#1258);
#1136=AXIS2_PLACEMENT_3D('',#1548,#1259,#1260);
#1137=AXIS2_PLACEMENT_3D('',#1551,#1262,#1263);
#1138=AXIS2_PLACEMENT_3D('',#1556,#1265,#1266);
#1139=AXIS2_PLACEMENT_3D('',#1560,#1268,#1269);
#1140=AXIS2_PLACEMENT_3D('',#1564,#1271,#1272);
#1141=AXIS2_PLACEMENT_3D('',#1567,#1274,#1275);
#1142=AXIS2_PLACEMENT_3D('',#1568,#1276,#1277);
#1143=AXIS2_PLACEMENT_3D('',#1572,#1279,#1280);
#1144=AXIS2_PLACEMENT_3D('',#1574,#1282,#1283);
#1145=AXIS2_PLACEMENT_3D('',#1578,#1286,#1287);
#1146=AXIS2_PLACEMENT_3D('',#1581,#1289,#1290);
#1147=AXIS2_PLACEMENT_3D('',#1582,#1291,#1292);
#1148=AXIS2_PLACEMENT_3D('',#1586,#1295,#1296);
#1149=AXIS2_PLACEMENT_3D('',#1589,#1297,#1298);
#1150=AXIS2_PLACEMENT_3D('',#1594,#1302,#1303);
#1151=AXIS2_PLACEMENT_3D('',#1595,#1304,#1305);
#1152=AXIS2_PLACEMENT_3D('',#1596,#1306,#1307);
#1153=AXIS2_PLACEMENT_3D('',#1598,#1308,#1309);
#1154=AXIS2_PLACEMENT_3D('',#1600,#1311,#1312);
#1155=AXIS2_PLACEMENT_3D('',#1605,#1315,#1316);
#1156=AXIS2_PLACEMENT_3D('',#1606,#1317,#1318);
#1157=AXIS2_PLACEMENT_3D('',#1613,#1320,#1321);
#1158=AXIS2_PLACEMENT_3D('',#1620,#1323,#1324);
#1159=AXIS2_PLACEMENT_3D('',#1624,#1326,#1327);
#1160=AXIS2_PLACEMENT_3D('',#1626,#1328,#1329);
#1161=AXIS2_PLACEMENT_3D('',#1634,#1333,#1334);
#1162=AXIS2_PLACEMENT_3D('',#1636,#1335,#1336);
#1163=AXIS2_PLACEMENT_3D('',#1638,#1338,#1339);
#1164=AXIS2_PLACEMENT_3D('',#1641,#1341,#1342);
#1165=AXIS2_PLACEMENT_3D('',#1642,#1343,#1344);
#1166=AXIS2_PLACEMENT_3D('',#1645,#1346,#1347);
#1167=AXIS2_PLACEMENT_3D('',#1646,#1348,#1349);
#1168=AXIS2_PLACEMENT_3D('',#1650,#1352,#1353);
#1169=AXIS2_PLACEMENT_3D('',#1654,#1356,#1357);
#1170=AXIS2_PLACEMENT_3D('',#1655,#1358,#1359);
#1171=AXIS2_PLACEMENT_3D('',#1656,#1360,#1361);
#1172=AXIS2_PLACEMENT_3D('',#1657,#1362,#1363);
#1173=AXIS2_PLACEMENT_3D('',#1659,#1364,#1365);
#1174=AXIS2_PLACEMENT_3D('',#1661,#1367,#1368);
#1175=AXIS2_PLACEMENT_3D('',#1663,#1369,#1370);
#1176=AXIS2_PLACEMENT_3D('',#1666,#1372,#1373);
#1177=AXIS2_PLACEMENT_3D('',#1667,#1374,#1375);
#1178=AXIS2_PLACEMENT_3D('',#1669,#1376,#1377);
#1179=AXIS2_PLACEMENT_3D('',#1672,#1379,#1380);
#1180=AXIS2_PLACEMENT_3D('',#1673,#1381,#1382);
#1181=AXIS2_PLACEMENT_3D('',#1675,#1383,#1384);
#1182=AXIS2_PLACEMENT_3D('',#1678,#1386,#1387);
#1183=AXIS2_PLACEMENT_3D('',#1679,#1388,#1389);
#1184=AXIS2_PLACEMENT_3D('',#1681,#1390,#1391);
#1185=AXIS2_PLACEMENT_3D('',#1684,#1393,#1394);
#1186=AXIS2_PLACEMENT_3D('',#1685,#1395,#1396);
#1187=AXIS2_PLACEMENT_3D('',#1694,#1401,#1402);
#1188=AXIS2_PLACEMENT_3D('',#1700,#1406,#1407);
#1189=AXIS2_PLACEMENT_3D('',#1704,#1410,#1411);
#1190=AXIS2_PLACEMENT_3D('',#1708,#1414,#1415);
#1191=AXIS2_PLACEMENT_3D('',#1710,#1417,#1418);
#1192=AXIS2_PLACEMENT_3D('',#1719,#1422,#1423);
#1193=AXIS2_PLACEMENT_3D('',#1721,#1424,#1425);
#1194=AXIS2_PLACEMENT_3D('',#1725,#1427,#1428);
#1195=AXIS2_PLACEMENT_3D('',#1726,#1429,#1430);
#1196=AXIS2_PLACEMENT_3D('',#1727,#1431,#1432);
#1197=AXIS2_PLACEMENT_3D('',#1729,#1433,#1434);
#1198=AXIS2_PLACEMENT_3D('',#1733,#1436,#1437);
#1199=AXIS2_PLACEMENT_3D('',#1736,#1439,#1440);
#1200=AXIS2_PLACEMENT_3D('',#1737,#1441,#1442);
#1201=AXIS2_PLACEMENT_3D('',#1738,#1443,#1444);
#1202=AXIS2_PLACEMENT_3D('',#1742,#1446,#1447);
#1203=AXIS2_PLACEMENT_3D('',#1744,#1448,#1449);
#1204=AXIS2_PLACEMENT_3D('',#1748,#1451,#1452);
#1205=AXIS2_PLACEMENT_3D('',#1750,#1453,#1454);
#1206=AXIS2_PLACEMENT_3D('',#1752,#1456,#1457);
#1207=AXIS2_PLACEMENT_3D('',#1756,#1459,#1460);
#1208=AXIS2_PLACEMENT_3D('',#1758,#1461,#1462);
#1209=AXIS2_PLACEMENT_3D('',#1762,#1464,#1465);
#1210=AXIS2_PLACEMENT_3D('',#1764,#1466,#1467);
#1211=AXIS2_PLACEMENT_3D('',#1766,#1469,#1470);
#1212=AXIS2_PLACEMENT_3D('',#1770,#1472,#1473);
#1213=AXIS2_PLACEMENT_3D('',#1771,#1474,#1475);
#1214=AXIS2_PLACEMENT_3D('',#1772,#1476,#1477);
#1215=AXIS2_PLACEMENT_3D('',#1774,#1478,#1479);
#1216=AXIS2_PLACEMENT_3D('',#1775,#1480,#1481);
#1217=AXIS2_PLACEMENT_3D('',#1776,#1482,#1483);
#1218=AXIS2_PLACEMENT_3D('',#1778,#1484,#1485);
#1219=AXIS2_PLACEMENT_3D('',#1779,#1486,#1487);
#1220=AXIS2_PLACEMENT_3D('',#1780,#1488,#1489);
#1221=AXIS2_PLACEMENT_3D('',#1782,#1490,#1491);
#1222=AXIS2_PLACEMENT_3D('',#1783,#1492,#1493);
#1223=AXIS2_PLACEMENT_3D('',#1838,#1494,#1495);
#1224=AXIS2_PLACEMENT_3D('',#1840,#1496,#1497);
#1225=AXIS2_PLACEMENT_3D('',#1841,#1498,#1499);
#1226=AXIS2_PLACEMENT_3D('',#1887,#1500,#1501);
#1227=AXIS2_PLACEMENT_3D('',#2168,#1502,#1503);
#1228=AXIS2_PLACEMENT_3D('',#2171,#1505,#1506);
#1229=AXIS2_PLACEMENT_3D('',#2362,#1507,#1508);
#1230=AXIS2_PLACEMENT_3D('',#2363,#1509,#1510);
#1231=AXIS2_PLACEMENT_3D('',#2366,#1512,#1513);
#1232=AXIS2_PLACEMENT_3D('',#2556,#1514,#1515);
#1233=DIRECTION('axis',(0.,0.,1.));
#1234=DIRECTION('refdir',(1.,0.,0.));
#1235=DIRECTION('center_axis',(-1.,0.,0.));
#1236=DIRECTION('ref_axis',(0.,1.,0.));
#1237=DIRECTION('',(0.,-1.,0.));
#1238=DIRECTION('',(0.,0.,-1.));
#1239=DIRECTION('',(0.,1.,0.));
#1240=DIRECTION('',(0.,7.21644966006352E-16,-1.));
#1241=DIRECTION('center_axis',(1.,0.,0.));
#1242=DIRECTION('ref_axis',(0.,-1.,0.));
#1243=DIRECTION('',(0.,-1.,0.));
#1244=DIRECTION('',(0.,-7.21644966006352E-16,1.));
#1245=DIRECTION('',(0.,-1.,0.));
#1246=DIRECTION('',(0.,0.,-1.));
#1247=DIRECTION('center_axis',(0.,0.,-1.));
#1248=DIRECTION('ref_axis',(-1.,0.,0.));
#1249=DIRECTION('',(1.,-1.84889274661175E-32,0.));
#1250=DIRECTION('',(-1.,0.,-1.15098477225924E-16));
#1251=DIRECTION('center_axis',(0.,1.,0.));
#1252=DIRECTION('ref_axis',(1.,0.,0.));
#1253=DIRECTION('',(-1.,0.,0.));
#1254=DIRECTION('center_axis',(0.,-1.,0.));
#1255=DIRECTION('ref_axis',(0.,0.,1.));
#1256=DIRECTION('',(0.,0.,1.));
#1257=DIRECTION('center_axis',(0.,-1.,0.));
#1258=DIRECTION('ref_axis',(1.,0.,-1.77635683940023E-14));
#1259=DIRECTION('center_axis',(0.,-1.,0.));
#1260=DIRECTION('ref_axis',(0.,0.,-1.));
#1261=DIRECTION('',(-3.04184581798275E-15,0.,-1.));
#1262=DIRECTION('center_axis',(0.,-1.,0.));
#1263=DIRECTION('ref_axis',(-1.,0.,4.44089209850072E-15));
#1264=DIRECTION('',(-1.,0.,-1.36845553156721E-47));
#1265=DIRECTION('center_axis',(0.,1.,0.));
#1266=DIRECTION('ref_axis',(1.33424414327803E-47,7.40148683083438E-16,-1.));
#1267=DIRECTION('',(1.33424414327803E-47,0.,-1.));
#1268=DIRECTION('center_axis',(0.,1.,0.));
#1269=DIRECTION('ref_axis',(1.,-2.62953635073663E-30,3.5527136788004E-15));
#1270=DIRECTION('',(1.,0.,1.36845553156721E-47));
#1271=DIRECTION('center_axis',(0.,1.,0.));
#1272=DIRECTION('ref_axis',(-1.33424414327803E-47,-7.40148683083438E-16,
1.));
#1273=DIRECTION('',(-1.33424414327803E-47,0.,1.));
#1274=DIRECTION('center_axis',(0.,1.,0.));
#1275=DIRECTION('ref_axis',(-1.,0.,-1.36845553156721E-47));
#1276=DIRECTION('center_axis',(0.,1.,7.40148683083438E-16));
#1277=DIRECTION('ref_axis',(-1.33424414327803E-47,-7.40148683083438E-16,
1.));
#1278=DIRECTION('',(0.,1.,7.40148683083438E-16));
#1279=DIRECTION('center_axis',(-1.84889274661175E-32,-1.,-7.21644966006352E-16));
#1280=DIRECTION('ref_axis',(-1.33424414327803E-47,-7.21644966006352E-16,
1.));
#1281=DIRECTION('',(0.,1.,7.40148683083438E-16));
#1282=DIRECTION('center_axis',(-1.36845553156721E-47,-7.40148683083438E-16,
1.));
#1283=DIRECTION('ref_axis',(1.,-1.84889274661175E-32,0.));
#1284=DIRECTION('',(0.,1.,7.40148683083438E-16));
#1285=DIRECTION('',(-1.,1.84889274661175E-32,0.));
#1286=DIRECTION('center_axis',(0.,1.,7.40148683083438E-16));
#1287=DIRECTION('ref_axis',(1.,-2.62953635073663E-30,3.5527136788004E-15));
#1288=DIRECTION('',(0.,1.,7.40148683083438E-16));
#1289=DIRECTION('center_axis',(-1.84889274661175E-32,-1.,-7.21644966006352E-16));
#1290=DIRECTION('ref_axis',(1.,-2.58228686943433E-30,3.5527136788004E-15));
#1291=DIRECTION('center_axis',(1.,-9.87539045559022E-63,1.33424414327803E-47));
#1292=DIRECTION('ref_axis',(1.33424414327803E-47,7.21644966006352E-16,-1.));
#1293=DIRECTION('',(0.,1.,7.40148683083438E-16));
#1294=DIRECTION('',(-1.33424414327803E-47,-7.21644966006352E-16,1.));
#1295=DIRECTION('center_axis',(-1.,0.,3.04184581798275E-15));
#1296=DIRECTION('ref_axis',(3.04184581798275E-15,0.,1.));
#1297=DIRECTION('center_axis',(-1.,0.,3.04184581798275E-15));
#1298=DIRECTION('ref_axis',(2.35513868802566E-16,0.707106781186547,0.707106781186548));
#1299=DIRECTION('',(0.,-1.,0.));
#1300=DIRECTION('',(0.,-1.,0.));
#1301=DIRECTION('',(-3.04184581798275E-15,7.21644966006352E-16,-1.));
#1302=DIRECTION('center_axis',(0.,1.,0.));
#1303=DIRECTION('ref_axis',(0.,0.,-1.));
#1304=DIRECTION('center_axis',(-1.84889274661175E-32,-1.,-7.21644966006352E-16));
#1305=DIRECTION('ref_axis',(0.,0.,-1.));
#1306=DIRECTION('center_axis',(0.,1.,0.));
#1307=DIRECTION('ref_axis',(1.,0.,-1.77635683940023E-14));
#1308=DIRECTION('center_axis',(-1.84889274661175E-32,-1.,-7.21644966006352E-16));
#1309=DIRECTION('ref_axis',(1.,0.,-1.77635683940023E-14));
#1310=DIRECTION('',(0.,-1.,0.));
#1311=DIRECTION('center_axis',(1.,0.,0.));
#1312=DIRECTION('ref_axis',(0.,0.,-1.));
#1313=DIRECTION('',(0.,-7.21644966006352E-16,1.));
#1314=DIRECTION('',(0.,-1.,0.));
#1315=DIRECTION('center_axis',(1.,0.,0.));
#1316=DIRECTION('ref_axis',(2.35513868802566E-16,0.707106781186547,0.707106781186548));
#1317=DIRECTION('center_axis',(0.,1.,0.));
#1318=DIRECTION('ref_axis',(-1.,0.,4.44089209850072E-15));
#1319=DIRECTION('',(0.,1.,0.));
#1320=DIRECTION('center_axis',(0.,1.,0.));
#1321=DIRECTION('ref_axis',(0.,0.,1.));
#1322=DIRECTION('',(0.,-1.,0.));
#1323=DIRECTION('center_axis',(1.84889274661175E-32,1.,7.21644966006352E-16));
#1324=DIRECTION('ref_axis',(-1.,-2.2186712959341E-31,3.33066907387547E-16));
#1325=DIRECTION('',(-1.,-2.2186712959341E-31,3.33066907387547E-16));
#1326=DIRECTION('center_axis',(-1.84889274661175E-32,-1.,-7.21644966006352E-16));
#1327=DIRECTION('ref_axis',(0.70710678118655,-5.10280049072226E-16,0.707106781186546));
#1328=DIRECTION('center_axis',(-1.84889274661175E-32,-1.,-7.21644966006352E-16));
#1329=DIRECTION('ref_axis',(0.70710678118655,-5.10280049072226E-16,0.707106781186546));
#1330=DIRECTION('',(3.33066907387547E-16,-7.21644966006352E-16,1.));
#1331=DIRECTION('',(1.,2.2186712959341E-31,-3.33066907387547E-16));
#1332=DIRECTION('',(-3.33066907387547E-16,7.21644966006352E-16,-1.));
#1333=DIRECTION('center_axis',(-1.84889274661175E-32,-1.,-7.21644966006352E-16));
#1334=DIRECTION('ref_axis',(-0.707106781186547,-5.10280049072227E-16,0.707106781186548));
#1335=DIRECTION('center_axis',(-1.84889274661175E-32,-1.,-7.21644966006352E-16));
#1336=DIRECTION('ref_axis',(-0.707106781186547,-5.10280049072227E-16,0.707106781186548));
#1337=DIRECTION('',(-1.,-2.2186712959341E-31,3.33066907387547E-16));
#1338=DIRECTION('center_axis',(-1.,-2.2186712959341E-31,3.33066907387547E-16));
#1339=DIRECTION('ref_axis',(2.35513868802566E-16,0.707106781186547,0.707106781186548));
#1340=DIRECTION('',(-1.,-2.2186712959341E-31,3.33066907387547E-16));
#1341=DIRECTION('center_axis',(-1.,-2.2186712959341E-31,3.33066907387547E-16));
#1342=DIRECTION('ref_axis',(3.33066907387547E-16,-6.66133814775094E-16,
1.));
#1343=DIRECTION('center_axis',(0.,1.,7.40148683083438E-16));
#1344=DIRECTION('ref_axis',(1.33424414327803E-47,7.40148683083438E-16,-1.));
#1345=DIRECTION('',(0.,1.,7.40148683083438E-16));
#1346=DIRECTION('center_axis',(-1.84889274661175E-32,-1.,-7.21644966006352E-16));
#1347=DIRECTION('ref_axis',(1.33424414327803E-47,7.21644966006352E-16,-1.));
#1348=DIRECTION('center_axis',(1.36845553156721E-47,7.40148683083438E-16,
-1.));
#1349=DIRECTION('ref_axis',(-1.,1.84889274661175E-32,0.));
#1350=DIRECTION('',(0.,1.,7.40148683083438E-16));
#1351=DIRECTION('',(1.,-1.84889274661175E-32,0.));
#1352=DIRECTION('center_axis',(-1.,9.87539045559022E-63,-1.33424414327803E-47));
#1353=DIRECTION('ref_axis',(-1.33424414327803E-47,-7.21644966006352E-16,
1.));
#1354=DIRECTION('',(1.33424414327803E-47,7.21644966006352E-16,-1.));
#1355=DIRECTION('',(0.,1.,7.40148683083438E-16));
#1356=DIRECTION('center_axis',(0.,1.,7.40148683083438E-16));
#1357=DIRECTION('ref_axis',(-1.,0.,-1.36845553156721E-47));
#1358=DIRECTION('center_axis',(-1.84889274661175E-32,-1.,-7.21644966006352E-16));
#1359=DIRECTION('ref_axis',(-1.,1.84889274661175E-32,0.));
#1360=DIRECTION('center_axis',(-1.84889274661175E-32,-1.,-7.21644966006352E-16));
#1361=DIRECTION('ref_axis',(-1.,1.84889274661175E-32,0.));
#1362=DIRECTION('center_axis',(-1.,-2.2186712959341E-31,3.33066907387547E-16));
#1363=DIRECTION('ref_axis',(2.35513868802566E-16,0.707106781186547,0.707106781186548));
#1364=DIRECTION('center_axis',(1.,2.2186712959341E-31,-3.33066907387547E-16));
#1365=DIRECTION('ref_axis',(-3.7221990458628E-46,1.,6.66133814775094E-16));
#1366=DIRECTION('',(-1.,-2.2186712959341E-31,3.33066907387547E-16));
#1367=DIRECTION('center_axis',(0.,0.,1.));
#1368=DIRECTION('ref_axis',(1.,0.,0.));
#1369=DIRECTION('center_axis',(3.33066907387547E-16,-6.66133814775094E-16,
1.));
#1370=DIRECTION('ref_axis',(1.,0.,0.));
#1371=DIRECTION('',(0.,0.,1.));
#1372=DIRECTION('center_axis',(0.,0.,-1.));
#1373=DIRECTION('ref_axis',(1.,0.,0.));
#1374=DIRECTION('center_axis',(0.,0.,1.));
#1375=DIRECTION('ref_axis',(1.,0.,0.));
#1376=DIRECTION('center_axis',(3.33066907387547E-16,-6.66133814775094E-16,
1.));
#1377=DIRECTION('ref_axis',(1.,0.,0.));
#1378=DIRECTION('',(0.,0.,1.));
#1379=DIRECTION('center_axis',(0.,0.,-1.));
#1380=DIRECTION('ref_axis',(1.,0.,0.));
#1381=DIRECTION('center_axis',(0.,0.,1.));
#1382=DIRECTION('ref_axis',(1.,0.,0.));
#1383=DIRECTION('center_axis',(3.33066907387547E-16,-6.66133814775094E-16,
1.));
#1384=DIRECTION('ref_axis',(1.,0.,0.));
#1385=DIRECTION('',(0.,0.,1.));
#1386=DIRECTION('center_axis',(0.,0.,-1.));
#1387=DIRECTION('ref_axis',(1.,0.,0.));
#1388=DIRECTION('center_axis',(0.,0.,1.));
#1389=DIRECTION('ref_axis',(1.,0.,0.));
#1390=DIRECTION('center_axis',(3.33066907387547E-16,-6.66133814775094E-16,
1.));
#1391=DIRECTION('ref_axis',(1.,0.,0.));
#1392=DIRECTION('',(0.,0.,1.));
#1393=DIRECTION('center_axis',(0.,0.,-1.));
#1394=DIRECTION('ref_axis',(1.,0.,0.));
#1395=DIRECTION('center_axis',(3.33066907387547E-16,-7.21644966006352E-16,
1.));
#1396=DIRECTION('ref_axis',(1.,-2.46519032881566E-31,-3.33066907387547E-16));
#1397=DIRECTION('',(1.,2.2186712959341E-31,-3.33066907387547E-16));
#1398=DIRECTION('',(-2.3889112829979E-48,1.,6.66133814775094E-16));
#1399=DIRECTION('',(-1.,-2.2186712959341E-31,3.33066907387547E-16));
#1400=DIRECTION('',(2.3889112829979E-48,-1.,-6.66133814775094E-16));
#1401=DIRECTION('center_axis',(1.,2.2186712959341E-31,-3.33066907387547E-16));
#1402=DIRECTION('ref_axis',(-3.7221990458628E-46,1.,6.66133814775094E-16));
#1403=DIRECTION('',(3.33066907387547E-16,-7.21644966006352E-16,1.));
#1404=DIRECTION('',(-2.3889112829979E-48,1.,6.66133814775094E-16));
#1405=DIRECTION('',(3.33066907387547E-16,-7.21644966006352E-16,1.));
#1406=DIRECTION('center_axis',(-1.84889274661175E-32,-1.,-7.21644966006352E-16));
#1407=DIRECTION('ref_axis',(1.,2.2186712959341E-31,-3.33066907387547E-16));
#1408=DIRECTION('',(3.33066907387547E-16,-7.21644966006352E-16,1.));
#1409=DIRECTION('',(1.,2.2186712959341E-31,-3.33066907387547E-16));
#1410=DIRECTION('center_axis',(1.84889274661175E-32,1.,7.21644966006352E-16));
#1411=DIRECTION('ref_axis',(-1.,-2.2186712959341E-31,3.33066907387547E-16));
#1412=DIRECTION('',(-1.,-2.2186712959341E-31,3.33066907387547E-16));
#1413=DIRECTION('',(3.33066907387547E-16,-7.21644966006352E-16,1.));
#1414=DIRECTION('center_axis',(-1.,-2.2186712959341E-31,3.33066907387547E-16));
#1415=DIRECTION('ref_axis',(3.7221990458628E-46,-1.,-6.66133814775094E-16));
#1416=DIRECTION('',(2.3889112829979E-48,-1.,-6.66133814775094E-16));
#1417=DIRECTION('center_axis',(1.,2.2186712959341E-31,-3.33066907387547E-16));
#1418=DIRECTION('ref_axis',(-3.7221990458628E-46,1.,6.66133814775094E-16));
#1419=DIRECTION('',(3.33066907387547E-16,-7.21644966006352E-16,1.));
#1420=DIRECTION('',(2.3889112829979E-48,-1.,-6.66133814775094E-16));
#1421=DIRECTION('',(-3.33066907387547E-16,7.21644966006352E-16,-1.));
#1422=DIRECTION('center_axis',(-1.,-2.2186712959341E-31,3.33066907387547E-16));
#1423=DIRECTION('ref_axis',(2.35513868802566E-16,0.707106781186547,0.707106781186548));
#1424=DIRECTION('center_axis',(-1.,-2.2186712959341E-31,3.33066907387547E-16));
#1425=DIRECTION('ref_axis',(2.35513868802566E-16,0.707106781186547,0.707106781186548));
#1426=DIRECTION('',(-9.72346137165803E-62,1.,6.66133814775094E-16));
#1427=DIRECTION('center_axis',(-1.,-2.2186712959341E-31,3.33066907387547E-16));
#1428=DIRECTION('ref_axis',(2.35513868802567E-16,-0.707106781186547,0.707106781186548));
#1429=DIRECTION('center_axis',(-1.,-2.2186712959341E-31,3.33066907387547E-16));
#1430=DIRECTION('ref_axis',(2.35513868802567E-16,-0.707106781186547,0.707106781186548));
#1431=DIRECTION('center_axis',(3.33066907387547E-16,-6.66133814775094E-16,
1.));
#1432=DIRECTION('ref_axis',(1.,2.2186712959341E-31,-3.33066907387547E-16));
#1433=DIRECTION('center_axis',(3.33066907387547E-16,-6.66133814775094E-16,
1.));
#1434=DIRECTION('ref_axis',(0.707106781186548,-0.707106781186548,-7.06541606407699E-16));
#1435=DIRECTION('',(-1.,-2.2186712959341E-31,3.33066907387547E-16));
#1436=DIRECTION('center_axis',(3.33066907387547E-16,-6.66133814775094E-16,
1.));
#1437=DIRECTION('ref_axis',(-0.707106781186548,-0.707106781186548,-2.35513868802566E-16));
#1438=DIRECTION('',(-2.3889112829979E-48,1.,6.66133814775094E-16));
#1439=DIRECTION('center_axis',(3.33066907387547E-16,-6.66133814775094E-16,
1.));
#1440=DIRECTION('ref_axis',(-0.707106781186548,0.707106781186548,7.06541606407699E-16));
#1441=DIRECTION('center_axis',(3.33066907387547E-16,-6.66133814775094E-16,
1.));
#1442=DIRECTION('ref_axis',(0.707106781186548,0.707106781186548,2.35513868802566E-16));
#1443=DIRECTION('center_axis',(-1.,-2.2186712959341E-31,3.33066907387547E-16));
#1444=DIRECTION('ref_axis',(3.7221990458628E-46,-1.,-6.66133814775094E-16));
#1445=DIRECTION('',(-3.33066907387547E-16,7.21644966006352E-16,-1.));
#1446=DIRECTION('center_axis',(1.,2.2186712959341E-31,-3.33066907387547E-16));
#1447=DIRECTION('ref_axis',(2.35513868802567E-16,-0.707106781186547,0.707106781186548));
#1448=DIRECTION('center_axis',(1.,2.2186712959341E-31,-3.33066907387547E-16));
#1449=DIRECTION('ref_axis',(2.35513868802567E-16,-0.707106781186547,0.707106781186548));
#1450=DIRECTION('',(9.72346137165803E-62,-1.,-6.66133814775094E-16));
#1451=DIRECTION('center_axis',(1.,2.2186712959341E-31,-3.33066907387547E-16));
#1452=DIRECTION('ref_axis',(2.35513868802566E-16,0.707106781186547,0.707106781186548));
#1453=DIRECTION('center_axis',(1.,2.2186712959341E-31,-3.33066907387547E-16));
#1454=DIRECTION('ref_axis',(2.35513868802566E-16,0.707106781186547,0.707106781186548));
#1455=DIRECTION('',(3.33066907387547E-16,-7.21644966006352E-16,1.));
#1456=DIRECTION('center_axis',(-1.84889274661175E-32,-1.,-7.21644966006352E-16));
#1457=DIRECTION('ref_axis',(1.,2.2186712959341E-31,-3.33066907387547E-16));
#1458=DIRECTION('',(-3.33066907387547E-16,7.21644966006352E-16,-1.));
#1459=DIRECTION('center_axis',(1.84889274661175E-32,1.,7.21644966006352E-16));
#1460=DIRECTION('ref_axis',(0.707106781186547,-5.10280049072227E-16,0.707106781186548));
#1461=DIRECTION('center_axis',(1.84889274661175E-32,1.,7.21644966006352E-16));
#1462=DIRECTION('ref_axis',(0.707106781186547,-5.10280049072227E-16,0.707106781186548));
#1463=DIRECTION('',(1.,2.2186712959341E-31,-3.33066907387547E-16));
#1464=DIRECTION('center_axis',(1.84889274661175E-32,1.,7.21644966006352E-16));
#1465=DIRECTION('ref_axis',(-0.707106781186547,-5.10280049072227E-16,0.707106781186548));
#1466=DIRECTION('center_axis',(1.84889274661175E-32,1.,7.21644966006352E-16));
#1467=DIRECTION('ref_axis',(-0.707106781186547,-5.10280049072227E-16,0.707106781186548));
#1468=DIRECTION('',(3.33066907387547E-16,-7.21644966006352E-16,1.));
#1469=DIRECTION('center_axis',(9.72346137165803E-62,-1.,-6.66133814775094E-16));
#1470=DIRECTION('ref_axis',(-0.707106781186547,-4.71027737605133E-16,0.707106781186548));
#1471=DIRECTION('',(9.72346137165803E-62,-1.,-6.66133814775094E-16));
#1472=DIRECTION('center_axis',(9.72346137165803E-62,-1.,-6.66133814775094E-16));
#1473=DIRECTION('ref_axis',(3.33066907387547E-16,-6.66133814775094E-16,
1.));
#1474=DIRECTION('center_axis',(-9.72346137165803E-62,1.,6.66133814775094E-16));
#1475=DIRECTION('ref_axis',(-1.,-2.2186712959341E-31,3.33066907387547E-16));
#1476=DIRECTION('center_axis',(3.33066907387547E-16,-7.21644966006352E-16,
1.));
#1477=DIRECTION('ref_axis',(-0.707106781186548,0.707106781186548,7.45793917874793E-16));
#1478=DIRECTION('center_axis',(-3.33066907387547E-16,6.66133814775094E-16,
-1.));
#1479=DIRECTION('ref_axis',(-1.,-2.2186712959341E-31,3.33066907387547E-16));
#1480=DIRECTION('center_axis',(-3.33066907387547E-16,6.66133814775094E-16,
-1.));
#1481=DIRECTION('ref_axis',(-1.,-2.2186712959341E-31,3.33066907387547E-16));
#1482=DIRECTION('center_axis',(3.33066907387547E-16,-7.21644966006352E-16,
1.));
#1483=DIRECTION('ref_axis',(0.707106781186548,0.707106781186548,2.74766180269661E-16));
#1484=DIRECTION('center_axis',(-3.33066907387547E-16,8.88178419700125E-16,
-1.));
#1485=DIRECTION('ref_axis',(7.39557098644699E-32,1.,8.88178419700125E-16));
#1486=DIRECTION('center_axis',(-3.33066907387547E-16,8.88178419700125E-16,
-1.));
#1487=DIRECTION('ref_axis',(7.39557098644699E-32,1.,8.88178419700125E-16));
#1488=DIRECTION('center_axis',(3.33066907387547E-16,-7.21644966006352E-16,
1.));
#1489=DIRECTION('ref_axis',(-0.707106781186548,-0.707106781186548,-2.74766180269661E-16));
#1490=DIRECTION('center_axis',(-3.33066907387547E-16,8.88178419700125E-16,
-1.));
#1491=DIRECTION('ref_axis',(-7.39557098644699E-32,-1.,-8.88178419700125E-16));
#1492=DIRECTION('center_axis',(-3.33066907387547E-16,8.88178419700125E-16,
-1.));
#1493=DIRECTION('ref_axis',(-7.39557098644699E-32,-1.,-8.88178419700125E-16));
#1494=DIRECTION('center_axis',(3.33066907387547E-16,-7.21644966006352E-16,
1.));
#1495=DIRECTION('ref_axis',(0.707106781186548,-0.707106781186548,-7.45793917874793E-16));
#1496=DIRECTION('center_axis',(-3.33066907387547E-16,6.66133814775094E-16,
-1.));
#1497=DIRECTION('ref_axis',(1.,2.2186712959341E-31,-3.33066907387547E-16));
#1498=DIRECTION('center_axis',(-3.33066907387547E-16,6.66133814775094E-16,
-1.));
#1499=DIRECTION('ref_axis',(1.,2.2186712959341E-31,-3.33066907387547E-16));
#1500=DIRECTION('center_axis',(1.,2.2186712959341E-31,-3.33066907387547E-16));
#1501=DIRECTION('ref_axis',(3.33066907387547E-16,-6.66133814775094E-16,
1.));
#1502=DIRECTION('center_axis',(1.,2.2186712959341E-31,-3.33066907387547E-16));
#1503=DIRECTION('ref_axis',(2.35513868802566E-16,-0.707106781186548,0.707106781186547));
#1504=DIRECTION('',(1.,2.2186712959341E-31,-3.33066907387547E-16));
#1505=DIRECTION('center_axis',(-1.,-2.2186712959341E-31,3.33066907387547E-16));
#1506=DIRECTION('ref_axis',(3.7221990458628E-46,-1.,-6.66133814775094E-16));
#1507=DIRECTION('center_axis',(-9.72346137165803E-62,1.,6.66133814775094E-16));
#1508=DIRECTION('ref_axis',(3.33066907387547E-16,-6.66133814775094E-16,
1.));
#1509=DIRECTION('center_axis',(-9.72346137165803E-62,1.,6.66133814775094E-16));
#1510=DIRECTION('ref_axis',(0.707106781186548,-4.71027737605132E-16,0.707106781186547));
#1511=DIRECTION('',(-9.72346137165803E-62,1.,6.66133814775094E-16));
#1512=DIRECTION('center_axis',(9.72346137165803E-62,-1.,-6.66133814775094E-16));
#1513=DIRECTION('ref_axis',(1.,2.2186712959341E-31,-3.33066907387547E-16));
#1514=DIRECTION('center_axis',(0.,0.,1.));
#1515=DIRECTION('ref_axis',(1.,0.,0.));
#1516=CARTESIAN_POINT('',(0.,0.,0.));
#1517=CARTESIAN_POINT('Origin',(82.1790866501967,-43.1999999952503,6.62477283817795));
#1518=CARTESIAN_POINT('',(82.1790866501967,-34.8999999952503,6.62477283817795));
#1519=CARTESIAN_POINT('',(82.1790866501967,-43.1999999952503,6.62477283817795));
#1520=CARTESIAN_POINT('',(82.1790866501967,-39.1999999952503,6.62477283817795));
#1521=CARTESIAN_POINT('',(82.1790866501967,-43.1999999952503,6.12477283817795));
#1522=CARTESIAN_POINT('',(82.1790866501967,-43.1999999952503,6.62477283817795));
#1523=CARTESIAN_POINT('',(82.1790866501967,-34.8999999952503,6.12477283817795));
#1524=CARTESIAN_POINT('',(82.1790866501967,-39.1999999952503,6.12477283817795));
#1525=CARTESIAN_POINT('',(82.1790866501967,-34.8999999952503,3.31238641908899));
#1526=CARTESIAN_POINT('Origin',(91.8249399349967,-34.8999999952503,6.62477283817795));
#1527=CARTESIAN_POINT('',(91.8249399349967,-34.8999999952503,6.62477283817795));
#1528=CARTESIAN_POINT('',(91.8249399349967,-43.1999999952503,6.62477283817795));
#1529=CARTESIAN_POINT('',(91.8249399349967,-39.1999999952503,6.62477283817795));
#1530=CARTESIAN_POINT('',(91.8249399349967,-34.8999999952503,6.12477283817795));
#1531=CARTESIAN_POINT('',(91.8249399349967,-34.8999999952503,3.31238641908898));
#1532=CARTESIAN_POINT('',(91.8249399349967,-43.1999999952503,6.12477283817795));
#1533=CARTESIAN_POINT('',(91.8249399349967,-39.1999999952503,6.12477283817795));
#1534=CARTESIAN_POINT('',(91.8249399349967,-43.1999999952503,6.62477283817795));
#1535=CARTESIAN_POINT('Origin',(91.8249399349967,-39.1999999952503,6.12477283817795));
#1536=CARTESIAN_POINT('',(115.862471960016,-34.8999999952503,6.12477283817795));
#1537=CARTESIAN_POINT('',(91.8249399349967,-43.1999999952503,6.12477283817795));
#1538=CARTESIAN_POINT('Origin',(87.0020132925967,-43.1999999952503,10.044639500878));
#1539=CARTESIAN_POINT('',(92.3236785314337,-43.1999999952503,13.));
#1540=CARTESIAN_POINT('',(81.6803480537596,-43.1999999952503,13.));
#1541=CARTESIAN_POINT('',(87.3760076425664,-43.1999999952503,13.));
#1542=CARTESIAN_POINT('',(92.3249399349967,-43.1999999952503,12.9645061635779));
#1543=CARTESIAN_POINT('Origin',(91.8249399349966,-43.1999999952503,12.9645061635779));
#1544=CARTESIAN_POINT('',(92.3249399349967,-43.1999999952503,7.12477283817795));
#1545=CARTESIAN_POINT('',(92.3249399349967,-43.1999999952503,7.12477283817795));
#1546=CARTESIAN_POINT('Origin',(91.8249399349966,-43.1999999952503,7.12477283817796));
#1547=CARTESIAN_POINT('',(81.6790866501967,-43.1999999952503,7.12477283817795));
#1548=CARTESIAN_POINT('Origin',(82.1790866501967,-43.1999999952503,7.12477283817795));
#1549=CARTESIAN_POINT('',(81.6790866501967,-43.1999999952503,12.964506163578));
#1550=CARTESIAN_POINT('',(81.6790866501967,-43.1999999952503,12.964506163578));
#1551=CARTESIAN_POINT('Origin',(82.1790866501967,-43.1999999952503,12.9645061635779));
#1552=CARTESIAN_POINT('',(90.2962910351887,-43.1999999952503,7.89671471780179));
#1553=CARTESIAN_POINT('',(83.4452699086887,-43.1999999952503,7.89671471780179));
#1554=CARTESIAN_POINT('',(88.6491521638927,-43.1999999952503,7.89671471780179));
#1555=CARTESIAN_POINT('',(91.5462910351887,-43.1999999952503,9.14671471780181));
#1556=CARTESIAN_POINT('Origin',(90.2962910351887,-43.1999999952503,9.14671471780181));
#1557=CARTESIAN_POINT('',(91.5462910351887,-43.1999999952503,10.2491486009018));
#1558=CARTESIAN_POINT('',(91.5462910351887,-43.1999999952503,10.1468940508899));
#1559=CARTESIAN_POINT('',(90.2962910351887,-43.1999999952503,11.4991486009018));
#1560=CARTESIAN_POINT('Origin',(90.2962910351887,-43.1999999952503,10.2491486009018));
#1561=CARTESIAN_POINT('',(83.4452699086887,-43.1999999952503,11.4991486009018));
#1562=CARTESIAN_POINT('',(85.2236416006427,-43.1999999952503,11.4991486009018));
#1563=CARTESIAN_POINT('',(82.1952699086887,-43.1999999952503,10.2491486009018));
#1564=CARTESIAN_POINT('Origin',(83.4452699086887,-43.1999999952503,10.2491486009018));
#1565=CARTESIAN_POINT('',(82.1952699086887,-43.1999999952503,9.14671471780177));
#1566=CARTESIAN_POINT('',(82.1952699086887,-43.1999999952503,9.59567710933986));
#1567=CARTESIAN_POINT('Origin',(83.4452699086887,-43.1999999952503,9.14671471780177));
#1568=CARTESIAN_POINT('Origin',(83.4452699086887,-44.403375164261,10.2491486009018));
#1569=CARTESIAN_POINT('',(83.4452699086887,-44.403375164261,11.4991486009018));
#1570=CARTESIAN_POINT('',(83.4452699086887,-44.403375164261,11.4991486009018));
#1571=CARTESIAN_POINT('',(82.1952699086887,-44.403375164261,10.2491486009018));
#1572=CARTESIAN_POINT('Origin',(83.4452699086887,-44.403375164261,10.2491486009018));
#1573=CARTESIAN_POINT('',(82.1952699086887,-44.403375164261,10.2491486009018));
#1574=CARTESIAN_POINT('Origin',(83.4452699086887,-44.403375164261,11.4991486009018));
#1575=CARTESIAN_POINT('',(90.2962910351887,-44.403375164261,11.4991486009018));
#1576=CARTESIAN_POINT('',(90.2962910351887,-44.403375164261,11.4991486009018));
#1577=CARTESIAN_POINT('',(90.2962910351887,-44.403375164261,11.4991486009018));
#1578=CARTESIAN_POINT('Origin',(90.2962910351887,-44.403375164261,10.2491486009018));
#1579=CARTESIAN_POINT('',(91.5462910351887,-44.403375164261,10.2491486009018));
#1580=CARTESIAN_POINT('',(91.5462910351887,-44.403375164261,10.2491486009018));
#1581=CARTESIAN_POINT('Origin',(90.2962910351887,-44.403375164261,10.2491486009018));
#1582=CARTESIAN_POINT('Origin',(91.5462910351887,-44.403375164261,10.2491486009018));
#1583=CARTESIAN_POINT('',(91.5462910351887,-44.403375164261,9.14671471780181));
#1584=CARTESIAN_POINT('',(91.5462910351887,-44.403375164261,9.14671471780181));
#1585=CARTESIAN_POINT('',(91.5462910351887,-44.403375164261,9.14671471780181));
#1586=CARTESIAN_POINT('Origin',(81.6790866501967,-39.1999999952503,7.12477283817795));
#1587=CARTESIAN_POINT('',(81.6790866501967,-35.3020966107429,12.964506163578));
#1588=CARTESIAN_POINT('',(81.6790866501967,-34.8999999952503,11.));
#1589=CARTESIAN_POINT('Origin',(81.6790866501967,-39.8999999952503,11.));
#1590=CARTESIAN_POINT('',(81.6790866501967,-39.1999999952503,12.964506163578));
#1591=CARTESIAN_POINT('',(81.6790866501967,-34.8999999952503,7.12477283817795));
#1592=CARTESIAN_POINT('',(81.6790866501967,-39.1999999952503,7.12477283817795));
#1593=CARTESIAN_POINT('',(81.6790866501967,-34.8999999952503,3.56238641908907));
#1594=CARTESIAN_POINT('Origin',(82.1790866501967,-39.1999999952503,7.12477283817795));
#1595=CARTESIAN_POINT('Origin',(82.1790866501967,-34.8999999952503,7.12477283817795));
#1596=CARTESIAN_POINT('Origin',(91.8249399349966,-39.1999999952503,7.12477283817796));
#1597=CARTESIAN_POINT('',(92.3249399349967,-34.8999999952503,7.12477283817795));
#1598=CARTESIAN_POINT('Origin',(91.8249399349966,-34.8999999952503,7.12477283817796));
#1599=CARTESIAN_POINT('',(92.3249399349967,-39.1999999952503,7.12477283817795));
#1600=CARTESIAN_POINT('Origin',(92.3249399349967,-39.1999999952503,12.964506163578));
#1601=CARTESIAN_POINT('',(92.3249399349967,-34.8999999952503,11.));
#1602=CARTESIAN_POINT('',(92.3249399349967,-34.8999999952503,6.48225308178898));
#1603=CARTESIAN_POINT('',(92.3249399349967,-35.3020966107429,12.9645061635779));
#1604=CARTESIAN_POINT('',(92.3249399349967,-39.1999999952503,12.9645061635779));
#1605=CARTESIAN_POINT('Origin',(92.3249399349967,-39.8999999952503,11.));
#1606=CARTESIAN_POINT('Origin',(82.1790866501967,-39.1999999952503,12.9645061635779));
#1607=CARTESIAN_POINT('',(81.6803480537596,-35.3174243002945,13.));
#1608=CARTESIAN_POINT('Ctrl Pts',(81.6803480537596,-35.3174243002945,13.));
#1609=CARTESIAN_POINT('Ctrl Pts',(81.6794994606609,-35.3122202692453,12.9880760668993));
#1610=CARTESIAN_POINT('Ctrl Pts',(81.6790866501967,-35.307103598025,12.9762249579483));
#1611=CARTESIAN_POINT('Ctrl Pts',(81.6790866501967,-35.3020966107429,12.9645061635779));
#1612=CARTESIAN_POINT('',(81.6803480537596,-39.1999999952503,13.));
#1613=CARTESIAN_POINT('Origin',(91.8249399349966,-39.1999999952503,12.9645061635779));
#1614=CARTESIAN_POINT('',(92.3236785314337,-35.3174243002945,13.));
#1615=CARTESIAN_POINT('',(92.3236785314337,-39.1999999952503,13.));
#1616=CARTESIAN_POINT('Ctrl Pts',(92.3249399349967,-35.3020966107429,12.9645061635779));
#1617=CARTESIAN_POINT('Ctrl Pts',(92.3249399349967,-35.307103598025,12.9762249579483));
#1618=CARTESIAN_POINT('Ctrl Pts',(92.3245271245324,-35.3122202692453,12.9880760668993));
#1619=CARTESIAN_POINT('Ctrl Pts',(92.3236785314337,-35.3174243002945,13.));
#1620=CARTESIAN_POINT('Origin',(139.900003985036,-34.8999999952503,1.54209964879237E-14));
#1621=CARTESIAN_POINT('',(129.900759042047,-34.8999999952503,11.));
#1622=CARTESIAN_POINT('',(113.825002984027,-34.8999999952503,11.));
#1623=CARTESIAN_POINT('',(133.435759042047,-34.8999999952503,9.53575505701114));
#1624=CARTESIAN_POINT('Origin',(129.900759042047,-34.8999999952503,6.00075505701113));
#1625=CARTESIAN_POINT('',(134.900003985036,-34.8999999952503,6.00075505701113));
#1626=CARTESIAN_POINT('Origin',(129.900759042047,-34.8999999952503,6.00075505701113));
#1627=CARTESIAN_POINT('',(134.900003985036,-34.8999999952503,1.70863310248614E-14));
#1628=CARTESIAN_POINT('',(134.900003985036,-34.8999999952503,1.98729909221362E-14));
#1629=CARTESIAN_POINT('',(40.6000000000362,-34.8999999952503,4.84945417187788E-14));
#1630=CARTESIAN_POINT('',(35.6000000000362,-34.8999999952503,5.01598762557165E-14));
#1631=CARTESIAN_POINT('',(40.6000000000362,-34.8999999952503,6.00075505701116));
#1632=CARTESIAN_POINT('',(40.6000000000362,-34.8999999952503,4.84945417187788E-14));
#1633=CARTESIAN_POINT('',(42.0642449430251,-34.8999999952503,9.53575505701116));
#1634=CARTESIAN_POINT('Origin',(45.5992449430251,-34.8999999952503,6.00075505701116));
#1635=CARTESIAN_POINT('',(45.5992449430251,-34.8999999952503,11.));
#1636=CARTESIAN_POINT('Origin',(45.5992449430251,-34.8999999952503,6.00075505701116));
#1637=CARTESIAN_POINT('',(113.825002984027,-34.8999999952503,11.));
#1638=CARTESIAN_POINT('Origin',(113.825002984027,-39.8999999952503,11.));
#1639=CARTESIAN_POINT('',(129.900759042047,-35.3174243002945,13.));
#1640=CARTESIAN_POINT('',(113.825002984027,-35.3174243002945,13.));
#1641=CARTESIAN_POINT('Origin',(129.900759042047,-39.8999999952503,11.));
#1642=CARTESIAN_POINT('Origin',(90.2962910351887,-44.403375164261,9.14671471780181));
#1643=CARTESIAN_POINT('',(90.2962910351887,-44.403375164261,7.89671471780179));
#1644=CARTESIAN_POINT('',(90.2962910351887,-44.403375164261,7.89671471780179));
#1645=CARTESIAN_POINT('Origin',(90.2962910351887,-44.403375164261,9.14671471780181));
#1646=CARTESIAN_POINT('Origin',(90.2962910351887,-44.403375164261,7.89671471780179));
#1647=CARTESIAN_POINT('',(83.4452699086887,-44.403375164261,7.89671471780179));
#1648=CARTESIAN_POINT('',(83.4452699086887,-44.403375164261,7.89671471780179));
#1649=CARTESIAN_POINT('',(83.4452699086887,-44.403375164261,7.89671471780179));
#1650=CARTESIAN_POINT('Origin',(82.1952699086887,-44.403375164261,9.14671471780177));
#1651=CARTESIAN_POINT('',(82.1952699086887,-44.403375164261,9.14671471780177));
#1652=CARTESIAN_POINT('',(82.1952699086887,-44.403375164261,10.2491486009018));
#1653=CARTESIAN_POINT('',(82.1952699086887,-44.403375164261,9.14671471780177));
#1654=CARTESIAN_POINT('Origin',(83.4452699086887,-44.403375164261,9.14671471780177));
#1655=CARTESIAN_POINT('Origin',(83.4452699086887,-44.403375164261,9.14671471780177));
#1656=CARTESIAN_POINT('Origin',(86.8707804719387,-44.403375164261,9.69793165935181));
#1657=CARTESIAN_POINT('Origin',(113.825002984027,-39.8999999952503,11.));
#1658=CARTESIAN_POINT('',(45.5992449430251,-35.3174243002945,13.));
#1659=CARTESIAN_POINT('Origin',(45.5992449430251,-39.8999999952503,11.));
#1660=CARTESIAN_POINT('',(113.825002984027,-35.3174243002945,13.));
#1661=CARTESIAN_POINT('Origin',(134.893867077796,-130.321137358089,0.));
#1662=CARTESIAN_POINT('',(133.443867077796,-130.321137358089,0.));
#1663=CARTESIAN_POINT('Origin',(134.893867077796,-130.321137358089,-6.49482395477247E-16));
#1664=CARTESIAN_POINT('',(133.443867077796,-130.321137358089,13.));
#1665=CARTESIAN_POINT('',(133.443867077796,-130.321137358089,0.));
#1666=CARTESIAN_POINT('Origin',(134.893867077796,-130.321137358089,13.));
#1667=CARTESIAN_POINT('Origin',(40.6072058128012,-130.321137358089,0.));
#1668=CARTESIAN_POINT('',(39.1572058128012,-130.321137358089,0.));
#1669=CARTESIAN_POINT('Origin',(40.6072058128012,-130.321137358089,-6.49482395477247E-16));
#1670=CARTESIAN_POINT('',(39.1572058128012,-130.321137358089,13.));
#1671=CARTESIAN_POINT('',(39.1572058128012,-130.321137358089,0.));
#1672=CARTESIAN_POINT('Origin',(40.6072058128012,-130.321137358089,13.));
#1673=CARTESIAN_POINT('Origin',(134.893867077796,-39.9377206702725,0.));
#1674=CARTESIAN_POINT('',(133.443867077796,-39.9377206702725,0.));
#1675=CARTESIAN_POINT('Origin',(134.893867077796,-39.9377206702725,-6.49482395477247E-16));
#1676=CARTESIAN_POINT('',(133.443867077796,-39.9377206702725,13.));
#1677=CARTESIAN_POINT('',(133.443867077796,-39.9377206702725,0.));
#1678=CARTESIAN_POINT('Origin',(134.893867077796,-39.9377206702725,13.));
#1679=CARTESIAN_POINT('Origin',(40.6072058128012,-40.0000005215406,0.));
#1680=CARTESIAN_POINT('',(39.1572058128013,-40.0000005215406,0.));
#1681=CARTESIAN_POINT('Origin',(40.6072058128012,-40.0000005215406,-6.49482395477247E-16));
#1682=CARTESIAN_POINT('',(39.1572058128013,-40.0000005215406,13.));
#1683=CARTESIAN_POINT('',(39.1572058128013,-40.0000005215406,0.));
#1684=CARTESIAN_POINT('Origin',(40.6072058128012,-40.0000005215406,13.));
#1685=CARTESIAN_POINT('Origin',(87.7500019925362,-85.1000018951502,3.));
#1686=CARTESIAN_POINT('',(45.6000000000362,-125.30000379505,2.99999999999999));
#1687=CARTESIAN_POINT('',(129.900003985036,-125.30000379505,2.99999999999996));
#1688=CARTESIAN_POINT('',(129.900003985036,-125.30000379505,2.99999999999996));
#1689=CARTESIAN_POINT('',(129.900003985036,-44.8999999952503,3.00000000000001));
#1690=CARTESIAN_POINT('',(129.900003985036,-44.8999999952503,3.00000000000001));
#1691=CARTESIAN_POINT('',(45.6000000000362,-44.8999999952503,3.00000000000004));
#1692=CARTESIAN_POINT('',(45.6000000000362,-44.8999999952503,3.00000000000004));
#1693=CARTESIAN_POINT('',(45.6000000000362,-125.30000379505,2.99999999999999));
#1694=CARTESIAN_POINT('Origin',(45.6000000000362,-125.30000379505,-1.33892922050027E-14));
#1695=CARTESIAN_POINT('',(45.6000000000362,-44.8999999952503,13.));
#1696=CARTESIAN_POINT('',(45.6000000000362,-44.8999999952503,4.01678690340901E-14));
#1697=CARTESIAN_POINT('',(45.6000000000362,-125.30000379505,13.));
#1698=CARTESIAN_POINT('',(45.6000000000362,-125.30000379505,13.));
#1699=CARTESIAN_POINT('',(45.6000000000362,-125.30000379505,-1.33892922050027E-14));
#1700=CARTESIAN_POINT('Origin',(45.6000000000362,-44.8999999952503,4.01678690340901E-14));
#1701=CARTESIAN_POINT('',(129.900003985036,-44.8999999952503,13.));
#1702=CARTESIAN_POINT('',(129.900003985036,-44.8999999952503,1.20903274140482E-14));
#1703=CARTESIAN_POINT('',(45.6000000000362,-44.8999999952503,13.));
#1704=CARTESIAN_POINT('Origin',(129.900003985036,-125.30000379505,-4.14668338250446E-14));
#1705=CARTESIAN_POINT('',(129.900003985036,-125.30000379505,13.));
#1706=CARTESIAN_POINT('',(129.900003985036,-125.30000379505,13.));
#1707=CARTESIAN_POINT('',(129.900003985036,-125.30000379505,-4.14668338250446E-14));
#1708=CARTESIAN_POINT('Origin',(129.900003985036,-44.8999999952503,1.20903274140482E-14));
#1709=CARTESIAN_POINT('',(129.900003985036,-44.8999999952503,13.));
#1710=CARTESIAN_POINT('Origin',(139.900003985036,-135.30000379505,-5.1458841046671E-14));
#1711=CARTESIAN_POINT('',(139.900003985036,-130.30000379505,-4.81281719727955E-14));
#1712=CARTESIAN_POINT('',(139.900003985036,-130.30000379505,6.00075505701106));
#1713=CARTESIAN_POINT('',(139.900003985036,-130.30000379505,-4.78506162166392E-14));
#1714=CARTESIAN_POINT('',(139.900003985036,-39.8999999952503,1.20903274140482E-14));
#1715=CARTESIAN_POINT('',(139.900003985036,-34.8999999952503,1.54209964879237E-14));
#1716=CARTESIAN_POINT('',(139.900003985036,-39.8999999952503,6.00075505701112));
#1717=CARTESIAN_POINT('',(139.900003985036,-39.8999999952503,1.45994315551667E-14));
#1718=CARTESIAN_POINT('',(139.900003985036,-41.3642449382392,9.53575505701112));
#1719=CARTESIAN_POINT('Origin',(139.900003985036,-44.8992449382391,6.00075505701112));
#1720=CARTESIAN_POINT('',(139.900003985036,-44.8992449382391,11.));
#1721=CARTESIAN_POINT('Origin',(139.900003985036,-44.8992449382391,6.00075505701112));
#1722=CARTESIAN_POINT('',(139.900003985036,-125.300758852061,11.));
#1723=CARTESIAN_POINT('',(139.900003985036,-110.200002849849,11.));
#1724=CARTESIAN_POINT('',(139.900003985036,-128.835758852061,9.53575505701107));
#1725=CARTESIAN_POINT('Origin',(139.900003985036,-125.300758852061,6.00075505701106));
#1726=CARTESIAN_POINT('Origin',(139.900003985036,-125.300758852061,6.00075505701106));
#1727=CARTESIAN_POINT('Origin',(87.7500019925362,-85.1000018951502,-6.49482395477247E-16));
#1728=CARTESIAN_POINT('',(134.900003985036,-135.30000379505,-4.97935065097332E-14));
#1729=CARTESIAN_POINT('Origin',(134.900003985036,-130.30000379505,-4.89719415769763E-14));
#1730=CARTESIAN_POINT('',(40.6000000000362,-135.30000379505,-1.83852958158159E-14));
#1731=CARTESIAN_POINT('',(139.900003985036,-135.30000379505,-5.1458841046671E-14));
#1732=CARTESIAN_POINT('',(35.6000000000362,-130.30000379505,-1.33892922050027E-14));
#1733=CARTESIAN_POINT('Origin',(40.6000000000362,-130.30000379505,-1.7563730883059E-14));
#1734=CARTESIAN_POINT('',(35.6000000000362,-39.8999999952503,4.6829207181841E-14));
#1735=CARTESIAN_POINT('',(35.6000000000362,-135.30000379505,-1.67199612788782E-14));
#1736=CARTESIAN_POINT('Origin',(40.6000000000362,-39.8999999952503,4.76729767860218E-14));
#1737=CARTESIAN_POINT('Origin',(134.900003985036,-39.8999999952503,1.62647660921045E-14));
#1738=CARTESIAN_POINT('Origin',(35.6000000000362,-34.8999999952503,5.01598762557165E-14));
#1739=CARTESIAN_POINT('',(35.6000000000362,-130.30000379505,6.0007550570111));
#1740=CARTESIAN_POINT('',(35.6000000000362,-130.30000379505,-1.58983963461212E-14));
#1741=CARTESIAN_POINT('',(35.6000000000362,-128.835758852061,9.5357550570111));
#1742=CARTESIAN_POINT('Origin',(35.6000000000362,-125.300758852061,6.0007550570111));
#1743=CARTESIAN_POINT('',(35.6000000000362,-125.300758852061,11.));
#1744=CARTESIAN_POINT('Origin',(35.6000000000362,-125.300758852061,6.0007550570111));
#1745=CARTESIAN_POINT('',(35.6000000000362,-44.8992449382391,11.));
#1746=CARTESIAN_POINT('',(35.6000000000362,-60.000000949949,11.));
#1747=CARTESIAN_POINT('',(35.6000000000362,-41.3642449382392,9.53575505701115));
#1748=CARTESIAN_POINT('Origin',(35.6000000000362,-44.8992449382391,6.00075505701115));
#1749=CARTESIAN_POINT('',(35.6000000000362,-39.8999999952503,6.00075505701116));
#1750=CARTESIAN_POINT('Origin',(35.6000000000362,-44.8992449382391,6.00075505701115));
#1751=CARTESIAN_POINT('',(35.6000000000362,-39.8999999952503,4.65516514256847E-14));
#1752=CARTESIAN_POINT('Origin',(35.6000000000362,-135.30000379505,-1.67199612788782E-14));
#1753=CARTESIAN_POINT('',(134.900003985036,-135.30000379505,6.00075505701106));
#1754=CARTESIAN_POINT('',(134.900003985036,-135.30000379505,-4.97935065097332E-14));
#1755=CARTESIAN_POINT('',(133.435759042047,-135.30000379505,9.53575505701106));
#1756=CARTESIAN_POINT('Origin',(129.900759042047,-135.30000379505,6.00075505701106));
#1757=CARTESIAN_POINT('',(129.900759042047,-135.30000379505,11.));
#1758=CARTESIAN_POINT('Origin',(129.900759042047,-135.30000379505,6.00075505701106));
#1759=CARTESIAN_POINT('',(45.5992449430251,-135.30000379505,11.));
#1760=CARTESIAN_POINT('',(61.6750009915274,-135.30000379505,11.));
#1761=CARTESIAN_POINT('',(42.0642449430251,-135.30000379505,9.53575505701109));
#1762=CARTESIAN_POINT('Origin',(45.5992449430251,-135.30000379505,6.00075505701109));
#1763=CARTESIAN_POINT('',(40.6000000000362,-135.30000379505,6.00075505701109));
#1764=CARTESIAN_POINT('Origin',(45.5992449430251,-135.30000379505,6.00075505701109));
#1765=CARTESIAN_POINT('',(40.6000000000362,-135.30000379505,-2.11719557130907E-14));
#1766=CARTESIAN_POINT('Origin',(40.6000000000362,-60.000000949949,11.));
#1767=CARTESIAN_POINT('',(36.0174243050804,-44.8992449382391,13.));
#1768=CARTESIAN_POINT('',(36.0174243050804,-125.300758852061,13.));
#1769=CARTESIAN_POINT('',(36.0174243050804,-60.000000949949,13.));
#1770=CARTESIAN_POINT('Origin',(40.6000000000362,-44.8992449382391,11.));
#1771=CARTESIAN_POINT('Origin',(40.6000000000362,-125.300758852061,11.));
#1772=CARTESIAN_POINT('Origin',(40.6000000000362,-39.8999999952503,4.4886316888747E-14));
#1773=CARTESIAN_POINT('',(37.0644660941035,-36.3644660893175,6.00075505701116));
#1774=CARTESIAN_POINT('Origin',(40.6000000000362,-39.8999999952503,6.00075505701115));
#1775=CARTESIAN_POINT('Origin',(40.6000000000362,-39.8999999952503,6.00075505701115));
#1776=CARTESIAN_POINT('Origin',(134.900003985036,-39.8999999952503,1.62647660921045E-14));
#1777=CARTESIAN_POINT('',(138.435537890969,-36.3644660893175,6.00075505701112));
#1778=CARTESIAN_POINT('Origin',(134.900003985036,-39.8999999952503,6.00075505701112));
#1779=CARTESIAN_POINT('Origin',(134.900003985036,-39.8999999952503,6.00075505701112));
#1780=CARTESIAN_POINT('Origin',(40.6000000000362,-130.30000379505,-1.7563730883059E-14));
#1781=CARTESIAN_POINT('',(37.0644660941035,-133.835537700983,6.00075505701109));
#1782=CARTESIAN_POINT('Origin',(40.6000000000362,-130.30000379505,6.00075505701109));
#1783=CARTESIAN_POINT('Origin',(40.6000000000362,-130.30000379505,6.00075505701109));
#1784=CARTESIAN_POINT('Ctrl Pts',(38.3443263392917,-132.555677455794,13.2560323942972));
#1785=CARTESIAN_POINT('Ctrl Pts',(38.5811637868629,-133.029379804255,13.0191913837784));
#1786=CARTESIAN_POINT('Ctrl Pts',(39.1040131726993,-133.836656017116,12.4963408001339));
#1787=CARTESIAN_POINT('Ctrl Pts',(40.4779608090588,-134.957552001682,11.1224033491674));
#1788=CARTESIAN_POINT('Ctrl Pts',(41.5792671737455,-135.300061436356,10.0210697865449));
#1789=CARTESIAN_POINT('Ctrl Pts',(42.0646457261959,-135.300003780498,9.53566576544441));
#1790=CARTESIAN_POINT('Ctrl Pts',(38.1074339793321,-132.792569815755,12.7822878105503));
#1791=CARTESIAN_POINT('Ctrl Pts',(38.3472050837895,-133.217751932639,12.5495724565857));
#1792=CARTESIAN_POINT('Ctrl Pts',(38.8723121840639,-133.96074799118,12.0268389433177));
#1793=CARTESIAN_POINT('Ctrl Pts',(40.2225735655778,-135.004517445401,10.6564114595787));
#1794=CARTESIAN_POINT('Ctrl Pts',(41.272455303049,-135.300053531519,9.66037691581716));
#1795=CARTESIAN_POINT('Ctrl Pts',(41.7560923057832,-135.300003782493,9.22716691802969));
#1796=CARTESIAN_POINT('Ctrl Pts',(37.7143472515337,-133.185656543553,11.7577058245647));
#1797=CARTESIAN_POINT('Ctrl Pts',(37.9527991125417,-133.54262779751,11.525469380576));
#1798=CARTESIAN_POINT('Ctrl Pts',(38.4850239301682,-134.198472838764,10.9768852400991));
#1799=CARTESIAN_POINT('Ctrl Pts',(39.7992829700978,-135.109347985058,9.59539987081754));
#1800=CARTESIAN_POINT('Ctrl Pts',(40.7365629818084,-135.30003588749,8.86270801655827));
#1801=CARTESIAN_POINT('Ctrl Pts',(41.2203087976007,-135.300003786948,8.52899983017633));
#1802=CARTESIAN_POINT('Ctrl Pts',(37.1811762484154,-133.718827546671,9.064335507716));
#1803=CARTESIAN_POINT('Ctrl Pts',(37.4473045827892,-134.02416508779,8.86149195256747));
#1804=CARTESIAN_POINT('Ctrl Pts',(38.0707185349608,-134.589892053815,8.38630902024249));
#1805=CARTESIAN_POINT('Ctrl Pts',(39.3088365778401,-135.176453299197,7.73892819067103));
#1806=CARTESIAN_POINT('Ctrl Pts',(40.2228329603265,-135.300024591865,7.47042784734411));
#1807=CARTESIAN_POINT('Ctrl Pts',(40.7150871738179,-135.300003789799,7.3093637256941));
#1808=CARTESIAN_POINT('Ctrl Pts',(37.0644464487982,-133.835557346288,6.97095086691907));
#1809=CARTESIAN_POINT('Ctrl Pts',(37.3558434863333,-134.126947784382,6.91705659335882));
#1810=CARTESIAN_POINT('Ctrl Pts',(38.0226337865745,-134.649325844647,6.79965302707763));
#1811=CARTESIAN_POINT('Ctrl Pts',(39.2351041277481,-135.172368258708,6.61046699970603));
#1812=CARTESIAN_POINT('Ctrl Pts',(40.1395651934288,-135.300025279093,6.49347936816347));
#1813=CARTESIAN_POINT('Ctrl Pts',(40.6002132069477,-135.300003789626,6.43684605171513));
#1814=CARTESIAN_POINT('Ctrl Pts',(37.0644660990633,-133.835537696023,6.00026504264696));
#1815=CARTESIAN_POINT('Ctrl Pts',(37.3730082910269,-134.144079889653,6.00029226428033));
#1816=CARTESIAN_POINT('Ctrl Pts',(38.0712978769805,-134.679889315273,6.00035156544362));
#1817=CARTESIAN_POINT('Ctrl Pts',(39.2911406502333,-135.185154219692,6.00044711928028));
#1818=CARTESIAN_POINT('Ctrl Pts',(40.1638267891646,-135.300023127081,6.00050620164202));
#1819=CARTESIAN_POINT('Ctrl Pts',(40.6002202989201,-135.300003790169,6.00053480453417));
#1820=CARTESIAN_POINT('',(38.2221593407062,-132.67784445438,13.));
#1821=CARTESIAN_POINT('',(38.6000000000361,-133.021423263252,13.));
#1822=CARTESIAN_POINT('Ctrl Pts',(38.2221593407062,-132.67784445438,13.));
#1823=CARTESIAN_POINT('Ctrl Pts',(38.3436498765957,-132.798524953684,13.));
#1824=CARTESIAN_POINT('Ctrl Pts',(38.4680114064773,-132.912354999675,13.));
#1825=CARTESIAN_POINT('Ctrl Pts',(38.6000000000362,-133.021423263252,13.));
#1826=CARTESIAN_POINT('Ctrl Pts',(38.2221593407062,-132.67784445438,13.));
#1827=CARTESIAN_POINT('Ctrl Pts',(38.0381487766769,-132.86185501841,12.5948880813255));
#1828=CARTESIAN_POINT('Ctrl Pts',(37.6828893433397,-133.217114451747,11.5987928385538));
#1829=CARTESIAN_POINT('Ctrl Pts',(37.1812061554097,-133.718797639677,9.06448658609476));
#1830=CARTESIAN_POINT('Ctrl Pts',(37.0644660941035,-133.835537700983,6.9713031454002));
#1831=CARTESIAN_POINT('Ctrl Pts',(37.0644660941035,-133.835537700983,6.00075505701109));
#1832=CARTESIAN_POINT('Ctrl Pts',(38.6000000000361,-133.021423263252,13.));
#1833=CARTESIAN_POINT('Ctrl Pts',(38.7722703762499,-133.305033910156,12.8277296237862));
#1834=CARTESIAN_POINT('Ctrl Pts',(39.2612271993392,-133.965069315663,12.338772800697));
#1835=CARTESIAN_POINT('Ctrl Pts',(40.4777548197258,-134.957512835166,11.1222451803104));
#1836=CARTESIAN_POINT('Ctrl Pts',(41.5789269713942,-135.30000379505,10.0210730286419));
#1837=CARTESIAN_POINT('Ctrl Pts',(42.0642449430251,-135.30000379505,9.53575505701109));
#1838=CARTESIAN_POINT('Origin',(134.900003985036,-130.30000379505,-4.61852816797015E-14));
#1839=CARTESIAN_POINT('',(138.435537890969,-133.835537700983,6.00075505701106));
#1840=CARTESIAN_POINT('Origin',(134.900003985036,-130.30000379505,6.00075505701106));
#1841=CARTESIAN_POINT('Origin',(134.900003985036,-130.30000379505,6.00075505701106));
#1842=CARTESIAN_POINT('Ctrl Pts',(38.3439676057389,-132.555677455794,13.2556736607444));
#1843=CARTESIAN_POINT('Ctrl Pts',(38.8177121894858,-132.792569815755,13.4925660207041));
#1844=CARTESIAN_POINT('Ctrl Pts',(39.8422941754715,-133.185656543553,13.8856527485025));
#1845=CARTESIAN_POINT('Ctrl Pts',(42.5356644923202,-133.718827546671,14.4188237516207));
#1846=CARTESIAN_POINT('Ctrl Pts',(44.6290491331171,-133.835557346288,14.535553551238));
#1847=CARTESIAN_POINT('Ctrl Pts',(45.5997349573892,-133.835537696023,14.5355339009729));
#1848=CARTESIAN_POINT('Ctrl Pts',(38.5808086162577,-133.029379804255,13.0188362131732));
#1849=CARTESIAN_POINT('Ctrl Pts',(39.0504275434505,-133.217751932639,13.2527949162467));
#1850=CARTESIAN_POINT('Ctrl Pts',(40.0745306194602,-133.54262779751,13.6472008874946));
#1851=CARTESIAN_POINT('Ctrl Pts',(42.7385080474687,-134.02416508779,14.1526954172469));
#1852=CARTESIAN_POINT('Ctrl Pts',(44.6829434066773,-134.126947784382,14.2441565137028));
#1853=CARTESIAN_POINT('Ctrl Pts',(45.5997077357558,-134.144079889653,14.2269917090093));
#1854=CARTESIAN_POINT('Ctrl Pts',(39.1036591999023,-133.836656017116,12.4959868273368));
#1855=CARTESIAN_POINT('Ctrl Pts',(39.5731610567186,-133.96074799118,12.7276878159724));
#1856=CARTESIAN_POINT('Ctrl Pts',(40.6231147599372,-134.198472838764,13.1149760698681));
#1857=CARTESIAN_POINT('Ctrl Pts',(43.2136909797936,-134.589892053815,13.5292814650752));
#1858=CARTESIAN_POINT('Ctrl Pts',(44.8003469729585,-134.649325844647,13.5773662134617));
#1859=CARTESIAN_POINT('Ctrl Pts',(45.5996484345925,-134.679889315273,13.5287021230557));
#1860=CARTESIAN_POINT('Ctrl Pts',(40.4775966508688,-134.957552001682,11.1220391909774));
#1861=CARTESIAN_POINT('Ctrl Pts',(40.9435885404575,-135.004517445401,11.3774264344584));
#1862=CARTESIAN_POINT('Ctrl Pts',(42.0046001292186,-135.109347985058,11.8007170299385));
#1863=CARTESIAN_POINT('Ctrl Pts',(43.8610718093652,-135.176453299197,12.291163422196));
#1864=CARTESIAN_POINT('Ctrl Pts',(44.9895330003301,-135.172368258708,12.364895872288));
#1865=CARTESIAN_POINT('Ctrl Pts',(45.5995528807559,-135.185154219692,12.308859349803));
#1866=CARTESIAN_POINT('Ctrl Pts',(41.5789302134911,-135.300061436356,10.0207328262906));
#1867=CARTESIAN_POINT('Ctrl Pts',(41.939623084219,-135.300053531519,10.3275446969871));
#1868=CARTESIAN_POINT('Ctrl Pts',(42.7372919834779,-135.30003588749,10.8634370182278));
#1869=CARTESIAN_POINT('Ctrl Pts',(44.129572152692,-135.300024591865,11.3771670397097));
#1870=CARTESIAN_POINT('Ctrl Pts',(45.1065206318727,-135.300025279093,11.4604348066073));
#1871=CARTESIAN_POINT('Ctrl Pts',(45.5994937983941,-135.300023127081,11.4361732108716));
#1872=CARTESIAN_POINT('Ctrl Pts',(42.0643342345918,-135.300003780498,9.53535427384034));
#1873=CARTESIAN_POINT('Ctrl Pts',(42.3728330820065,-135.300003782493,9.84390769425307));
#1874=CARTESIAN_POINT('Ctrl Pts',(43.0710001698599,-135.300003786948,10.3796912024355));
#1875=CARTESIAN_POINT('Ctrl Pts',(44.290636274342,-135.300003789799,10.8849128262183));
#1876=CARTESIAN_POINT('Ctrl Pts',(45.163153948321,-135.300003789626,10.9997867930885));
#1877=CARTESIAN_POINT('Ctrl Pts',(45.599465195502,-135.300003790169,10.9997797011161));
#1878=CARTESIAN_POINT('',(45.5992449430251,-134.882579490006,13.));
#1879=CARTESIAN_POINT('Ctrl Pts',(38.6000000000361,-133.021423263252,13.));
#1880=CARTESIAN_POINT('Ctrl Pts',(39.0731513200751,-133.409390810278,13.));
#1881=CARTESIAN_POINT('Ctrl Pts',(39.6357698215504,-133.734294936059,13.));
#1882=CARTESIAN_POINT('Ctrl Pts',(41.178042254438,-134.322673571471,13.));
#1883=CARTESIAN_POINT('Ctrl Pts',(42.1191768856002,-134.551225321636,12.9999999999959));
#1884=CARTESIAN_POINT('Ctrl Pts',(43.8152233315113,-134.828134363235,12.9999999999959));
#1885=CARTESIAN_POINT('Ctrl Pts',(44.6133709448466,-134.882504753453,13.));
#1886=CARTESIAN_POINT('Ctrl Pts',(45.5992449430251,-134.882513218991,13.));
#1887=CARTESIAN_POINT('Origin',(45.5992449430251,-130.30000379505,11.));
#1888=CARTESIAN_POINT('Ctrl Pts',(38.3443263392917,-132.556036189347,13.2556736607445));
#1889=CARTESIAN_POINT('Ctrl Pts',(37.8706239908319,-132.319195178828,13.0188362131733));
#1890=CARTESIAN_POINT('Ctrl Pts',(37.0633477779702,-131.796344595184,12.4959868273369));
#1891=CARTESIAN_POINT('Ctrl Pts',(35.9424517934044,-130.422407144218,11.1220391909776));
#1892=CARTESIAN_POINT('Ctrl Pts',(35.5999423587302,-129.321073581595,10.0207328262909));
#1893=CARTESIAN_POINT('Ctrl Pts',(35.6000000145885,-128.835669560494,9.5353542738406));
#1894=CARTESIAN_POINT('Ctrl Pts',(38.1074339793321,-132.0822916056,13.4925660207041));
#1895=CARTESIAN_POINT('Ctrl Pts',(37.6822518624468,-131.849576251636,13.2527949162467));
#1896=CARTESIAN_POINT('Ctrl Pts',(36.9392558039069,-131.326842738368,12.7276878159724));
#1897=CARTESIAN_POINT('Ctrl Pts',(35.8954863496859,-129.956415254629,11.3774264344585));
#1898=CARTESIAN_POINT('Ctrl Pts',(35.5999502635674,-128.960380710867,10.3275446969872));
#1899=CARTESIAN_POINT('Ctrl Pts',(35.6000000125929,-128.52717071308,9.84390769425328));
#1900=CARTESIAN_POINT('Ctrl Pts',(37.7143472515337,-131.057709619615,13.8856527485025));
#1901=CARTESIAN_POINT('Ctrl Pts',(37.3573759975764,-130.825473175627,13.6472008874946));
#1902=CARTESIAN_POINT('Ctrl Pts',(36.7015309563221,-130.27688903515,13.114976069868));
#1903=CARTESIAN_POINT('Ctrl Pts',(35.7906558100284,-128.895403665867,11.8007170299385));
#1904=CARTESIAN_POINT('Ctrl Pts',(35.5999679075963,-128.162711811608,10.863437018228));
#1905=CARTESIAN_POINT('Ctrl Pts',(35.6000000081385,-127.829003625226,10.3796912024357));
#1906=CARTESIAN_POINT('Ctrl Pts',(37.1811762484154,-128.364339302766,14.4188237516207));
#1907=CARTESIAN_POINT('Ctrl Pts',(36.8758387072965,-128.161495747617,14.1526954172469));
#1908=CARTESIAN_POINT('Ctrl Pts',(36.3101117412714,-127.686312815292,13.5292814650753));
#1909=CARTESIAN_POINT('Ctrl Pts',(35.7235504958898,-127.038931985721,12.291163422196));
#1910=CARTESIAN_POINT('Ctrl Pts',(35.5999792032217,-126.770431642394,11.3771670397098));
#1911=CARTESIAN_POINT('Ctrl Pts',(35.6000000052867,-126.609367520744,10.8849128262185));
#1912=CARTESIAN_POINT('Ctrl Pts',(37.0644464487982,-126.270954661969,14.535553551238));
#1913=CARTESIAN_POINT('Ctrl Pts',(36.7730560107045,-126.21706038841,14.2441565137028));
#1914=CARTESIAN_POINT('Ctrl Pts',(36.2506779504391,-126.099656822128,13.5773662134617));
#1915=CARTESIAN_POINT('Ctrl Pts',(35.7276355363792,-125.910470794756,12.364895872288));
#1916=CARTESIAN_POINT('Ctrl Pts',(35.5999785159928,-125.793483163213,11.4604348066074));
#1917=CARTESIAN_POINT('Ctrl Pts',(35.6000000054602,-125.736849846766,10.9997867930886));
#1918=CARTESIAN_POINT('Ctrl Pts',(37.0644660990633,-125.300268837697,14.5355339009729));
#1919=CARTESIAN_POINT('Ctrl Pts',(36.7559239054335,-125.300296059331,14.2269917090093));
#1920=CARTESIAN_POINT('Ctrl Pts',(36.2201144798133,-125.300355360494,13.5287021230557));
#1921=CARTESIAN_POINT('Ctrl Pts',(35.7148495753945,-125.30045091433,12.308859349803));
#1922=CARTESIAN_POINT('Ctrl Pts',(35.5999806680054,-125.300509996692,11.4361732108717));
#1923=CARTESIAN_POINT('Ctrl Pts',(35.6000000049169,-125.300538599584,10.9997797011162));
#1924=CARTESIAN_POINT('',(37.8785805318344,-132.30000379505,13.));
#1925=CARTESIAN_POINT('Ctrl Pts',(36.0174905760952,-125.300758852061,13.));
#1926=CARTESIAN_POINT('Ctrl Pts',(36.0174962644343,-125.963207643865,13.));
#1927=CARTESIAN_POINT('Ctrl Pts',(36.0422777412927,-126.606741339677,12.9999999999963));
#1928=CARTESIAN_POINT('Ctrl Pts',(36.2510164434148,-128.431076848776,12.9999999999963));
#1929=CARTESIAN_POINT('Ctrl Pts',(36.5310584565544,-129.572005298519,13.));
#1930=CARTESIAN_POINT('Ctrl Pts',(37.1402438544266,-131.220942148409,13.));
#1931=CARTESIAN_POINT('Ctrl Pts',(37.4765433718261,-131.809693679112,13.));
#1932=CARTESIAN_POINT('Ctrl Pts',(37.8785805318345,-132.30000379505,13.));
#1933=CARTESIAN_POINT('Ctrl Pts',(37.8785805318344,-132.30000379505,13.));
#1934=CARTESIAN_POINT('Ctrl Pts',(37.594969884931,-132.127733418836,12.8277296237862));
#1935=CARTESIAN_POINT('Ctrl Pts',(36.9349344794232,-131.638776595747,12.338772800697));
#1936=CARTESIAN_POINT('Ctrl Pts',(35.9424909599204,-130.422248975361,11.1222451803104));
#1937=CARTESIAN_POINT('Ctrl Pts',(35.6000000000362,-129.321076823692,10.0210730286419));
#1938=CARTESIAN_POINT('Ctrl Pts',(35.6000000000362,-128.835758852061,9.5357550570111));
#1939=CARTESIAN_POINT('Ctrl Pts',(38.3443263392916,-132.555677455794,13.2560323942969));
#1940=CARTESIAN_POINT('Ctrl Pts',(38.1074339793321,-132.792569815755,12.7822878105501));
#1941=CARTESIAN_POINT('Ctrl Pts',(37.7143472515337,-133.185656543553,11.7577058245645));
#1942=CARTESIAN_POINT('Ctrl Pts',(37.1811762484154,-133.718827546671,9.06433550771616));
#1943=CARTESIAN_POINT('Ctrl Pts',(37.0644464487982,-133.835557346288,6.97095086691944));
#1944=CARTESIAN_POINT('Ctrl Pts',(37.0644660990633,-133.835537696023,6.00026504264747));
#1945=CARTESIAN_POINT('Ctrl Pts',(37.8706239908319,-132.318840008223,13.0191913837782));
#1946=CARTESIAN_POINT('Ctrl Pts',(37.6822518624468,-132.552798711297,12.5495724565855));
#1947=CARTESIAN_POINT('Ctrl Pts',(37.3573759975764,-132.947204682544,11.5254693805759));
#1948=CARTESIAN_POINT('Ctrl Pts',(36.8758387072965,-133.452699212298,8.86149195256763));
#1949=CARTESIAN_POINT('Ctrl Pts',(36.7730560107045,-133.544160308753,6.91705659335916));
#1950=CARTESIAN_POINT('Ctrl Pts',(36.7559239054335,-133.52699550406,6.00029226428081));
#1951=CARTESIAN_POINT('Ctrl Pts',(37.0633477779701,-131.795990622387,12.4963408001336));
#1952=CARTESIAN_POINT('Ctrl Pts',(36.9392558039069,-132.027691611023,12.0268389433175));
#1953=CARTESIAN_POINT('Ctrl Pts',(36.7015309563221,-132.414979864918,10.976885240099));
#1954=CARTESIAN_POINT('Ctrl Pts',(36.3101117412713,-132.829285260126,8.38630902024266));
#1955=CARTESIAN_POINT('Ctrl Pts',(36.2506779504391,-132.877370008512,6.7996530270779));
#1956=CARTESIAN_POINT('Ctrl Pts',(36.2201144798133,-132.828705918106,6.00035156544403));
#1957=CARTESIAN_POINT('Ctrl Pts',(35.9424517934044,-130.422042986028,11.1224033491672));
#1958=CARTESIAN_POINT('Ctrl Pts',(35.8954863496859,-130.677430229509,10.6564114595786));
#1959=CARTESIAN_POINT('Ctrl Pts',(35.7906558100284,-131.100720824989,9.59539987081751));
#1960=CARTESIAN_POINT('Ctrl Pts',(35.7235504958898,-131.591167217247,7.73892819067119));
#1961=CARTESIAN_POINT('Ctrl Pts',(35.7276355363792,-131.664899667339,6.61046699970624));
#1962=CARTESIAN_POINT('Ctrl Pts',(35.7148495753945,-131.608863144853,6.0004471192806));
#1963=CARTESIAN_POINT('Ctrl Pts',(35.5999423587302,-129.320736621341,10.0210697865449));
#1964=CARTESIAN_POINT('Ctrl Pts',(35.5999502635674,-129.627548492038,9.66037691581719));
#1965=CARTESIAN_POINT('Ctrl Pts',(35.5999679075963,-130.163440813279,8.86270801655832));
#1966=CARTESIAN_POINT('Ctrl Pts',(35.5999792032217,-130.67717083476,7.47042784734424));
#1967=CARTESIAN_POINT('Ctrl Pts',(35.5999785159928,-130.760438601657,6.49347936816367));
#1968=CARTESIAN_POINT('Ctrl Pts',(35.5999806680054,-130.736177005922,6.00050620164229));
#1969=CARTESIAN_POINT('Ctrl Pts',(35.6000000145886,-128.835358068891,9.53566576544451));
#1970=CARTESIAN_POINT('Ctrl Pts',(35.6000000125929,-129.143911489303,9.22716691802979));
#1971=CARTESIAN_POINT('Ctrl Pts',(35.6000000081385,-129.679694997486,8.52899983017643));
#1972=CARTESIAN_POINT('Ctrl Pts',(35.6000000052867,-130.184916621269,7.30936372569425));
#1973=CARTESIAN_POINT('Ctrl Pts',(35.6000000054602,-130.299790588139,6.43684605171532));
#1974=CARTESIAN_POINT('Ctrl Pts',(35.6000000049169,-130.299783496166,6.0005348045344));
#1975=CARTESIAN_POINT('Ctrl Pts',(37.8785805318344,-132.30000379505,13.));
#1976=CARTESIAN_POINT('Ctrl Pts',(37.9876487954112,-132.431992388609,13.));
#1977=CARTESIAN_POINT('Ctrl Pts',(38.1014788414018,-132.556353918491,13.));
#1978=CARTESIAN_POINT('Ctrl Pts',(38.2221593407062,-132.67784445438,13.));
#1979=CARTESIAN_POINT('Ctrl Pts',(38.343967605739,-37.6443263345058,13.2556736607445));
#1980=CARTESIAN_POINT('Ctrl Pts',(38.5808086162578,-37.1706239860459,13.0188362131733));
#1981=CARTESIAN_POINT('Ctrl Pts',(39.1036591999022,-36.3633477731843,12.4959868273369));
#1982=CARTESIAN_POINT('Ctrl Pts',(40.4775966508688,-35.2424517886185,11.1220391909774));
#1983=CARTESIAN_POINT('Ctrl Pts',(41.5789302134912,-34.8999423539443,10.0207328262907));
#1984=CARTESIAN_POINT('Ctrl Pts',(42.0643342345918,-34.9000000098026,9.53535427384037));
#1985=CARTESIAN_POINT('Ctrl Pts',(38.8177121894859,-37.4074339745461,13.4925660207042));
#1986=CARTESIAN_POINT('Ctrl Pts',(39.0504275434505,-36.9822518576608,13.2527949162467));
#1987=CARTESIAN_POINT('Ctrl Pts',(39.5731610567185,-36.2392557991209,12.7276878159724));
#1988=CARTESIAN_POINT('Ctrl Pts',(40.9435885404575,-35.1954863449,11.3774264344585));
#1989=CARTESIAN_POINT('Ctrl Pts',(41.939623084219,-34.8999502587815,10.3275446969872));
#1990=CARTESIAN_POINT('Ctrl Pts',(42.3728330820065,-34.900000007807,9.8439076942531));
#1991=CARTESIAN_POINT('Ctrl Pts',(39.8422941754714,-37.0143472467477,13.8856527485026));
#1992=CARTESIAN_POINT('Ctrl Pts',(40.0745306194602,-36.6573759927905,13.6472008874947));
#1993=CARTESIAN_POINT('Ctrl Pts',(40.6231147599371,-36.0015309515362,13.1149760698681));
#1994=CARTESIAN_POINT('Ctrl Pts',(42.0046001292186,-35.0906558052425,11.8007170299385));
#1995=CARTESIAN_POINT('Ctrl Pts',(42.7372919834778,-34.8999679028104,10.8634370182279));
#1996=CARTESIAN_POINT('Ctrl Pts',(43.0710001698598,-34.9000000033526,10.3796912024356));
#1997=CARTESIAN_POINT('Ctrl Pts',(42.5356644923202,-36.4811762436295,14.4188237516208));
#1998=CARTESIAN_POINT('Ctrl Pts',(42.7385080474687,-36.1758387025106,14.1526954172471));
#1999=CARTESIAN_POINT('Ctrl Pts',(43.2136909797936,-35.6101117364854,13.5292814650753));
#2000=CARTESIAN_POINT('Ctrl Pts',(43.8610718093651,-35.0235504911038,12.2911634221961));
#2001=CARTESIAN_POINT('Ctrl Pts',(44.1295721526921,-34.8999791984358,11.3771670397097));
#2002=CARTESIAN_POINT('Ctrl Pts',(44.290636274342,-34.9000000005008,10.8849128262183));
#2003=CARTESIAN_POINT('Ctrl Pts',(44.6290491331171,-36.3644464440122,14.5355535512381));
#2004=CARTESIAN_POINT('Ctrl Pts',(44.6829434066773,-36.0730560059185,14.2441565137029));
#2005=CARTESIAN_POINT('Ctrl Pts',(44.8003469729586,-35.5506779456532,13.5773662134617));
#2006=CARTESIAN_POINT('Ctrl Pts',(44.9895330003302,-35.0276355315932,12.3648958722881));
#2007=CARTESIAN_POINT('Ctrl Pts',(45.1065206318726,-34.8999785112069,11.4604348066074));
#2008=CARTESIAN_POINT('Ctrl Pts',(45.163153948321,-34.9000000006743,10.9997867930885));
#2009=CARTESIAN_POINT('Ctrl Pts',(45.5997349573892,-36.3644660942773,14.535533900973));
#2010=CARTESIAN_POINT('Ctrl Pts',(45.5997077357558,-36.0559239006476,14.2269917090094));
#2011=CARTESIAN_POINT('Ctrl Pts',(45.5996484345926,-35.5201144750274,13.5287021230557));
#2012=CARTESIAN_POINT('Ctrl Pts',(45.5995528807559,-35.0148495706085,12.3088593498029));
#2013=CARTESIAN_POINT('Ctrl Pts',(45.5994937983942,-34.8999806632195,11.4361732108716));
#2014=CARTESIAN_POINT('Ctrl Pts',(45.599465195502,-34.900000000131,10.9997797011161));
#2015=CARTESIAN_POINT('',(38.6000000000363,-37.1785805270483,13.));
#2016=CARTESIAN_POINT('Ctrl Pts',(45.5992449430251,-35.3174905713093,13.));
#2017=CARTESIAN_POINT('Ctrl Pts',(44.9367961512211,-35.3174962596484,13.));
#2018=CARTESIAN_POINT('Ctrl Pts',(44.2932624554102,-35.3422777365067,12.9999999999963));
#2019=CARTESIAN_POINT('Ctrl Pts',(42.4689269463108,-35.5510164386287,12.9999999999963));
#2020=CARTESIAN_POINT('Ctrl Pts',(41.3279984965691,-35.8310584517683,13.));
#2021=CARTESIAN_POINT('Ctrl Pts',(39.6790616466789,-36.4402438496398,13.));
#2022=CARTESIAN_POINT('Ctrl Pts',(39.0903101159754,-36.7765433670397,13.));
#2023=CARTESIAN_POINT('Ctrl Pts',(38.6000000000363,-37.1785805270483,13.));
#2024=CARTESIAN_POINT('Ctrl Pts',(38.6000000000363,-37.1785805270483,13.));
#2025=CARTESIAN_POINT('Ctrl Pts',(38.77227037625,-36.8949698801449,12.8277296237863));
#2026=CARTESIAN_POINT('Ctrl Pts',(39.2612271993392,-36.2349344746372,12.338772800697));
#2027=CARTESIAN_POINT('Ctrl Pts',(40.4777548197258,-35.2424909551345,11.1222451803104));
#2028=CARTESIAN_POINT('Ctrl Pts',(41.5789269713942,-34.8999999952503,10.021073028642));
#2029=CARTESIAN_POINT('Ctrl Pts',(42.0642449430251,-34.8999999952503,9.53575505701116));
#2030=CARTESIAN_POINT('Ctrl Pts',(38.3443263392919,-37.6443263345058,13.2560323942973));
#2031=CARTESIAN_POINT('Ctrl Pts',(38.1074339793321,-37.4074339745461,12.7822878105504));
#2032=CARTESIAN_POINT('Ctrl Pts',(37.7143472515337,-37.0143472467477,11.7577058245648));
#2033=CARTESIAN_POINT('Ctrl Pts',(37.1811762484154,-36.4811762436295,9.06433550771607));
#2034=CARTESIAN_POINT('Ctrl Pts',(37.0644464487982,-36.3644464440122,6.97095086691913));
#2035=CARTESIAN_POINT('Ctrl Pts',(37.0644660990633,-36.3644660942773,6.00026504264703));
#2036=CARTESIAN_POINT('Ctrl Pts',(38.581163786863,-37.1706239860459,13.0191913837785));
#2037=CARTESIAN_POINT('Ctrl Pts',(38.3472050837895,-36.9822518576608,12.5495724565858));
#2038=CARTESIAN_POINT('Ctrl Pts',(37.9527991125416,-36.6573759927905,11.525469380576));
#2039=CARTESIAN_POINT('Ctrl Pts',(37.4473045827893,-36.1758387025106,8.86149195256753));
#2040=CARTESIAN_POINT('Ctrl Pts',(37.3558434863333,-36.0730560059185,6.9170565933589));
#2041=CARTESIAN_POINT('Ctrl Pts',(37.3730082910269,-36.0559239006476,6.0002922642804));
#2042=CARTESIAN_POINT('Ctrl Pts',(39.1040131726993,-36.3633477731843,12.496340800134));
#2043=CARTESIAN_POINT('Ctrl Pts',(38.8723121840639,-36.2392557991209,12.0268389433178));
#2044=CARTESIAN_POINT('Ctrl Pts',(38.4850239301682,-36.0015309515362,10.9768852400991));
#2045=CARTESIAN_POINT('Ctrl Pts',(38.0707185349608,-35.6101117364854,8.38630902024256));
#2046=CARTESIAN_POINT('Ctrl Pts',(38.0226337865745,-35.5506779456532,6.79965302707769));
#2047=CARTESIAN_POINT('Ctrl Pts',(38.0712978769806,-35.5201144750274,6.00035156544369));
#2048=CARTESIAN_POINT('Ctrl Pts',(40.4779608090588,-35.2424517886185,11.1224033491674));
#2049=CARTESIAN_POINT('Ctrl Pts',(40.2225735655778,-35.1954863449,10.6564114595787));
#2050=CARTESIAN_POINT('Ctrl Pts',(39.7992829700977,-35.0906558052425,9.59539987081761));
#2051=CARTESIAN_POINT('Ctrl Pts',(39.3088365778401,-35.0235504911038,7.7389281906711));
#2052=CARTESIAN_POINT('Ctrl Pts',(39.2351041277481,-35.0276355315932,6.61046699970609));
#2053=CARTESIAN_POINT('Ctrl Pts',(39.2911406502333,-35.0148495706085,6.00044711928035));
#2054=CARTESIAN_POINT('Ctrl Pts',(41.5792671737455,-34.8999423539443,10.021069786545));
#2055=CARTESIAN_POINT('Ctrl Pts',(41.272455303049,-34.8999502587815,9.66037691581723));
#2056=CARTESIAN_POINT('Ctrl Pts',(40.7365629818084,-34.8999679028103,8.86270801655835));
#2057=CARTESIAN_POINT('Ctrl Pts',(40.2228329603265,-34.8999791984358,7.47042784734417));
#2058=CARTESIAN_POINT('Ctrl Pts',(40.1395651934289,-34.8999785112069,6.49347936816354));
#2059=CARTESIAN_POINT('Ctrl Pts',(40.1638267891646,-34.8999806632195,6.00050620164209));
#2060=CARTESIAN_POINT('Ctrl Pts',(42.0646457261959,-34.9000000098026,9.53566576544448));
#2061=CARTESIAN_POINT('Ctrl Pts',(41.7560923057832,-34.900000007807,9.22716691802975));
#2062=CARTESIAN_POINT('Ctrl Pts',(41.2203087976007,-34.9000000033525,8.52899983017639));
#2063=CARTESIAN_POINT('Ctrl Pts',(40.7150871738179,-34.9000000005008,7.30936372569416));
#2064=CARTESIAN_POINT('Ctrl Pts',(40.6002132069477,-34.9000000006743,6.4368460517152));
#2065=CARTESIAN_POINT('Ctrl Pts',(40.6002202989201,-34.900000000131,6.00053480453423));
#2066=CARTESIAN_POINT('',(38.2221593407062,-37.5221593359202,13.));
#2067=CARTESIAN_POINT('Ctrl Pts',(38.6000000000363,-37.1785805270483,13.));
#2068=CARTESIAN_POINT('Ctrl Pts',(38.4680114064774,-37.2876487906251,13.));
#2069=CARTESIAN_POINT('Ctrl Pts',(38.3436498765958,-37.4014788366157,13.));
#2070=CARTESIAN_POINT('Ctrl Pts',(38.2221593407062,-37.5221593359202,13.));
#2071=CARTESIAN_POINT('Ctrl Pts',(38.2221593407062,-37.5221593359202,13.));
#2072=CARTESIAN_POINT('Ctrl Pts',(38.0381487766769,-37.3381487718909,12.5948880813256));
#2073=CARTESIAN_POINT('Ctrl Pts',(37.6828893433397,-36.9828893385537,11.5987928385539));
#2074=CARTESIAN_POINT('Ctrl Pts',(37.1812061554097,-36.4812061506238,9.06448658609483));
#2075=CARTESIAN_POINT('Ctrl Pts',(37.0644660941035,-36.3644660893175,6.97130314540026));
#2076=CARTESIAN_POINT('Ctrl Pts',(37.0644660941035,-36.3644660893175,6.00075505701116));
#2077=CARTESIAN_POINT('Ctrl Pts',(38.3443263392918,-37.6443263345058,13.2560323942973));
#2078=CARTESIAN_POINT('Ctrl Pts',(37.8706239908319,-37.881163782077,13.0191913837785));
#2079=CARTESIAN_POINT('Ctrl Pts',(37.0633477779702,-38.4040131679134,12.496340800134));
#2080=CARTESIAN_POINT('Ctrl Pts',(35.9424517934045,-39.7779608042729,11.1224033491674));
#2081=CARTESIAN_POINT('Ctrl Pts',(35.5999423587302,-40.8792671689595,10.0210697865451));
#2082=CARTESIAN_POINT('Ctrl Pts',(35.6000000145885,-41.3646457214099,9.53566576544452));
#2083=CARTESIAN_POINT('Ctrl Pts',(38.1074339793321,-37.4074339745461,12.7822878105504));
#2084=CARTESIAN_POINT('Ctrl Pts',(37.6822518624468,-37.6472050790036,12.5495724565858));
#2085=CARTESIAN_POINT('Ctrl Pts',(36.9392558039069,-38.172312179278,12.0268389433178));
#2086=CARTESIAN_POINT('Ctrl Pts',(35.8954863496859,-39.5225735607918,10.6564114595787));
#2087=CARTESIAN_POINT('Ctrl Pts',(35.5999502635674,-40.5724552982631,9.66037691581726));
#2088=CARTESIAN_POINT('Ctrl Pts',(35.6000000125929,-41.0560923009972,9.22716691802979));
#2089=CARTESIAN_POINT('Ctrl Pts',(37.7143472515337,-37.0143472467477,11.7577058245648));
#2090=CARTESIAN_POINT('Ctrl Pts',(37.3573759975764,-37.2527991077557,11.525469380576));
#2091=CARTESIAN_POINT('Ctrl Pts',(36.7015309563221,-37.7850239253822,10.9768852400991));
#2092=CARTESIAN_POINT('Ctrl Pts',(35.7906558100284,-39.0992829653117,9.59539987081761));
#2093=CARTESIAN_POINT('Ctrl Pts',(35.5999679075963,-40.0365629770224,8.86270801655836));
#2094=CARTESIAN_POINT('Ctrl Pts',(35.6000000081385,-40.5203087928148,8.52899983017642));
#2095=CARTESIAN_POINT('Ctrl Pts',(37.1811762484154,-36.4811762436295,9.06433550771607));
#2096=CARTESIAN_POINT('Ctrl Pts',(36.8758387072965,-36.7473045780033,8.86149195256753));
#2097=CARTESIAN_POINT('Ctrl Pts',(36.3101117412714,-37.370718530175,8.38630902024256));
#2098=CARTESIAN_POINT('Ctrl Pts',(35.7235504958898,-38.6088365730542,7.7389281906711));
#2099=CARTESIAN_POINT('Ctrl Pts',(35.5999792032217,-39.5228329555406,7.47042784734419));
#2100=CARTESIAN_POINT('Ctrl Pts',(35.6000000052867,-40.015087169032,7.30936372569418));
#2101=CARTESIAN_POINT('Ctrl Pts',(37.0644464487982,-36.3644464440122,6.97095086691914));
#2102=CARTESIAN_POINT('Ctrl Pts',(36.7730560107045,-36.6558434815474,6.9170565933589));
#2103=CARTESIAN_POINT('Ctrl Pts',(36.2506779504391,-37.3226337817886,6.79965302707771));
#2104=CARTESIAN_POINT('Ctrl Pts',(35.7276355363791,-38.5351041229622,6.61046699970611));
#2105=CARTESIAN_POINT('Ctrl Pts',(35.5999785159928,-39.4395651886429,6.49347936816355));
#2106=CARTESIAN_POINT('Ctrl Pts',(35.6000000054602,-39.9002132021618,6.43684605171521));
#2107=CARTESIAN_POINT('Ctrl Pts',(37.0644660990633,-36.3644660942773,6.00026504264704));
#2108=CARTESIAN_POINT('Ctrl Pts',(36.7559239054335,-36.6730082862409,6.00029226428041));
#2109=CARTESIAN_POINT('Ctrl Pts',(36.2201144798133,-37.3712978721945,6.00035156544369));
#2110=CARTESIAN_POINT('Ctrl Pts',(35.7148495753944,-38.5911406454472,6.00044711928036));
#2111=CARTESIAN_POINT('Ctrl Pts',(35.5999806680054,-39.4638267843787,6.00050620164208));
#2112=CARTESIAN_POINT('Ctrl Pts',(35.6000000049169,-39.9002202941342,6.00053480453423));
#2113=CARTESIAN_POINT('',(37.8785805318343,-37.8999999952503,13.));
#2114=CARTESIAN_POINT('Ctrl Pts',(38.2221593407062,-37.5221593359202,13.));
#2115=CARTESIAN_POINT('Ctrl Pts',(38.1014788414017,-37.6436498718098,13.));
#2116=CARTESIAN_POINT('Ctrl Pts',(37.9876487954111,-37.7680114016914,13.));
#2117=CARTESIAN_POINT('Ctrl Pts',(37.8785805318343,-37.8999999952503,13.));
#2118=CARTESIAN_POINT('Ctrl Pts',(37.8785805318343,-37.8999999952503,13.));
#2119=CARTESIAN_POINT('Ctrl Pts',(37.5949698849309,-38.072270371464,12.8277296237863));
#2120=CARTESIAN_POINT('Ctrl Pts',(36.9349344794232,-38.5612271945533,12.338772800697));
#2121=CARTESIAN_POINT('Ctrl Pts',(35.9424909599205,-39.7777548149399,11.1222451803104));
#2122=CARTESIAN_POINT('Ctrl Pts',(35.6000000000362,-40.8789269666083,10.021073028642));
#2123=CARTESIAN_POINT('Ctrl Pts',(35.6000000000362,-41.3642449382392,9.53575505701115));
#2124=CARTESIAN_POINT('Ctrl Pts',(38.3443263392919,-37.643967600953,13.2556736607445));
#2125=CARTESIAN_POINT('Ctrl Pts',(38.1074339793321,-38.1177121846999,13.4925660207042));
#2126=CARTESIAN_POINT('Ctrl Pts',(37.7143472515337,-39.1422941706855,13.8856527485026));
#2127=CARTESIAN_POINT('Ctrl Pts',(37.1811762484154,-41.8356644875343,14.4188237516208));
#2128=CARTESIAN_POINT('Ctrl Pts',(37.0644464487982,-43.9290491283311,14.5355535512381));
#2129=CARTESIAN_POINT('Ctrl Pts',(37.0644660990633,-44.8997349526032,14.535533900973));
#2130=CARTESIAN_POINT('Ctrl Pts',(37.870623990832,-37.8808086114718,13.0188362131733));
#2131=CARTESIAN_POINT('Ctrl Pts',(37.6822518624468,-38.3504275386645,13.2527949162467));
#2132=CARTESIAN_POINT('Ctrl Pts',(37.3573759975764,-39.3745306146743,13.6472008874946));
#2133=CARTESIAN_POINT('Ctrl Pts',(36.8758387072965,-42.0385080426828,14.1526954172471));
#2134=CARTESIAN_POINT('Ctrl Pts',(36.7730560107045,-43.9829434018914,14.2441565137029));
#2135=CARTESIAN_POINT('Ctrl Pts',(36.7559239054335,-44.8997077309699,14.2269917090094));
#2136=CARTESIAN_POINT('Ctrl Pts',(37.0633477779702,-38.4036591951163,12.4959868273369));
#2137=CARTESIAN_POINT('Ctrl Pts',(36.9392558039069,-38.8731610519326,12.7276878159724));
#2138=CARTESIAN_POINT('Ctrl Pts',(36.7015309563221,-39.9231147551512,13.1149760698681));
#2139=CARTESIAN_POINT('Ctrl Pts',(36.3101117412713,-42.5136909750077,13.5292814650753));
#2140=CARTESIAN_POINT('Ctrl Pts',(36.2506779504391,-44.1003469681727,13.5773662134617));
#2141=CARTESIAN_POINT('Ctrl Pts',(36.2201144798133,-44.8996484298067,13.5287021230558));
#2142=CARTESIAN_POINT('Ctrl Pts',(35.9424517934045,-39.7775966460829,11.1220391909774));
#2143=CARTESIAN_POINT('Ctrl Pts',(35.8954863496859,-40.2435885356716,11.3774264344585));
#2144=CARTESIAN_POINT('Ctrl Pts',(35.7906558100284,-41.3046001244328,11.8007170299385));
#2145=CARTESIAN_POINT('Ctrl Pts',(35.7235504958898,-43.1610718045792,12.2911634221961));
#2146=CARTESIAN_POINT('Ctrl Pts',(35.7276355363791,-44.2895329955442,12.3648958722881));
#2147=CARTESIAN_POINT('Ctrl Pts',(35.7148495753944,-44.8995528759699,12.308859349803));
#2148=CARTESIAN_POINT('Ctrl Pts',(35.5999423587302,-40.8789302087052,10.0207328262907));
#2149=CARTESIAN_POINT('Ctrl Pts',(35.5999502635674,-41.239623079433,10.3275446969872));
#2150=CARTESIAN_POINT('Ctrl Pts',(35.5999679075963,-42.0372919786919,10.8634370182278));
#2151=CARTESIAN_POINT('Ctrl Pts',(35.5999792032217,-43.4295721479062,11.3771670397097));
#2152=CARTESIAN_POINT('Ctrl Pts',(35.5999785159928,-44.4065206270867,11.4604348066074));
#2153=CARTESIAN_POINT('Ctrl Pts',(35.5999806680054,-44.8994937936082,11.4361732108716));
#2154=CARTESIAN_POINT('Ctrl Pts',(35.6000000145885,-41.3643342298058,9.53535427384038));
#2155=CARTESIAN_POINT('Ctrl Pts',(35.6000000125929,-41.6728330772205,9.84390769425312));
#2156=CARTESIAN_POINT('Ctrl Pts',(35.6000000081385,-42.3710001650739,10.3796912024355));
#2157=CARTESIAN_POINT('Ctrl Pts',(35.6000000052867,-43.5906362695561,10.8849128262183));
#2158=CARTESIAN_POINT('Ctrl Pts',(35.6000000054602,-44.4631539435351,10.9997867930885));
#2159=CARTESIAN_POINT('Ctrl Pts',(35.6000000049169,-44.899465190716,10.9997797011161));
#2160=CARTESIAN_POINT('Ctrl Pts',(37.8785805318343,-37.8999999952503,13.));
#2161=CARTESIAN_POINT('Ctrl Pts',(37.4906129848116,-38.3731513152855,13.));
#2162=CARTESIAN_POINT('Ctrl Pts',(37.16570885903,-38.9357698167586,13.));
#2163=CARTESIAN_POINT('Ctrl Pts',(36.5773302236153,-40.478042249652,13.));
#2164=CARTESIAN_POINT('Ctrl Pts',(36.3487784734508,-41.4191768808132,12.9999999999959));
#2165=CARTESIAN_POINT('Ctrl Pts',(36.071869431851,-43.1152233267265,12.9999999999959));
#2166=CARTESIAN_POINT('Ctrl Pts',(36.0174990416335,-43.9133709400621,13.));
#2167=CARTESIAN_POINT('Ctrl Pts',(36.0174905760952,-44.8992449382392,13.));
#2168=CARTESIAN_POINT('Origin',(61.6750009915274,-130.30000379505,11.));
#2169=CARTESIAN_POINT('',(129.900759042047,-134.882579490006,13.));
#2170=CARTESIAN_POINT('',(61.6750009915274,-134.882579490006,13.));
#2171=CARTESIAN_POINT('Origin',(129.900759042047,-130.30000379505,11.));
#2172=CARTESIAN_POINT('Ctrl Pts',(137.156036379333,-132.555677455794,13.2556736607444));
#2173=CARTESIAN_POINT('Ctrl Pts',(136.919195368814,-133.029379804255,13.0188362131732));
#2174=CARTESIAN_POINT('Ctrl Pts',(136.39634478517,-133.836656017117,12.4959868273368));
#2175=CARTESIAN_POINT('Ctrl Pts',(135.022407334204,-134.957552001682,11.1220391909773));
#2176=CARTESIAN_POINT('Ctrl Pts',(133.921073771581,-135.300061436356,10.0207328262906));
#2177=CARTESIAN_POINT('Ctrl Pts',(133.43566975048,-135.300003780498,9.53535427384029));
#2178=CARTESIAN_POINT('Ctrl Pts',(136.682291795586,-132.792569815755,13.4925660207041));
#2179=CARTESIAN_POINT('Ctrl Pts',(136.449576441622,-133.217751932639,13.2527949162466));
#2180=CARTESIAN_POINT('Ctrl Pts',(135.926842928354,-133.96074799118,12.7276878159723));
#2181=CARTESIAN_POINT('Ctrl Pts',(134.556415444615,-135.004517445401,11.3774264344584));
#2182=CARTESIAN_POINT('Ctrl Pts',(133.560380900853,-135.300053531519,10.3275446969871));
#2183=CARTESIAN_POINT('Ctrl Pts',(133.127170903066,-135.300003782493,9.84390769425302));
#2184=CARTESIAN_POINT('Ctrl Pts',(135.657709809601,-133.185656543553,13.8856527485025));
#2185=CARTESIAN_POINT('Ctrl Pts',(135.425473365613,-133.54262779751,13.6472008874946));
#2186=CARTESIAN_POINT('Ctrl Pts',(134.876889225136,-134.198472838764,13.114976069868));
#2187=CARTESIAN_POINT('Ctrl Pts',(133.495403855854,-135.109347985058,11.8007170299384));
#2188=CARTESIAN_POINT('Ctrl Pts',(132.762712001594,-135.30003588749,10.8634370182278));
#2189=CARTESIAN_POINT('Ctrl Pts',(132.429003815212,-135.300003786948,10.3796912024355));
#2190=CARTESIAN_POINT('Ctrl Pts',(132.964339492752,-133.718827546671,14.4188237516207));
#2191=CARTESIAN_POINT('Ctrl Pts',(132.761495937603,-134.02416508779,14.152695417247));
#2192=CARTESIAN_POINT('Ctrl Pts',(132.286313005278,-134.589892053815,13.5292814650752));
#2193=CARTESIAN_POINT('Ctrl Pts',(131.638932175707,-135.176453299197,12.291163422196));
#2194=CARTESIAN_POINT('Ctrl Pts',(131.37043183238,-135.300024591865,11.3771670397096));
#2195=CARTESIAN_POINT('Ctrl Pts',(131.20936771073,-135.300003789799,10.8849128262183));
#2196=CARTESIAN_POINT('Ctrl Pts',(130.870954851955,-133.835557346288,14.535553551238));
#2197=CARTESIAN_POINT('Ctrl Pts',(130.817060578395,-134.126947784382,14.2441565137028));
#2198=CARTESIAN_POINT('Ctrl Pts',(130.699657012114,-134.649325844647,13.5773662134616));
#2199=CARTESIAN_POINT('Ctrl Pts',(130.510470984742,-135.172368258708,12.364895872288));
#2200=CARTESIAN_POINT('Ctrl Pts',(130.393483353199,-135.300025279093,11.4604348066073));
#2201=CARTESIAN_POINT('Ctrl Pts',(130.336850036751,-135.300003789626,10.9997867930885));
#2202=CARTESIAN_POINT('Ctrl Pts',(129.900269027683,-133.835537696023,14.5355339009729));
#2203=CARTESIAN_POINT('Ctrl Pts',(129.900296249316,-134.144079889653,14.2269917090093));
#2204=CARTESIAN_POINT('Ctrl Pts',(129.90035555048,-134.679889315273,13.5287021230557));
#2205=CARTESIAN_POINT('Ctrl Pts',(129.900451104316,-135.185154219692,12.3088593498029));
#2206=CARTESIAN_POINT('Ctrl Pts',(129.900510186678,-135.300023127081,11.4361732108715));
#2207=CARTESIAN_POINT('Ctrl Pts',(129.90053878957,-135.300003790169,10.9997797011161));
#2208=CARTESIAN_POINT('',(136.900003985036,-133.021423263252,13.));
#2209=CARTESIAN_POINT('Ctrl Pts',(129.900759042047,-134.882513218991,13.));
#2210=CARTESIAN_POINT('Ctrl Pts',(130.563207833853,-134.882507530652,13.));
#2211=CARTESIAN_POINT('Ctrl Pts',(131.206741529665,-134.857726053794,12.9999999999963));
#2212=CARTESIAN_POINT('Ctrl Pts',(133.031077038762,-134.648987351671,12.9999999999963));
#2213=CARTESIAN_POINT('Ctrl Pts',(134.172005488508,-134.368945338532,13.));
#2214=CARTESIAN_POINT('Ctrl Pts',(135.820942338393,-133.75975994066,13.));
#2215=CARTESIAN_POINT('Ctrl Pts',(136.409693869096,-133.423460423262,13.));
#2216=CARTESIAN_POINT('Ctrl Pts',(136.900003985036,-133.021423263252,13.));
#2217=CARTESIAN_POINT('Ctrl Pts',(136.900003985036,-133.021423263252,13.));
#2218=CARTESIAN_POINT('Ctrl Pts',(136.727733608822,-133.305033910156,12.8277296237862));
#2219=CARTESIAN_POINT('Ctrl Pts',(136.238776785733,-133.965069315663,12.338772800697));
#2220=CARTESIAN_POINT('Ctrl Pts',(135.022249165347,-134.957512835166,11.1222451803103));
#2221=CARTESIAN_POINT('Ctrl Pts',(133.921077013678,-135.30000379505,10.0210730286419));
#2222=CARTESIAN_POINT('Ctrl Pts',(133.435759042047,-135.30000379505,9.53575505701106));
#2223=CARTESIAN_POINT('Ctrl Pts',(137.15567764578,-132.555677455794,13.2560323942969));
#2224=CARTESIAN_POINT('Ctrl Pts',(137.392570005741,-132.792569815755,12.7822878105501));
#2225=CARTESIAN_POINT('Ctrl Pts',(137.785656733539,-133.185656543553,11.7577058245645));
#2226=CARTESIAN_POINT('Ctrl Pts',(138.318827736657,-133.718827546671,9.06433550771612));
#2227=CARTESIAN_POINT('Ctrl Pts',(138.435557536274,-133.835557346288,6.97095086691942));
#2228=CARTESIAN_POINT('Ctrl Pts',(138.435537886009,-133.835537696023,6.00026504264746));
#2229=CARTESIAN_POINT('Ctrl Pts',(136.918840198209,-133.029379804255,13.0191913837781));
#2230=CARTESIAN_POINT('Ctrl Pts',(137.152798901283,-133.217751932639,12.5495724565855));
#2231=CARTESIAN_POINT('Ctrl Pts',(137.54720487253,-133.54262779751,11.5254693805758));
#2232=CARTESIAN_POINT('Ctrl Pts',(138.052699402284,-134.02416508779,8.86149195256759));
#2233=CARTESIAN_POINT('Ctrl Pts',(138.144160498739,-134.126947784382,6.91705659335914));
#2234=CARTESIAN_POINT('Ctrl Pts',(138.126995694046,-134.144079889653,6.0002922642808));
#2235=CARTESIAN_POINT('Ctrl Pts',(136.395990812373,-133.836656017117,12.4963408001336));
#2236=CARTESIAN_POINT('Ctrl Pts',(136.627691801009,-133.96074799118,12.0268389433175));
#2237=CARTESIAN_POINT('Ctrl Pts',(137.014980054904,-134.198472838764,10.9768852400989));
#2238=CARTESIAN_POINT('Ctrl Pts',(137.429285450111,-134.589892053815,8.38630902024262));
#2239=CARTESIAN_POINT('Ctrl Pts',(137.477370198498,-134.649325844647,6.79965302707788));
#2240=CARTESIAN_POINT('Ctrl Pts',(137.428706108092,-134.679889315273,6.00035156544401));
#2241=CARTESIAN_POINT('Ctrl Pts',(135.022043176014,-134.957552001682,11.1224033491671));
#2242=CARTESIAN_POINT('Ctrl Pts',(135.277430419495,-135.004517445401,10.6564114595785));
#2243=CARTESIAN_POINT('Ctrl Pts',(135.700721014975,-135.109347985058,9.59539987081747));
#2244=CARTESIAN_POINT('Ctrl Pts',(136.191167407233,-135.176453299197,7.73892819067114));
#2245=CARTESIAN_POINT('Ctrl Pts',(136.264899857325,-135.172368258708,6.61046699970621));
#2246=CARTESIAN_POINT('Ctrl Pts',(136.208863334839,-135.185154219692,6.00044711928057));
#2247=CARTESIAN_POINT('Ctrl Pts',(133.920736811327,-135.300061436356,10.0210697865449));
#2248=CARTESIAN_POINT('Ctrl Pts',(134.227548682024,-135.300053531519,9.66037691581715));
#2249=CARTESIAN_POINT('Ctrl Pts',(134.763441003265,-135.30003588749,8.86270801655828));
#2250=CARTESIAN_POINT('Ctrl Pts',(135.277171024746,-135.300024591865,7.4704278473442));
#2251=CARTESIAN_POINT('Ctrl Pts',(135.360438791643,-135.300025279093,6.49347936816364));
#2252=CARTESIAN_POINT('Ctrl Pts',(135.336177195908,-135.300023127081,6.00050620164225));
#2253=CARTESIAN_POINT('Ctrl Pts',(133.435358258877,-135.300003780498,9.53566576544447));
#2254=CARTESIAN_POINT('Ctrl Pts',(133.743911679289,-135.300003782493,9.22716691802975));
#2255=CARTESIAN_POINT('Ctrl Pts',(134.279695187472,-135.300003786948,8.52899983017639));
#2256=CARTESIAN_POINT('Ctrl Pts',(134.784916811255,-135.300003789799,7.30936372569422));
#2257=CARTESIAN_POINT('Ctrl Pts',(134.899790778125,-135.300003789626,6.43684605171528));
#2258=CARTESIAN_POINT('Ctrl Pts',(134.899783686152,-135.300003790169,6.00053480453436));
#2259=CARTESIAN_POINT('',(137.277844644366,-132.67784445438,13.));
#2260=CARTESIAN_POINT('Ctrl Pts',(136.900003985036,-133.021423263252,13.));
#2261=CARTESIAN_POINT('Ctrl Pts',(137.031992578595,-132.912354999675,13.));
#2262=CARTESIAN_POINT('Ctrl Pts',(137.156354108476,-132.798524953685,13.));
#2263=CARTESIAN_POINT('Ctrl Pts',(137.277844644366,-132.67784445438,13.));
#2264=CARTESIAN_POINT('Ctrl Pts',(137.277844644366,-132.67784445438,13.));
#2265=CARTESIAN_POINT('Ctrl Pts',(137.461855208396,-132.86185501841,12.5948880813255));
#2266=CARTESIAN_POINT('Ctrl Pts',(137.817114641733,-133.217114451747,11.5987928385538));
#2267=CARTESIAN_POINT('Ctrl Pts',(138.318797829663,-133.718797639677,9.06448658609472));
#2268=CARTESIAN_POINT('Ctrl Pts',(138.435537890969,-133.835537700983,6.97130314540017));
#2269=CARTESIAN_POINT('Ctrl Pts',(138.435537890969,-133.835537700983,6.00075505701106));
#2270=CARTESIAN_POINT('Ctrl Pts',(137.15567764578,-132.555677455794,13.2560323942969));
#2271=CARTESIAN_POINT('Ctrl Pts',(137.629379994241,-132.318840008223,13.0191913837782));
#2272=CARTESIAN_POINT('Ctrl Pts',(138.436656207103,-131.795990622387,12.4963408001336));
#2273=CARTESIAN_POINT('Ctrl Pts',(139.557552191668,-130.422042986028,11.1224033491671));
#2274=CARTESIAN_POINT('Ctrl Pts',(139.900061626342,-129.320736621341,10.0210697865449));
#2275=CARTESIAN_POINT('Ctrl Pts',(139.900003970484,-128.835358068891,9.53566576544448));
#2276=CARTESIAN_POINT('Ctrl Pts',(137.392570005741,-132.792569815755,12.7822878105501));
#2277=CARTESIAN_POINT('Ctrl Pts',(137.817752122625,-132.552798711297,12.5495724565855));
#2278=CARTESIAN_POINT('Ctrl Pts',(138.560748181165,-132.027691611023,12.0268389433175));
#2279=CARTESIAN_POINT('Ctrl Pts',(139.604517635387,-130.677430229509,10.6564114595785));
#2280=CARTESIAN_POINT('Ctrl Pts',(139.900053721505,-129.627548492038,9.66037691581716));
#2281=CARTESIAN_POINT('Ctrl Pts',(139.900003972479,-129.143911489303,9.22716691802976));
#2282=CARTESIAN_POINT('Ctrl Pts',(137.785656733539,-133.185656543553,11.7577058245645));
#2283=CARTESIAN_POINT('Ctrl Pts',(138.142627987496,-132.947204682544,11.5254693805758));
#2284=CARTESIAN_POINT('Ctrl Pts',(138.79847302875,-132.414979864918,10.9768852400989));
#2285=CARTESIAN_POINT('Ctrl Pts',(139.709348175044,-131.100720824989,9.59539987081748));
#2286=CARTESIAN_POINT('Ctrl Pts',(139.900036077476,-130.163440813279,8.86270801655829));
#2287=CARTESIAN_POINT('Ctrl Pts',(139.900003976934,-129.679694997486,8.5289998301764));
#2288=CARTESIAN_POINT('Ctrl Pts',(138.318827736657,-133.718827546671,9.06433550771611));
#2289=CARTESIAN_POINT('Ctrl Pts',(138.624165277776,-133.452699212298,8.86149195256758));
#2290=CARTESIAN_POINT('Ctrl Pts',(139.189892243801,-132.829285260126,8.38630902024262));
#2291=CARTESIAN_POINT('Ctrl Pts',(139.776453489183,-131.591167217247,7.73892819067115));
#2292=CARTESIAN_POINT('Ctrl Pts',(139.900024781851,-130.67717083476,7.47042784734421));
#2293=CARTESIAN_POINT('Ctrl Pts',(139.900003979785,-130.184916621269,7.30936372569423));
#2294=CARTESIAN_POINT('Ctrl Pts',(138.435557536274,-133.835557346288,6.97095086691941));
#2295=CARTESIAN_POINT('Ctrl Pts',(138.726947974368,-133.544160308753,6.91705659335913));
#2296=CARTESIAN_POINT('Ctrl Pts',(139.249326034633,-132.877370008512,6.79965302707788));
#2297=CARTESIAN_POINT('Ctrl Pts',(139.772368448694,-131.664899667339,6.61046699970621));
#2298=CARTESIAN_POINT('Ctrl Pts',(139.900025469079,-130.760438601657,6.49347936816363));
#2299=CARTESIAN_POINT('Ctrl Pts',(139.900003979612,-130.299790588139,6.43684605171528));
#2300=CARTESIAN_POINT('Ctrl Pts',(138.435537886009,-133.835537696023,6.00026504264744));
#2301=CARTESIAN_POINT('Ctrl Pts',(138.744080079639,-133.52699550406,6.00029226428078));
#2302=CARTESIAN_POINT('Ctrl Pts',(139.279889505259,-132.828705918106,6.000351565444));
#2303=CARTESIAN_POINT('Ctrl Pts',(139.785154409678,-131.608863144853,6.00044711928057));
#2304=CARTESIAN_POINT('Ctrl Pts',(139.900023317067,-130.736177005922,6.00050620164225));
#2305=CARTESIAN_POINT('Ctrl Pts',(139.900003980155,-130.299783496166,6.00053480453436));
#2306=CARTESIAN_POINT('',(137.621423453238,-132.30000379505,13.));
#2307=CARTESIAN_POINT('Ctrl Pts',(137.277844644366,-132.67784445438,13.));
#2308=CARTESIAN_POINT('Ctrl Pts',(137.39852514367,-132.55635391849,13.));
#2309=CARTESIAN_POINT('Ctrl Pts',(137.512355189661,-132.431992388609,13.));
#2310=CARTESIAN_POINT('Ctrl Pts',(137.621423453238,-132.30000379505,13.));
#2311=CARTESIAN_POINT('Ctrl Pts',(137.621423453238,-132.30000379505,13.));
#2312=CARTESIAN_POINT('Ctrl Pts',(137.905034100142,-132.127733418836,12.8277296237862));
#2313=CARTESIAN_POINT('Ctrl Pts',(138.565069505649,-131.638776595747,12.338772800697));
#2314=CARTESIAN_POINT('Ctrl Pts',(139.557513025152,-130.422248975361,11.1222451803103));
#2315=CARTESIAN_POINT('Ctrl Pts',(139.900003985036,-129.321076823692,10.0210730286419));
#2316=CARTESIAN_POINT('Ctrl Pts',(139.900003985036,-128.835758852061,9.53575505701107));
#2317=CARTESIAN_POINT('Ctrl Pts',(137.15567764578,-132.556036189347,13.2556736607445));
#2318=CARTESIAN_POINT('Ctrl Pts',(137.392570005741,-132.0822916056,13.4925660207041));
#2319=CARTESIAN_POINT('Ctrl Pts',(137.785656733539,-131.057709619615,13.8856527485025));
#2320=CARTESIAN_POINT('Ctrl Pts',(138.318827736657,-128.364339302766,14.4188237516207));
#2321=CARTESIAN_POINT('Ctrl Pts',(138.435557536274,-126.270954661969,14.535553551238));
#2322=CARTESIAN_POINT('Ctrl Pts',(138.435537886009,-125.300268837697,14.5355339009729));
#2323=CARTESIAN_POINT('Ctrl Pts',(137.629379994241,-132.319195178828,13.0188362131733));
#2324=CARTESIAN_POINT('Ctrl Pts',(137.817752122625,-131.849576251636,13.2527949162466));
#2325=CARTESIAN_POINT('Ctrl Pts',(138.142627987496,-130.825473175627,13.6472008874946));
#2326=CARTESIAN_POINT('Ctrl Pts',(138.624165277776,-128.161495747617,14.1526954172469));
#2327=CARTESIAN_POINT('Ctrl Pts',(138.726947974368,-126.21706038841,14.2441565137027));
#2328=CARTESIAN_POINT('Ctrl Pts',(138.744080079639,-125.300296059331,14.2269917090093));
#2329=CARTESIAN_POINT('Ctrl Pts',(138.436656207103,-131.796344595184,12.4959868273369));
#2330=CARTESIAN_POINT('Ctrl Pts',(138.560748181165,-131.326842738368,12.7276878159724));
#2331=CARTESIAN_POINT('Ctrl Pts',(138.79847302875,-130.27688903515,13.114976069868));
#2332=CARTESIAN_POINT('Ctrl Pts',(139.189892243801,-127.686312815293,13.5292814650752));
#2333=CARTESIAN_POINT('Ctrl Pts',(139.249326034633,-126.099656822128,13.5773662134617));
#2334=CARTESIAN_POINT('Ctrl Pts',(139.279889505259,-125.300355360494,13.5287021230557));
#2335=CARTESIAN_POINT('Ctrl Pts',(139.557552191668,-130.422407144218,11.1220391909775));
#2336=CARTESIAN_POINT('Ctrl Pts',(139.604517635387,-129.956415254629,11.3774264344586));
#2337=CARTESIAN_POINT('Ctrl Pts',(139.709348175044,-128.895403665868,11.8007170299385));
#2338=CARTESIAN_POINT('Ctrl Pts',(139.776453489183,-127.038931985721,12.291163422196));
#2339=CARTESIAN_POINT('Ctrl Pts',(139.772368448694,-125.910470794756,12.364895872288));
#2340=CARTESIAN_POINT('Ctrl Pts',(139.785154409678,-125.30045091433,12.308859349803));
#2341=CARTESIAN_POINT('Ctrl Pts',(139.900061626342,-129.321073581595,10.0207328262909));
#2342=CARTESIAN_POINT('Ctrl Pts',(139.900053721505,-128.960380710867,10.3275446969873));
#2343=CARTESIAN_POINT('Ctrl Pts',(139.900036077476,-128.162711811608,10.863437018228));
#2344=CARTESIAN_POINT('Ctrl Pts',(139.90002478185,-126.770431642394,11.3771670397097));
#2345=CARTESIAN_POINT('Ctrl Pts',(139.900025469079,-125.793483163213,11.4604348066074));
#2346=CARTESIAN_POINT('Ctrl Pts',(139.900023317067,-125.300509996692,11.4361732108716));
#2347=CARTESIAN_POINT('Ctrl Pts',(139.900003970484,-128.835669560494,9.53535427384062));
#2348=CARTESIAN_POINT('Ctrl Pts',(139.900003972479,-128.52717071308,9.8439076942533));
#2349=CARTESIAN_POINT('Ctrl Pts',(139.900003976934,-127.829003625226,10.3796912024357));
#2350=CARTESIAN_POINT('Ctrl Pts',(139.900003979786,-126.609367520744,10.8849128262185));
#2351=CARTESIAN_POINT('Ctrl Pts',(139.900003979612,-125.736849846766,10.9997867930887));
#2352=CARTESIAN_POINT('Ctrl Pts',(139.900003980155,-125.300538599584,10.9997797011162));
#2353=CARTESIAN_POINT('',(139.482579679992,-125.300758852061,13.));
#2354=CARTESIAN_POINT('Ctrl Pts',(137.621423453238,-132.30000379505,13.));
#2355=CARTESIAN_POINT('Ctrl Pts',(138.009391000262,-131.826852475013,13.));
#2356=CARTESIAN_POINT('Ctrl Pts',(138.334295126044,-131.264233973538,13.));
#2357=CARTESIAN_POINT('Ctrl Pts',(138.922673761457,-129.721961540647,13.));
#2358=CARTESIAN_POINT('Ctrl Pts',(139.151225511622,-128.780826909485,12.9999999999959));
#2359=CARTESIAN_POINT('Ctrl Pts',(139.428134553221,-127.084780463574,12.9999999999959));
#2360=CARTESIAN_POINT('Ctrl Pts',(139.482504943439,-126.286632850239,13.));
#2361=CARTESIAN_POINT('Ctrl Pts',(139.482513408977,-125.300758852061,13.));
#2362=CARTESIAN_POINT('Origin',(134.900003985036,-125.300758852061,11.));
#2363=CARTESIAN_POINT('Origin',(134.900003985036,-110.200002849849,11.));
#2364=CARTESIAN_POINT('',(139.482579679992,-44.8992449382391,13.));
#2365=CARTESIAN_POINT('',(139.482579679992,-110.200002849849,13.));
#2366=CARTESIAN_POINT('Origin',(134.900003985036,-44.8992449382391,11.));
#2367=CARTESIAN_POINT('Ctrl Pts',(137.15567764578,-37.643967600953,13.2556736607444));
#2368=CARTESIAN_POINT('Ctrl Pts',(137.629379994241,-37.8808086114718,13.0188362131732));
#2369=CARTESIAN_POINT('Ctrl Pts',(138.436656207102,-38.4036591951163,12.4959868273369));
#2370=CARTESIAN_POINT('Ctrl Pts',(139.557552191668,-39.7775966460829,11.1220391909774));
#2371=CARTESIAN_POINT('Ctrl Pts',(139.900061626342,-40.8789302087053,10.0207328262907));
#2372=CARTESIAN_POINT('Ctrl Pts',(139.900003970484,-41.3643342298058,9.53535427384032));
#2373=CARTESIAN_POINT('Ctrl Pts',(137.392570005741,-38.1177121846999,13.4925660207041));
#2374=CARTESIAN_POINT('Ctrl Pts',(137.817752122625,-38.3504275386645,13.2527949162467));
#2375=CARTESIAN_POINT('Ctrl Pts',(138.560748181165,-38.8731610519326,12.7276878159723));
#2376=CARTESIAN_POINT('Ctrl Pts',(139.604517635387,-40.2435885356716,11.3774264344584));
#2377=CARTESIAN_POINT('Ctrl Pts',(139.900053721505,-41.2396230794331,10.3275446969872));
#2378=CARTESIAN_POINT('Ctrl Pts',(139.900003972479,-41.6728330772205,9.84390769425306));
#2379=CARTESIAN_POINT('Ctrl Pts',(137.785656733539,-39.1422941706855,13.8856527485026));
#2380=CARTESIAN_POINT('Ctrl Pts',(138.142627987496,-39.3745306146743,13.6472008874946));
#2381=CARTESIAN_POINT('Ctrl Pts',(138.79847302875,-39.9231147551512,13.1149760698681));
#2382=CARTESIAN_POINT('Ctrl Pts',(139.709348175044,-41.3046001244328,11.8007170299384));
#2383=CARTESIAN_POINT('Ctrl Pts',(139.900036077476,-42.037291978692,10.8634370182278));
#2384=CARTESIAN_POINT('Ctrl Pts',(139.900003976934,-42.3710001650739,10.3796912024355));
#2385=CARTESIAN_POINT('Ctrl Pts',(138.318827736657,-41.8356644875343,14.4188237516208));
#2386=CARTESIAN_POINT('Ctrl Pts',(138.624165277776,-42.0385080426827,14.1526954172471));
#2387=CARTESIAN_POINT('Ctrl Pts',(139.189892243801,-42.5136909750078,13.5292814650753));
#2388=CARTESIAN_POINT('Ctrl Pts',(139.776453489183,-43.1610718045792,12.2911634221961));
#2389=CARTESIAN_POINT('Ctrl Pts',(139.900024781851,-43.4295721479061,11.3771670397097));
#2390=CARTESIAN_POINT('Ctrl Pts',(139.900003979785,-43.5906362695561,10.8849128262183));
#2391=CARTESIAN_POINT('Ctrl Pts',(138.435557536274,-43.9290491283311,14.535553551238));
#2392=CARTESIAN_POINT('Ctrl Pts',(138.726947974368,-43.9829434018914,14.2441565137029));
#2393=CARTESIAN_POINT('Ctrl Pts',(139.249326034633,-44.1003469681727,13.5773662134617));
#2394=CARTESIAN_POINT('Ctrl Pts',(139.772368448694,-44.2895329955442,12.3648958722881));
#2395=CARTESIAN_POINT('Ctrl Pts',(139.900025469079,-44.4065206270867,11.4604348066074));
#2396=CARTESIAN_POINT('Ctrl Pts',(139.900003979612,-44.4631539435351,10.9997867930885));
#2397=CARTESIAN_POINT('Ctrl Pts',(138.435537886009,-44.8997349526032,14.5355339009729));
#2398=CARTESIAN_POINT('Ctrl Pts',(138.744080079639,-44.8997077309699,14.2269917090093));
#2399=CARTESIAN_POINT('Ctrl Pts',(139.279889505259,-44.8996484298066,13.5287021230556));
#2400=CARTESIAN_POINT('Ctrl Pts',(139.785154409678,-44.8995528759699,12.3088593498029));
#2401=CARTESIAN_POINT('Ctrl Pts',(139.900023317067,-44.8994937936082,11.4361732108716));
#2402=CARTESIAN_POINT('Ctrl Pts',(139.900003980155,-44.899465190716,10.9997797011161));
#2403=CARTESIAN_POINT('',(137.621423453238,-37.8999999952502,13.));
#2404=CARTESIAN_POINT('Ctrl Pts',(139.482513408977,-44.8992449382391,13.));
#2405=CARTESIAN_POINT('Ctrl Pts',(139.482507720638,-44.2367961464337,13.));
#2406=CARTESIAN_POINT('Ctrl Pts',(139.45772624378,-43.5932624506214,12.9999999999963));
#2407=CARTESIAN_POINT('Ctrl Pts',(139.248987541657,-41.7689269415262,12.9999999999963));
#2408=CARTESIAN_POINT('Ctrl Pts',(138.968945528518,-40.6279984917798,13.));
#2409=CARTESIAN_POINT('Ctrl Pts',(138.359760130644,-38.9790616418891,13.));
#2410=CARTESIAN_POINT('Ctrl Pts',(138.023460613245,-38.3903101111876,13.));
#2411=CARTESIAN_POINT('Ctrl Pts',(137.621423453238,-37.8999999952502,13.));
#2412=CARTESIAN_POINT('Ctrl Pts',(137.621423453238,-37.8999999952502,13.));
#2413=CARTESIAN_POINT('Ctrl Pts',(137.905034100142,-38.072270371464,12.8277296237863));
#2414=CARTESIAN_POINT('Ctrl Pts',(138.565069505649,-38.5612271945532,12.3387728006971));
#2415=CARTESIAN_POINT('Ctrl Pts',(139.557513025152,-39.7777548149399,11.1222451803104));
#2416=CARTESIAN_POINT('Ctrl Pts',(139.900003985036,-40.8789269666083,10.021073028642));
#2417=CARTESIAN_POINT('Ctrl Pts',(139.900003985036,-41.3642449382392,9.53575505701112));
#2418=CARTESIAN_POINT('Ctrl Pts',(137.15567764578,-37.6443263345058,13.2560323942972));
#2419=CARTESIAN_POINT('Ctrl Pts',(137.392570005741,-37.4074339745461,12.7822878105503));
#2420=CARTESIAN_POINT('Ctrl Pts',(137.785656733539,-37.0143472467477,11.7577058245648));
#2421=CARTESIAN_POINT('Ctrl Pts',(138.318827736657,-36.4811762436295,9.06433550771603));
#2422=CARTESIAN_POINT('Ctrl Pts',(138.435557536274,-36.3644464440121,6.97095086691909));
#2423=CARTESIAN_POINT('Ctrl Pts',(138.435537886009,-36.3644660942773,6.00026504264698));
#2424=CARTESIAN_POINT('Ctrl Pts',(137.629379994241,-37.881163782077,13.0191913837784));
#2425=CARTESIAN_POINT('Ctrl Pts',(137.817752122625,-37.6472050790036,12.5495724565858));
#2426=CARTESIAN_POINT('Ctrl Pts',(138.142627987496,-37.2527991077556,11.525469380576));
#2427=CARTESIAN_POINT('Ctrl Pts',(138.624165277776,-36.7473045780033,8.86149195256749));
#2428=CARTESIAN_POINT('Ctrl Pts',(138.726947974368,-36.6558434815474,6.91705659335884));
#2429=CARTESIAN_POINT('Ctrl Pts',(138.744080079639,-36.6730082862409,6.00029226428035));
#2430=CARTESIAN_POINT('Ctrl Pts',(138.436656207102,-38.4040131679134,12.496340800134));
#2431=CARTESIAN_POINT('Ctrl Pts',(138.560748181165,-38.172312179278,12.0268389433177));
#2432=CARTESIAN_POINT('Ctrl Pts',(138.79847302875,-37.7850239253823,10.9768852400991));
#2433=CARTESIAN_POINT('Ctrl Pts',(139.189892243801,-37.370718530175,8.38630902024251));
#2434=CARTESIAN_POINT('Ctrl Pts',(139.249326034633,-37.3226337817886,6.79965302707764));
#2435=CARTESIAN_POINT('Ctrl Pts',(139.279889505259,-37.3712978721945,6.00035156544364));
#2436=CARTESIAN_POINT('Ctrl Pts',(139.557552191668,-39.7779608042729,11.1224033491674));
#2437=CARTESIAN_POINT('Ctrl Pts',(139.604517635387,-39.5225735607918,10.6564114595787));
#2438=CARTESIAN_POINT('Ctrl Pts',(139.709348175044,-39.0992829653117,9.59539987081757));
#2439=CARTESIAN_POINT('Ctrl Pts',(139.776453489183,-38.6088365730542,7.73892819067107));
#2440=CARTESIAN_POINT('Ctrl Pts',(139.772368448694,-38.5351041229622,6.61046699970606));
#2441=CARTESIAN_POINT('Ctrl Pts',(139.785154409678,-38.5911406454472,6.0004471192803));
#2442=CARTESIAN_POINT('Ctrl Pts',(139.900061626342,-40.8792671689595,10.0210697865451));
#2443=CARTESIAN_POINT('Ctrl Pts',(139.900053721505,-40.5724552982631,9.66037691581721));
#2444=CARTESIAN_POINT('Ctrl Pts',(139.900036077476,-40.0365629770223,8.86270801655832));
#2445=CARTESIAN_POINT('Ctrl Pts',(139.900024781851,-39.5228329555406,7.47042784734414));
#2446=CARTESIAN_POINT('Ctrl Pts',(139.900025469079,-39.4395651886429,6.4934793681635));
#2447=CARTESIAN_POINT('Ctrl Pts',(139.900023317067,-39.4638267843787,6.00050620164204));
#2448=CARTESIAN_POINT('Ctrl Pts',(139.900003970484,-41.3646457214099,9.53566576544448));
#2449=CARTESIAN_POINT('Ctrl Pts',(139.900003972479,-41.0560923009972,9.22716691802975));
#2450=CARTESIAN_POINT('Ctrl Pts',(139.900003976934,-40.5203087928147,8.52899983017638));
#2451=CARTESIAN_POINT('Ctrl Pts',(139.900003979785,-40.015087169032,7.30936372569413));
#2452=CARTESIAN_POINT('Ctrl Pts',(139.900003979612,-39.9002132021618,6.43684605171516));
#2453=CARTESIAN_POINT('Ctrl Pts',(139.900003980155,-39.9002202941342,6.00053480453419));
#2454=CARTESIAN_POINT('',(137.277844644366,-37.5221593359203,13.));
#2455=CARTESIAN_POINT('Ctrl Pts',(137.621423453238,-37.8999999952502,13.));
#2456=CARTESIAN_POINT('Ctrl Pts',(137.512355189661,-37.7680114016914,13.));
#2457=CARTESIAN_POINT('Ctrl Pts',(137.39852514367,-37.6436498718098,13.));
#2458=CARTESIAN_POINT('Ctrl Pts',(137.277844644366,-37.5221593359203,13.));
#2459=CARTESIAN_POINT('Ctrl Pts',(137.277844644366,-37.5221593359203,13.));
#2460=CARTESIAN_POINT('Ctrl Pts',(137.461855208396,-37.3381487718909,12.5948880813255));
#2461=CARTESIAN_POINT('Ctrl Pts',(137.817114641733,-36.9828893385537,11.5987928385539));
#2462=CARTESIAN_POINT('Ctrl Pts',(138.318797829663,-36.4812061506238,9.06448658609479));
#2463=CARTESIAN_POINT('Ctrl Pts',(138.435537890969,-36.3644660893175,6.97130314540023));
#2464=CARTESIAN_POINT('Ctrl Pts',(138.435537890969,-36.3644660893175,6.00075505701112));
#2465=CARTESIAN_POINT('Ctrl Pts',(137.15567764578,-37.6443263345057,13.2560323942969));
#2466=CARTESIAN_POINT('Ctrl Pts',(136.918840198209,-37.1706239860459,13.0191913837782));
#2467=CARTESIAN_POINT('Ctrl Pts',(136.395990812373,-36.3633477731843,12.4963408001338));
#2468=CARTESIAN_POINT('Ctrl Pts',(135.022043176014,-35.2424517886185,11.1224033491672));
#2469=CARTESIAN_POINT('Ctrl Pts',(133.920736811327,-34.8999423539443,10.021069786545));
#2470=CARTESIAN_POINT('Ctrl Pts',(133.435358258877,-34.9000000098027,9.53566576544455));
#2471=CARTESIAN_POINT('Ctrl Pts',(137.392570005741,-37.4074339745461,12.7822878105501));
#2472=CARTESIAN_POINT('Ctrl Pts',(137.152798901283,-36.9822518576608,12.5495724565856));
#2473=CARTESIAN_POINT('Ctrl Pts',(136.627691801009,-36.2392557991209,12.0268389433175));
#2474=CARTESIAN_POINT('Ctrl Pts',(135.277430419495,-35.1954863449,10.6564114595786));
#2475=CARTESIAN_POINT('Ctrl Pts',(134.227548682024,-34.8999502587815,9.66037691581724));
#2476=CARTESIAN_POINT('Ctrl Pts',(133.743911679289,-34.900000007807,9.22716691802983));
#2477=CARTESIAN_POINT('Ctrl Pts',(137.785656733539,-37.0143472467477,11.7577058245646));
#2478=CARTESIAN_POINT('Ctrl Pts',(137.54720487253,-36.6573759927905,11.5254693805759));
#2479=CARTESIAN_POINT('Ctrl Pts',(137.014980054904,-36.0015309515362,10.976885240099));
#2480=CARTESIAN_POINT('Ctrl Pts',(135.700721014975,-35.0906558052425,9.59539987081754));
#2481=CARTESIAN_POINT('Ctrl Pts',(134.763441003265,-34.8999679028104,8.86270801655836));
#2482=CARTESIAN_POINT('Ctrl Pts',(134.279695187472,-34.9000000033526,8.52899983017646));
#2483=CARTESIAN_POINT('Ctrl Pts',(138.318827736657,-36.4811762436295,9.06433550771617));
#2484=CARTESIAN_POINT('Ctrl Pts',(138.052699402284,-36.1758387025106,8.86149195256764));
#2485=CARTESIAN_POINT('Ctrl Pts',(137.429285450112,-35.6101117364854,8.38630902024267));
#2486=CARTESIAN_POINT('Ctrl Pts',(136.191167407233,-35.0235504911038,7.73892819067122));
#2487=CARTESIAN_POINT('Ctrl Pts',(135.277171024746,-34.8999791984358,7.47042784734426));
#2488=CARTESIAN_POINT('Ctrl Pts',(134.784916811255,-34.9000000005008,7.30936372569427));
#2489=CARTESIAN_POINT('Ctrl Pts',(138.435557536274,-36.3644464440122,6.97095086691944));
#2490=CARTESIAN_POINT('Ctrl Pts',(138.144160498739,-36.0730560059185,6.91705659335917));
#2491=CARTESIAN_POINT('Ctrl Pts',(137.477370198498,-35.5506779456532,6.79965302707792));
#2492=CARTESIAN_POINT('Ctrl Pts',(136.264899857325,-35.0276355315933,6.61046699970625));
#2493=CARTESIAN_POINT('Ctrl Pts',(135.360438791643,-34.8999785112069,6.49347936816369));
#2494=CARTESIAN_POINT('Ctrl Pts',(134.899790778125,-34.9000000006743,6.43684605171534));
#2495=CARTESIAN_POINT('Ctrl Pts',(138.435537886009,-36.3644660942773,6.00026504264746));
#2496=CARTESIAN_POINT('Ctrl Pts',(138.126995694046,-36.0559239006476,6.00029226428081));
#2497=CARTESIAN_POINT('Ctrl Pts',(137.428706108092,-35.5201144750274,6.00035156544404));
#2498=CARTESIAN_POINT('Ctrl Pts',(136.208863334839,-35.0148495706086,6.00044711928061));
#2499=CARTESIAN_POINT('Ctrl Pts',(135.336177195908,-34.8999806632195,6.0005062016423));
#2500=CARTESIAN_POINT('Ctrl Pts',(134.899783686152,-34.900000000131,6.00053480453442));
#2501=CARTESIAN_POINT('',(136.900003985036,-37.1785805270485,13.));
#2502=CARTESIAN_POINT('Ctrl Pts',(137.277844644366,-37.5221593359203,13.));
#2503=CARTESIAN_POINT('Ctrl Pts',(137.156354108477,-37.4014788366159,13.));
#2504=CARTESIAN_POINT('Ctrl Pts',(137.031992578595,-37.2876487906252,13.));
#2505=CARTESIAN_POINT('Ctrl Pts',(136.900003985036,-37.1785805270484,13.));
#2506=CARTESIAN_POINT('Ctrl Pts',(136.900003985036,-37.1785805270485,13.));
#2507=CARTESIAN_POINT('Ctrl Pts',(136.727733608822,-36.894969880145,12.8277296237863));
#2508=CARTESIAN_POINT('Ctrl Pts',(136.238776785733,-36.2349344746373,12.3387728006971));
#2509=CARTESIAN_POINT('Ctrl Pts',(135.022249165347,-35.2424909551345,11.1222451803104));
#2510=CARTESIAN_POINT('Ctrl Pts',(133.921077013678,-34.8999999952503,10.021073028642));
#2511=CARTESIAN_POINT('Ctrl Pts',(133.435759042047,-34.8999999952503,9.53575505701114));
#2512=CARTESIAN_POINT('Ctrl Pts',(137.156036379333,-37.6443263345059,13.2556736607443));
#2513=CARTESIAN_POINT('Ctrl Pts',(136.682291795587,-37.4074339745461,13.4925660207042));
#2514=CARTESIAN_POINT('Ctrl Pts',(135.657709809601,-37.0143472467477,13.8856527485026));
#2515=CARTESIAN_POINT('Ctrl Pts',(132.964339492752,-36.4811762436295,14.4188237516208));
#2516=CARTESIAN_POINT('Ctrl Pts',(130.870954851955,-36.3644464440121,14.5355535512381));
#2517=CARTESIAN_POINT('Ctrl Pts',(129.900269027683,-36.3644660942773,14.535533900973));
#2518=CARTESIAN_POINT('Ctrl Pts',(136.919195368814,-37.170623986046,13.0188362131732));
#2519=CARTESIAN_POINT('Ctrl Pts',(136.449576441622,-36.9822518576608,13.2527949162467));
#2520=CARTESIAN_POINT('Ctrl Pts',(135.425473365613,-36.6573759927905,13.6472008874945));
#2521=CARTESIAN_POINT('Ctrl Pts',(132.761495937603,-36.1758387025106,14.1526954172471));
#2522=CARTESIAN_POINT('Ctrl Pts',(130.817060578395,-36.0730560059186,14.2441565137029));
#2523=CARTESIAN_POINT('Ctrl Pts',(129.900296249316,-36.0559239006476,14.2269917090093));
#2524=CARTESIAN_POINT('Ctrl Pts',(136.39634478517,-36.3633477731843,12.4959868273369));
#2525=CARTESIAN_POINT('Ctrl Pts',(135.926842928354,-36.2392557991209,12.7276878159723));
#2526=CARTESIAN_POINT('Ctrl Pts',(134.876889225136,-36.0015309515362,13.114976069868));
#2527=CARTESIAN_POINT('Ctrl Pts',(132.286313005278,-35.6101117364854,13.5292814650754));
#2528=CARTESIAN_POINT('Ctrl Pts',(130.699657012114,-35.5506779456531,13.5773662134617));
#2529=CARTESIAN_POINT('Ctrl Pts',(129.900355550479,-35.5201144750274,13.5287021230557));
#2530=CARTESIAN_POINT('Ctrl Pts',(135.022407334204,-35.2424517886185,11.1220391909774));
#2531=CARTESIAN_POINT('Ctrl Pts',(134.556415444615,-35.1954863449,11.3774264344584));
#2532=CARTESIAN_POINT('Ctrl Pts',(133.495403855854,-35.0906558052425,11.8007170299385));
#2533=CARTESIAN_POINT('Ctrl Pts',(131.638932175707,-35.0235504911038,12.291163422196));
#2534=CARTESIAN_POINT('Ctrl Pts',(130.510470984742,-35.0276355315932,12.3648958722881));
#2535=CARTESIAN_POINT('Ctrl Pts',(129.900451104316,-35.0148495706085,12.3088593498029));
#2536=CARTESIAN_POINT('Ctrl Pts',(133.921073771581,-34.8999423539443,10.0207328262907));
#2537=CARTESIAN_POINT('Ctrl Pts',(133.560380900853,-34.8999502587815,10.3275446969871));
#2538=CARTESIAN_POINT('Ctrl Pts',(132.762712001594,-34.8999679028104,10.8634370182278));
#2539=CARTESIAN_POINT('Ctrl Pts',(131.37043183238,-34.8999791984358,11.3771670397097));
#2540=CARTESIAN_POINT('Ctrl Pts',(130.393483353199,-34.8999785112069,11.4604348066073));
#2541=CARTESIAN_POINT('Ctrl Pts',(129.900510186678,-34.8999806632195,11.4361732108716));
#2542=CARTESIAN_POINT('Ctrl Pts',(133.43566975048,-34.9000000098027,9.53535427384028));
#2543=CARTESIAN_POINT('Ctrl Pts',(133.127170903066,-34.900000007807,9.84390769425302));
#2544=CARTESIAN_POINT('Ctrl Pts',(132.429003815212,-34.9000000033526,10.3796912024354));
#2545=CARTESIAN_POINT('Ctrl Pts',(131.20936771073,-34.9000000005008,10.8849128262183));
#2546=CARTESIAN_POINT('Ctrl Pts',(130.336850036751,-34.9000000006743,10.9997867930884));
#2547=CARTESIAN_POINT('Ctrl Pts',(129.90053878957,-34.900000000131,10.999779701116));
#2548=CARTESIAN_POINT('Ctrl Pts',(136.900003985036,-37.1785805270485,13.));
#2549=CARTESIAN_POINT('Ctrl Pts',(136.426852665001,-36.7906129800257,13.));
#2550=CARTESIAN_POINT('Ctrl Pts',(135.864234163528,-36.4657088542441,13.));
#2551=CARTESIAN_POINT('Ctrl Pts',(134.321961730634,-35.8773302188293,13.));
#2552=CARTESIAN_POINT('Ctrl Pts',(133.380827099473,-35.6487784686648,12.9999999999959));
#2553=CARTESIAN_POINT('Ctrl Pts',(131.684780653559,-35.371869427065,12.9999999999959));
#2554=CARTESIAN_POINT('Ctrl Pts',(130.886633040224,-35.3174990368475,13.));
#2555=CARTESIAN_POINT('Ctrl Pts',(129.900759042047,-35.3174905713093,13.));
#2556=CARTESIAN_POINT('Origin',(87.7500019925361,-85.1000018951502,13.));
#2557=UNCERTAINTY_MEASURE_WITH_UNIT(LENGTH_MEASURE(0.01),#2561,
'DISTANCE_ACCURACY_VALUE',
'Maximum model space distance between geometric entities at asserted c
onnectivities');
#2558=UNCERTAINTY_MEASURE_WITH_UNIT(LENGTH_MEASURE(0.01),#2561,
'DISTANCE_ACCURACY_VALUE',
'Maximum model space distance between geometric entities at asserted c
onnectivities');
#2559=(
GEOMETRIC_REPRESENTATION_CONTEXT(3)
GLOBAL_UNCERTAINTY_ASSIGNED_CONTEXT((#2557))
GLOBAL_UNIT_ASSIGNED_CONTEXT((#2561,#2563,#2564))
REPRESENTATION_CONTEXT('','3D')
);
#2560=(
GEOMETRIC_REPRESENTATION_CONTEXT(3)
GLOBAL_UNCERTAINTY_ASSIGNED_CONTEXT((#2558))
GLOBAL_UNIT_ASSIGNED_CONTEXT((#2561,#2563,#2564))
REPRESENTATION_CONTEXT('','3D')
);
#2561=(
LENGTH_UNIT()
NAMED_UNIT(*)
SI_UNIT(.MILLI.,.METRE.)
);
#2562=(
LENGTH_UNIT()
NAMED_UNIT(*)
SI_UNIT($,.METRE.)
);
#2563=(
NAMED_UNIT(*)
PLANE_ANGLE_UNIT()
SI_UNIT($,.RADIAN.)
);
#2564=(
NAMED_UNIT(*)
SI_UNIT($,.STERADIAN.)
SOLID_ANGLE_UNIT()
);
#2565=SHAPE_DEFINITION_REPRESENTATION(#2566,#2567);
#2566=PRODUCT_DEFINITION_SHAPE('',$,#2569);
#2567=SHAPE_REPRESENTATION('',(#1129),#2559);
#2568=PRODUCT_DEFINITION_CONTEXT('part definition',#2573,'design');
#2569=PRODUCT_DEFINITION('2026-07-02-19-33-24-013','Bottom_Case',#2570,
#2568);
#2570=PRODUCT_DEFINITION_FORMATION('',$,#2575);
#2571=PRODUCT_RELATED_PRODUCT_CATEGORY('Bottom_Case','Bottom_Case',(#2575));
#2572=APPLICATION_PROTOCOL_DEFINITION('international standard',
'automotive_design',2009,#2573);
#2573=APPLICATION_CONTEXT(
'Core Data for Automotive Mechanical Design Process');
#2574=PRODUCT_CONTEXT('part definition',#2573,'mechanical');
#2575=PRODUCT('2026-07-02-19-33-24-013','Bottom_Case',$,(#2574));
#2576=PRESENTATION_STYLE_ASSIGNMENT((#2578));
#2577=PRESENTATION_STYLE_ASSIGNMENT((#2579));
#2578=SURFACE_STYLE_USAGE(.BOTH.,#2580);
#2579=SURFACE_STYLE_USAGE(.BOTH.,#2581);
#2580=SURFACE_SIDE_STYLE('',(#2582));
#2581=SURFACE_SIDE_STYLE('',(#2583));
#2582=SURFACE_STYLE_FILL_AREA(#2584);
#2583=SURFACE_STYLE_FILL_AREA(#2585);
#2584=FILL_AREA_STYLE('Steel - Satin',(#2586));
#2585=FILL_AREA_STYLE('Opaque(64,64,64)',(#2587));
#2586=FILL_AREA_STYLE_COLOUR('Steel - Satin',#2588);
#2587=FILL_AREA_STYLE_COLOUR('Opaque(64,64,64)',#2589);
#2588=COLOUR_RGB('Steel - Satin',0.627450980392157,0.627450980392157,0.627450980392157);
#2589=COLOUR_RGB('Opaque(64,64,64)',0.250980392156863,0.250980392156863,
0.250980392156863);
ENDSEC;
END-ISO-10303-21;
