ISO-10303-21;
HEADER;
/* Generated by software containing ST-Developer
 * from STEP Tools, Inc. (www.steptools.com) 
 */

FILE_DESCRIPTION(
/* description */ (''),
/* implementation_level */ '2;1');

FILE_NAME(
/* name */ 'BEST_TOP_CASE.step',
/* time_stamp */ '2026-07-02T19:32:54-07:00',
/* author */ (''),
/* organization */ (''),
/* preprocessor_version */ 'ST-DEVELOPER v20.1',
/* originating_system */ 'Autodesk Translation Framework v15.8.0.0',
/* authorisation */ '');

FILE_SCHEMA (('AUTOMOTIVE_DESIGN { 1 0 10303 214 3 1 1 }'));
ENDSEC;

DATA;
#10=MECHANICAL_DESIGN_GEOMETRIC_PRESENTATION_REPRESENTATION('',(#461,#462,
#463,#464,#465,#466,#467,#468,#469,#470),#15425);
#11=ITEM_DEFINED_TRANSFORMATION($,$,#7705,#8145);
#12=ITEM_DEFINED_TRANSFORMATION($,$,#7714,#8146);
#13=ITEM_DEFINED_TRANSFORMATION($,$,#7719,#8147);
#14=ITEM_DEFINED_TRANSFORMATION($,$,#7735,#8148);
#15=ITEM_DEFINED_TRANSFORMATION($,$,#7739,#8149);
#16=ITEM_DEFINED_TRANSFORMATION($,$,#7744,#8150);
#17=ITEM_DEFINED_TRANSFORMATION($,$,#7752,#8151);
#18=ITEM_DEFINED_TRANSFORMATION($,$,#7757,#8152);
#19=(
REPRESENTATION_RELATIONSHIP($,$,#15457,#15456)
REPRESENTATION_RELATIONSHIP_WITH_TRANSFORMATION(#11)
SHAPE_REPRESENTATION_RELATIONSHIP()
);
#20=(
REPRESENTATION_RELATIONSHIP($,$,#15458,#15456)
REPRESENTATION_RELATIONSHIP_WITH_TRANSFORMATION(#12)
SHAPE_REPRESENTATION_RELATIONSHIP()
);
#21=(
REPRESENTATION_RELATIONSHIP($,$,#15459,#15456)
REPRESENTATION_RELATIONSHIP_WITH_TRANSFORMATION(#13)
SHAPE_REPRESENTATION_RELATIONSHIP()
);
#22=(
REPRESENTATION_RELATIONSHIP($,$,#15460,#15456)
REPRESENTATION_RELATIONSHIP_WITH_TRANSFORMATION(#14)
SHAPE_REPRESENTATION_RELATIONSHIP()
);
#23=(
REPRESENTATION_RELATIONSHIP($,$,#15461,#15456)
REPRESENTATION_RELATIONSHIP_WITH_TRANSFORMATION(#15)
SHAPE_REPRESENTATION_RELATIONSHIP()
);
#24=(
REPRESENTATION_RELATIONSHIP($,$,#15462,#15456)
REPRESENTATION_RELATIONSHIP_WITH_TRANSFORMATION(#16)
SHAPE_REPRESENTATION_RELATIONSHIP()
);
#25=(
REPRESENTATION_RELATIONSHIP($,$,#15463,#15456)
REPRESENTATION_RELATIONSHIP_WITH_TRANSFORMATION(#17)
SHAPE_REPRESENTATION_RELATIONSHIP()
);
#26=(
REPRESENTATION_RELATIONSHIP($,$,#15464,#15456)
REPRESENTATION_RELATIONSHIP_WITH_TRANSFORMATION(#18)
SHAPE_REPRESENTATION_RELATIONSHIP()
);
#27=CONTEXT_DEPENDENT_SHAPE_REPRESENTATION(#19,#15448);
#28=CONTEXT_DEPENDENT_SHAPE_REPRESENTATION(#20,#15449);
#29=CONTEXT_DEPENDENT_SHAPE_REPRESENTATION(#21,#15450);
#30=CONTEXT_DEPENDENT_SHAPE_REPRESENTATION(#22,#15451);
#31=CONTEXT_DEPENDENT_SHAPE_REPRESENTATION(#23,#15452);
#32=CONTEXT_DEPENDENT_SHAPE_REPRESENTATION(#24,#15453);
#33=CONTEXT_DEPENDENT_SHAPE_REPRESENTATION(#25,#15454);
#34=CONTEXT_DEPENDENT_SHAPE_REPRESENTATION(#26,#15455);
#35=NEXT_ASSEMBLY_USAGE_OCCURRENCE('Component3:1','Component3:1',
'Component3:1',#15466,#15467,'Component3:1');
#36=NEXT_ASSEMBLY_USAGE_OCCURRENCE('Component4:1','Component4:1',
'Component4:1',#15466,#15468,'Component4:1');
#37=NEXT_ASSEMBLY_USAGE_OCCURRENCE('Component5:1','Component5:1',
'Component5:1',#15466,#15469,'Component5:1');
#38=NEXT_ASSEMBLY_USAGE_OCCURRENCE('Component7:1','Component7:1',
'Component7:1',#15466,#15470,'Component7:1');
#39=NEXT_ASSEMBLY_USAGE_OCCURRENCE('Component8:1','Component8:1',
'Component8:1',#15466,#15471,'Component8:1');
#40=NEXT_ASSEMBLY_USAGE_OCCURRENCE('Component2:1','Component2:1',
'Component2:1',#15466,#15472,'Component2:1');
#41=NEXT_ASSEMBLY_USAGE_OCCURRENCE('Component1:1','Component1:1',
'Component1:1',#15466,#15473,'Component1:1');
#42=NEXT_ASSEMBLY_USAGE_OCCURRENCE('Component6:1','Component6:1',
'Component6:1',#15466,#15474,'Component6:1');
#43=TOROIDAL_SURFACE('',#7834,9.,0.5);
#44=TOROIDAL_SURFACE('',#7890,0.999999999999998,0.5);
#45=TOROIDAL_SURFACE('',#7895,0.999999999999998,0.5);
#46=TOROIDAL_SURFACE('',#7900,0.999999999999998,0.5);
#47=TOROIDAL_SURFACE('',#7905,0.999999999999998,0.5);
#48=TOROIDAL_SURFACE('',#7914,0.999999999999998,0.5);
#49=TOROIDAL_SURFACE('',#7919,0.999999999999998,0.5);
#50=TOROIDAL_SURFACE('',#7924,0.999999999999998,0.5);
#51=TOROIDAL_SURFACE('',#7929,0.999999999999998,0.5);
#52=TOROIDAL_SURFACE('',#7938,0.999999999999998,0.5);
#53=TOROIDAL_SURFACE('',#7943,0.999999999999998,0.5);
#54=TOROIDAL_SURFACE('',#7948,0.999999999999998,0.5);
#55=TOROIDAL_SURFACE('',#7953,0.999999999999998,0.5);
#56=TOROIDAL_SURFACE('',#7962,0.999999999999998,0.5);
#57=TOROIDAL_SURFACE('',#7967,0.999999999999998,0.5);
#58=TOROIDAL_SURFACE('',#7972,1.00000000000001,0.5);
#59=TOROIDAL_SURFACE('',#7977,0.999999999999998,0.5);
#60=TOROIDAL_SURFACE('',#7986,0.999999999999998,0.5);
#61=TOROIDAL_SURFACE('',#7991,0.999999999999998,0.5);
#62=TOROIDAL_SURFACE('',#7996,1.00000000000001,0.5);
#63=TOROIDAL_SURFACE('',#8001,0.999999999999998,0.5);
#64=TOROIDAL_SURFACE('',#8010,0.999999999999998,0.5);
#65=TOROIDAL_SURFACE('',#8015,0.999999999999998,0.5);
#66=TOROIDAL_SURFACE('',#8020,1.00000000000001,0.5);
#67=TOROIDAL_SURFACE('',#8025,0.999999999999998,0.5);
#68=TOROIDAL_SURFACE('',#8034,0.999999999999998,0.5);
#69=TOROIDAL_SURFACE('',#8039,0.999999999999998,0.5);
#70=TOROIDAL_SURFACE('',#8044,1.,0.5);
#71=TOROIDAL_SURFACE('',#8049,0.999999999999998,0.5);
#72=TOROIDAL_SURFACE('',#8058,0.999999999999998,0.5);
#73=TOROIDAL_SURFACE('',#8063,0.999999999999998,0.5);
#74=TOROIDAL_SURFACE('',#8068,1.,0.5);
#75=TOROIDAL_SURFACE('',#8073,0.999999999999998,0.5);
#76=TOROIDAL_SURFACE('',#8082,0.999999999999998,0.5);
#77=TOROIDAL_SURFACE('',#8087,0.999999999999998,0.5);
#78=TOROIDAL_SURFACE('',#8092,1.,0.5);
#79=TOROIDAL_SURFACE('',#8097,0.999999999999998,0.5);
#80=CIRCLE('',#7762,0.499999999999989);
#81=CIRCLE('',#7763,0.5);
#82=CIRCLE('',#7768,1.45);
#83=CIRCLE('',#7769,0.500000000000003);
#84=CIRCLE('',#7770,0.499999999999998);
#85=CIRCLE('',#7771,0.499999999999998);
#86=CIRCLE('',#7772,0.499999999999998);
#87=CIRCLE('',#7773,0.500000000000007);
#88=CIRCLE('',#7774,0.499999999999998);
#89=CIRCLE('',#7775,0.499999999999998);
#90=CIRCLE('',#7776,0.499999999999998);
#91=CIRCLE('',#7777,0.499999999999998);
#92=CIRCLE('',#7778,0.499999999999998);
#93=CIRCLE('',#7779,0.499999999999998);
#94=CIRCLE('',#7780,0.499999999999998);
#95=CIRCLE('',#7781,0.500000000000007);
#96=CIRCLE('',#7782,0.499999999999998);
#97=CIRCLE('',#7783,0.499999999999998);
#98=CIRCLE('',#7784,0.499999999999998);
#99=CIRCLE('',#7785,0.500000000000003);
#100=CIRCLE('',#7786,0.499999999999998);
#101=CIRCLE('',#7787,0.499999999999998);
#102=CIRCLE('',#7788,0.499999999999998);
#103=CIRCLE('',#7789,0.500000000000007);
#104=CIRCLE('',#7790,0.499999999999998);
#105=CIRCLE('',#7791,0.499999999999998);
#106=CIRCLE('',#7792,0.499999999999998);
#107=CIRCLE('',#7793,0.499999999999998);
#108=CIRCLE('',#7794,0.499999999999998);
#109=CIRCLE('',#7795,0.499999999999998);
#110=CIRCLE('',#7796,0.499999999999998);
#111=CIRCLE('',#7797,0.499999999999998);
#112=CIRCLE('',#7798,0.499999999999998);
#113=CIRCLE('',#7799,0.499999999999998);
#114=CIRCLE('',#7800,0.499999999999998);
#115=CIRCLE('',#7801,0.500000000000003);
#116=CIRCLE('',#7802,0.499999999999998);
#117=CIRCLE('',#7803,0.499999999999998);
#118=CIRCLE('',#7804,0.499999999999998);
#119=CIRCLE('',#7805,8.5);
#120=CIRCLE('',#7806,1.45);
#121=CIRCLE('',#7807,1.45);
#122=CIRCLE('',#7810,5.);
#123=CIRCLE('',#7811,4.99924494298888);
#124=CIRCLE('',#7812,5.);
#125=CIRCLE('',#7813,4.9992449429889);
#126=CIRCLE('',#7815,5.);
#127=CIRCLE('',#7816,4.99924494298889);
#128=CIRCLE('',#7818,5.);
#129=CIRCLE('',#7819,5.);
#130=CIRCLE('',#7820,5.);
#131=CIRCLE('',#7821,5.);
#132=CIRCLE('',#7823,5.);
#133=CIRCLE('',#7824,5.);
#134=CIRCLE('',#7825,5.);
#135=CIRCLE('',#7826,5.);
#136=CIRCLE('',#7827,4.99924494298889);
#137=CIRCLE('',#7828,4.99924494298889);
#138=CIRCLE('',#7829,5.);
#139=CIRCLE('',#7830,4.9992449429889);
#140=CIRCLE('',#7831,4.99924494298888);
#141=CIRCLE('',#7832,5.);
#142=CIRCLE('',#7833,5.);
#143=CIRCLE('',#7835,9.);
#144=CIRCLE('',#7836,0.5);
#145=CIRCLE('',#7837,8.5);
#146=CIRCLE('',#7839,4.99924494298889);
#147=CIRCLE('',#7840,0.999999999999998);
#148=CIRCLE('',#7841,0.999999999999998);
#149=CIRCLE('',#7842,0.999999999999998);
#150=CIRCLE('',#7843,0.999999999999998);
#151=CIRCLE('',#7844,0.999999999999998);
#152=CIRCLE('',#7845,0.999999999999998);
#153=CIRCLE('',#7846,1.00000000000001);
#154=CIRCLE('',#7847,0.999999999999998);
#155=CIRCLE('',#7848,0.999999999999998);
#156=CIRCLE('',#7849,0.999999999999998);
#157=CIRCLE('',#7850,1.00000000000001);
#158=CIRCLE('',#7851,0.999999999999998);
#159=CIRCLE('',#7852,0.999999999999998);
#160=CIRCLE('',#7853,0.999999999999998);
#161=CIRCLE('',#7854,1.);
#162=CIRCLE('',#7855,0.999999999999998);
#163=CIRCLE('',#7856,0.999999999999998);
#164=CIRCLE('',#7857,0.999999999999998);
#165=CIRCLE('',#7858,1.);
#166=CIRCLE('',#7859,0.999999999999998);
#167=CIRCLE('',#7860,0.999999999999998);
#168=CIRCLE('',#7861,0.999999999999998);
#169=CIRCLE('',#7862,1.);
#170=CIRCLE('',#7863,0.999999999999998);
#171=CIRCLE('',#7864,0.999999999999998);
#172=CIRCLE('',#7865,0.999999999999998);
#173=CIRCLE('',#7866,1.00000000000001);
#174=CIRCLE('',#7867,0.999999999999998);
#175=CIRCLE('',#7868,0.999999999999998);
#176=CIRCLE('',#7869,0.999999999999998);
#177=CIRCLE('',#7870,0.999999999999998);
#178=CIRCLE('',#7871,0.999999999999998);
#179=CIRCLE('',#7872,0.999999999999998);
#180=CIRCLE('',#7873,0.999999999999998);
#181=CIRCLE('',#7874,0.999999999999998);
#182=CIRCLE('',#7875,0.999999999999998);
#183=CIRCLE('',#7888,0.5);
#184=CIRCLE('',#7889,0.499999999999998);
#185=CIRCLE('',#7891,0.499999999999998);
#186=CIRCLE('',#7892,0.499999999999998);
#187=CIRCLE('',#7894,0.499999999999998);
#188=CIRCLE('',#7896,0.499999999999998);
#189=CIRCLE('',#7897,0.499999999999998);
#190=CIRCLE('',#7899,0.499999999999998);
#191=CIRCLE('',#7901,0.499999999999998);
#192=CIRCLE('',#7902,0.499999999999998);
#193=CIRCLE('',#7904,0.499999999999998);
#194=CIRCLE('',#7906,0.499999999999998);
#195=CIRCLE('',#7912,0.5);
#196=CIRCLE('',#7913,0.499999999999998);
#197=CIRCLE('',#7915,0.499999999999998);
#198=CIRCLE('',#7916,0.499999999999998);
#199=CIRCLE('',#7918,0.499999999999998);
#200=CIRCLE('',#7920,0.499999999999998);
#201=CIRCLE('',#7921,0.499999999999998);
#202=CIRCLE('',#7923,0.499999999999998);
#203=CIRCLE('',#7925,0.499999999999998);
#204=CIRCLE('',#7926,0.499999999999998);
#205=CIRCLE('',#7928,0.499999999999998);
#206=CIRCLE('',#7930,0.499999999999998);
#207=CIRCLE('',#7936,0.5);
#208=CIRCLE('',#7937,0.499999999999998);
#209=CIRCLE('',#7939,0.499999999999998);
#210=CIRCLE('',#7940,0.499999999999998);
#211=CIRCLE('',#7942,0.499999999999998);
#212=CIRCLE('',#7944,0.5);
#213=CIRCLE('',#7945,0.499999999999998);
#214=CIRCLE('',#7947,0.5);
#215=CIRCLE('',#7949,0.499999999999998);
#216=CIRCLE('',#7950,0.499999999999998);
#217=CIRCLE('',#7952,0.499999999999998);
#218=CIRCLE('',#7954,0.499999999999998);
#219=CIRCLE('',#7960,0.5);
#220=CIRCLE('',#7961,0.499999999999998);
#221=CIRCLE('',#7963,0.499999999999998);
#222=CIRCLE('',#7964,0.499999999999998);
#223=CIRCLE('',#7966,0.499999999999998);
#224=CIRCLE('',#7968,0.499999999999998);
#225=CIRCLE('',#7969,0.499999999999998);
#226=CIRCLE('',#7971,0.499999999999989);
#227=CIRCLE('',#7973,0.500000000000007);
#228=CIRCLE('',#7974,0.500000000000007);
#229=CIRCLE('',#7976,0.500000000000007);
#230=CIRCLE('',#7978,0.499999999999998);
#231=CIRCLE('',#7984,0.5);
#232=CIRCLE('',#7985,0.499999999999998);
#233=CIRCLE('',#7987,0.499999999999998);
#234=CIRCLE('',#7988,0.499999999999998);
#235=CIRCLE('',#7990,0.499999999999998);
#236=CIRCLE('',#7992,0.499999999999998);
#237=CIRCLE('',#7993,0.499999999999998);
#238=CIRCLE('',#7995,0.499999999999989);
#239=CIRCLE('',#7997,0.499999999999998);
#240=CIRCLE('',#7998,0.500000000000007);
#241=CIRCLE('',#8000,0.500000000000007);
#242=CIRCLE('',#8002,0.499999999999998);
#243=CIRCLE('',#8008,0.5);
#244=CIRCLE('',#8009,0.499999999999998);
#245=CIRCLE('',#8011,0.499999999999998);
#246=CIRCLE('',#8012,0.499999999999998);
#247=CIRCLE('',#8014,0.499999999999998);
#248=CIRCLE('',#8016,0.5);
#249=CIRCLE('',#8017,0.499999999999998);
#250=CIRCLE('',#8019,0.499999999999992);
#251=CIRCLE('',#8021,0.499999999999998);
#252=CIRCLE('',#8022,0.500000000000007);
#253=CIRCLE('',#8024,0.500000000000007);
#254=CIRCLE('',#8026,0.499999999999998);
#255=CIRCLE('',#8032,0.499999999999998);
#256=CIRCLE('',#8033,0.499999999999998);
#257=CIRCLE('',#8035,0.499999999999998);
#258=CIRCLE('',#8036,0.499999999999998);
#259=CIRCLE('',#8038,0.499999999999998);
#260=CIRCLE('',#8040,0.499999999999998);
#261=CIRCLE('',#8041,0.499999999999998);
#262=CIRCLE('',#8043,0.499999999999989);
#263=CIRCLE('',#8045,0.499999999999998);
#264=CIRCLE('',#8046,0.500000000000003);
#265=CIRCLE('',#8048,0.500000000000003);
#266=CIRCLE('',#8050,0.499999999999998);
#267=CIRCLE('',#8056,0.499999999999998);
#268=CIRCLE('',#8057,0.499999999999998);
#269=CIRCLE('',#8059,0.499999999999998);
#270=CIRCLE('',#8060,0.499999999999998);
#271=CIRCLE('',#8062,0.499999999999998);
#272=CIRCLE('',#8064,0.499999999999998);
#273=CIRCLE('',#8065,0.499999999999998);
#274=CIRCLE('',#8067,0.499999999999994);
#275=CIRCLE('',#8069,0.500000000000003);
#276=CIRCLE('',#8070,0.500000000000003);
#277=CIRCLE('',#8072,0.500000000000003);
#278=CIRCLE('',#8074,0.499999999999998);
#279=CIRCLE('',#8080,0.499999999999998);
#280=CIRCLE('',#8081,0.499999999999998);
#281=CIRCLE('',#8083,0.499999999999998);
#282=CIRCLE('',#8084,0.499999999999998);
#283=CIRCLE('',#8086,0.499999999999998);
#284=CIRCLE('',#8088,0.5);
#285=CIRCLE('',#8089,0.499999999999998);
#286=CIRCLE('',#8091,0.499999999999996);
#287=CIRCLE('',#8093,0.499999999999998);
#288=CIRCLE('',#8094,0.500000000000003);
#289=CIRCLE('',#8096,0.500000000000003);
#290=CIRCLE('',#8098,0.499999999999998);
#291=CIRCLE('',#8103,5.);
#292=CIRCLE('',#8105,5.);
#293=CYLINDRICAL_SURFACE('',#7745,2.3105583482108);
#294=CYLINDRICAL_SURFACE('',#7764,0.5);
#295=CYLINDRICAL_SURFACE('',#7766,0.499999999999989);
#296=CYLINDRICAL_SURFACE('',#7808,1.45);
#297=CYLINDRICAL_SURFACE('',#7809,1.45);
#298=CYLINDRICAL_SURFACE('',#7814,1.45);
#299=CYLINDRICAL_SURFACE('',#7817,5.);
#300=CYLINDRICAL_SURFACE('',#7822,5.);
#301=CYLINDRICAL_SURFACE('',#7876,8.5);
#302=CYLINDRICAL_SURFACE('',#7877,0.5);
#303=CYLINDRICAL_SURFACE('',#7880,0.5);
#304=CYLINDRICAL_SURFACE('',#7883,0.5);
#305=CYLINDRICAL_SURFACE('',#7884,0.5);
#306=CYLINDRICAL_SURFACE('',#7887,0.5);
#307=CYLINDRICAL_SURFACE('',#7893,0.5);
#308=CYLINDRICAL_SURFACE('',#7898,0.5);
#309=CYLINDRICAL_SURFACE('',#7903,0.5);
#310=CYLINDRICAL_SURFACE('',#7907,0.499999999999998);
#311=CYLINDRICAL_SURFACE('',#7909,0.499999999999998);
#312=CYLINDRICAL_SURFACE('',#7911,0.5);
#313=CYLINDRICAL_SURFACE('',#7917,0.5);
#314=CYLINDRICAL_SURFACE('',#7922,0.5);
#315=CYLINDRICAL_SURFACE('',#7927,0.5);
#316=CYLINDRICAL_SURFACE('',#7931,0.499999999999998);
#317=CYLINDRICAL_SURFACE('',#7933,0.499999999999998);
#318=CYLINDRICAL_SURFACE('',#7935,0.5);
#319=CYLINDRICAL_SURFACE('',#7941,0.5);
#320=CYLINDRICAL_SURFACE('',#7946,0.5);
#321=CYLINDRICAL_SURFACE('',#7951,0.5);
#322=CYLINDRICAL_SURFACE('',#7955,0.499999999999998);
#323=CYLINDRICAL_SURFACE('',#7957,0.499999999999998);
#324=CYLINDRICAL_SURFACE('',#7959,0.5);
#325=CYLINDRICAL_SURFACE('',#7965,0.5);
#326=CYLINDRICAL_SURFACE('',#7970,0.5);
#327=CYLINDRICAL_SURFACE('',#7975,0.5);
#328=CYLINDRICAL_SURFACE('',#7979,0.499999999999998);
#329=CYLINDRICAL_SURFACE('',#7981,0.499999999999998);
#330=CYLINDRICAL_SURFACE('',#7983,0.5);
#331=CYLINDRICAL_SURFACE('',#7989,0.5);
#332=CYLINDRICAL_SURFACE('',#7994,0.5);
#333=CYLINDRICAL_SURFACE('',#7999,0.5);
#334=CYLINDRICAL_SURFACE('',#8003,0.499999999999998);
#335=CYLINDRICAL_SURFACE('',#8005,0.499999999999998);
#336=CYLINDRICAL_SURFACE('',#8007,0.5);
#337=CYLINDRICAL_SURFACE('',#8013,0.5);
#338=CYLINDRICAL_SURFACE('',#8018,0.5);
#339=CYLINDRICAL_SURFACE('',#8023,0.5);
#340=CYLINDRICAL_SURFACE('',#8027,0.499999999999998);
#341=CYLINDRICAL_SURFACE('',#8029,0.499999999999998);
#342=CYLINDRICAL_SURFACE('',#8031,0.5);
#343=CYLINDRICAL_SURFACE('',#8037,0.5);
#344=CYLINDRICAL_SURFACE('',#8042,0.5);
#345=CYLINDRICAL_SURFACE('',#8047,0.5);
#346=CYLINDRICAL_SURFACE('',#8051,0.499999999999998);
#347=CYLINDRICAL_SURFACE('',#8053,0.499999999999998);
#348=CYLINDRICAL_SURFACE('',#8055,0.5);
#349=CYLINDRICAL_SURFACE('',#8061,0.5);
#350=CYLINDRICAL_SURFACE('',#8066,0.5);
#351=CYLINDRICAL_SURFACE('',#8071,0.5);
#352=CYLINDRICAL_SURFACE('',#8075,0.499999999999998);
#353=CYLINDRICAL_SURFACE('',#8077,0.499999999999998);
#354=CYLINDRICAL_SURFACE('',#8079,0.5);
#355=CYLINDRICAL_SURFACE('',#8085,0.5);
#356=CYLINDRICAL_SURFACE('',#8090,0.5);
#357=CYLINDRICAL_SURFACE('',#8095,0.5);
#358=CYLINDRICAL_SURFACE('',#8099,0.499999999999998);
#359=CYLINDRICAL_SURFACE('',#8101,0.499999999999998);
#360=CYLINDRICAL_SURFACE('',#8104,5.);
#361=CYLINDRICAL_SURFACE('',#8106,5.);
#362=CYLINDRICAL_SURFACE('',#8108,0.500000000000003);
#363=CYLINDRICAL_SURFACE('',#8110,0.499999999999998);
#364=CYLINDRICAL_SURFACE('',#8112,0.500000000000007);
#365=CYLINDRICAL_SURFACE('',#8114,0.499999999999998);
#366=CYLINDRICAL_SURFACE('',#8116,0.499999999999998);
#367=CYLINDRICAL_SURFACE('',#8118,0.499999999999998);
#368=CYLINDRICAL_SURFACE('',#8120,0.500000000000007);
#369=CYLINDRICAL_SURFACE('',#8122,0.499999999999998);
#370=CYLINDRICAL_SURFACE('',#8124,0.500000000000003);
#371=CYLINDRICAL_SURFACE('',#8126,0.499999999999998);
#372=CYLINDRICAL_SURFACE('',#8128,0.500000000000007);
#373=CYLINDRICAL_SURFACE('',#8130,0.499999999999998);
#374=CYLINDRICAL_SURFACE('',#8132,0.499999999999998);
#375=CYLINDRICAL_SURFACE('',#8134,0.499999999999998);
#376=CYLINDRICAL_SURFACE('',#8136,0.499999999999998);
#377=CYLINDRICAL_SURFACE('',#8138,0.499999999999998);
#378=CYLINDRICAL_SURFACE('',#8140,0.500000000000003);
#379=CYLINDRICAL_SURFACE('',#8142,0.499999999999998);
#380=ELLIPSE('',#7724,16.1880569245775,7.06153832909767);
#381=ELLIPSE('',#7725,16.1880569245775,7.06153832909767);
#382=ELLIPSE('',#7726,0.154623961319098,0.0522260355625507);
#383=ELLIPSE('',#7727,0.154623961319098,0.0522260355625507);
#384=ELLIPSE('',#7746,3.48282884019906,0.142124872497215);
#385=ELLIPSE('',#7747,3.48282881879869,0.142124871998818);
#386=ELLIPSE('',#7748,3.28612592669166,0.137825843236004);
#387=ELLIPSE('',#7749,3.28612592667401,0.137825843235573);
#388=ELLIPSE('',#7878,0.707106781186541,0.5);
#389=ELLIPSE('',#7879,0.707106781186541,0.5);
#390=ELLIPSE('',#7881,0.707106781186548,0.5);
#391=ELLIPSE('',#7882,0.707106781186548,0.5);
#392=FACE_BOUND('',#1032,.T.);
#393=FACE_BOUND('',#1034,.T.);
#394=FACE_BOUND('',#1128,.T.);
#395=FACE_BOUND('',#1129,.T.);
#396=FACE_BOUND('',#1130,.T.);
#397=FACE_BOUND('',#1131,.T.);
#398=FACE_BOUND('',#1132,.T.);
#399=FACE_BOUND('',#1133,.T.);
#400=FACE_BOUND('',#1134,.T.);
#401=FACE_BOUND('',#1135,.T.);
#402=FACE_BOUND('',#1137,.T.);
#403=FACE_BOUND('',#1138,.T.);
#404=FACE_BOUND('',#1139,.T.);
#405=FACE_BOUND('',#1140,.T.);
#406=FACE_BOUND('',#1141,.T.);
#407=FACE_BOUND('',#1142,.T.);
#408=FACE_BOUND('',#1143,.T.);
#409=FACE_BOUND('',#1144,.T.);
#410=FACE_BOUND('',#1223,.T.);
#411=FACE_BOUND('',#1224,.T.);
#412=FACE_BOUND('',#1225,.T.);
#413=FACE_BOUND('',#1226,.T.);
#414=FACE_BOUND('',#1228,.T.);
#415=FACE_BOUND('',#1229,.T.);
#416=FACE_BOUND('',#1230,.T.);
#417=FACE_BOUND('',#1231,.T.);
#418=FACE_BOUND('',#1252,.T.);
#419=FACE_BOUND('',#1253,.T.);
#420=FACE_BOUND('',#1254,.T.);
#421=FACE_BOUND('',#1255,.T.);
#422=FACE_BOUND('',#1256,.T.);
#423=FACE_BOUND('',#1257,.T.);
#424=FACE_BOUND('',#1258,.T.);
#425=FACE_BOUND('',#1259,.T.);
#426=FACE_BOUND('',#1260,.T.);
#427=FACE_BOUND('',#1261,.T.);
#428=FACE_BOUND('',#1262,.T.);
#429=FACE_BOUND('',#1263,.T.);
#430=FACE_BOUND('',#1264,.T.);
#431=FACE_BOUND('',#1265,.T.);
#432=FACE_BOUND('',#1294,.T.);
#433=FACE_BOUND('',#1295,.T.);
#434=FACE_BOUND('',#1296,.T.);
#435=FACE_BOUND('',#1297,.T.);
#436=FACE_BOUND('',#1298,.T.);
#437=FACE_BOUND('',#1299,.T.);
#438=FACE_BOUND('',#1300,.T.);
#439=FACE_BOUND('',#1301,.T.);
#440=FACE_BOUND('',#1302,.T.);
#441=FACE_BOUND('',#1303,.T.);
#442=FACE_BOUND('',#1304,.T.);
#443=SHAPE_REPRESENTATION_RELATIONSHIP('SRR','None',#15457,#452);
#444=SHAPE_REPRESENTATION_RELATIONSHIP('SRR','None',#15458,#453);
#445=SHAPE_REPRESENTATION_RELATIONSHIP('SRR','None',#15459,#454);
#446=SHAPE_REPRESENTATION_RELATIONSHIP('SRR','None',#15460,#455);
#447=SHAPE_REPRESENTATION_RELATIONSHIP('SRR','None',#15461,#456);
#448=SHAPE_REPRESENTATION_RELATIONSHIP('SRR','None',#15462,#457);
#449=SHAPE_REPRESENTATION_RELATIONSHIP('SRR','None',#15463,#458);
#450=SHAPE_REPRESENTATION_RELATIONSHIP('SRR','None',#15464,#459);
#451=SHAPE_REPRESENTATION_RELATIONSHIP('SRR','None',#15456,#460);
#452=ADVANCED_BREP_SHAPE_REPRESENTATION('',(#471),#15417);
#453=ADVANCED_BREP_SHAPE_REPRESENTATION('',(#472),#15418);
#454=ADVANCED_BREP_SHAPE_REPRESENTATION('',(#473,#474),#15419);
#455=ADVANCED_BREP_SHAPE_REPRESENTATION('',(#475),#15420);
#456=ADVANCED_BREP_SHAPE_REPRESENTATION('',(#476),#15421);
#457=ADVANCED_BREP_SHAPE_REPRESENTATION('',(#477),#15422);
#458=ADVANCED_BREP_SHAPE_REPRESENTATION('',(#478),#15423);
#459=ADVANCED_BREP_SHAPE_REPRESENTATION('',(#479),#15424);
#460=ADVANCED_BREP_SHAPE_REPRESENTATION('',(#480),#15416);
#461=STYLED_ITEM('',(#15507),#471);
#462=STYLED_ITEM('',(#15507),#472);
#463=STYLED_ITEM('',(#15508),#473);
#464=STYLED_ITEM('',(#15508),#474);
#465=STYLED_ITEM('',(#15508),#475);
#466=STYLED_ITEM('',(#15508),#476);
#467=STYLED_ITEM('',(#15507),#477);
#468=STYLED_ITEM('',(#15507),#478);
#469=STYLED_ITEM('',(#15508),#479);
#470=STYLED_ITEM('',(#15506),#480);
#471=MANIFOLD_SOLID_BREP('Body1',#7605);
#472=MANIFOLD_SOLID_BREP('Body1',#7606);
#473=MANIFOLD_SOLID_BREP('Body1',#7607);
#474=MANIFOLD_SOLID_BREP('Body2',#7608);
#475=MANIFOLD_SOLID_BREP('Body1',#7609);
#476=MANIFOLD_SOLID_BREP('Body1',#7610);
#477=MANIFOLD_SOLID_BREP('Body1',#7611);
#478=MANIFOLD_SOLID_BREP('Body1',#7612);
#479=MANIFOLD_SOLID_BREP('Body1',#7613);
#480=MANIFOLD_SOLID_BREP('Top_Case',#7614);
#481=PLANE('',#7706);
#482=PLANE('',#7707);
#483=PLANE('',#7708);
#484=PLANE('',#7709);
#485=PLANE('',#7710);
#486=PLANE('',#7711);
#487=PLANE('',#7712);
#488=PLANE('',#7713);
#489=PLANE('',#7715);
#490=PLANE('',#7716);
#491=PLANE('',#7717);
#492=PLANE('',#7718);
#493=PLANE('',#7720);
#494=PLANE('',#7721);
#495=PLANE('',#7722);
#496=PLANE('',#7723);
#497=PLANE('',#7728);
#498=PLANE('',#7729);
#499=PLANE('',#7730);
#500=PLANE('',#7731);
#501=PLANE('',#7732);
#502=PLANE('',#7733);
#503=PLANE('',#7734);
#504=PLANE('',#7736);
#505=PLANE('',#7737);
#506=PLANE('',#7738);
#507=PLANE('',#7740);
#508=PLANE('',#7741);
#509=PLANE('',#7742);
#510=PLANE('',#7743);
#511=PLANE('',#7750);
#512=PLANE('',#7751);
#513=PLANE('',#7753);
#514=PLANE('',#7754);
#515=PLANE('',#7755);
#516=PLANE('',#7756);
#517=PLANE('',#7758);
#518=PLANE('',#7759);
#519=PLANE('',#7760);
#520=PLANE('',#7761);
#521=PLANE('',#7765);
#522=PLANE('',#7767);
#523=PLANE('',#7838);
#524=PLANE('',#7885);
#525=PLANE('',#7886);
#526=PLANE('',#7908);
#527=PLANE('',#7910);
#528=PLANE('',#7932);
#529=PLANE('',#7934);
#530=PLANE('',#7956);
#531=PLANE('',#7958);
#532=PLANE('',#7980);
#533=PLANE('',#7982);
#534=PLANE('',#8004);
#535=PLANE('',#8006);
#536=PLANE('',#8028);
#537=PLANE('',#8030);
#538=PLANE('',#8052);
#539=PLANE('',#8054);
#540=PLANE('',#8076);
#541=PLANE('',#8078);
#542=PLANE('',#8100);
#543=PLANE('',#8102);
#544=PLANE('',#8107);
#545=PLANE('',#8109);
#546=PLANE('',#8111);
#547=PLANE('',#8113);
#548=PLANE('',#8115);
#549=PLANE('',#8117);
#550=PLANE('',#8119);
#551=PLANE('',#8121);
#552=PLANE('',#8123);
#553=PLANE('',#8125);
#554=PLANE('',#8127);
#555=PLANE('',#8129);
#556=PLANE('',#8131);
#557=PLANE('',#8133);
#558=PLANE('',#8135);
#559=PLANE('',#8137);
#560=PLANE('',#8139);
#561=PLANE('',#8141);
#562=PLANE('',#8143);
#563=PLANE('',#8144);
#564=FACE_OUTER_BOUND('',#988,.T.);
#565=FACE_OUTER_BOUND('',#989,.T.);
#566=FACE_OUTER_BOUND('',#990,.T.);
#567=FACE_OUTER_BOUND('',#991,.T.);
#568=FACE_OUTER_BOUND('',#992,.T.);
#569=FACE_OUTER_BOUND('',#993,.T.);
#570=FACE_OUTER_BOUND('',#994,.T.);
#571=FACE_OUTER_BOUND('',#995,.T.);
#572=FACE_OUTER_BOUND('',#996,.T.);
#573=FACE_OUTER_BOUND('',#997,.T.);
#574=FACE_OUTER_BOUND('',#998,.T.);
#575=FACE_OUTER_BOUND('',#999,.T.);
#576=FACE_OUTER_BOUND('',#1000,.T.);
#577=FACE_OUTER_BOUND('',#1001,.T.);
#578=FACE_OUTER_BOUND('',#1002,.T.);
#579=FACE_OUTER_BOUND('',#1003,.T.);
#580=FACE_OUTER_BOUND('',#1004,.T.);
#581=FACE_OUTER_BOUND('',#1005,.T.);
#582=FACE_OUTER_BOUND('',#1006,.T.);
#583=FACE_OUTER_BOUND('',#1007,.T.);
#584=FACE_OUTER_BOUND('',#1008,.T.);
#585=FACE_OUTER_BOUND('',#1009,.T.);
#586=FACE_OUTER_BOUND('',#1010,.T.);
#587=FACE_OUTER_BOUND('',#1011,.T.);
#588=FACE_OUTER_BOUND('',#1012,.T.);
#589=FACE_OUTER_BOUND('',#1013,.T.);
#590=FACE_OUTER_BOUND('',#1014,.T.);
#591=FACE_OUTER_BOUND('',#1015,.T.);
#592=FACE_OUTER_BOUND('',#1016,.T.);
#593=FACE_OUTER_BOUND('',#1017,.T.);
#594=FACE_OUTER_BOUND('',#1018,.T.);
#595=FACE_OUTER_BOUND('',#1019,.T.);
#596=FACE_OUTER_BOUND('',#1020,.T.);
#597=FACE_OUTER_BOUND('',#1021,.T.);
#598=FACE_OUTER_BOUND('',#1022,.T.);
#599=FACE_OUTER_BOUND('',#1023,.T.);
#600=FACE_OUTER_BOUND('',#1024,.T.);
#601=FACE_OUTER_BOUND('',#1025,.T.);
#602=FACE_OUTER_BOUND('',#1026,.T.);
#603=FACE_OUTER_BOUND('',#1027,.T.);
#604=FACE_OUTER_BOUND('',#1028,.T.);
#605=FACE_OUTER_BOUND('',#1029,.T.);
#606=FACE_OUTER_BOUND('',#1030,.T.);
#607=FACE_OUTER_BOUND('',#1031,.T.);
#608=FACE_OUTER_BOUND('',#1033,.T.);
#609=FACE_OUTER_BOUND('',#1035,.T.);
#610=FACE_OUTER_BOUND('',#1036,.T.);
#611=FACE_OUTER_BOUND('',#1037,.T.);
#612=FACE_OUTER_BOUND('',#1038,.T.);
#613=FACE_OUTER_BOUND('',#1039,.T.);
#614=FACE_OUTER_BOUND('',#1040,.T.);
#615=FACE_OUTER_BOUND('',#1041,.T.);
#616=FACE_OUTER_BOUND('',#1042,.T.);
#617=FACE_OUTER_BOUND('',#1043,.T.);
#618=FACE_OUTER_BOUND('',#1044,.T.);
#619=FACE_OUTER_BOUND('',#1045,.T.);
#620=FACE_OUTER_BOUND('',#1046,.T.);
#621=FACE_OUTER_BOUND('',#1047,.T.);
#622=FACE_OUTER_BOUND('',#1048,.T.);
#623=FACE_OUTER_BOUND('',#1049,.T.);
#624=FACE_OUTER_BOUND('',#1050,.T.);
#625=FACE_OUTER_BOUND('',#1051,.T.);
#626=FACE_OUTER_BOUND('',#1052,.T.);
#627=FACE_OUTER_BOUND('',#1053,.T.);
#628=FACE_OUTER_BOUND('',#1054,.T.);
#629=FACE_OUTER_BOUND('',#1055,.T.);
#630=FACE_OUTER_BOUND('',#1056,.T.);
#631=FACE_OUTER_BOUND('',#1057,.T.);
#632=FACE_OUTER_BOUND('',#1058,.T.);
#633=FACE_OUTER_BOUND('',#1059,.T.);
#634=FACE_OUTER_BOUND('',#1060,.T.);
#635=FACE_OUTER_BOUND('',#1061,.T.);
#636=FACE_OUTER_BOUND('',#1062,.T.);
#637=FACE_OUTER_BOUND('',#1063,.T.);
#638=FACE_OUTER_BOUND('',#1064,.T.);
#639=FACE_OUTER_BOUND('',#1065,.T.);
#640=FACE_OUTER_BOUND('',#1066,.T.);
#641=FACE_OUTER_BOUND('',#1067,.T.);
#642=FACE_OUTER_BOUND('',#1068,.T.);
#643=FACE_OUTER_BOUND('',#1069,.T.);
#644=FACE_OUTER_BOUND('',#1070,.T.);
#645=FACE_OUTER_BOUND('',#1071,.T.);
#646=FACE_OUTER_BOUND('',#1072,.T.);
#647=FACE_OUTER_BOUND('',#1073,.T.);
#648=FACE_OUTER_BOUND('',#1074,.T.);
#649=FACE_OUTER_BOUND('',#1075,.T.);
#650=FACE_OUTER_BOUND('',#1076,.T.);
#651=FACE_OUTER_BOUND('',#1077,.T.);
#652=FACE_OUTER_BOUND('',#1078,.T.);
#653=FACE_OUTER_BOUND('',#1079,.T.);
#654=FACE_OUTER_BOUND('',#1080,.T.);
#655=FACE_OUTER_BOUND('',#1081,.T.);
#656=FACE_OUTER_BOUND('',#1082,.T.);
#657=FACE_OUTER_BOUND('',#1083,.T.);
#658=FACE_OUTER_BOUND('',#1084,.T.);
#659=FACE_OUTER_BOUND('',#1085,.T.);
#660=FACE_OUTER_BOUND('',#1086,.T.);
#661=FACE_OUTER_BOUND('',#1087,.T.);
#662=FACE_OUTER_BOUND('',#1088,.T.);
#663=FACE_OUTER_BOUND('',#1089,.T.);
#664=FACE_OUTER_BOUND('',#1090,.T.);
#665=FACE_OUTER_BOUND('',#1091,.T.);
#666=FACE_OUTER_BOUND('',#1092,.T.);
#667=FACE_OUTER_BOUND('',#1093,.T.);
#668=FACE_OUTER_BOUND('',#1094,.T.);
#669=FACE_OUTER_BOUND('',#1095,.T.);
#670=FACE_OUTER_BOUND('',#1096,.T.);
#671=FACE_OUTER_BOUND('',#1097,.T.);
#672=FACE_OUTER_BOUND('',#1098,.T.);
#673=FACE_OUTER_BOUND('',#1099,.T.);
#674=FACE_OUTER_BOUND('',#1100,.T.);
#675=FACE_OUTER_BOUND('',#1101,.T.);
#676=FACE_OUTER_BOUND('',#1102,.T.);
#677=FACE_OUTER_BOUND('',#1103,.T.);
#678=FACE_OUTER_BOUND('',#1104,.T.);
#679=FACE_OUTER_BOUND('',#1105,.T.);
#680=FACE_OUTER_BOUND('',#1106,.T.);
#681=FACE_OUTER_BOUND('',#1107,.T.);
#682=FACE_OUTER_BOUND('',#1108,.T.);
#683=FACE_OUTER_BOUND('',#1109,.T.);
#684=FACE_OUTER_BOUND('',#1110,.T.);
#685=FACE_OUTER_BOUND('',#1111,.T.);
#686=FACE_OUTER_BOUND('',#1112,.T.);
#687=FACE_OUTER_BOUND('',#1113,.T.);
#688=FACE_OUTER_BOUND('',#1114,.T.);
#689=FACE_OUTER_BOUND('',#1115,.T.);
#690=FACE_OUTER_BOUND('',#1116,.T.);
#691=FACE_OUTER_BOUND('',#1117,.T.);
#692=FACE_OUTER_BOUND('',#1118,.T.);
#693=FACE_OUTER_BOUND('',#1119,.T.);
#694=FACE_OUTER_BOUND('',#1120,.T.);
#695=FACE_OUTER_BOUND('',#1121,.T.);
#696=FACE_OUTER_BOUND('',#1122,.T.);
#697=FACE_OUTER_BOUND('',#1123,.T.);
#698=FACE_OUTER_BOUND('',#1124,.T.);
#699=FACE_OUTER_BOUND('',#1125,.T.);
#700=FACE_OUTER_BOUND('',#1126,.T.);
#701=FACE_OUTER_BOUND('',#1127,.T.);
#702=FACE_OUTER_BOUND('',#1136,.T.);
#703=FACE_OUTER_BOUND('',#1145,.T.);
#704=FACE_OUTER_BOUND('',#1146,.T.);
#705=FACE_OUTER_BOUND('',#1147,.T.);
#706=FACE_OUTER_BOUND('',#1148,.T.);
#707=FACE_OUTER_BOUND('',#1149,.T.);
#708=FACE_OUTER_BOUND('',#1150,.T.);
#709=FACE_OUTER_BOUND('',#1151,.T.);
#710=FACE_OUTER_BOUND('',#1152,.T.);
#711=FACE_OUTER_BOUND('',#1153,.T.);
#712=FACE_OUTER_BOUND('',#1154,.T.);
#713=FACE_OUTER_BOUND('',#1155,.T.);
#714=FACE_OUTER_BOUND('',#1156,.T.);
#715=FACE_OUTER_BOUND('',#1157,.T.);
#716=FACE_OUTER_BOUND('',#1158,.T.);
#717=FACE_OUTER_BOUND('',#1159,.T.);
#718=FACE_OUTER_BOUND('',#1160,.T.);
#719=FACE_OUTER_BOUND('',#1161,.T.);
#720=FACE_OUTER_BOUND('',#1162,.T.);
#721=FACE_OUTER_BOUND('',#1163,.T.);
#722=FACE_OUTER_BOUND('',#1164,.T.);
#723=FACE_OUTER_BOUND('',#1165,.T.);
#724=FACE_OUTER_BOUND('',#1166,.T.);
#725=FACE_OUTER_BOUND('',#1167,.T.);
#726=FACE_OUTER_BOUND('',#1168,.T.);
#727=FACE_OUTER_BOUND('',#1169,.T.);
#728=FACE_OUTER_BOUND('',#1170,.T.);
#729=FACE_OUTER_BOUND('',#1171,.T.);
#730=FACE_OUTER_BOUND('',#1172,.T.);
#731=FACE_OUTER_BOUND('',#1173,.T.);
#732=FACE_OUTER_BOUND('',#1174,.T.);
#733=FACE_OUTER_BOUND('',#1175,.T.);
#734=FACE_OUTER_BOUND('',#1176,.T.);
#735=FACE_OUTER_BOUND('',#1177,.T.);
#736=FACE_OUTER_BOUND('',#1178,.T.);
#737=FACE_OUTER_BOUND('',#1179,.T.);
#738=FACE_OUTER_BOUND('',#1180,.T.);
#739=FACE_OUTER_BOUND('',#1181,.T.);
#740=FACE_OUTER_BOUND('',#1182,.T.);
#741=FACE_OUTER_BOUND('',#1183,.T.);
#742=FACE_OUTER_BOUND('',#1184,.T.);
#743=FACE_OUTER_BOUND('',#1185,.T.);
#744=FACE_OUTER_BOUND('',#1186,.T.);
#745=FACE_OUTER_BOUND('',#1187,.T.);
#746=FACE_OUTER_BOUND('',#1188,.T.);
#747=FACE_OUTER_BOUND('',#1189,.T.);
#748=FACE_OUTER_BOUND('',#1190,.T.);
#749=FACE_OUTER_BOUND('',#1191,.T.);
#750=FACE_OUTER_BOUND('',#1192,.T.);
#751=FACE_OUTER_BOUND('',#1193,.T.);
#752=FACE_OUTER_BOUND('',#1194,.T.);
#753=FACE_OUTER_BOUND('',#1195,.T.);
#754=FACE_OUTER_BOUND('',#1196,.T.);
#755=FACE_OUTER_BOUND('',#1197,.T.);
#756=FACE_OUTER_BOUND('',#1198,.T.);
#757=FACE_OUTER_BOUND('',#1199,.T.);
#758=FACE_OUTER_BOUND('',#1200,.T.);
#759=FACE_OUTER_BOUND('',#1201,.T.);
#760=FACE_OUTER_BOUND('',#1202,.T.);
#761=FACE_OUTER_BOUND('',#1203,.T.);
#762=FACE_OUTER_BOUND('',#1204,.T.);
#763=FACE_OUTER_BOUND('',#1205,.T.);
#764=FACE_OUTER_BOUND('',#1206,.T.);
#765=FACE_OUTER_BOUND('',#1207,.T.);
#766=FACE_OUTER_BOUND('',#1208,.T.);
#767=FACE_OUTER_BOUND('',#1209,.T.);
#768=FACE_OUTER_BOUND('',#1210,.T.);
#769=FACE_OUTER_BOUND('',#1211,.T.);
#770=FACE_OUTER_BOUND('',#1212,.T.);
#771=FACE_OUTER_BOUND('',#1213,.T.);
#772=FACE_OUTER_BOUND('',#1214,.T.);
#773=FACE_OUTER_BOUND('',#1215,.T.);
#774=FACE_OUTER_BOUND('',#1216,.T.);
#775=FACE_OUTER_BOUND('',#1217,.T.);
#776=FACE_OUTER_BOUND('',#1218,.T.);
#777=FACE_OUTER_BOUND('',#1219,.T.);
#778=FACE_OUTER_BOUND('',#1220,.T.);
#779=FACE_OUTER_BOUND('',#1221,.T.);
#780=FACE_OUTER_BOUND('',#1222,.T.);
#781=FACE_OUTER_BOUND('',#1227,.T.);
#782=FACE_OUTER_BOUND('',#1232,.T.);
#783=FACE_OUTER_BOUND('',#1233,.T.);
#784=FACE_OUTER_BOUND('',#1234,.T.);
#785=FACE_OUTER_BOUND('',#1235,.T.);
#786=FACE_OUTER_BOUND('',#1236,.T.);
#787=FACE_OUTER_BOUND('',#1237,.T.);
#788=FACE_OUTER_BOUND('',#1238,.T.);
#789=FACE_OUTER_BOUND('',#1239,.T.);
#790=FACE_OUTER_BOUND('',#1240,.T.);
#791=FACE_OUTER_BOUND('',#1241,.T.);
#792=FACE_OUTER_BOUND('',#1242,.T.);
#793=FACE_OUTER_BOUND('',#1243,.T.);
#794=FACE_OUTER_BOUND('',#1244,.T.);
#795=FACE_OUTER_BOUND('',#1245,.T.);
#796=FACE_OUTER_BOUND('',#1246,.T.);
#797=FACE_OUTER_BOUND('',#1247,.T.);
#798=FACE_OUTER_BOUND('',#1248,.T.);
#799=FACE_OUTER_BOUND('',#1249,.T.);
#800=FACE_OUTER_BOUND('',#1250,.T.);
#801=FACE_OUTER_BOUND('',#1251,.T.);
#802=FACE_OUTER_BOUND('',#1266,.T.);
#803=FACE_OUTER_BOUND('',#1267,.T.);
#804=FACE_OUTER_BOUND('',#1268,.T.);
#805=FACE_OUTER_BOUND('',#1269,.T.);
#806=FACE_OUTER_BOUND('',#1270,.T.);
#807=FACE_OUTER_BOUND('',#1271,.T.);
#808=FACE_OUTER_BOUND('',#1272,.T.);
#809=FACE_OUTER_BOUND('',#1273,.T.);
#810=FACE_OUTER_BOUND('',#1274,.T.);
#811=FACE_OUTER_BOUND('',#1275,.T.);
#812=FACE_OUTER_BOUND('',#1276,.T.);
#813=FACE_OUTER_BOUND('',#1277,.T.);
#814=FACE_OUTER_BOUND('',#1278,.T.);
#815=FACE_OUTER_BOUND('',#1279,.T.);
#816=FACE_OUTER_BOUND('',#1280,.T.);
#817=FACE_OUTER_BOUND('',#1281,.T.);
#818=FACE_OUTER_BOUND('',#1282,.T.);
#819=FACE_OUTER_BOUND('',#1283,.T.);
#820=FACE_OUTER_BOUND('',#1284,.T.);
#821=FACE_OUTER_BOUND('',#1285,.T.);
#822=FACE_OUTER_BOUND('',#1286,.T.);
#823=FACE_OUTER_BOUND('',#1287,.T.);
#824=FACE_OUTER_BOUND('',#1288,.T.);
#825=FACE_OUTER_BOUND('',#1289,.T.);
#826=FACE_OUTER_BOUND('',#1290,.T.);
#827=FACE_OUTER_BOUND('',#1291,.T.);
#828=FACE_OUTER_BOUND('',#1292,.T.);
#829=FACE_OUTER_BOUND('',#1293,.T.);
#830=FACE_OUTER_BOUND('',#1305,.T.);
#831=FACE_OUTER_BOUND('',#1306,.T.);
#832=FACE_OUTER_BOUND('',#1307,.T.);
#833=FACE_OUTER_BOUND('',#1308,.T.);
#834=FACE_OUTER_BOUND('',#1309,.T.);
#835=FACE_OUTER_BOUND('',#1310,.T.);
#836=FACE_OUTER_BOUND('',#1311,.T.);
#837=FACE_OUTER_BOUND('',#1312,.T.);
#838=FACE_OUTER_BOUND('',#1313,.T.);
#839=FACE_OUTER_BOUND('',#1314,.T.);
#840=FACE_OUTER_BOUND('',#1315,.T.);
#841=FACE_OUTER_BOUND('',#1316,.T.);
#842=FACE_OUTER_BOUND('',#1317,.T.);
#843=FACE_OUTER_BOUND('',#1318,.T.);
#844=FACE_OUTER_BOUND('',#1319,.T.);
#845=FACE_OUTER_BOUND('',#1320,.T.);
#846=FACE_OUTER_BOUND('',#1321,.T.);
#847=FACE_OUTER_BOUND('',#1322,.T.);
#848=FACE_OUTER_BOUND('',#1323,.T.);
#849=FACE_OUTER_BOUND('',#1324,.T.);
#850=FACE_OUTER_BOUND('',#1325,.T.);
#851=FACE_OUTER_BOUND('',#1326,.T.);
#852=FACE_OUTER_BOUND('',#1327,.T.);
#853=FACE_OUTER_BOUND('',#1328,.T.);
#854=FACE_OUTER_BOUND('',#1329,.T.);
#855=FACE_OUTER_BOUND('',#1330,.T.);
#856=FACE_OUTER_BOUND('',#1331,.T.);
#857=FACE_OUTER_BOUND('',#1332,.T.);
#858=FACE_OUTER_BOUND('',#1333,.T.);
#859=FACE_OUTER_BOUND('',#1334,.T.);
#860=FACE_OUTER_BOUND('',#1335,.T.);
#861=FACE_OUTER_BOUND('',#1336,.T.);
#862=FACE_OUTER_BOUND('',#1337,.T.);
#863=FACE_OUTER_BOUND('',#1338,.T.);
#864=FACE_OUTER_BOUND('',#1339,.T.);
#865=FACE_OUTER_BOUND('',#1340,.T.);
#866=FACE_OUTER_BOUND('',#1341,.T.);
#867=FACE_OUTER_BOUND('',#1342,.T.);
#868=FACE_OUTER_BOUND('',#1343,.T.);
#869=FACE_OUTER_BOUND('',#1344,.T.);
#870=FACE_OUTER_BOUND('',#1345,.T.);
#871=FACE_OUTER_BOUND('',#1346,.T.);
#872=FACE_OUTER_BOUND('',#1347,.T.);
#873=FACE_OUTER_BOUND('',#1348,.T.);
#874=FACE_OUTER_BOUND('',#1349,.T.);
#875=FACE_OUTER_BOUND('',#1350,.T.);
#876=FACE_OUTER_BOUND('',#1351,.T.);
#877=FACE_OUTER_BOUND('',#1352,.T.);
#878=FACE_OUTER_BOUND('',#1353,.T.);
#879=FACE_OUTER_BOUND('',#1354,.T.);
#880=FACE_OUTER_BOUND('',#1355,.T.);
#881=FACE_OUTER_BOUND('',#1356,.T.);
#882=FACE_OUTER_BOUND('',#1357,.T.);
#883=FACE_OUTER_BOUND('',#1358,.T.);
#884=FACE_OUTER_BOUND('',#1359,.T.);
#885=FACE_OUTER_BOUND('',#1360,.T.);
#886=FACE_OUTER_BOUND('',#1361,.T.);
#887=FACE_OUTER_BOUND('',#1362,.T.);
#888=FACE_OUTER_BOUND('',#1363,.T.);
#889=FACE_OUTER_BOUND('',#1364,.T.);
#890=FACE_OUTER_BOUND('',#1365,.T.);
#891=FACE_OUTER_BOUND('',#1366,.T.);
#892=FACE_OUTER_BOUND('',#1367,.T.);
#893=FACE_OUTER_BOUND('',#1368,.T.);
#894=FACE_OUTER_BOUND('',#1369,.T.);
#895=FACE_OUTER_BOUND('',#1370,.T.);
#896=FACE_OUTER_BOUND('',#1371,.T.);
#897=FACE_OUTER_BOUND('',#1372,.T.);
#898=FACE_OUTER_BOUND('',#1373,.T.);
#899=FACE_OUTER_BOUND('',#1374,.T.);
#900=FACE_OUTER_BOUND('',#1375,.T.);
#901=FACE_OUTER_BOUND('',#1376,.T.);
#902=FACE_OUTER_BOUND('',#1377,.T.);
#903=FACE_OUTER_BOUND('',#1378,.T.);
#904=FACE_OUTER_BOUND('',#1379,.T.);
#905=FACE_OUTER_BOUND('',#1380,.T.);
#906=FACE_OUTER_BOUND('',#1381,.T.);
#907=FACE_OUTER_BOUND('',#1382,.T.);
#908=FACE_OUTER_BOUND('',#1383,.T.);
#909=FACE_OUTER_BOUND('',#1384,.T.);
#910=FACE_OUTER_BOUND('',#1385,.T.);
#911=FACE_OUTER_BOUND('',#1386,.T.);
#912=FACE_OUTER_BOUND('',#1387,.T.);
#913=FACE_OUTER_BOUND('',#1388,.T.);
#914=FACE_OUTER_BOUND('',#1389,.T.);
#915=FACE_OUTER_BOUND('',#1390,.T.);
#916=FACE_OUTER_BOUND('',#1391,.T.);
#917=FACE_OUTER_BOUND('',#1392,.T.);
#918=FACE_OUTER_BOUND('',#1393,.T.);
#919=FACE_OUTER_BOUND('',#1394,.T.);
#920=FACE_OUTER_BOUND('',#1395,.T.);
#921=FACE_OUTER_BOUND('',#1396,.T.);
#922=FACE_OUTER_BOUND('',#1397,.T.);
#923=FACE_OUTER_BOUND('',#1398,.T.);
#924=FACE_OUTER_BOUND('',#1399,.T.);
#925=FACE_OUTER_BOUND('',#1400,.T.);
#926=FACE_OUTER_BOUND('',#1401,.T.);
#927=FACE_OUTER_BOUND('',#1402,.T.);
#928=FACE_OUTER_BOUND('',#1403,.T.);
#929=FACE_OUTER_BOUND('',#1404,.T.);
#930=FACE_OUTER_BOUND('',#1405,.T.);
#931=FACE_OUTER_BOUND('',#1406,.T.);
#932=FACE_OUTER_BOUND('',#1407,.T.);
#933=FACE_OUTER_BOUND('',#1408,.T.);
#934=FACE_OUTER_BOUND('',#1409,.T.);
#935=FACE_OUTER_BOUND('',#1410,.T.);
#936=FACE_OUTER_BOUND('',#1411,.T.);
#937=FACE_OUTER_BOUND('',#1412,.T.);
#938=FACE_OUTER_BOUND('',#1413,.T.);
#939=FACE_OUTER_BOUND('',#1414,.T.);
#940=FACE_OUTER_BOUND('',#1415,.T.);
#941=FACE_OUTER_BOUND('',#1416,.T.);
#942=FACE_OUTER_BOUND('',#1417,.T.);
#943=FACE_OUTER_BOUND('',#1418,.T.);
#944=FACE_OUTER_BOUND('',#1419,.T.);
#945=FACE_OUTER_BOUND('',#1420,.T.);
#946=FACE_OUTER_BOUND('',#1421,.T.);
#947=FACE_OUTER_BOUND('',#1422,.T.);
#948=FACE_OUTER_BOUND('',#1423,.T.);
#949=FACE_OUTER_BOUND('',#1424,.T.);
#950=FACE_OUTER_BOUND('',#1425,.T.);
#951=FACE_OUTER_BOUND('',#1426,.T.);
#952=FACE_OUTER_BOUND('',#1427,.T.);
#953=FACE_OUTER_BOUND('',#1428,.T.);
#954=FACE_OUTER_BOUND('',#1429,.T.);
#955=FACE_OUTER_BOUND('',#1430,.T.);
#956=FACE_OUTER_BOUND('',#1431,.T.);
#957=FACE_OUTER_BOUND('',#1432,.T.);
#958=FACE_OUTER_BOUND('',#1433,.T.);
#959=FACE_OUTER_BOUND('',#1434,.T.);
#960=FACE_OUTER_BOUND('',#1435,.T.);
#961=FACE_OUTER_BOUND('',#1436,.T.);
#962=FACE_OUTER_BOUND('',#1437,.T.);
#963=FACE_OUTER_BOUND('',#1438,.T.);
#964=FACE_OUTER_BOUND('',#1439,.T.);
#965=FACE_OUTER_BOUND('',#1440,.T.);
#966=FACE_OUTER_BOUND('',#1441,.T.);
#967=FACE_OUTER_BOUND('',#1442,.T.);
#968=FACE_OUTER_BOUND('',#1443,.T.);
#969=FACE_OUTER_BOUND('',#1444,.T.);
#970=FACE_OUTER_BOUND('',#1445,.T.);
#971=FACE_OUTER_BOUND('',#1446,.T.);
#972=FACE_OUTER_BOUND('',#1447,.T.);
#973=FACE_OUTER_BOUND('',#1448,.T.);
#974=FACE_OUTER_BOUND('',#1449,.T.);
#975=FACE_OUTER_BOUND('',#1450,.T.);
#976=FACE_OUTER_BOUND('',#1451,.T.);
#977=FACE_OUTER_BOUND('',#1452,.T.);
#978=FACE_OUTER_BOUND('',#1453,.T.);
#979=FACE_OUTER_BOUND('',#1454,.T.);
#980=FACE_OUTER_BOUND('',#1455,.T.);
#981=FACE_OUTER_BOUND('',#1456,.T.);
#982=FACE_OUTER_BOUND('',#1457,.T.);
#983=FACE_OUTER_BOUND('',#1458,.T.);
#984=FACE_OUTER_BOUND('',#1459,.T.);
#985=FACE_OUTER_BOUND('',#1460,.T.);
#986=FACE_OUTER_BOUND('',#1461,.T.);
#987=FACE_OUTER_BOUND('',#1462,.T.);
#988=EDGE_LOOP('',(#4700,#4701,#4702,#4703));
#989=EDGE_LOOP('',(#4704,#4705,#4706,#4707));
#990=EDGE_LOOP('',(#4708,#4709,#4710,#4711));
#991=EDGE_LOOP('',(#4712,#4713,#4714,#4715));
#992=EDGE_LOOP('',(#4716,#4717,#4718,#4719));
#993=EDGE_LOOP('',(#4720,#4721,#4722,#4723));
#994=EDGE_LOOP('',(#4724,#4725,#4726,#4727));
#995=EDGE_LOOP('',(#4728,#4729,#4730,#4731));
#996=EDGE_LOOP('',(#4732,#4733,#4734,#4735));
#997=EDGE_LOOP('',(#4736,#4737,#4738,#4739));
#998=EDGE_LOOP('',(#4740,#4741,#4742,#4743));
#999=EDGE_LOOP('',(#4744,#4745,#4746,#4747));
#1000=EDGE_LOOP('',(#4748,#4749,#4750,#4751));
#1001=EDGE_LOOP('',(#4752,#4753,#4754,#4755));
#1002=EDGE_LOOP('',(#4756,#4757,#4758,#4759));
#1003=EDGE_LOOP('',(#4760,#4761,#4762,#4763));
#1004=EDGE_LOOP('',(#4764,#4765,#4766,#4767));
#1005=EDGE_LOOP('',(#4768,#4769,#4770,#4771));
#1006=EDGE_LOOP('',(#4772,#4773,#4774,#4775));
#1007=EDGE_LOOP('',(#4776,#4777,#4778,#4779));
#1008=EDGE_LOOP('',(#4780,#4781,#4782,#4783));
#1009=EDGE_LOOP('',(#4784,#4785,#4786,#4787));
#1010=EDGE_LOOP('',(#4788,#4789,#4790,#4791));
#1011=EDGE_LOOP('',(#4792,#4793,#4794,#4795,#4796,#4797,#4798,#4799,#4800,
#4801,#4802,#4803,#4804,#4805,#4806,#4807,#4808,#4809,#4810,#4811,#4812,
#4813,#4814));
#1012=EDGE_LOOP('',(#4815,#4816,#4817,#4818,#4819,#4820,#4821,#4822,#4823,
#4824,#4825,#4826,#4827,#4828,#4829,#4830,#4831,#4832,#4833,#4834,#4835,
#4836,#4837));
#1013=EDGE_LOOP('',(#4838,#4839,#4840,#4841));
#1014=EDGE_LOOP('',(#4842,#4843,#4844,#4845));
#1015=EDGE_LOOP('',(#4846,#4847,#4848,#4849));
#1016=EDGE_LOOP('',(#4850,#4851,#4852,#4853));
#1017=EDGE_LOOP('',(#4854,#4855,#4856,#4857));
#1018=EDGE_LOOP('',(#4858,#4859,#4860,#4861));
#1019=EDGE_LOOP('',(#4862,#4863,#4864,#4865));
#1020=EDGE_LOOP('',(#4866,#4867,#4868,#4869));
#1021=EDGE_LOOP('',(#4870,#4871,#4872,#4873));
#1022=EDGE_LOOP('',(#4874,#4875,#4876,#4877));
#1023=EDGE_LOOP('',(#4878,#4879,#4880,#4881));
#1024=EDGE_LOOP('',(#4882,#4883,#4884,#4885));
#1025=EDGE_LOOP('',(#4886,#4887,#4888,#4889));
#1026=EDGE_LOOP('',(#4890,#4891,#4892,#4893));
#1027=EDGE_LOOP('',(#4894,#4895,#4896,#4897));
#1028=EDGE_LOOP('',(#4898,#4899,#4900,#4901));
#1029=EDGE_LOOP('',(#4902,#4903,#4904,#4905));
#1030=EDGE_LOOP('',(#4906,#4907,#4908,#4909));
#1031=EDGE_LOOP('',(#4910,#4911,#4912,#4913,#4914,#4915,#4916,#4917,#4918,
#4919,#4920,#4921,#4922,#4923));
#1032=EDGE_LOOP('',(#4924,#4925,#4926,#4927));
#1033=EDGE_LOOP('',(#4928,#4929,#4930,#4931,#4932,#4933,#4934,#4935,#4936,
#4937,#4938,#4939,#4940,#4941));
#1034=EDGE_LOOP('',(#4942,#4943,#4944,#4945));
#1035=EDGE_LOOP('',(#4946,#4947,#4948,#4949));
#1036=EDGE_LOOP('',(#4950,#4951,#4952,#4953));
#1037=EDGE_LOOP('',(#4954,#4955,#4956,#4957));
#1038=EDGE_LOOP('',(#4958,#4959,#4960,#4961));
#1039=EDGE_LOOP('',(#4962,#4963,#4964,#4965));
#1040=EDGE_LOOP('',(#4966,#4967,#4968,#4969));
#1041=EDGE_LOOP('',(#4970,#4971,#4972,#4973));
#1042=EDGE_LOOP('',(#4974,#4975,#4976,#4977));
#1043=EDGE_LOOP('',(#4978,#4979,#4980,#4981));
#1044=EDGE_LOOP('',(#4982,#4983,#4984,#4985));
#1045=EDGE_LOOP('',(#4986,#4987,#4988,#4989));
#1046=EDGE_LOOP('',(#4990,#4991,#4992,#4993));
#1047=EDGE_LOOP('',(#4994,#4995,#4996,#4997));
#1048=EDGE_LOOP('',(#4998,#4999,#5000,#5001));
#1049=EDGE_LOOP('',(#5002,#5003,#5004,#5005));
#1050=EDGE_LOOP('',(#5006,#5007,#5008,#5009));
#1051=EDGE_LOOP('',(#5010,#5011,#5012,#5013));
#1052=EDGE_LOOP('',(#5014,#5015,#5016,#5017));
#1053=EDGE_LOOP('',(#5018,#5019,#5020,#5021));
#1054=EDGE_LOOP('',(#5022,#5023,#5024,#5025));
#1055=EDGE_LOOP('',(#5026,#5027,#5028,#5029));
#1056=EDGE_LOOP('',(#5030,#5031,#5032,#5033));
#1057=EDGE_LOOP('',(#5034,#5035,#5036,#5037));
#1058=EDGE_LOOP('',(#5038,#5039,#5040,#5041));
#1059=EDGE_LOOP('',(#5042,#5043,#5044,#5045));
#1060=EDGE_LOOP('',(#5046,#5047,#5048,#5049));
#1061=EDGE_LOOP('',(#5050,#5051,#5052,#5053));
#1062=EDGE_LOOP('',(#5054,#5055,#5056,#5057));
#1063=EDGE_LOOP('',(#5058,#5059,#5060,#5061));
#1064=EDGE_LOOP('',(#5062,#5063,#5064,#5065));
#1065=EDGE_LOOP('',(#5066,#5067,#5068,#5069));
#1066=EDGE_LOOP('',(#5070,#5071,#5072,#5073));
#1067=EDGE_LOOP('',(#5074,#5075,#5076,#5077));
#1068=EDGE_LOOP('',(#5078,#5079,#5080,#5081));
#1069=EDGE_LOOP('',(#5082,#5083,#5084,#5085));
#1070=EDGE_LOOP('',(#5086,#5087,#5088,#5089));
#1071=EDGE_LOOP('',(#5090,#5091,#5092,#5093));
#1072=EDGE_LOOP('',(#5094,#5095,#5096,#5097));
#1073=EDGE_LOOP('',(#5098,#5099,#5100,#5101));
#1074=EDGE_LOOP('',(#5102,#5103,#5104,#5105));
#1075=EDGE_LOOP('',(#5106,#5107,#5108,#5109));
#1076=EDGE_LOOP('',(#5110,#5111,#5112,#5113));
#1077=EDGE_LOOP('',(#5114,#5115,#5116,#5117));
#1078=EDGE_LOOP('',(#5118,#5119,#5120,#5121));
#1079=EDGE_LOOP('',(#5122,#5123,#5124,#5125));
#1080=EDGE_LOOP('',(#5126,#5127,#5128,#5129));
#1081=EDGE_LOOP('',(#5130,#5131,#5132,#5133));
#1082=EDGE_LOOP('',(#5134,#5135,#5136,#5137));
#1083=EDGE_LOOP('',(#5138,#5139,#5140,#5141));
#1084=EDGE_LOOP('',(#5142,#5143,#5144,#5145));
#1085=EDGE_LOOP('',(#5146,#5147,#5148,#5149));
#1086=EDGE_LOOP('',(#5150,#5151,#5152,#5153));
#1087=EDGE_LOOP('',(#5154,#5155,#5156,#5157));
#1088=EDGE_LOOP('',(#5158,#5159,#5160,#5161));
#1089=EDGE_LOOP('',(#5162,#5163,#5164,#5165));
#1090=EDGE_LOOP('',(#5166,#5167,#5168,#5169));
#1091=EDGE_LOOP('',(#5170,#5171,#5172,#5173));
#1092=EDGE_LOOP('',(#5174,#5175,#5176,#5177));
#1093=EDGE_LOOP('',(#5178,#5179,#5180,#5181));
#1094=EDGE_LOOP('',(#5182,#5183,#5184,#5185));
#1095=EDGE_LOOP('',(#5186,#5187,#5188,#5189));
#1096=EDGE_LOOP('',(#5190,#5191,#5192,#5193));
#1097=EDGE_LOOP('',(#5194,#5195,#5196,#5197));
#1098=EDGE_LOOP('',(#5198,#5199,#5200,#5201));
#1099=EDGE_LOOP('',(#5202,#5203,#5204,#5205));
#1100=EDGE_LOOP('',(#5206,#5207,#5208,#5209));
#1101=EDGE_LOOP('',(#5210,#5211,#5212,#5213));
#1102=EDGE_LOOP('',(#5214,#5215,#5216,#5217));
#1103=EDGE_LOOP('',(#5218,#5219,#5220,#5221));
#1104=EDGE_LOOP('',(#5222,#5223,#5224,#5225));
#1105=EDGE_LOOP('',(#5226,#5227,#5228,#5229));
#1106=EDGE_LOOP('',(#5230,#5231,#5232,#5233));
#1107=EDGE_LOOP('',(#5234,#5235,#5236,#5237));
#1108=EDGE_LOOP('',(#5238,#5239,#5240,#5241));
#1109=EDGE_LOOP('',(#5242,#5243,#5244,#5245));
#1110=EDGE_LOOP('',(#5246,#5247,#5248,#5249));
#1111=EDGE_LOOP('',(#5250,#5251,#5252,#5253));
#1112=EDGE_LOOP('',(#5254,#5255,#5256,#5257));
#1113=EDGE_LOOP('',(#5258,#5259,#5260,#5261));
#1114=EDGE_LOOP('',(#5262,#5263,#5264,#5265));
#1115=EDGE_LOOP('',(#5266,#5267,#5268,#5269));
#1116=EDGE_LOOP('',(#5270,#5271,#5272,#5273));
#1117=EDGE_LOOP('',(#5274,#5275,#5276,#5277));
#1118=EDGE_LOOP('',(#5278,#5279,#5280,#5281));
#1119=EDGE_LOOP('',(#5282,#5283,#5284,#5285));
#1120=EDGE_LOOP('',(#5286,#5287,#5288,#5289));
#1121=EDGE_LOOP('',(#5290,#5291,#5292,#5293));
#1122=EDGE_LOOP('',(#5294,#5295,#5296,#5297));
#1123=EDGE_LOOP('',(#5298,#5299,#5300,#5301));
#1124=EDGE_LOOP('',(#5302,#5303,#5304,#5305));
#1125=EDGE_LOOP('',(#5306,#5307,#5308,#5309));
#1126=EDGE_LOOP('',(#5310,#5311,#5312,#5313));
#1127=EDGE_LOOP('',(#5314,#5315,#5316,#5317,#5318,#5319,#5320,#5321,#5322,
#5323,#5324,#5325,#5326));
#1128=EDGE_LOOP('',(#5327,#5328,#5329,#5330,#5331,#5332,#5333,#5334));
#1129=EDGE_LOOP('',(#5335,#5336,#5337,#5338,#5339,#5340,#5341,#5342,#5343,
#5344));
#1130=EDGE_LOOP('',(#5345,#5346,#5347,#5348,#5349,#5350,#5351,#5352,#5353,
#5354,#5355,#5356,#5357,#5358));
#1131=EDGE_LOOP('',(#5359,#5360,#5361,#5362,#5363,#5364,#5365,#5366,#5367,
#5368,#5369,#5370));
#1132=EDGE_LOOP('',(#5371,#5372,#5373,#5374,#5375,#5376,#5377,#5378,#5379,
#5380));
#1133=EDGE_LOOP('',(#5381,#5382,#5383,#5384,#5385,#5386,#5387,#5388,#5389));
#1134=EDGE_LOOP('',(#5390,#5391,#5392,#5393,#5394,#5395,#5396,#5397));
#1135=EDGE_LOOP('',(#5398,#5399,#5400,#5401,#5402,#5403,#5404,#5405));
#1136=EDGE_LOOP('',(#5406,#5407,#5408,#5409,#5410,#5411,#5412,#5413,#5414,
#5415,#5416,#5417,#5418));
#1137=EDGE_LOOP('',(#5419,#5420,#5421,#5422,#5423,#5424,#5425,#5426));
#1138=EDGE_LOOP('',(#5427,#5428,#5429,#5430,#5431,#5432,#5433,#5434,#5435,
#5436));
#1139=EDGE_LOOP('',(#5437,#5438,#5439,#5440,#5441,#5442,#5443,#5444,#5445,
#5446,#5447,#5448,#5449,#5450));
#1140=EDGE_LOOP('',(#5451,#5452,#5453,#5454,#5455,#5456,#5457,#5458,#5459,
#5460,#5461,#5462));
#1141=EDGE_LOOP('',(#5463,#5464,#5465,#5466,#5467,#5468,#5469,#5470,#5471,
#5472));
#1142=EDGE_LOOP('',(#5473,#5474,#5475,#5476,#5477,#5478,#5479,#5480,#5481));
#1143=EDGE_LOOP('',(#5482,#5483,#5484,#5485,#5486,#5487,#5488,#5489));
#1144=EDGE_LOOP('',(#5490,#5491,#5492,#5493,#5494,#5495,#5496,#5497));
#1145=EDGE_LOOP('',(#5498,#5499,#5500,#5501,#5502,#5503,#5504,#5505,#5506,
#5507,#5508,#5509));
#1146=EDGE_LOOP('',(#5510,#5511,#5512,#5513,#5514,#5515,#5516,#5517,#5518,
#5519,#5520,#5521));
#1147=EDGE_LOOP('',(#5522,#5523,#5524,#5525));
#1148=EDGE_LOOP('',(#5526,#5527,#5528,#5529));
#1149=EDGE_LOOP('',(#5530,#5531,#5532,#5533));
#1150=EDGE_LOOP('',(#5534,#5535,#5536,#5537));
#1151=EDGE_LOOP('',(#5538,#5539,#5540,#5541));
#1152=EDGE_LOOP('',(#5542,#5543,#5544,#5545));
#1153=EDGE_LOOP('',(#5546,#5547,#5548,#5549));
#1154=EDGE_LOOP('',(#5550,#5551,#5552,#5553));
#1155=EDGE_LOOP('',(#5554,#5555,#5556,#5557));
#1156=EDGE_LOOP('',(#5558,#5559,#5560,#5561));
#1157=EDGE_LOOP('',(#5562,#5563,#5564,#5565));
#1158=EDGE_LOOP('',(#5566,#5567,#5568,#5569));
#1159=EDGE_LOOP('',(#5570,#5571,#5572,#5573));
#1160=EDGE_LOOP('',(#5574,#5575,#5576,#5577));
#1161=EDGE_LOOP('',(#5578,#5579,#5580,#5581));
#1162=EDGE_LOOP('',(#5582,#5583,#5584));
#1163=EDGE_LOOP('',(#5585,#5586,#5587));
#1164=EDGE_LOOP('',(#5588,#5589,#5590,#5591));
#1165=EDGE_LOOP('',(#5592,#5593,#5594,#5595));
#1166=EDGE_LOOP('',(#5596,#5597,#5598,#5599));
#1167=EDGE_LOOP('',(#5600,#5601,#5602));
#1168=EDGE_LOOP('',(#5603,#5604,#5605));
#1169=EDGE_LOOP('',(#5606,#5607,#5608,#5609));
#1170=EDGE_LOOP('',(#5610,#5611,#5612,#5613));
#1171=EDGE_LOOP('',(#5614,#5615,#5616,#5617));
#1172=EDGE_LOOP('',(#5618,#5619,#5620,#5621));
#1173=EDGE_LOOP('',(#5622,#5623,#5624,#5625));
#1174=EDGE_LOOP('',(#5626,#5627,#5628,#5629));
#1175=EDGE_LOOP('',(#5630,#5631,#5632,#5633));
#1176=EDGE_LOOP('',(#5634,#5635,#5636,#5637));
#1177=EDGE_LOOP('',(#5638,#5639,#5640,#5641));
#1178=EDGE_LOOP('',(#5642,#5643,#5644,#5645));
#1179=EDGE_LOOP('',(#5646,#5647,#5648,#5649));
#1180=EDGE_LOOP('',(#5650,#5651,#5652,#5653));
#1181=EDGE_LOOP('',(#5654,#5655,#5656,#5657));
#1182=EDGE_LOOP('',(#5658,#5659,#5660,#5661));
#1183=EDGE_LOOP('',(#5662,#5663,#5664,#5665));
#1184=EDGE_LOOP('',(#5666,#5667,#5668,#5669));
#1185=EDGE_LOOP('',(#5670,#5671,#5672,#5673));
#1186=EDGE_LOOP('',(#5674,#5675,#5676,#5677));
#1187=EDGE_LOOP('',(#5678,#5679,#5680,#5681));
#1188=EDGE_LOOP('',(#5682,#5683,#5684,#5685));
#1189=EDGE_LOOP('',(#5686,#5687,#5688,#5689));
#1190=EDGE_LOOP('',(#5690,#5691,#5692,#5693));
#1191=EDGE_LOOP('',(#5694,#5695,#5696,#5697));
#1192=EDGE_LOOP('',(#5698,#5699,#5700,#5701));
#1193=EDGE_LOOP('',(#5702,#5703,#5704,#5705));
#1194=EDGE_LOOP('',(#5706,#5707,#5708,#5709));
#1195=EDGE_LOOP('',(#5710,#5711,#5712,#5713));
#1196=EDGE_LOOP('',(#5714,#5715,#5716,#5717));
#1197=EDGE_LOOP('',(#5718,#5719,#5720,#5721));
#1198=EDGE_LOOP('',(#5722,#5723,#5724,#5725));
#1199=EDGE_LOOP('',(#5726,#5727,#5728,#5729));
#1200=EDGE_LOOP('',(#5730,#5731,#5732,#5733));
#1201=EDGE_LOOP('',(#5734,#5735,#5736,#5737));
#1202=EDGE_LOOP('',(#5738,#5739,#5740,#5741));
#1203=EDGE_LOOP('',(#5742,#5743,#5744,#5745));
#1204=EDGE_LOOP('',(#5746,#5747,#5748,#5749));
#1205=EDGE_LOOP('',(#5750,#5751,#5752,#5753));
#1206=EDGE_LOOP('',(#5754,#5755,#5756,#5757));
#1207=EDGE_LOOP('',(#5758,#5759,#5760,#5761));
#1208=EDGE_LOOP('',(#5762,#5763,#5764,#5765));
#1209=EDGE_LOOP('',(#5766,#5767,#5768,#5769));
#1210=EDGE_LOOP('',(#5770,#5771,#5772,#5773));
#1211=EDGE_LOOP('',(#5774,#5775,#5776,#5777));
#1212=EDGE_LOOP('',(#5778,#5779,#5780,#5781));
#1213=EDGE_LOOP('',(#5782,#5783,#5784,#5785));
#1214=EDGE_LOOP('',(#5786,#5787,#5788,#5789));
#1215=EDGE_LOOP('',(#5790,#5791,#5792,#5793));
#1216=EDGE_LOOP('',(#5794,#5795,#5796,#5797));
#1217=EDGE_LOOP('',(#5798,#5799,#5800,#5801));
#1218=EDGE_LOOP('',(#5802,#5803,#5804,#5805));
#1219=EDGE_LOOP('',(#5806,#5807,#5808,#5809));
#1220=EDGE_LOOP('',(#5810,#5811,#5812,#5813));
#1221=EDGE_LOOP('',(#5814,#5815,#5816,#5817));
#1222=EDGE_LOOP('',(#5818,#5819,#5820,#5821,#5822,#5823,#5824,#5825,#5826,
#5827,#5828,#5829,#5830,#5831,#5832,#5833,#5834,#5835,#5836,#5837,#5838,
#5839,#5840,#5841,#5842));
#1223=EDGE_LOOP('',(#5843,#5844,#5845,#5846));
#1224=EDGE_LOOP('',(#5847,#5848,#5849,#5850,#5851,#5852,#5853,#5854,#5855,
#5856,#5857,#5858,#5859,#5860,#5861,#5862,#5863));
#1225=EDGE_LOOP('',(#5864,#5865,#5866,#5867));
#1226=EDGE_LOOP('',(#5868,#5869,#5870));
#1227=EDGE_LOOP('',(#5871,#5872,#5873,#5874,#5875,#5876,#5877,#5878,#5879,
#5880,#5881,#5882,#5883,#5884,#5885,#5886,#5887,#5888,#5889,#5890,#5891,
#5892,#5893,#5894,#5895));
#1228=EDGE_LOOP('',(#5896,#5897,#5898,#5899));
#1229=EDGE_LOOP('',(#5900,#5901,#5902,#5903,#5904,#5905,#5906,#5907,#5908,
#5909,#5910,#5911,#5912,#5913,#5914,#5915,#5916));
#1230=EDGE_LOOP('',(#5917,#5918,#5919,#5920));
#1231=EDGE_LOOP('',(#5921,#5922,#5923));
#1232=EDGE_LOOP('',(#5924,#5925,#5926,#5927));
#1233=EDGE_LOOP('',(#5928,#5929,#5930,#5931));
#1234=EDGE_LOOP('',(#5932,#5933,#5934,#5935));
#1235=EDGE_LOOP('',(#5936,#5937,#5938,#5939));
#1236=EDGE_LOOP('',(#5940,#5941,#5942,#5943));
#1237=EDGE_LOOP('',(#5944,#5945,#5946,#5947));
#1238=EDGE_LOOP('',(#5948,#5949,#5950,#5951));
#1239=EDGE_LOOP('',(#5952,#5953,#5954,#5955));
#1240=EDGE_LOOP('',(#5956,#5957,#5958,#5959,#5960,#5961,#5962,#5963));
#1241=EDGE_LOOP('',(#5964,#5965,#5966,#5967,#5968,#5969,#5970,#5971));
#1242=EDGE_LOOP('',(#5972,#5973,#5974,#5975));
#1243=EDGE_LOOP('',(#5976,#5977,#5978,#5979));
#1244=EDGE_LOOP('',(#5980,#5981,#5982,#5983));
#1245=EDGE_LOOP('',(#5984,#5985,#5986));
#1246=EDGE_LOOP('',(#5987,#5988,#5989));
#1247=EDGE_LOOP('',(#5990,#5991,#5992,#5993));
#1248=EDGE_LOOP('',(#5994,#5995,#5996,#5997));
#1249=EDGE_LOOP('',(#5998,#5999,#6000,#6001));
#1250=EDGE_LOOP('',(#6002,#6003,#6004,#6005));
#1251=EDGE_LOOP('',(#6006,#6007,#6008,#6009,#6010,#6011,#6012,#6013,#6014,
#6015,#6016,#6017,#6018,#6019,#6020,#6021,#6022,#6023,#6024,#6025,#6026,
#6027,#6028,#6029));
#1252=EDGE_LOOP('',(#6030));
#1253=EDGE_LOOP('',(#6031,#6032,#6033,#6034,#6035,#6036,#6037,#6038));
#1254=EDGE_LOOP('',(#6039,#6040,#6041,#6042,#6043,#6044,#6045,#6046));
#1255=EDGE_LOOP('',(#6047,#6048,#6049,#6050,#6051,#6052,#6053,#6054));
#1256=EDGE_LOOP('',(#6055,#6056,#6057,#6058,#6059,#6060,#6061,#6062));
#1257=EDGE_LOOP('',(#6063,#6064,#6065,#6066,#6067,#6068,#6069,#6070));
#1258=EDGE_LOOP('',(#6071,#6072,#6073,#6074,#6075,#6076,#6077,#6078));
#1259=EDGE_LOOP('',(#6079,#6080,#6081,#6082,#6083,#6084,#6085,#6086));
#1260=EDGE_LOOP('',(#6087,#6088,#6089,#6090,#6091,#6092,#6093,#6094));
#1261=EDGE_LOOP('',(#6095,#6096,#6097,#6098,#6099,#6100,#6101,#6102));
#1262=EDGE_LOOP('',(#6103,#6104,#6105,#6106));
#1263=EDGE_LOOP('',(#6107));
#1264=EDGE_LOOP('',(#6108));
#1265=EDGE_LOOP('',(#6109));
#1266=EDGE_LOOP('',(#6110,#6111,#6112,#6113,#6114,#6115));
#1267=EDGE_LOOP('',(#6116,#6117,#6118,#6119,#6120,#6121));
#1268=EDGE_LOOP('',(#6122,#6123,#6124,#6125,#6126,#6127));
#1269=EDGE_LOOP('',(#6128,#6129,#6130,#6131,#6132,#6133));
#1270=EDGE_LOOP('',(#6134,#6135,#6136,#6137,#6138,#6139));
#1271=EDGE_LOOP('',(#6140,#6141,#6142,#6143,#6144,#6145,#6146));
#1272=EDGE_LOOP('',(#6147,#6148,#6149,#6150,#6151,#6152,#6153,#6154,#6155,
#6156));
#1273=EDGE_LOOP('',(#6157,#6158,#6159,#6160));
#1274=EDGE_LOOP('',(#6161,#6162,#6163));
#1275=EDGE_LOOP('',(#6164,#6165,#6166));
#1276=EDGE_LOOP('',(#6167,#6168,#6169,#6170));
#1277=EDGE_LOOP('',(#6171,#6172,#6173,#6174,#6175,#6176));
#1278=EDGE_LOOP('',(#6177,#6178,#6179,#6180));
#1279=EDGE_LOOP('',(#6181,#6182,#6183));
#1280=EDGE_LOOP('',(#6184,#6185,#6186));
#1281=EDGE_LOOP('',(#6187,#6188,#6189,#6190));
#1282=EDGE_LOOP('',(#6191,#6192,#6193,#6194));
#1283=EDGE_LOOP('',(#6195,#6196,#6197,#6198,#6199,#6200));
#1284=EDGE_LOOP('',(#6201,#6202,#6203,#6204));
#1285=EDGE_LOOP('',(#6205,#6206,#6207));
#1286=EDGE_LOOP('',(#6208,#6209,#6210));
#1287=EDGE_LOOP('',(#6211,#6212,#6213,#6214,#6215,#6216,#6217));
#1288=EDGE_LOOP('',(#6218,#6219,#6220,#6221,#6222,#6223,#6224));
#1289=EDGE_LOOP('',(#6225,#6226,#6227,#6228));
#1290=EDGE_LOOP('',(#6229,#6230,#6231));
#1291=EDGE_LOOP('',(#6232,#6233,#6234));
#1292=EDGE_LOOP('',(#6235,#6236,#6237,#6238));
#1293=EDGE_LOOP('',(#6239,#6240,#6241,#6242,#6243,#6244,#6245,#6246,#6247,
#6248,#6249,#6250));
#1294=EDGE_LOOP('',(#6251,#6252,#6253,#6254));
#1295=EDGE_LOOP('',(#6255,#6256,#6257,#6258,#6259,#6260,#6261,#6262));
#1296=EDGE_LOOP('',(#6263,#6264,#6265,#6266,#6267,#6268,#6269,#6270));
#1297=EDGE_LOOP('',(#6271,#6272,#6273,#6274,#6275,#6276,#6277,#6278));
#1298=EDGE_LOOP('',(#6279,#6280,#6281,#6282,#6283,#6284,#6285,#6286));
#1299=EDGE_LOOP('',(#6287,#6288,#6289,#6290,#6291,#6292,#6293,#6294));
#1300=EDGE_LOOP('',(#6295,#6296,#6297,#6298,#6299,#6300,#6301,#6302));
#1301=EDGE_LOOP('',(#6303,#6304,#6305,#6306,#6307,#6308,#6309,#6310));
#1302=EDGE_LOOP('',(#6311,#6312,#6313,#6314,#6315,#6316,#6317,#6318));
#1303=EDGE_LOOP('',(#6319,#6320,#6321,#6322,#6323,#6324,#6325,#6326));
#1304=EDGE_LOOP('',(#6327));
#1305=EDGE_LOOP('',(#6328,#6329,#6330,#6331));
#1306=EDGE_LOOP('',(#6332,#6333,#6334,#6335));
#1307=EDGE_LOOP('',(#6336,#6337,#6338,#6339));
#1308=EDGE_LOOP('',(#6340,#6341,#6342,#6343));
#1309=EDGE_LOOP('',(#6344,#6345,#6346,#6347));
#1310=EDGE_LOOP('',(#6348,#6349,#6350,#6351));
#1311=EDGE_LOOP('',(#6352,#6353,#6354,#6355));
#1312=EDGE_LOOP('',(#6356,#6357,#6358,#6359));
#1313=EDGE_LOOP('',(#6360,#6361,#6362,#6363));
#1314=EDGE_LOOP('',(#6364,#6365,#6366,#6367));
#1315=EDGE_LOOP('',(#6368,#6369,#6370,#6371));
#1316=EDGE_LOOP('',(#6372,#6373,#6374,#6375));
#1317=EDGE_LOOP('',(#6376,#6377,#6378,#6379));
#1318=EDGE_LOOP('',(#6380,#6381,#6382,#6383));
#1319=EDGE_LOOP('',(#6384,#6385,#6386,#6387));
#1320=EDGE_LOOP('',(#6388,#6389,#6390,#6391));
#1321=EDGE_LOOP('',(#6392,#6393,#6394,#6395));
#1322=EDGE_LOOP('',(#6396,#6397,#6398,#6399));
#1323=EDGE_LOOP('',(#6400,#6401,#6402,#6403));
#1324=EDGE_LOOP('',(#6404,#6405,#6406,#6407));
#1325=EDGE_LOOP('',(#6408,#6409,#6410,#6411));
#1326=EDGE_LOOP('',(#6412,#6413,#6414,#6415));
#1327=EDGE_LOOP('',(#6416,#6417,#6418,#6419));
#1328=EDGE_LOOP('',(#6420,#6421,#6422,#6423));
#1329=EDGE_LOOP('',(#6424,#6425,#6426,#6427));
#1330=EDGE_LOOP('',(#6428,#6429,#6430,#6431));
#1331=EDGE_LOOP('',(#6432,#6433,#6434,#6435));
#1332=EDGE_LOOP('',(#6436,#6437,#6438,#6439));
#1333=EDGE_LOOP('',(#6440,#6441,#6442,#6443));
#1334=EDGE_LOOP('',(#6444,#6445,#6446,#6447));
#1335=EDGE_LOOP('',(#6448,#6449,#6450,#6451));
#1336=EDGE_LOOP('',(#6452,#6453,#6454,#6455));
#1337=EDGE_LOOP('',(#6456,#6457,#6458,#6459));
#1338=EDGE_LOOP('',(#6460,#6461,#6462,#6463));
#1339=EDGE_LOOP('',(#6464,#6465,#6466,#6467));
#1340=EDGE_LOOP('',(#6468,#6469,#6470,#6471));
#1341=EDGE_LOOP('',(#6472,#6473,#6474,#6475));
#1342=EDGE_LOOP('',(#6476,#6477,#6478,#6479));
#1343=EDGE_LOOP('',(#6480,#6481,#6482,#6483));
#1344=EDGE_LOOP('',(#6484,#6485,#6486,#6487));
#1345=EDGE_LOOP('',(#6488,#6489,#6490,#6491));
#1346=EDGE_LOOP('',(#6492,#6493,#6494,#6495));
#1347=EDGE_LOOP('',(#6496,#6497,#6498,#6499));
#1348=EDGE_LOOP('',(#6500,#6501,#6502,#6503));
#1349=EDGE_LOOP('',(#6504,#6505,#6506,#6507));
#1350=EDGE_LOOP('',(#6508,#6509,#6510,#6511));
#1351=EDGE_LOOP('',(#6512,#6513,#6514,#6515));
#1352=EDGE_LOOP('',(#6516,#6517,#6518,#6519));
#1353=EDGE_LOOP('',(#6520,#6521,#6522,#6523));
#1354=EDGE_LOOP('',(#6524,#6525,#6526,#6527));
#1355=EDGE_LOOP('',(#6528,#6529,#6530,#6531));
#1356=EDGE_LOOP('',(#6532,#6533,#6534,#6535));
#1357=EDGE_LOOP('',(#6536,#6537,#6538,#6539));
#1358=EDGE_LOOP('',(#6540,#6541,#6542,#6543));
#1359=EDGE_LOOP('',(#6544,#6545,#6546,#6547));
#1360=EDGE_LOOP('',(#6548,#6549,#6550,#6551));
#1361=EDGE_LOOP('',(#6552,#6553,#6554,#6555));
#1362=EDGE_LOOP('',(#6556,#6557,#6558,#6559));
#1363=EDGE_LOOP('',(#6560,#6561,#6562,#6563));
#1364=EDGE_LOOP('',(#6564,#6565,#6566,#6567));
#1365=EDGE_LOOP('',(#6568,#6569,#6570,#6571));
#1366=EDGE_LOOP('',(#6572,#6573,#6574,#6575));
#1367=EDGE_LOOP('',(#6576,#6577,#6578,#6579));
#1368=EDGE_LOOP('',(#6580,#6581,#6582,#6583));
#1369=EDGE_LOOP('',(#6584,#6585,#6586,#6587));
#1370=EDGE_LOOP('',(#6588,#6589,#6590,#6591));
#1371=EDGE_LOOP('',(#6592,#6593,#6594,#6595));
#1372=EDGE_LOOP('',(#6596,#6597,#6598,#6599));
#1373=EDGE_LOOP('',(#6600,#6601,#6602,#6603));
#1374=EDGE_LOOP('',(#6604,#6605,#6606,#6607));
#1375=EDGE_LOOP('',(#6608,#6609,#6610,#6611));
#1376=EDGE_LOOP('',(#6612,#6613,#6614,#6615));
#1377=EDGE_LOOP('',(#6616,#6617,#6618,#6619));
#1378=EDGE_LOOP('',(#6620,#6621,#6622,#6623));
#1379=EDGE_LOOP('',(#6624,#6625,#6626,#6627));
#1380=EDGE_LOOP('',(#6628,#6629,#6630,#6631));
#1381=EDGE_LOOP('',(#6632,#6633,#6634,#6635));
#1382=EDGE_LOOP('',(#6636,#6637,#6638,#6639));
#1383=EDGE_LOOP('',(#6640,#6641,#6642,#6643));
#1384=EDGE_LOOP('',(#6644,#6645,#6646,#6647));
#1385=EDGE_LOOP('',(#6648,#6649,#6650,#6651));
#1386=EDGE_LOOP('',(#6652,#6653,#6654,#6655));
#1387=EDGE_LOOP('',(#6656,#6657,#6658,#6659));
#1388=EDGE_LOOP('',(#6660,#6661,#6662,#6663));
#1389=EDGE_LOOP('',(#6664,#6665,#6666,#6667));
#1390=EDGE_LOOP('',(#6668,#6669,#6670,#6671));
#1391=EDGE_LOOP('',(#6672,#6673,#6674,#6675));
#1392=EDGE_LOOP('',(#6676,#6677,#6678,#6679));
#1393=EDGE_LOOP('',(#6680,#6681,#6682,#6683));
#1394=EDGE_LOOP('',(#6684,#6685,#6686,#6687));
#1395=EDGE_LOOP('',(#6688,#6689,#6690,#6691));
#1396=EDGE_LOOP('',(#6692,#6693,#6694,#6695));
#1397=EDGE_LOOP('',(#6696,#6697,#6698,#6699));
#1398=EDGE_LOOP('',(#6700,#6701,#6702,#6703));
#1399=EDGE_LOOP('',(#6704,#6705,#6706,#6707));
#1400=EDGE_LOOP('',(#6708,#6709,#6710,#6711));
#1401=EDGE_LOOP('',(#6712,#6713,#6714,#6715));
#1402=EDGE_LOOP('',(#6716,#6717,#6718,#6719));
#1403=EDGE_LOOP('',(#6720,#6721,#6722,#6723));
#1404=EDGE_LOOP('',(#6724,#6725,#6726,#6727));
#1405=EDGE_LOOP('',(#6728,#6729,#6730,#6731));
#1406=EDGE_LOOP('',(#6732,#6733,#6734,#6735));
#1407=EDGE_LOOP('',(#6736,#6737,#6738,#6739));
#1408=EDGE_LOOP('',(#6740,#6741,#6742,#6743));
#1409=EDGE_LOOP('',(#6744,#6745,#6746,#6747));
#1410=EDGE_LOOP('',(#6748,#6749,#6750,#6751));
#1411=EDGE_LOOP('',(#6752,#6753,#6754,#6755));
#1412=EDGE_LOOP('',(#6756,#6757,#6758,#6759));
#1413=EDGE_LOOP('',(#6760,#6761,#6762,#6763));
#1414=EDGE_LOOP('',(#6764,#6765,#6766,#6767));
#1415=EDGE_LOOP('',(#6768,#6769,#6770,#6771));
#1416=EDGE_LOOP('',(#6772,#6773,#6774,#6775));
#1417=EDGE_LOOP('',(#6776,#6777,#6778,#6779));
#1418=EDGE_LOOP('',(#6780,#6781,#6782,#6783));
#1419=EDGE_LOOP('',(#6784,#6785,#6786,#6787));
#1420=EDGE_LOOP('',(#6788,#6789,#6790,#6791));
#1421=EDGE_LOOP('',(#6792,#6793,#6794,#6795,#6796,#6797));
#1422=EDGE_LOOP('',(#6798,#6799,#6800,#6801));
#1423=EDGE_LOOP('',(#6802,#6803,#6804,#6805));
#1424=EDGE_LOOP('',(#6806,#6807,#6808,#6809,#6810,#6811));
#1425=EDGE_LOOP('',(#6812,#6813,#6814,#6815));
#1426=EDGE_LOOP('',(#6816,#6817,#6818,#6819));
#1427=EDGE_LOOP('',(#6820,#6821,#6822,#6823));
#1428=EDGE_LOOP('',(#6824,#6825,#6826,#6827));
#1429=EDGE_LOOP('',(#6828,#6829,#6830,#6831));
#1430=EDGE_LOOP('',(#6832,#6833,#6834,#6835));
#1431=EDGE_LOOP('',(#6836,#6837,#6838,#6839));
#1432=EDGE_LOOP('',(#6840,#6841,#6842,#6843));
#1433=EDGE_LOOP('',(#6844,#6845,#6846,#6847));
#1434=EDGE_LOOP('',(#6848,#6849,#6850,#6851));
#1435=EDGE_LOOP('',(#6852,#6853,#6854,#6855));
#1436=EDGE_LOOP('',(#6856,#6857,#6858,#6859));
#1437=EDGE_LOOP('',(#6860,#6861,#6862,#6863));
#1438=EDGE_LOOP('',(#6864,#6865,#6866,#6867));
#1439=EDGE_LOOP('',(#6868,#6869,#6870,#6871));
#1440=EDGE_LOOP('',(#6872,#6873,#6874,#6875));
#1441=EDGE_LOOP('',(#6876,#6877,#6878,#6879));
#1442=EDGE_LOOP('',(#6880,#6881,#6882,#6883));
#1443=EDGE_LOOP('',(#6884,#6885,#6886,#6887));
#1444=EDGE_LOOP('',(#6888,#6889,#6890,#6891));
#1445=EDGE_LOOP('',(#6892,#6893,#6894,#6895));
#1446=EDGE_LOOP('',(#6896,#6897,#6898,#6899));
#1447=EDGE_LOOP('',(#6900,#6901,#6902,#6903));
#1448=EDGE_LOOP('',(#6904,#6905,#6906,#6907));
#1449=EDGE_LOOP('',(#6908,#6909,#6910,#6911));
#1450=EDGE_LOOP('',(#6912,#6913,#6914,#6915));
#1451=EDGE_LOOP('',(#6916,#6917,#6918,#6919));
#1452=EDGE_LOOP('',(#6920,#6921,#6922,#6923));
#1453=EDGE_LOOP('',(#6924,#6925,#6926,#6927));
#1454=EDGE_LOOP('',(#6928,#6929,#6930,#6931));
#1455=EDGE_LOOP('',(#6932,#6933,#6934,#6935));
#1456=EDGE_LOOP('',(#6936,#6937,#6938,#6939));
#1457=EDGE_LOOP('',(#6940,#6941,#6942,#6943));
#1458=EDGE_LOOP('',(#6944,#6945,#6946,#6947));
#1459=EDGE_LOOP('',(#6948,#6949,#6950,#6951));
#1460=EDGE_LOOP('',(#6952,#6953,#6954,#6955));
#1461=EDGE_LOOP('',(#6956,#6957,#6958,#6959));
#1462=EDGE_LOOP('',(#6960,#6961,#6962,#6963));
#1463=LINE('',#9541,#1936);
#1464=LINE('',#9547,#1937);
#1465=LINE('',#9550,#1938);
#1466=LINE('',#9552,#1939);
#1467=LINE('',#9553,#1940);
#1468=LINE('',#9556,#1941);
#1469=LINE('',#9558,#1942);
#1470=LINE('',#9559,#1943);
#1471=LINE('',#9578,#1944);
#1472=LINE('',#9581,#1945);
#1473=LINE('',#9583,#1946);
#1474=LINE('',#9584,#1947);
#1475=LINE('',#9587,#1948);
#1476=LINE('',#9589,#1949);
#1477=LINE('',#9590,#1950);
#1478=LINE('',#9593,#1951);
#1479=LINE('',#9595,#1952);
#1480=LINE('',#9596,#1953);
#1481=LINE('',#9599,#1954);
#1482=LINE('',#9601,#1955);
#1483=LINE('',#9602,#1956);
#1484=LINE('',#9621,#1957);
#1485=LINE('',#9640,#1958);
#1486=LINE('',#9659,#1959);
#1487=LINE('',#9678,#1960);
#1488=LINE('',#9697,#1961);
#1489=LINE('',#9716,#1962);
#1490=LINE('',#9735,#1963);
#1491=LINE('',#9754,#1964);
#1492=LINE('',#9773,#1965);
#1493=LINE('',#9792,#1966);
#1494=LINE('',#9811,#1967);
#1495=LINE('',#9830,#1968);
#1496=LINE('',#9849,#1969);
#1497=LINE('',#9868,#1970);
#1498=LINE('',#9903,#1971);
#1499=LINE('',#9909,#1972);
#1500=LINE('',#9928,#1973);
#1501=LINE('',#9947,#1974);
#1502=LINE('',#9979,#1975);
#1503=LINE('',#9985,#1976);
#1504=LINE('',#10004,#1977);
#1505=LINE('',#10023,#1978);
#1506=LINE('',#10042,#1979);
#1507=LINE('',#10045,#1980);
#1508=LINE('',#10047,#1981);
#1509=LINE('',#10048,#1982);
#1510=LINE('',#10051,#1983);
#1511=LINE('',#10053,#1984);
#1512=LINE('',#10054,#1985);
#1513=LINE('',#10073,#1986);
#1514=LINE('',#10092,#1987);
#1515=LINE('',#10111,#1988);
#1516=LINE('',#10130,#1989);
#1517=LINE('',#10149,#1990);
#1518=LINE('',#10168,#1991);
#1519=LINE('',#10187,#1992);
#1520=LINE('',#10222,#1993);
#1521=LINE('',#10228,#1994);
#1522=LINE('',#10247,#1995);
#1523=LINE('',#10266,#1996);
#1524=LINE('',#10285,#1997);
#1525=LINE('',#10304,#1998);
#1526=LINE('',#10323,#1999);
#1527=LINE('',#10342,#2000);
#1528=LINE('',#10362,#2001);
#1529=LINE('',#10364,#2002);
#1530=LINE('',#10366,#2003);
#1531=LINE('',#10367,#2004);
#1532=LINE('',#10382,#2005);
#1533=LINE('',#10401,#2006);
#1534=LINE('',#10420,#2007);
#1535=LINE('',#10439,#2008);
#1536=LINE('',#10458,#2009);
#1537=LINE('',#10477,#2010);
#1538=LINE('',#10509,#2011);
#1539=LINE('',#10515,#2012);
#1540=LINE('',#10530,#2013);
#1541=LINE('',#10545,#2014);
#1542=LINE('',#10564,#2015);
#1543=LINE('',#10583,#2016);
#1544=LINE('',#10602,#2017);
#1545=LINE('',#10621,#2018);
#1546=LINE('',#10640,#2019);
#1547=LINE('',#10672,#2020);
#1548=LINE('',#10678,#2021);
#1549=LINE('',#10697,#2022);
#1550=LINE('',#10716,#2023);
#1551=LINE('',#10735,#2024);
#1552=LINE('',#10754,#2025);
#1553=LINE('',#10773,#2026);
#1554=LINE('',#10792,#2027);
#1555=LINE('',#10811,#2028);
#1556=LINE('',#10830,#2029);
#1557=LINE('',#10862,#2030);
#1558=LINE('',#10868,#2031);
#1559=LINE('',#10887,#2032);
#1560=LINE('',#10902,#2033);
#1561=LINE('',#10905,#2034);
#1562=LINE('',#10907,#2035);
#1563=LINE('',#10908,#2036);
#1564=LINE('',#10923,#2037);
#1565=LINE('',#10942,#2038);
#1566=LINE('',#10961,#2039);
#1567=LINE('',#10980,#2040);
#1568=LINE('',#10995,#2041);
#1569=LINE('',#11010,#2042);
#1570=LINE('',#11029,#2043);
#1571=LINE('',#11061,#2044);
#1572=LINE('',#11067,#2045);
#1573=LINE('',#11086,#2046);
#1574=LINE('',#11105,#2047);
#1575=LINE('',#11120,#2048);
#1576=LINE('',#11123,#2049);
#1577=LINE('',#11125,#2050);
#1578=LINE('',#11126,#2051);
#1579=LINE('',#11141,#2052);
#1580=LINE('',#11160,#2053);
#1581=LINE('',#11179,#2054);
#1582=LINE('',#11194,#2055);
#1583=LINE('',#11209,#2056);
#1584=LINE('',#11228,#2057);
#1585=LINE('',#11243,#2058);
#1586=LINE('',#11258,#2059);
#1587=LINE('',#11290,#2060);
#1588=LINE('',#11296,#2061);
#1589=LINE('',#11315,#2062);
#1590=LINE('',#11334,#2063);
#1591=LINE('',#11353,#2064);
#1592=LINE('',#11372,#2065);
#1593=LINE('',#11391,#2066);
#1594=LINE('',#11410,#2067);
#1595=LINE('',#11429,#2068);
#1596=LINE('',#11448,#2069);
#1597=LINE('',#11480,#2070);
#1598=LINE('',#11486,#2071);
#1599=LINE('',#11505,#2072);
#1600=LINE('',#11524,#2073);
#1601=LINE('',#11539,#2074);
#1602=LINE('',#11558,#2075);
#1603=LINE('',#11577,#2076);
#1604=LINE('',#11596,#2077);
#1605=LINE('',#11624,#2078);
#1606=LINE('',#11630,#2079);
#1607=LINE('',#11649,#2080);
#1608=LINE('',#11668,#2081);
#1609=LINE('',#11671,#2082);
#1610=LINE('',#11673,#2083);
#1611=LINE('',#11674,#2084);
#1612=LINE('',#11693,#2085);
#1613=LINE('',#11712,#2086);
#1614=LINE('',#11731,#2087);
#1615=LINE('',#11750,#2088);
#1616=LINE('',#11769,#2089);
#1617=LINE('',#11788,#2090);
#1618=LINE('',#11801,#2091);
#1619=LINE('',#11820,#2092);
#1620=LINE('',#11846,#2093);
#1621=LINE('',#11877,#2094);
#1622=LINE('',#11879,#2095);
#1623=LINE('',#11897,#2096);
#1624=LINE('',#11899,#2097);
#1625=LINE('',#11930,#2098);
#1626=LINE('',#11943,#2099);
#1627=LINE('',#11944,#2100);
#1628=LINE('',#11953,#2101);
#1629=LINE('',#11955,#2102);
#1630=LINE('',#11957,#2103);
#1631=LINE('',#11966,#2104);
#1632=LINE('',#11975,#2105);
#1633=LINE('',#11984,#2106);
#1634=LINE('',#11991,#2107);
#1635=LINE('',#12000,#2108);
#1636=LINE('',#12009,#2109);
#1637=LINE('',#12011,#2110);
#1638=LINE('',#12036,#2111);
#1639=LINE('',#12042,#2112);
#1640=LINE('',#12045,#2113);
#1641=LINE('',#12047,#2114);
#1642=LINE('',#12048,#2115);
#1643=LINE('',#12076,#2116);
#1644=LINE('',#12081,#2117);
#1645=LINE('',#12084,#2118);
#1646=LINE('',#12086,#2119);
#1647=LINE('',#12087,#2120);
#1648=LINE('',#12089,#2121);
#1649=LINE('',#12090,#2122);
#1650=LINE('',#12109,#2123);
#1651=LINE('',#12115,#2124);
#1652=LINE('',#12134,#2125);
#1653=LINE('',#12166,#2126);
#1654=LINE('',#12172,#2127);
#1655=LINE('',#12191,#2128);
#1656=LINE('',#12210,#2129);
#1657=LINE('',#12242,#2130);
#1658=LINE('',#12248,#2131);
#1659=LINE('',#12267,#2132);
#1660=LINE('',#12286,#2133);
#1661=LINE('',#12305,#2134);
#1662=LINE('',#12324,#2135);
#1663=LINE('',#12343,#2136);
#1664=LINE('',#12362,#2137);
#1665=LINE('',#12381,#2138);
#1666=LINE('',#12400,#2139);
#1667=LINE('',#12419,#2140);
#1668=LINE('',#12438,#2141);
#1669=LINE('',#12457,#2142);
#1670=LINE('',#12476,#2143);
#1671=LINE('',#12495,#2144);
#1672=LINE('',#12514,#2145);
#1673=LINE('',#12533,#2146);
#1674=LINE('',#12565,#2147);
#1675=LINE('',#12571,#2148);
#1676=LINE('',#12590,#2149);
#1677=LINE('',#12609,#2150);
#1678=LINE('',#12631,#2151);
#1679=LINE('',#12634,#2152);
#1680=LINE('',#12653,#2153);
#1681=LINE('',#12672,#2154);
#1682=LINE('',#12691,#2155);
#1683=LINE('',#12710,#2156);
#1684=LINE('',#12729,#2157);
#1685=LINE('',#12748,#2158);
#1686=LINE('',#12767,#2159);
#1687=LINE('',#12786,#2160);
#1688=LINE('',#12805,#2161);
#1689=LINE('',#12824,#2162);
#1690=LINE('',#12843,#2163);
#1691=LINE('',#12862,#2164);
#1692=LINE('',#12881,#2165);
#1693=LINE('',#12900,#2166);
#1694=LINE('',#12919,#2167);
#1695=LINE('',#12938,#2168);
#1696=LINE('',#12957,#2169);
#1697=LINE('',#12976,#2170);
#1698=LINE('',#12995,#2171);
#1699=LINE('',#13014,#2172);
#1700=LINE('',#13033,#2173);
#1701=LINE('',#13046,#2174);
#1702=LINE('',#13065,#2175);
#1703=LINE('',#13100,#2176);
#1704=LINE('',#13106,#2177);
#1705=LINE('',#13125,#2178);
#1706=LINE('',#13144,#2179);
#1707=LINE('',#13163,#2180);
#1708=LINE('',#13182,#2181);
#1709=LINE('',#13185,#2182);
#1710=LINE('',#13187,#2183);
#1711=LINE('',#13188,#2184);
#1712=LINE('',#13191,#2185);
#1713=LINE('',#13193,#2186);
#1714=LINE('',#13194,#2187);
#1715=LINE('',#13226,#2188);
#1716=LINE('',#13231,#2189);
#1717=LINE('',#13234,#2190);
#1718=LINE('',#13236,#2191);
#1719=LINE('',#13237,#2192);
#1720=LINE('',#13259,#2193);
#1721=LINE('',#13263,#2194);
#1722=LINE('',#13267,#2195);
#1723=LINE('',#13269,#2196);
#1724=LINE('',#13282,#2197);
#1725=LINE('',#13283,#2198);
#1726=LINE('',#13286,#2199);
#1727=LINE('',#13299,#2200);
#1728=LINE('',#13329,#2201);
#1729=LINE('',#13359,#2202);
#1730=LINE('',#13389,#2203);
#1731=LINE('',#13418,#2204);
#1732=LINE('',#13423,#2205);
#1733=LINE('',#13427,#2206);
#1734=LINE('',#13431,#2207);
#1735=LINE('',#13435,#2208);
#1736=LINE('',#13439,#2209);
#1737=LINE('',#13443,#2210);
#1738=LINE('',#13447,#2211);
#1739=LINE('',#13451,#2212);
#1740=LINE('',#13455,#2213);
#1741=LINE('',#13459,#2214);
#1742=LINE('',#13463,#2215);
#1743=LINE('',#13467,#2216);
#1744=LINE('',#13471,#2217);
#1745=LINE('',#13475,#2218);
#1746=LINE('',#13479,#2219);
#1747=LINE('',#13483,#2220);
#1748=LINE('',#13487,#2221);
#1749=LINE('',#13491,#2222);
#1750=LINE('',#13495,#2223);
#1751=LINE('',#13499,#2224);
#1752=LINE('',#13503,#2225);
#1753=LINE('',#13507,#2226);
#1754=LINE('',#13511,#2227);
#1755=LINE('',#13515,#2228);
#1756=LINE('',#13519,#2229);
#1757=LINE('',#13523,#2230);
#1758=LINE('',#13527,#2231);
#1759=LINE('',#13531,#2232);
#1760=LINE('',#13535,#2233);
#1761=LINE('',#13539,#2234);
#1762=LINE('',#13543,#2235);
#1763=LINE('',#13547,#2236);
#1764=LINE('',#13551,#2237);
#1765=LINE('',#13555,#2238);
#1766=LINE('',#13559,#2239);
#1767=LINE('',#13563,#2240);
#1768=LINE('',#13567,#2241);
#1769=LINE('',#13569,#2242);
#1770=LINE('',#13571,#2243);
#1771=LINE('',#13572,#2244);
#1772=LINE('',#13581,#2245);
#1773=LINE('',#13632,#2246);
#1774=LINE('',#13797,#2247);
#1775=LINE('',#13908,#2248);
#1776=LINE('',#14087,#2249);
#1777=LINE('',#14674,#2250);
#1778=LINE('',#14675,#2251);
#1779=LINE('',#14678,#2252);
#1780=LINE('',#14680,#2253);
#1781=LINE('',#14682,#2254);
#1782=LINE('',#14683,#2255);
#1783=LINE('',#14686,#2256);
#1784=LINE('',#14690,#2257);
#1785=LINE('',#14694,#2258);
#1786=LINE('',#14698,#2259);
#1787=LINE('',#14702,#2260);
#1788=LINE('',#14706,#2261);
#1789=LINE('',#14710,#2262);
#1790=LINE('',#14714,#2263);
#1791=LINE('',#14718,#2264);
#1792=LINE('',#14722,#2265);
#1793=LINE('',#14726,#2266);
#1794=LINE('',#14730,#2267);
#1795=LINE('',#14734,#2268);
#1796=LINE('',#14738,#2269);
#1797=LINE('',#14742,#2270);
#1798=LINE('',#14746,#2271);
#1799=LINE('',#14750,#2272);
#1800=LINE('',#14754,#2273);
#1801=LINE('',#14758,#2274);
#1802=LINE('',#14762,#2275);
#1803=LINE('',#14766,#2276);
#1804=LINE('',#14770,#2277);
#1805=LINE('',#14774,#2278);
#1806=LINE('',#14778,#2279);
#1807=LINE('',#14782,#2280);
#1808=LINE('',#14786,#2281);
#1809=LINE('',#14790,#2282);
#1810=LINE('',#14794,#2283);
#1811=LINE('',#14798,#2284);
#1812=LINE('',#14802,#2285);
#1813=LINE('',#14806,#2286);
#1814=LINE('',#14810,#2287);
#1815=LINE('',#14814,#2288);
#1816=LINE('',#14818,#2289);
#1817=LINE('',#14822,#2290);
#1818=LINE('',#14826,#2291);
#1819=LINE('',#14829,#2292);
#1820=LINE('',#14834,#2293);
#1821=LINE('',#14839,#2294);
#1822=LINE('',#14843,#2295);
#1823=LINE('',#14845,#2296);
#1824=LINE('',#14847,#2297);
#1825=LINE('',#14848,#2298);
#1826=LINE('',#14850,#2299);
#1827=LINE('',#14855,#2300);
#1828=LINE('',#14864,#2301);
#1829=LINE('',#14872,#2302);
#1830=LINE('',#14880,#2303);
#1831=LINE('',#14884,#2304);
#1832=LINE('',#14885,#2305);
#1833=LINE('',#14887,#2306);
#1834=LINE('',#14889,#2307);
#1835=LINE('',#14891,#2308);
#1836=LINE('',#14896,#2309);
#1837=LINE('',#14905,#2310);
#1838=LINE('',#14913,#2311);
#1839=LINE('',#14921,#2312);
#1840=LINE('',#14925,#2313);
#1841=LINE('',#14926,#2314);
#1842=LINE('',#14928,#2315);
#1843=LINE('',#14930,#2316);
#1844=LINE('',#14932,#2317);
#1845=LINE('',#14937,#2318);
#1846=LINE('',#14946,#2319);
#1847=LINE('',#14954,#2320);
#1848=LINE('',#14962,#2321);
#1849=LINE('',#14966,#2322);
#1850=LINE('',#14967,#2323);
#1851=LINE('',#14969,#2324);
#1852=LINE('',#14971,#2325);
#1853=LINE('',#14973,#2326);
#1854=LINE('',#14978,#2327);
#1855=LINE('',#14987,#2328);
#1856=LINE('',#14995,#2329);
#1857=LINE('',#15003,#2330);
#1858=LINE('',#15007,#2331);
#1859=LINE('',#15008,#2332);
#1860=LINE('',#15010,#2333);
#1861=LINE('',#15012,#2334);
#1862=LINE('',#15014,#2335);
#1863=LINE('',#15019,#2336);
#1864=LINE('',#15028,#2337);
#1865=LINE('',#15036,#2338);
#1866=LINE('',#15044,#2339);
#1867=LINE('',#15048,#2340);
#1868=LINE('',#15049,#2341);
#1869=LINE('',#15051,#2342);
#1870=LINE('',#15053,#2343);
#1871=LINE('',#15055,#2344);
#1872=LINE('',#15060,#2345);
#1873=LINE('',#15069,#2346);
#1874=LINE('',#15077,#2347);
#1875=LINE('',#15085,#2348);
#1876=LINE('',#15089,#2349);
#1877=LINE('',#15090,#2350);
#1878=LINE('',#15092,#2351);
#1879=LINE('',#15094,#2352);
#1880=LINE('',#15096,#2353);
#1881=LINE('',#15101,#2354);
#1882=LINE('',#15110,#2355);
#1883=LINE('',#15118,#2356);
#1884=LINE('',#15126,#2357);
#1885=LINE('',#15130,#2358);
#1886=LINE('',#15131,#2359);
#1887=LINE('',#15133,#2360);
#1888=LINE('',#15135,#2361);
#1889=LINE('',#15137,#2362);
#1890=LINE('',#15142,#2363);
#1891=LINE('',#15151,#2364);
#1892=LINE('',#15159,#2365);
#1893=LINE('',#15167,#2366);
#1894=LINE('',#15171,#2367);
#1895=LINE('',#15172,#2368);
#1896=LINE('',#15174,#2369);
#1897=LINE('',#15176,#2370);
#1898=LINE('',#15178,#2371);
#1899=LINE('',#15183,#2372);
#1900=LINE('',#15192,#2373);
#1901=LINE('',#15200,#2374);
#1902=LINE('',#15208,#2375);
#1903=LINE('',#15212,#2376);
#1904=LINE('',#15213,#2377);
#1905=LINE('',#15215,#2378);
#1906=LINE('',#15217,#2379);
#1907=LINE('',#15219,#2380);
#1908=LINE('',#15333,#2381);
#1909=LINE('',#15335,#2382);
#1910=LINE('',#15337,#2383);
#1911=LINE('',#15340,#2384);
#1912=LINE('',#15342,#2385);
#1913=LINE('',#15344,#2386);
#1914=LINE('',#15347,#2387);
#1915=LINE('',#15349,#2388);
#1916=LINE('',#15351,#2389);
#1917=LINE('',#15354,#2390);
#1918=LINE('',#15356,#2391);
#1919=LINE('',#15358,#2392);
#1920=LINE('',#15361,#2393);
#1921=LINE('',#15363,#2394);
#1922=LINE('',#15365,#2395);
#1923=LINE('',#15368,#2396);
#1924=LINE('',#15370,#2397);
#1925=LINE('',#15372,#2398);
#1926=LINE('',#15375,#2399);
#1927=LINE('',#15377,#2400);
#1928=LINE('',#15379,#2401);
#1929=LINE('',#15382,#2402);
#1930=LINE('',#15384,#2403);
#1931=LINE('',#15386,#2404);
#1932=LINE('',#15389,#2405);
#1933=LINE('',#15391,#2406);
#1934=LINE('',#15393,#2407);
#1935=LINE('',#15396,#2408);
#1936=VECTOR('',#8157,10.);
#1937=VECTOR('',#8158,10.);
#1938=VECTOR('',#8161,10.);
#1939=VECTOR('',#8162,10.);
#1940=VECTOR('',#8163,10.);
#1941=VECTOR('',#8166,10.);
#1942=VECTOR('',#8167,10.);
#1943=VECTOR('',#8168,10.);
#1944=VECTOR('',#8169,10.);
#1945=VECTOR('',#8172,10.);
#1946=VECTOR('',#8173,10.);
#1947=VECTOR('',#8174,10.);
#1948=VECTOR('',#8177,10.);
#1949=VECTOR('',#8178,10.);
#1950=VECTOR('',#8179,10.);
#1951=VECTOR('',#8182,10.);
#1952=VECTOR('',#8183,10.);
#1953=VECTOR('',#8184,10.);
#1954=VECTOR('',#8187,10.);
#1955=VECTOR('',#8188,10.);
#1956=VECTOR('',#8189,10.);
#1957=VECTOR('',#8190,10.);
#1958=VECTOR('',#8191,10.);
#1959=VECTOR('',#8192,10.);
#1960=VECTOR('',#8193,10.);
#1961=VECTOR('',#8194,10.);
#1962=VECTOR('',#8195,10.);
#1963=VECTOR('',#8196,10.);
#1964=VECTOR('',#8197,10.);
#1965=VECTOR('',#8198,10.);
#1966=VECTOR('',#8199,10.);
#1967=VECTOR('',#8200,10.);
#1968=VECTOR('',#8201,10.);
#1969=VECTOR('',#8202,10.);
#1970=VECTOR('',#8203,10.);
#1971=VECTOR('',#8210,10.);
#1972=VECTOR('',#8211,10.);
#1973=VECTOR('',#8212,10.);
#1974=VECTOR('',#8213,10.);
#1975=VECTOR('',#8214,10.);
#1976=VECTOR('',#8215,10.);
#1977=VECTOR('',#8216,10.);
#1978=VECTOR('',#8217,10.);
#1979=VECTOR('',#8218,10.);
#1980=VECTOR('',#8221,10.);
#1981=VECTOR('',#8222,10.);
#1982=VECTOR('',#8223,10.);
#1983=VECTOR('',#8226,10.);
#1984=VECTOR('',#8227,10.);
#1985=VECTOR('',#8228,10.);
#1986=VECTOR('',#8229,10.);
#1987=VECTOR('',#8230,10.);
#1988=VECTOR('',#8231,10.);
#1989=VECTOR('',#8232,10.);
#1990=VECTOR('',#8233,10.);
#1991=VECTOR('',#8234,10.);
#1992=VECTOR('',#8235,10.);
#1993=VECTOR('',#8242,10.);
#1994=VECTOR('',#8243,10.);
#1995=VECTOR('',#8244,10.);
#1996=VECTOR('',#8245,10.);
#1997=VECTOR('',#8246,10.);
#1998=VECTOR('',#8247,10.);
#1999=VECTOR('',#8248,10.);
#2000=VECTOR('',#8249,10.);
#2001=VECTOR('',#8252,10.);
#2002=VECTOR('',#8253,10.);
#2003=VECTOR('',#8254,10.);
#2004=VECTOR('',#8255,10.);
#2005=VECTOR('',#8256,10.);
#2006=VECTOR('',#8257,10.);
#2007=VECTOR('',#8258,10.);
#2008=VECTOR('',#8259,10.);
#2009=VECTOR('',#8260,10.);
#2010=VECTOR('',#8261,10.);
#2011=VECTOR('',#8262,10.);
#2012=VECTOR('',#8263,10.);
#2013=VECTOR('',#8264,10.);
#2014=VECTOR('',#8265,10.);
#2015=VECTOR('',#8266,10.);
#2016=VECTOR('',#8267,10.);
#2017=VECTOR('',#8268,10.);
#2018=VECTOR('',#8269,10.);
#2019=VECTOR('',#8270,10.);
#2020=VECTOR('',#8271,10.);
#2021=VECTOR('',#8272,10.);
#2022=VECTOR('',#8273,10.);
#2023=VECTOR('',#8274,10.);
#2024=VECTOR('',#8275,10.);
#2025=VECTOR('',#8276,10.);
#2026=VECTOR('',#8277,10.);
#2027=VECTOR('',#8278,10.);
#2028=VECTOR('',#8279,10.);
#2029=VECTOR('',#8280,10.);
#2030=VECTOR('',#8281,10.);
#2031=VECTOR('',#8282,10.);
#2032=VECTOR('',#8283,10.);
#2033=VECTOR('',#8284,10.);
#2034=VECTOR('',#8287,10.);
#2035=VECTOR('',#8288,10.);
#2036=VECTOR('',#8289,10.);
#2037=VECTOR('',#8290,10.);
#2038=VECTOR('',#8291,10.);
#2039=VECTOR('',#8292,10.);
#2040=VECTOR('',#8293,10.);
#2041=VECTOR('',#8294,10.);
#2042=VECTOR('',#8295,10.);
#2043=VECTOR('',#8296,10.);
#2044=VECTOR('',#8297,10.);
#2045=VECTOR('',#8298,10.);
#2046=VECTOR('',#8299,10.);
#2047=VECTOR('',#8300,10.);
#2048=VECTOR('',#8301,10.);
#2049=VECTOR('',#8304,10.);
#2050=VECTOR('',#8305,10.);
#2051=VECTOR('',#8306,10.);
#2052=VECTOR('',#8307,10.);
#2053=VECTOR('',#8308,10.);
#2054=VECTOR('',#8309,10.);
#2055=VECTOR('',#8310,10.);
#2056=VECTOR('',#8311,10.);
#2057=VECTOR('',#8312,10.);
#2058=VECTOR('',#8313,10.);
#2059=VECTOR('',#8314,10.);
#2060=VECTOR('',#8315,10.);
#2061=VECTOR('',#8316,10.);
#2062=VECTOR('',#8317,10.);
#2063=VECTOR('',#8318,10.);
#2064=VECTOR('',#8319,10.);
#2065=VECTOR('',#8320,10.);
#2066=VECTOR('',#8321,10.);
#2067=VECTOR('',#8322,10.);
#2068=VECTOR('',#8323,10.);
#2069=VECTOR('',#8324,10.);
#2070=VECTOR('',#8325,10.);
#2071=VECTOR('',#8326,10.);
#2072=VECTOR('',#8327,10.);
#2073=VECTOR('',#8328,10.);
#2074=VECTOR('',#8329,10.);
#2075=VECTOR('',#8330,10.);
#2076=VECTOR('',#8331,10.);
#2077=VECTOR('',#8332,10.);
#2078=VECTOR('',#8333,10.);
#2079=VECTOR('',#8334,10.);
#2080=VECTOR('',#8335,10.);
#2081=VECTOR('',#8336,10.);
#2082=VECTOR('',#8339,10.);
#2083=VECTOR('',#8340,10.);
#2084=VECTOR('',#8341,10.);
#2085=VECTOR('',#8342,10.);
#2086=VECTOR('',#8343,10.);
#2087=VECTOR('',#8344,10.);
#2088=VECTOR('',#8345,10.);
#2089=VECTOR('',#8346,10.);
#2090=VECTOR('',#8347,10.);
#2091=VECTOR('',#8352,10.);
#2092=VECTOR('',#8353,10.);
#2093=VECTOR('',#8364,10.);
#2094=VECTOR('',#8365,10.);
#2095=VECTOR('',#8366,10.);
#2096=VECTOR('',#8369,10.);
#2097=VECTOR('',#8370,10.);
#2098=VECTOR('',#8371,10.);
#2099=VECTOR('',#8372,10.);
#2100=VECTOR('',#8373,10.);
#2101=VECTOR('',#8374,10.);
#2102=VECTOR('',#8377,10.);
#2103=VECTOR('',#8380,10.);
#2104=VECTOR('',#8381,10.);
#2105=VECTOR('',#8382,10.);
#2106=VECTOR('',#8383,10.);
#2107=VECTOR('',#8384,10.);
#2108=VECTOR('',#8385,10.);
#2109=VECTOR('',#8386,10.);
#2110=VECTOR('',#8389,10.);
#2111=VECTOR('',#8392,10.);
#2112=VECTOR('',#8393,10.);
#2113=VECTOR('',#8396,10.);
#2114=VECTOR('',#8397,10.);
#2115=VECTOR('',#8398,10.);
#2116=VECTOR('',#8405,10.);
#2117=VECTOR('',#8406,10.);
#2118=VECTOR('',#8409,10.);
#2119=VECTOR('',#8410,10.);
#2120=VECTOR('',#8411,10.);
#2121=VECTOR('',#8414,10.);
#2122=VECTOR('',#8415,10.);
#2123=VECTOR('',#8422,10.);
#2124=VECTOR('',#8423,10.);
#2125=VECTOR('',#8424,10.);
#2126=VECTOR('',#8425,10.);
#2127=VECTOR('',#8426,10.);
#2128=VECTOR('',#8427,10.);
#2129=VECTOR('',#8428,10.);
#2130=VECTOR('',#8429,10.);
#2131=VECTOR('',#8430,10.);
#2132=VECTOR('',#8431,10.);
#2133=VECTOR('',#8432,10.);
#2134=VECTOR('',#8433,10.);
#2135=VECTOR('',#8434,10.);
#2136=VECTOR('',#8435,10.);
#2137=VECTOR('',#8436,10.);
#2138=VECTOR('',#8437,10.);
#2139=VECTOR('',#8438,10.);
#2140=VECTOR('',#8439,10.);
#2141=VECTOR('',#8440,10.);
#2142=VECTOR('',#8441,10.);
#2143=VECTOR('',#8442,10.);
#2144=VECTOR('',#8443,10.);
#2145=VECTOR('',#8444,10.);
#2146=VECTOR('',#8445,10.);
#2147=VECTOR('',#8446,10.);
#2148=VECTOR('',#8447,10.);
#2149=VECTOR('',#8448,10.);
#2150=VECTOR('',#8449,10.);
#2151=VECTOR('',#8454,10.);
#2152=VECTOR('',#8457,10.);
#2153=VECTOR('',#8458,10.);
#2154=VECTOR('',#8459,10.);
#2155=VECTOR('',#8460,10.);
#2156=VECTOR('',#8461,10.);
#2157=VECTOR('',#8462,10.);
#2158=VECTOR('',#8463,10.);
#2159=VECTOR('',#8464,10.);
#2160=VECTOR('',#8465,10.);
#2161=VECTOR('',#8466,10.);
#2162=VECTOR('',#8467,10.);
#2163=VECTOR('',#8468,10.);
#2164=VECTOR('',#8469,10.);
#2165=VECTOR('',#8470,10.);
#2166=VECTOR('',#8471,10.);
#2167=VECTOR('',#8472,10.);
#2168=VECTOR('',#8473,10.);
#2169=VECTOR('',#8474,10.);
#2170=VECTOR('',#8475,10.);
#2171=VECTOR('',#8476,10.);
#2172=VECTOR('',#8477,10.);
#2173=VECTOR('',#8478,10.);
#2174=VECTOR('',#8483,10.);
#2175=VECTOR('',#8484,10.);
#2176=VECTOR('',#8491,10.);
#2177=VECTOR('',#8492,10.);
#2178=VECTOR('',#8493,10.);
#2179=VECTOR('',#8494,10.);
#2180=VECTOR('',#8495,10.);
#2181=VECTOR('',#8496,10.);
#2182=VECTOR('',#8499,10.);
#2183=VECTOR('',#8500,10.);
#2184=VECTOR('',#8501,10.);
#2185=VECTOR('',#8504,10.);
#2186=VECTOR('',#8505,10.);
#2187=VECTOR('',#8506,10.);
#2188=VECTOR('',#8513,10.);
#2189=VECTOR('',#8514,10.);
#2190=VECTOR('',#8517,10.);
#2191=VECTOR('',#8518,10.);
#2192=VECTOR('',#8519,10.);
#2193=VECTOR('',#8526,10.);
#2194=VECTOR('',#8529,10.);
#2195=VECTOR('',#8534,10.);
#2196=VECTOR('',#8535,10.);
#2197=VECTOR('',#8538,10.);
#2198=VECTOR('',#8539,10.);
#2199=VECTOR('',#8542,10.);
#2200=VECTOR('',#8545,10.);
#2201=VECTOR('',#8546,10.);
#2202=VECTOR('',#8547,10.);
#2203=VECTOR('',#8548,10.);
#2204=VECTOR('',#8549,10.);
#2205=VECTOR('',#8552,10.);
#2206=VECTOR('',#8555,10.);
#2207=VECTOR('',#8558,10.);
#2208=VECTOR('',#8561,10.);
#2209=VECTOR('',#8564,10.);
#2210=VECTOR('',#8567,10.);
#2211=VECTOR('',#8570,10.);
#2212=VECTOR('',#8573,10.);
#2213=VECTOR('',#8576,10.);
#2214=VECTOR('',#8579,10.);
#2215=VECTOR('',#8582,10.);
#2216=VECTOR('',#8585,10.);
#2217=VECTOR('',#8588,10.);
#2218=VECTOR('',#8591,10.);
#2219=VECTOR('',#8594,10.);
#2220=VECTOR('',#8597,10.);
#2221=VECTOR('',#8600,10.);
#2222=VECTOR('',#8603,10.);
#2223=VECTOR('',#8606,10.);
#2224=VECTOR('',#8609,10.);
#2225=VECTOR('',#8612,10.);
#2226=VECTOR('',#8615,10.);
#2227=VECTOR('',#8618,10.);
#2228=VECTOR('',#8621,10.);
#2229=VECTOR('',#8624,10.);
#2230=VECTOR('',#8627,10.);
#2231=VECTOR('',#8630,10.);
#2232=VECTOR('',#8633,10.);
#2233=VECTOR('',#8636,10.);
#2234=VECTOR('',#8639,10.);
#2235=VECTOR('',#8642,10.);
#2236=VECTOR('',#8645,10.);
#2237=VECTOR('',#8648,10.);
#2238=VECTOR('',#8651,10.);
#2239=VECTOR('',#8654,10.);
#2240=VECTOR('',#8657,10.);
#2241=VECTOR('',#8660,10.);
#2242=VECTOR('',#8661,10.);
#2243=VECTOR('',#8662,10.);
#2244=VECTOR('',#8663,10.);
#2245=VECTOR('',#8672,1.45);
#2246=VECTOR('',#8675,1.45);
#2247=VECTOR('',#8686,1.45);
#2248=VECTOR('',#8697,10.);
#2249=VECTOR('',#8708,10.);
#2250=VECTOR('',#8739,10.);
#2251=VECTOR('',#8740,10.);
#2252=VECTOR('',#8741,10.);
#2253=VECTOR('',#8742,10.);
#2254=VECTOR('',#8743,10.);
#2255=VECTOR('',#8744,10.);
#2256=VECTOR('',#8745,10.);
#2257=VECTOR('',#8748,10.);
#2258=VECTOR('',#8751,10.);
#2259=VECTOR('',#8754,10.);
#2260=VECTOR('',#8757,10.);
#2261=VECTOR('',#8760,10.);
#2262=VECTOR('',#8763,10.);
#2263=VECTOR('',#8766,10.);
#2264=VECTOR('',#8769,10.);
#2265=VECTOR('',#8772,10.);
#2266=VECTOR('',#8775,10.);
#2267=VECTOR('',#8778,10.);
#2268=VECTOR('',#8781,10.);
#2269=VECTOR('',#8784,10.);
#2270=VECTOR('',#8787,10.);
#2271=VECTOR('',#8790,10.);
#2272=VECTOR('',#8793,10.);
#2273=VECTOR('',#8796,10.);
#2274=VECTOR('',#8799,10.);
#2275=VECTOR('',#8802,10.);
#2276=VECTOR('',#8805,10.);
#2277=VECTOR('',#8808,10.);
#2278=VECTOR('',#8811,10.);
#2279=VECTOR('',#8814,10.);
#2280=VECTOR('',#8817,10.);
#2281=VECTOR('',#8820,10.);
#2282=VECTOR('',#8823,10.);
#2283=VECTOR('',#8826,10.);
#2284=VECTOR('',#8829,10.);
#2285=VECTOR('',#8832,10.);
#2286=VECTOR('',#8835,10.);
#2287=VECTOR('',#8838,10.);
#2288=VECTOR('',#8841,10.);
#2289=VECTOR('',#8844,10.);
#2290=VECTOR('',#8847,10.);
#2291=VECTOR('',#8850,10.);
#2292=VECTOR('',#8855,8.5);
#2293=VECTOR('',#8860,10.);
#2294=VECTOR('',#8865,10.);
#2295=VECTOR('',#8872,10.);
#2296=VECTOR('',#8875,10.);
#2297=VECTOR('',#8878,10.);
#2298=VECTOR('',#8879,10.);
#2299=VECTOR('',#8882,10.);
#2300=VECTOR('',#8887,10.);
#2301=VECTOR('',#8900,10.);
#2302=VECTOR('',#8911,10.);
#2303=VECTOR('',#8922,10.);
#2304=VECTOR('',#8929,10.);
#2305=VECTOR('',#8930,10.);
#2306=VECTOR('',#8933,10.);
#2307=VECTOR('',#8936,10.);
#2308=VECTOR('',#8939,10.);
#2309=VECTOR('',#8944,10.);
#2310=VECTOR('',#8957,10.);
#2311=VECTOR('',#8968,10.);
#2312=VECTOR('',#8979,10.);
#2313=VECTOR('',#8986,10.);
#2314=VECTOR('',#8987,10.);
#2315=VECTOR('',#8990,10.);
#2316=VECTOR('',#8993,10.);
#2317=VECTOR('',#8996,10.);
#2318=VECTOR('',#9001,10.);
#2319=VECTOR('',#9014,10.);
#2320=VECTOR('',#9025,10.);
#2321=VECTOR('',#9036,10.);
#2322=VECTOR('',#9043,10.);
#2323=VECTOR('',#9044,10.);
#2324=VECTOR('',#9047,10.);
#2325=VECTOR('',#9050,10.);
#2326=VECTOR('',#9053,10.);
#2327=VECTOR('',#9058,10.);
#2328=VECTOR('',#9071,10.);
#2329=VECTOR('',#9082,10.);
#2330=VECTOR('',#9093,10.);
#2331=VECTOR('',#9100,10.);
#2332=VECTOR('',#9101,10.);
#2333=VECTOR('',#9104,10.);
#2334=VECTOR('',#9107,10.);
#2335=VECTOR('',#9110,10.);
#2336=VECTOR('',#9115,10.);
#2337=VECTOR('',#9128,10.);
#2338=VECTOR('',#9139,10.);
#2339=VECTOR('',#9150,10.);
#2340=VECTOR('',#9157,10.);
#2341=VECTOR('',#9158,10.);
#2342=VECTOR('',#9161,10.);
#2343=VECTOR('',#9164,10.);
#2344=VECTOR('',#9167,10.);
#2345=VECTOR('',#9172,10.);
#2346=VECTOR('',#9185,10.);
#2347=VECTOR('',#9196,10.);
#2348=VECTOR('',#9207,10.);
#2349=VECTOR('',#9214,10.);
#2350=VECTOR('',#9215,10.);
#2351=VECTOR('',#9218,10.);
#2352=VECTOR('',#9221,10.);
#2353=VECTOR('',#9224,10.);
#2354=VECTOR('',#9229,10.);
#2355=VECTOR('',#9242,10.);
#2356=VECTOR('',#9253,10.);
#2357=VECTOR('',#9264,10.);
#2358=VECTOR('',#9271,10.);
#2359=VECTOR('',#9272,10.);
#2360=VECTOR('',#9275,10.);
#2361=VECTOR('',#9278,10.);
#2362=VECTOR('',#9281,10.);
#2363=VECTOR('',#9286,10.);
#2364=VECTOR('',#9299,10.);
#2365=VECTOR('',#9310,10.);
#2366=VECTOR('',#9321,10.);
#2367=VECTOR('',#9328,10.);
#2368=VECTOR('',#9329,10.);
#2369=VECTOR('',#9332,10.);
#2370=VECTOR('',#9335,10.);
#2371=VECTOR('',#9338,10.);
#2372=VECTOR('',#9343,10.);
#2373=VECTOR('',#9356,10.);
#2374=VECTOR('',#9367,10.);
#2375=VECTOR('',#9378,10.);
#2376=VECTOR('',#9385,10.);
#2377=VECTOR('',#9386,10.);
#2378=VECTOR('',#9389,10.);
#2379=VECTOR('',#9392,10.);
#2380=VECTOR('',#9395,10.);
#2381=VECTOR('',#9406,10.);
#2382=VECTOR('',#9409,10.);
#2383=VECTOR('',#9412,10.);
#2384=VECTOR('',#9417,10.);
#2385=VECTOR('',#9420,10.);
#2386=VECTOR('',#9423,10.);
#2387=VECTOR('',#9428,10.);
#2388=VECTOR('',#9431,10.);
#2389=VECTOR('',#9434,10.);
#2390=VECTOR('',#9439,10.);
#2391=VECTOR('',#9442,10.);
#2392=VECTOR('',#9445,10.);
#2393=VECTOR('',#9450,10.);
#2394=VECTOR('',#9453,10.);
#2395=VECTOR('',#9456,10.);
#2396=VECTOR('',#9461,10.);
#2397=VECTOR('',#9464,10.);
#2398=VECTOR('',#9467,10.);
#2399=VECTOR('',#9472,10.);
#2400=VECTOR('',#9475,10.);
#2401=VECTOR('',#9478,10.);
#2402=VECTOR('',#9483,10.);
#2403=VECTOR('',#9486,10.);
#2404=VECTOR('',#9489,10.);
#2405=VECTOR('',#9494,10.);
#2406=VECTOR('',#9497,10.);
#2407=VECTOR('',#9500,10.);
#2408=VECTOR('',#9505,10.);
#2409=B_SPLINE_CURVE_WITH_KNOTS('',3,(#9536,#9537,#9538,#9539),
 .UNSPECIFIED.,.F.,.F.,(4,4),(0.,1.),.UNSPECIFIED.);
#2410=B_SPLINE_CURVE_WITH_KNOTS('',3,(#9543,#9544,#9545,#9546),
 .UNSPECIFIED.,.F.,.F.,(4,4),(-1.,0.),.UNSPECIFIED.);
#2411=B_SPLINE_CURVE_WITH_KNOTS('',3,(#9569,#9570,#9571,#9572),
 .UNSPECIFIED.,.F.,.F.,(4,4),(0.,1.),.UNSPECIFIED.);
#2412=B_SPLINE_CURVE_WITH_KNOTS('',3,(#9574,#9575,#9576,#9577),
 .UNSPECIFIED.,.F.,.F.,(4,4),(-1.,0.),.UNSPECIFIED.);
#2413=B_SPLINE_CURVE_WITH_KNOTS('',3,(#9612,#9613,#9614,#9615),
 .UNSPECIFIED.,.F.,.F.,(4,4),(0.,0.171144400752351),.UNSPECIFIED.);
#2414=B_SPLINE_CURVE_WITH_KNOTS('',3,(#9617,#9618,#9619,#9620),
 .UNSPECIFIED.,.F.,.F.,(4,4),(-1.,0.),.UNSPECIFIED.);
#2415=B_SPLINE_CURVE_WITH_KNOTS('',3,(#9631,#9632,#9633,#9634),
 .UNSPECIFIED.,.F.,.F.,(4,4),(0.,0.0147135946748728),.UNSPECIFIED.);
#2416=B_SPLINE_CURVE_WITH_KNOTS('',3,(#9636,#9637,#9638,#9639),
 .UNSPECIFIED.,.F.,.F.,(4,4),(-0.0147135946742508,0.),.UNSPECIFIED.);
#2417=B_SPLINE_CURVE_WITH_KNOTS('',3,(#9650,#9651,#9652,#9653),
 .UNSPECIFIED.,.F.,.F.,(4,4),(0.,1.),.UNSPECIFIED.);
#2418=B_SPLINE_CURVE_WITH_KNOTS('',3,(#9655,#9656,#9657,#9658),
 .UNSPECIFIED.,.F.,.F.,(4,4),(-1.,0.),.UNSPECIFIED.);
#2419=B_SPLINE_CURVE_WITH_KNOTS('',3,(#9669,#9670,#9671,#9672),
 .UNSPECIFIED.,.F.,.F.,(4,4),(0.,1.),.UNSPECIFIED.);
#2420=B_SPLINE_CURVE_WITH_KNOTS('',3,(#9674,#9675,#9676,#9677),
 .UNSPECIFIED.,.F.,.F.,(4,4),(-1.,0.),.UNSPECIFIED.);
#2421=B_SPLINE_CURVE_WITH_KNOTS('',3,(#9688,#9689,#9690,#9691),
 .UNSPECIFIED.,.F.,.F.,(4,4),(0.,1.),.UNSPECIFIED.);
#2422=B_SPLINE_CURVE_WITH_KNOTS('',3,(#9693,#9694,#9695,#9696),
 .UNSPECIFIED.,.F.,.F.,(4,4),(-1.,0.),.UNSPECIFIED.);
#2423=B_SPLINE_CURVE_WITH_KNOTS('',3,(#9707,#9708,#9709,#9710),
 .UNSPECIFIED.,.F.,.F.,(4,4),(0.,0.0212882466109654),.UNSPECIFIED.);
#2424=B_SPLINE_CURVE_WITH_KNOTS('',3,(#9712,#9713,#9714,#9715),
 .UNSPECIFIED.,.F.,.F.,(4,4),(-0.0212882466179695,0.),.UNSPECIFIED.);
#2425=B_SPLINE_CURVE_WITH_KNOTS('',3,(#9726,#9727,#9728,#9729),
 .UNSPECIFIED.,.F.,.F.,(4,4),(0.,1.),.UNSPECIFIED.);
#2426=B_SPLINE_CURVE_WITH_KNOTS('',3,(#9731,#9732,#9733,#9734),
 .UNSPECIFIED.,.F.,.F.,(4,4),(-1.,0.),.UNSPECIFIED.);
#2427=B_SPLINE_CURVE_WITH_KNOTS('',3,(#9745,#9746,#9747,#9748),
 .UNSPECIFIED.,.F.,.F.,(4,4),(0.,1.),.UNSPECIFIED.);
#2428=B_SPLINE_CURVE_WITH_KNOTS('',3,(#9750,#9751,#9752,#9753),
 .UNSPECIFIED.,.F.,.F.,(4,4),(-1.,0.),.UNSPECIFIED.);
#2429=B_SPLINE_CURVE_WITH_KNOTS('',3,(#9764,#9765,#9766,#9767),
 .UNSPECIFIED.,.F.,.F.,(4,4),(0.,1.),.UNSPECIFIED.);
#2430=B_SPLINE_CURVE_WITH_KNOTS('',3,(#9769,#9770,#9771,#9772),
 .UNSPECIFIED.,.F.,.F.,(4,4),(-1.,0.),.UNSPECIFIED.);
#2431=B_SPLINE_CURVE_WITH_KNOTS('',3,(#9783,#9784,#9785,#9786),
 .UNSPECIFIED.,.F.,.F.,(4,4),(0.,1.),.UNSPECIFIED.);
#2432=B_SPLINE_CURVE_WITH_KNOTS('',3,(#9788,#9789,#9790,#9791),
 .UNSPECIFIED.,.F.,.F.,(4,4),(-1.,0.),.UNSPECIFIED.);
#2433=B_SPLINE_CURVE_WITH_KNOTS('',3,(#9802,#9803,#9804,#9805),
 .UNSPECIFIED.,.F.,.F.,(4,4),(0.,1.),.UNSPECIFIED.);
#2434=B_SPLINE_CURVE_WITH_KNOTS('',3,(#9807,#9808,#9809,#9810),
 .UNSPECIFIED.,.F.,.F.,(4,4),(-1.,0.),.UNSPECIFIED.);
#2435=B_SPLINE_CURVE_WITH_KNOTS('',3,(#9821,#9822,#9823,#9824),
 .UNSPECIFIED.,.F.,.F.,(4,4),(0.,1.),.UNSPECIFIED.);
#2436=B_SPLINE_CURVE_WITH_KNOTS('',3,(#9826,#9827,#9828,#9829),
 .UNSPECIFIED.,.F.,.F.,(4,4),(-1.,0.),.UNSPECIFIED.);
#2437=B_SPLINE_CURVE_WITH_KNOTS('',3,(#9840,#9841,#9842,#9843),
 .UNSPECIFIED.,.F.,.F.,(4,4),(0.,1.),.UNSPECIFIED.);
#2438=B_SPLINE_CURVE_WITH_KNOTS('',3,(#9845,#9846,#9847,#9848),
 .UNSPECIFIED.,.F.,.F.,(4,4),(-1.,0.),.UNSPECIFIED.);
#2439=B_SPLINE_CURVE_WITH_KNOTS('',3,(#9859,#9860,#9861,#9862),
 .UNSPECIFIED.,.F.,.F.,(4,4),(0.,1.),.UNSPECIFIED.);
#2440=B_SPLINE_CURVE_WITH_KNOTS('',3,(#9864,#9865,#9866,#9867),
 .UNSPECIFIED.,.F.,.F.,(4,4),(-0.0224565748001249,0.),.UNSPECIFIED.);
#2441=B_SPLINE_CURVE_WITH_KNOTS('',3,(#9877,#9878,#9879,#9880),
 .UNSPECIFIED.,.F.,.F.,(4,4),(0.,1.),.UNSPECIFIED.);
#2442=B_SPLINE_CURVE_WITH_KNOTS('',3,(#9881,#9882,#9883,#9884),
 .UNSPECIFIED.,.F.,.F.,(4,4),(-1.,0.),.UNSPECIFIED.);
#2443=B_SPLINE_CURVE_WITH_KNOTS('',3,(#9898,#9899,#9900,#9901),
 .UNSPECIFIED.,.F.,.F.,(4,4),(-1.,0.),.UNSPECIFIED.);
#2444=B_SPLINE_CURVE_WITH_KNOTS('',3,(#9905,#9906,#9907,#9908),
 .UNSPECIFIED.,.F.,.F.,(4,4),(-1.,0.),.UNSPECIFIED.);
#2445=B_SPLINE_CURVE_WITH_KNOTS('',3,(#9919,#9920,#9921,#9922),
 .UNSPECIFIED.,.F.,.F.,(4,4),(-1.,0.),.UNSPECIFIED.);
#2446=B_SPLINE_CURVE_WITH_KNOTS('',3,(#9924,#9925,#9926,#9927),
 .UNSPECIFIED.,.F.,.F.,(4,4),(-1.,0.),.UNSPECIFIED.);
#2447=B_SPLINE_CURVE_WITH_KNOTS('',3,(#9938,#9939,#9940,#9941),
 .UNSPECIFIED.,.F.,.F.,(4,4),(-1.,0.),.UNSPECIFIED.);
#2448=B_SPLINE_CURVE_WITH_KNOTS('',3,(#9943,#9944,#9945,#9946),
 .UNSPECIFIED.,.F.,.F.,(4,4),(-1.,0.),.UNSPECIFIED.);
#2449=B_SPLINE_CURVE_WITH_KNOTS('',3,(#9956,#9957,#9958,#9959),
 .UNSPECIFIED.,.F.,.F.,(4,4),(-1.,0.),.UNSPECIFIED.);
#2450=B_SPLINE_CURVE_WITH_KNOTS('',3,(#9960,#9961,#9962,#9963),
 .UNSPECIFIED.,.F.,.F.,(4,4),(-1.,0.),.UNSPECIFIED.);
#2451=B_SPLINE_CURVE_WITH_KNOTS('',3,(#9974,#9975,#9976,#9977),
 .UNSPECIFIED.,.F.,.F.,(4,4),(0.,1.),.UNSPECIFIED.);
#2452=B_SPLINE_CURVE_WITH_KNOTS('',3,(#9981,#9982,#9983,#9984),
 .UNSPECIFIED.,.F.,.F.,(4,4),(-1.,0.),.UNSPECIFIED.);
#2453=B_SPLINE_CURVE_WITH_KNOTS('',3,(#9995,#9996,#9997,#9998),
 .UNSPECIFIED.,.F.,.F.,(4,4),(0.,0.0145617631649255),.UNSPECIFIED.);
#2454=B_SPLINE_CURVE_WITH_KNOTS('',3,(#10000,#10001,#10002,#10003),
 .UNSPECIFIED.,.F.,.F.,(4,4),(-0.0145617631644426,0.),.UNSPECIFIED.);
#2455=B_SPLINE_CURVE_WITH_KNOTS('',3,(#10014,#10015,#10016,#10017),
 .UNSPECIFIED.,.F.,.F.,(4,4),(0.,1.),.UNSPECIFIED.);
#2456=B_SPLINE_CURVE_WITH_KNOTS('',3,(#10019,#10020,#10021,#10022),
 .UNSPECIFIED.,.F.,.F.,(4,4),(-1.,0.),.UNSPECIFIED.);
#2457=B_SPLINE_CURVE_WITH_KNOTS('',3,(#10033,#10034,#10035,#10036),
 .UNSPECIFIED.,.F.,.F.,(4,4),(0.,1.),.UNSPECIFIED.);
#2458=B_SPLINE_CURVE_WITH_KNOTS('',3,(#10038,#10039,#10040,#10041),
 .UNSPECIFIED.,.F.,.F.,(4,4),(-1.,0.),.UNSPECIFIED.);
#2459=B_SPLINE_CURVE_WITH_KNOTS('',3,(#10064,#10065,#10066,#10067),
 .UNSPECIFIED.,.F.,.F.,(4,4),(0.,1.),.UNSPECIFIED.);
#2460=B_SPLINE_CURVE_WITH_KNOTS('',3,(#10069,#10070,#10071,#10072),
 .UNSPECIFIED.,.F.,.F.,(4,4),(-1.,0.),.UNSPECIFIED.);
#2461=B_SPLINE_CURVE_WITH_KNOTS('',3,(#10083,#10084,#10085,#10086),
 .UNSPECIFIED.,.F.,.F.,(4,4),(0.,1.),.UNSPECIFIED.);
#2462=B_SPLINE_CURVE_WITH_KNOTS('',3,(#10088,#10089,#10090,#10091),
 .UNSPECIFIED.,.F.,.F.,(4,4),(-1.,0.),.UNSPECIFIED.);
#2463=B_SPLINE_CURVE_WITH_KNOTS('',3,(#10102,#10103,#10104,#10105),
 .UNSPECIFIED.,.F.,.F.,(4,4),(0.,1.),.UNSPECIFIED.);
#2464=B_SPLINE_CURVE_WITH_KNOTS('',3,(#10107,#10108,#10109,#10110),
 .UNSPECIFIED.,.F.,.F.,(4,4),(-1.,0.),.UNSPECIFIED.);
#2465=B_SPLINE_CURVE_WITH_KNOTS('',3,(#10121,#10122,#10123,#10124),
 .UNSPECIFIED.,.F.,.F.,(4,4),(0.,1.),.UNSPECIFIED.);
#2466=B_SPLINE_CURVE_WITH_KNOTS('',3,(#10126,#10127,#10128,#10129),
 .UNSPECIFIED.,.F.,.F.,(4,4),(-1.,0.),.UNSPECIFIED.);
#2467=B_SPLINE_CURVE_WITH_KNOTS('',3,(#10140,#10141,#10142,#10143),
 .UNSPECIFIED.,.F.,.F.,(4,4),(0.,1.),.UNSPECIFIED.);
#2468=B_SPLINE_CURVE_WITH_KNOTS('',3,(#10145,#10146,#10147,#10148),
 .UNSPECIFIED.,.F.,.F.,(4,4),(-1.,0.),.UNSPECIFIED.);
#2469=B_SPLINE_CURVE_WITH_KNOTS('',3,(#10159,#10160,#10161,#10162),
 .UNSPECIFIED.,.F.,.F.,(4,4),(0.,1.),.UNSPECIFIED.);
#2470=B_SPLINE_CURVE_WITH_KNOTS('',3,(#10164,#10165,#10166,#10167),
 .UNSPECIFIED.,.F.,.F.,(4,4),(-1.,0.),.UNSPECIFIED.);
#2471=B_SPLINE_CURVE_WITH_KNOTS('',3,(#10178,#10179,#10180,#10181),
 .UNSPECIFIED.,.F.,.F.,(4,4),(0.,1.),.UNSPECIFIED.);
#2472=B_SPLINE_CURVE_WITH_KNOTS('',3,(#10183,#10184,#10185,#10186),
 .UNSPECIFIED.,.F.,.F.,(4,4),(-1.,0.),.UNSPECIFIED.);
#2473=B_SPLINE_CURVE_WITH_KNOTS('',3,(#10196,#10197,#10198,#10199),
 .UNSPECIFIED.,.F.,.F.,(4,4),(0.,1.),.UNSPECIFIED.);
#2474=B_SPLINE_CURVE_WITH_KNOTS('',3,(#10200,#10201,#10202,#10203),
 .UNSPECIFIED.,.F.,.F.,(4,4),(-1.,0.),.UNSPECIFIED.);
#2475=B_SPLINE_CURVE_WITH_KNOTS('',3,(#10217,#10218,#10219,#10220),
 .UNSPECIFIED.,.F.,.F.,(4,4),(0.,1.),.UNSPECIFIED.);
#2476=B_SPLINE_CURVE_WITH_KNOTS('',3,(#10224,#10225,#10226,#10227),
 .UNSPECIFIED.,.F.,.F.,(4,4),(0.,1.),.UNSPECIFIED.);
#2477=B_SPLINE_CURVE_WITH_KNOTS('',3,(#10238,#10239,#10240,#10241),
 .UNSPECIFIED.,.F.,.F.,(4,4),(0.,1.),.UNSPECIFIED.);
#2478=B_SPLINE_CURVE_WITH_KNOTS('',3,(#10243,#10244,#10245,#10246),
 .UNSPECIFIED.,.F.,.F.,(4,4),(0.,1.),.UNSPECIFIED.);
#2479=B_SPLINE_CURVE_WITH_KNOTS('',3,(#10257,#10258,#10259,#10260),
 .UNSPECIFIED.,.F.,.F.,(4,4),(0.,1.),.UNSPECIFIED.);
#2480=B_SPLINE_CURVE_WITH_KNOTS('',3,(#10262,#10263,#10264,#10265),
 .UNSPECIFIED.,.F.,.F.,(4,4),(0.,1.),.UNSPECIFIED.);
#2481=B_SPLINE_CURVE_WITH_KNOTS('',3,(#10276,#10277,#10278,#10279),
 .UNSPECIFIED.,.F.,.F.,(4,4),(0.,1.),.UNSPECIFIED.);
#2482=B_SPLINE_CURVE_WITH_KNOTS('',3,(#10281,#10282,#10283,#10284),
 .UNSPECIFIED.,.F.,.F.,(4,4),(0.,1.),.UNSPECIFIED.);
#2483=B_SPLINE_CURVE_WITH_KNOTS('',3,(#10295,#10296,#10297,#10298),
 .UNSPECIFIED.,.F.,.F.,(4,4),(0.,1.),.UNSPECIFIED.);
#2484=B_SPLINE_CURVE_WITH_KNOTS('',3,(#10300,#10301,#10302,#10303),
 .UNSPECIFIED.,.F.,.F.,(4,4),(0.,1.),.UNSPECIFIED.);
#2485=B_SPLINE_CURVE_WITH_KNOTS('',3,(#10314,#10315,#10316,#10317),
 .UNSPECIFIED.,.F.,.F.,(4,4),(0.,1.),.UNSPECIFIED.);
#2486=B_SPLINE_CURVE_WITH_KNOTS('',3,(#10319,#10320,#10321,#10322),
 .UNSPECIFIED.,.F.,.F.,(4,4),(0.,1.),.UNSPECIFIED.);
#2487=B_SPLINE_CURVE_WITH_KNOTS('',3,(#10333,#10334,#10335,#10336),
 .UNSPECIFIED.,.F.,.F.,(4,4),(0.,1.),.UNSPECIFIED.);
#2488=B_SPLINE_CURVE_WITH_KNOTS('',3,(#10338,#10339,#10340,#10341),
 .UNSPECIFIED.,.F.,.F.,(4,4),(0.,1.),.UNSPECIFIED.);
#2489=B_SPLINE_CURVE_WITH_KNOTS('',3,(#10351,#10352,#10353,#10354),
 .UNSPECIFIED.,.F.,.F.,(4,4),(0.,1.),.UNSPECIFIED.);
#2490=B_SPLINE_CURVE_WITH_KNOTS('',3,(#10355,#10356,#10357,#10358),
 .UNSPECIFIED.,.F.,.F.,(4,4),(0.,1.),.UNSPECIFIED.);
#2491=B_SPLINE_CURVE_WITH_KNOTS('',2,(#10375,#10376,#10377),
 .UNSPECIFIED.,.F.,.F.,(3,3),(0.,1.),.UNSPECIFIED.);
#2492=B_SPLINE_CURVE_WITH_KNOTS('',2,(#10379,#10380,#10381),
 .UNSPECIFIED.,.F.,.F.,(3,3),(0.,1.),.UNSPECIFIED.);
#2493=B_SPLINE_CURVE_WITH_KNOTS('',3,(#10392,#10393,#10394,#10395),
 .UNSPECIFIED.,.F.,.F.,(4,4),(0.,1.),.UNSPECIFIED.);
#2494=B_SPLINE_CURVE_WITH_KNOTS('',3,(#10397,#10398,#10399,#10400),
 .UNSPECIFIED.,.F.,.F.,(4,4),(0.,1.),.UNSPECIFIED.);
#2495=B_SPLINE_CURVE_WITH_KNOTS('',3,(#10411,#10412,#10413,#10414),
 .UNSPECIFIED.,.F.,.F.,(4,4),(0.,1.),.UNSPECIFIED.);
#2496=B_SPLINE_CURVE_WITH_KNOTS('',3,(#10416,#10417,#10418,#10419),
 .UNSPECIFIED.,.F.,.F.,(4,4),(0.,1.),.UNSPECIFIED.);
#2497=B_SPLINE_CURVE_WITH_KNOTS('',3,(#10430,#10431,#10432,#10433),
 .UNSPECIFIED.,.F.,.F.,(4,4),(0.,1.),.UNSPECIFIED.);
#2498=B_SPLINE_CURVE_WITH_KNOTS('',3,(#10435,#10436,#10437,#10438),
 .UNSPECIFIED.,.F.,.F.,(4,4),(0.,1.),.UNSPECIFIED.);
#2499=B_SPLINE_CURVE_WITH_KNOTS('',3,(#10449,#10450,#10451,#10452),
 .UNSPECIFIED.,.F.,.F.,(4,4),(0.,1.),.UNSPECIFIED.);
#2500=B_SPLINE_CURVE_WITH_KNOTS('',3,(#10454,#10455,#10456,#10457),
 .UNSPECIFIED.,.F.,.F.,(4,4),(0.,1.),.UNSPECIFIED.);
#2501=B_SPLINE_CURVE_WITH_KNOTS('',3,(#10468,#10469,#10470,#10471),
 .UNSPECIFIED.,.F.,.F.,(4,4),(0.,1.),.UNSPECIFIED.);
#2502=B_SPLINE_CURVE_WITH_KNOTS('',3,(#10473,#10474,#10475,#10476),
 .UNSPECIFIED.,.F.,.F.,(4,4),(0.,1.),.UNSPECIFIED.);
#2503=B_SPLINE_CURVE_WITH_KNOTS('',3,(#10486,#10487,#10488,#10489),
 .UNSPECIFIED.,.F.,.F.,(4,4),(0.,1.),.UNSPECIFIED.);
#2504=B_SPLINE_CURVE_WITH_KNOTS('',3,(#10490,#10491,#10492,#10493),
 .UNSPECIFIED.,.F.,.F.,(4,4),(0.,1.),.UNSPECIFIED.);
#2505=B_SPLINE_CURVE_WITH_KNOTS('',3,(#10504,#10505,#10506,#10507),
 .UNSPECIFIED.,.F.,.F.,(4,4),(-1.,0.),.UNSPECIFIED.);
#2506=B_SPLINE_CURVE_WITH_KNOTS('',3,(#10511,#10512,#10513,#10514),
 .UNSPECIFIED.,.F.,.F.,(4,4),(-1.,0.),.UNSPECIFIED.);
#2507=B_SPLINE_CURVE_WITH_KNOTS('',2,(#10523,#10524,#10525),
 .UNSPECIFIED.,.F.,.F.,(3,3),(-1.,0.),.UNSPECIFIED.);
#2508=B_SPLINE_CURVE_WITH_KNOTS('',2,(#10527,#10528,#10529),
 .UNSPECIFIED.,.F.,.F.,(3,3),(-1.,0.),.UNSPECIFIED.);
#2509=B_SPLINE_CURVE_WITH_KNOTS('',2,(#10538,#10539,#10540),
 .UNSPECIFIED.,.F.,.F.,(3,3),(-1.,0.),.UNSPECIFIED.);
#2510=B_SPLINE_CURVE_WITH_KNOTS('',2,(#10542,#10543,#10544),
 .UNSPECIFIED.,.F.,.F.,(3,3),(-1.,0.),.UNSPECIFIED.);
#2511=B_SPLINE_CURVE_WITH_KNOTS('',3,(#10555,#10556,#10557,#10558),
 .UNSPECIFIED.,.F.,.F.,(4,4),(-1.,0.),.UNSPECIFIED.);
#2512=B_SPLINE_CURVE_WITH_KNOTS('',3,(#10560,#10561,#10562,#10563),
 .UNSPECIFIED.,.F.,.F.,(4,4),(-1.,0.),.UNSPECIFIED.);
#2513=B_SPLINE_CURVE_WITH_KNOTS('',3,(#10574,#10575,#10576,#10577),
 .UNSPECIFIED.,.F.,.F.,(4,4),(-1.,0.),.UNSPECIFIED.);
#2514=B_SPLINE_CURVE_WITH_KNOTS('',3,(#10579,#10580,#10581,#10582),
 .UNSPECIFIED.,.F.,.F.,(4,4),(-1.,0.),.UNSPECIFIED.);
#2515=B_SPLINE_CURVE_WITH_KNOTS('',3,(#10593,#10594,#10595,#10596),
 .UNSPECIFIED.,.F.,.F.,(4,4),(-1.,0.),.UNSPECIFIED.);
#2516=B_SPLINE_CURVE_WITH_KNOTS('',3,(#10598,#10599,#10600,#10601),
 .UNSPECIFIED.,.F.,.F.,(4,4),(-1.,0.),.UNSPECIFIED.);
#2517=B_SPLINE_CURVE_WITH_KNOTS('',3,(#10612,#10613,#10614,#10615),
 .UNSPECIFIED.,.F.,.F.,(4,4),(-1.,0.),.UNSPECIFIED.);
#2518=B_SPLINE_CURVE_WITH_KNOTS('',3,(#10617,#10618,#10619,#10620),
 .UNSPECIFIED.,.F.,.F.,(4,4),(-1.,0.),.UNSPECIFIED.);
#2519=B_SPLINE_CURVE_WITH_KNOTS('',3,(#10631,#10632,#10633,#10634),
 .UNSPECIFIED.,.F.,.F.,(4,4),(-1.,0.),.UNSPECIFIED.);
#2520=B_SPLINE_CURVE_WITH_KNOTS('',3,(#10636,#10637,#10638,#10639),
 .UNSPECIFIED.,.F.,.F.,(4,4),(-1.,0.),.UNSPECIFIED.);
#2521=B_SPLINE_CURVE_WITH_KNOTS('',3,(#10649,#10650,#10651,#10652),
 .UNSPECIFIED.,.F.,.F.,(4,4),(-1.,0.),.UNSPECIFIED.);
#2522=B_SPLINE_CURVE_WITH_KNOTS('',3,(#10653,#10654,#10655,#10656),
 .UNSPECIFIED.,.F.,.F.,(4,4),(-1.,0.),.UNSPECIFIED.);
#2523=B_SPLINE_CURVE_WITH_KNOTS('',3,(#10667,#10668,#10669,#10670),
 .UNSPECIFIED.,.F.,.F.,(4,4),(0.,1.),.UNSPECIFIED.);
#2524=B_SPLINE_CURVE_WITH_KNOTS('',3,(#10674,#10675,#10676,#10677),
 .UNSPECIFIED.,.F.,.F.,(4,4),(0.,1.),.UNSPECIFIED.);
#2525=B_SPLINE_CURVE_WITH_KNOTS('',3,(#10688,#10689,#10690,#10691),
 .UNSPECIFIED.,.F.,.F.,(4,4),(0.,1.),.UNSPECIFIED.);
#2526=B_SPLINE_CURVE_WITH_KNOTS('',3,(#10693,#10694,#10695,#10696),
 .UNSPECIFIED.,.F.,.F.,(4,4),(0.,1.),.UNSPECIFIED.);
#2527=B_SPLINE_CURVE_WITH_KNOTS('',3,(#10707,#10708,#10709,#10710),
 .UNSPECIFIED.,.F.,.F.,(4,4),(0.,1.),.UNSPECIFIED.);
#2528=B_SPLINE_CURVE_WITH_KNOTS('',3,(#10712,#10713,#10714,#10715),
 .UNSPECIFIED.,.F.,.F.,(4,4),(0.,1.),.UNSPECIFIED.);
#2529=B_SPLINE_CURVE_WITH_KNOTS('',3,(#10726,#10727,#10728,#10729),
 .UNSPECIFIED.,.F.,.F.,(4,4),(0.,1.),.UNSPECIFIED.);
#2530=B_SPLINE_CURVE_WITH_KNOTS('',3,(#10731,#10732,#10733,#10734),
 .UNSPECIFIED.,.F.,.F.,(4,4),(0.,1.),.UNSPECIFIED.);
#2531=B_SPLINE_CURVE_WITH_KNOTS('',3,(#10745,#10746,#10747,#10748),
 .UNSPECIFIED.,.F.,.F.,(4,4),(0.,1.),.UNSPECIFIED.);
#2532=B_SPLINE_CURVE_WITH_KNOTS('',3,(#10750,#10751,#10752,#10753),
 .UNSPECIFIED.,.F.,.F.,(4,4),(0.,1.),.UNSPECIFIED.);
#2533=B_SPLINE_CURVE_WITH_KNOTS('',3,(#10764,#10765,#10766,#10767),
 .UNSPECIFIED.,.F.,.F.,(4,4),(0.,1.),.UNSPECIFIED.);
#2534=B_SPLINE_CURVE_WITH_KNOTS('',3,(#10769,#10770,#10771,#10772),
 .UNSPECIFIED.,.F.,.F.,(4,4),(0.,1.),.UNSPECIFIED.);
#2535=B_SPLINE_CURVE_WITH_KNOTS('',3,(#10783,#10784,#10785,#10786),
 .UNSPECIFIED.,.F.,.F.,(4,4),(0.,1.),.UNSPECIFIED.);
#2536=B_SPLINE_CURVE_WITH_KNOTS('',3,(#10788,#10789,#10790,#10791),
 .UNSPECIFIED.,.F.,.F.,(4,4),(0.,1.),.UNSPECIFIED.);
#2537=B_SPLINE_CURVE_WITH_KNOTS('',3,(#10802,#10803,#10804,#10805),
 .UNSPECIFIED.,.F.,.F.,(4,4),(0.,1.),.UNSPECIFIED.);
#2538=B_SPLINE_CURVE_WITH_KNOTS('',3,(#10807,#10808,#10809,#10810),
 .UNSPECIFIED.,.F.,.F.,(4,4),(0.,1.),.UNSPECIFIED.);
#2539=B_SPLINE_CURVE_WITH_KNOTS('',3,(#10821,#10822,#10823,#10824),
 .UNSPECIFIED.,.F.,.F.,(4,4),(0.,1.),.UNSPECIFIED.);
#2540=B_SPLINE_CURVE_WITH_KNOTS('',3,(#10826,#10827,#10828,#10829),
 .UNSPECIFIED.,.F.,.F.,(4,4),(0.,1.),.UNSPECIFIED.);
#2541=B_SPLINE_CURVE_WITH_KNOTS('',3,(#10839,#10840,#10841,#10842),
 .UNSPECIFIED.,.F.,.F.,(4,4),(0.,1.),.UNSPECIFIED.);
#2542=B_SPLINE_CURVE_WITH_KNOTS('',3,(#10843,#10844,#10845,#10846),
 .UNSPECIFIED.,.F.,.F.,(4,4),(0.,1.),.UNSPECIFIED.);
#2543=B_SPLINE_CURVE_WITH_KNOTS('',3,(#10857,#10858,#10859,#10860),
 .UNSPECIFIED.,.F.,.F.,(4,4),(-1.,0.),.UNSPECIFIED.);
#2544=B_SPLINE_CURVE_WITH_KNOTS('',3,(#10864,#10865,#10866,#10867),
 .UNSPECIFIED.,.F.,.F.,(4,4),(-1.,0.),.UNSPECIFIED.);
#2545=B_SPLINE_CURVE_WITH_KNOTS('',3,(#10878,#10879,#10880,#10881),
 .UNSPECIFIED.,.F.,.F.,(4,4),(-1.,0.),.UNSPECIFIED.);
#2546=B_SPLINE_CURVE_WITH_KNOTS('',3,(#10883,#10884,#10885,#10886),
 .UNSPECIFIED.,.F.,.F.,(4,4),(-1.,0.),.UNSPECIFIED.);
#2547=B_SPLINE_CURVE_WITH_KNOTS('',2,(#10895,#10896,#10897),
 .UNSPECIFIED.,.F.,.F.,(3,3),(-1.,0.),.UNSPECIFIED.);
#2548=B_SPLINE_CURVE_WITH_KNOTS('',2,(#10899,#10900,#10901),
 .UNSPECIFIED.,.F.,.F.,(3,3),(-1.,0.),.UNSPECIFIED.);
#2549=B_SPLINE_CURVE_WITH_KNOTS('',2,(#10916,#10917,#10918),
 .UNSPECIFIED.,.F.,.F.,(3,3),(-1.,0.),.UNSPECIFIED.);
#2550=B_SPLINE_CURVE_WITH_KNOTS('',2,(#10920,#10921,#10922),
 .UNSPECIFIED.,.F.,.F.,(3,3),(-1.,0.),.UNSPECIFIED.);
#2551=B_SPLINE_CURVE_WITH_KNOTS('',3,(#10933,#10934,#10935,#10936),
 .UNSPECIFIED.,.F.,.F.,(4,4),(-1.,0.),.UNSPECIFIED.);
#2552=B_SPLINE_CURVE_WITH_KNOTS('',3,(#10938,#10939,#10940,#10941),
 .UNSPECIFIED.,.F.,.F.,(4,4),(-1.,0.),.UNSPECIFIED.);
#2553=B_SPLINE_CURVE_WITH_KNOTS('',3,(#10952,#10953,#10954,#10955),
 .UNSPECIFIED.,.F.,.F.,(4,4),(-1.,0.),.UNSPECIFIED.);
#2554=B_SPLINE_CURVE_WITH_KNOTS('',3,(#10957,#10958,#10959,#10960),
 .UNSPECIFIED.,.F.,.F.,(4,4),(-1.,0.),.UNSPECIFIED.);
#2555=B_SPLINE_CURVE_WITH_KNOTS('',3,(#10971,#10972,#10973,#10974),
 .UNSPECIFIED.,.F.,.F.,(4,4),(-1.,0.),.UNSPECIFIED.);
#2556=B_SPLINE_CURVE_WITH_KNOTS('',3,(#10976,#10977,#10978,#10979),
 .UNSPECIFIED.,.F.,.F.,(4,4),(-1.,0.),.UNSPECIFIED.);
#2557=B_SPLINE_CURVE_WITH_KNOTS('',2,(#10988,#10989,#10990),
 .UNSPECIFIED.,.F.,.F.,(3,3),(-1.,0.),.UNSPECIFIED.);
#2558=B_SPLINE_CURVE_WITH_KNOTS('',2,(#10992,#10993,#10994),
 .UNSPECIFIED.,.F.,.F.,(3,3),(-1.,0.),.UNSPECIFIED.);
#2559=B_SPLINE_CURVE_WITH_KNOTS('',2,(#11003,#11004,#11005),
 .UNSPECIFIED.,.F.,.F.,(3,3),(-1.,0.),.UNSPECIFIED.);
#2560=B_SPLINE_CURVE_WITH_KNOTS('',2,(#11007,#11008,#11009),
 .UNSPECIFIED.,.F.,.F.,(3,3),(-1.,0.),.UNSPECIFIED.);
#2561=B_SPLINE_CURVE_WITH_KNOTS('',3,(#11020,#11021,#11022,#11023),
 .UNSPECIFIED.,.F.,.F.,(4,4),(-1.,0.),.UNSPECIFIED.);
#2562=B_SPLINE_CURVE_WITH_KNOTS('',3,(#11025,#11026,#11027,#11028),
 .UNSPECIFIED.,.F.,.F.,(4,4),(-1.,0.),.UNSPECIFIED.);
#2563=B_SPLINE_CURVE_WITH_KNOTS('',3,(#11038,#11039,#11040,#11041),
 .UNSPECIFIED.,.F.,.F.,(4,4),(-1.,0.),.UNSPECIFIED.);
#2564=B_SPLINE_CURVE_WITH_KNOTS('',3,(#11042,#11043,#11044,#11045),
 .UNSPECIFIED.,.F.,.F.,(4,4),(-1.,0.),.UNSPECIFIED.);
#2565=B_SPLINE_CURVE_WITH_KNOTS('',3,(#11056,#11057,#11058,#11059),
 .UNSPECIFIED.,.F.,.F.,(4,4),(-1.,0.),.UNSPECIFIED.);
#2566=B_SPLINE_CURVE_WITH_KNOTS('',3,(#11063,#11064,#11065,#11066),
 .UNSPECIFIED.,.F.,.F.,(4,4),(-1.,0.),.UNSPECIFIED.);
#2567=B_SPLINE_CURVE_WITH_KNOTS('',3,(#11077,#11078,#11079,#11080),
 .UNSPECIFIED.,.F.,.F.,(4,4),(-1.,0.),.UNSPECIFIED.);
#2568=B_SPLINE_CURVE_WITH_KNOTS('',3,(#11082,#11083,#11084,#11085),
 .UNSPECIFIED.,.F.,.F.,(4,4),(-1.,0.),.UNSPECIFIED.);
#2569=B_SPLINE_CURVE_WITH_KNOTS('',3,(#11096,#11097,#11098,#11099),
 .UNSPECIFIED.,.F.,.F.,(4,4),(-1.,0.),.UNSPECIFIED.);
#2570=B_SPLINE_CURVE_WITH_KNOTS('',3,(#11101,#11102,#11103,#11104),
 .UNSPECIFIED.,.F.,.F.,(4,4),(-1.,0.),.UNSPECIFIED.);
#2571=B_SPLINE_CURVE_WITH_KNOTS('',2,(#11113,#11114,#11115),
 .UNSPECIFIED.,.F.,.F.,(3,3),(-1.,0.),.UNSPECIFIED.);
#2572=B_SPLINE_CURVE_WITH_KNOTS('',2,(#11117,#11118,#11119),
 .UNSPECIFIED.,.F.,.F.,(3,3),(-1.,0.),.UNSPECIFIED.);
#2573=B_SPLINE_CURVE_WITH_KNOTS('',2,(#11134,#11135,#11136),
 .UNSPECIFIED.,.F.,.F.,(3,3),(-1.,0.),.UNSPECIFIED.);
#2574=B_SPLINE_CURVE_WITH_KNOTS('',2,(#11138,#11139,#11140),
 .UNSPECIFIED.,.F.,.F.,(3,3),(-1.,0.),.UNSPECIFIED.);
#2575=B_SPLINE_CURVE_WITH_KNOTS('',3,(#11151,#11152,#11153,#11154),
 .UNSPECIFIED.,.F.,.F.,(4,4),(-1.,0.),.UNSPECIFIED.);
#2576=B_SPLINE_CURVE_WITH_KNOTS('',3,(#11156,#11157,#11158,#11159),
 .UNSPECIFIED.,.F.,.F.,(4,4),(-1.,0.),.UNSPECIFIED.);
#2577=B_SPLINE_CURVE_WITH_KNOTS('',3,(#11170,#11171,#11172,#11173),
 .UNSPECIFIED.,.F.,.F.,(4,4),(-0.123323044835586,0.),.UNSPECIFIED.);
#2578=B_SPLINE_CURVE_WITH_KNOTS('',3,(#11175,#11176,#11177,#11178),
 .UNSPECIFIED.,.F.,.F.,(4,4),(-0.123323044835575,0.),.UNSPECIFIED.);
#2579=B_SPLINE_CURVE_WITH_KNOTS('',2,(#11187,#11188,#11189),
 .UNSPECIFIED.,.F.,.F.,(3,3),(-1.,0.),.UNSPECIFIED.);
#2580=B_SPLINE_CURVE_WITH_KNOTS('',2,(#11191,#11192,#11193),
 .UNSPECIFIED.,.F.,.F.,(3,3),(-1.,0.),.UNSPECIFIED.);
#2581=B_SPLINE_CURVE_WITH_KNOTS('',2,(#11202,#11203,#11204),
 .UNSPECIFIED.,.F.,.F.,(3,3),(-1.,0.),.UNSPECIFIED.);
#2582=B_SPLINE_CURVE_WITH_KNOTS('',2,(#11206,#11207,#11208),
 .UNSPECIFIED.,.F.,.F.,(3,3),(-1.,0.),.UNSPECIFIED.);
#2583=B_SPLINE_CURVE_WITH_KNOTS('',3,(#11219,#11220,#11221,#11222),
 .UNSPECIFIED.,.F.,.F.,(4,4),(-1.,0.),.UNSPECIFIED.);
#2584=B_SPLINE_CURVE_WITH_KNOTS('',3,(#11224,#11225,#11226,#11227),
 .UNSPECIFIED.,.F.,.F.,(4,4),(-1.,0.),.UNSPECIFIED.);
#2585=B_SPLINE_CURVE_WITH_KNOTS('',2,(#11236,#11237,#11238),
 .UNSPECIFIED.,.F.,.F.,(3,3),(-1.,0.),.UNSPECIFIED.);
#2586=B_SPLINE_CURVE_WITH_KNOTS('',2,(#11240,#11241,#11242),
 .UNSPECIFIED.,.F.,.F.,(3,3),(-1.,0.),.UNSPECIFIED.);
#2587=B_SPLINE_CURVE_WITH_KNOTS('',2,(#11251,#11252,#11253),
 .UNSPECIFIED.,.F.,.F.,(3,3),(-1.,0.),.UNSPECIFIED.);
#2588=B_SPLINE_CURVE_WITH_KNOTS('',2,(#11255,#11256,#11257),
 .UNSPECIFIED.,.F.,.F.,(3,3),(-1.,0.),.UNSPECIFIED.);
#2589=B_SPLINE_CURVE_WITH_KNOTS('',3,(#11267,#11268,#11269,#11270),
 .UNSPECIFIED.,.F.,.F.,(4,4),(-1.,0.),.UNSPECIFIED.);
#2590=B_SPLINE_CURVE_WITH_KNOTS('',3,(#11271,#11272,#11273,#11274),
 .UNSPECIFIED.,.F.,.F.,(4,4),(-1.,0.),.UNSPECIFIED.);
#2591=B_SPLINE_CURVE_WITH_KNOTS('',3,(#11285,#11286,#11287,#11288),
 .UNSPECIFIED.,.F.,.F.,(4,4),(-1.,0.),.UNSPECIFIED.);
#2592=B_SPLINE_CURVE_WITH_KNOTS('',3,(#11292,#11293,#11294,#11295),
 .UNSPECIFIED.,.F.,.F.,(4,4),(-1.,0.),.UNSPECIFIED.);
#2593=B_SPLINE_CURVE_WITH_KNOTS('',3,(#11306,#11307,#11308,#11309),
 .UNSPECIFIED.,.F.,.F.,(4,4),(-1.,0.),.UNSPECIFIED.);
#2594=B_SPLINE_CURVE_WITH_KNOTS('',3,(#11311,#11312,#11313,#11314),
 .UNSPECIFIED.,.F.,.F.,(4,4),(-1.,0.),.UNSPECIFIED.);
#2595=B_SPLINE_CURVE_WITH_KNOTS('',3,(#11325,#11326,#11327,#11328),
 .UNSPECIFIED.,.F.,.F.,(4,4),(-1.,0.),.UNSPECIFIED.);
#2596=B_SPLINE_CURVE_WITH_KNOTS('',3,(#11330,#11331,#11332,#11333),
 .UNSPECIFIED.,.F.,.F.,(4,4),(-1.,0.),.UNSPECIFIED.);
#2597=B_SPLINE_CURVE_WITH_KNOTS('',3,(#11344,#11345,#11346,#11347),
 .UNSPECIFIED.,.F.,.F.,(4,4),(-1.,0.),.UNSPECIFIED.);
#2598=B_SPLINE_CURVE_WITH_KNOTS('',3,(#11349,#11350,#11351,#11352),
 .UNSPECIFIED.,.F.,.F.,(4,4),(-1.,0.),.UNSPECIFIED.);
#2599=B_SPLINE_CURVE_WITH_KNOTS('',3,(#11363,#11364,#11365,#11366),
 .UNSPECIFIED.,.F.,.F.,(4,4),(-1.,0.),.UNSPECIFIED.);
#2600=B_SPLINE_CURVE_WITH_KNOTS('',3,(#11368,#11369,#11370,#11371),
 .UNSPECIFIED.,.F.,.F.,(4,4),(-1.,0.),.UNSPECIFIED.);
#2601=B_SPLINE_CURVE_WITH_KNOTS('',3,(#11382,#11383,#11384,#11385),
 .UNSPECIFIED.,.F.,.F.,(4,4),(-1.,0.),.UNSPECIFIED.);
#2602=B_SPLINE_CURVE_WITH_KNOTS('',3,(#11387,#11388,#11389,#11390),
 .UNSPECIFIED.,.F.,.F.,(4,4),(-1.,0.),.UNSPECIFIED.);
#2603=B_SPLINE_CURVE_WITH_KNOTS('',3,(#11401,#11402,#11403,#11404),
 .UNSPECIFIED.,.F.,.F.,(4,4),(-1.,0.),.UNSPECIFIED.);
#2604=B_SPLINE_CURVE_WITH_KNOTS('',3,(#11406,#11407,#11408,#11409),
 .UNSPECIFIED.,.F.,.F.,(4,4),(-1.,0.),.UNSPECIFIED.);
#2605=B_SPLINE_CURVE_WITH_KNOTS('',3,(#11420,#11421,#11422,#11423),
 .UNSPECIFIED.,.F.,.F.,(4,4),(-1.,0.),.UNSPECIFIED.);
#2606=B_SPLINE_CURVE_WITH_KNOTS('',3,(#11425,#11426,#11427,#11428),
 .UNSPECIFIED.,.F.,.F.,(4,4),(-1.,0.),.UNSPECIFIED.);
#2607=B_SPLINE_CURVE_WITH_KNOTS('',3,(#11439,#11440,#11441,#11442),
 .UNSPECIFIED.,.F.,.F.,(4,4),(-1.,0.),.UNSPECIFIED.);
#2608=B_SPLINE_CURVE_WITH_KNOTS('',3,(#11444,#11445,#11446,#11447),
 .UNSPECIFIED.,.F.,.F.,(4,4),(-1.,0.),.UNSPECIFIED.);
#2609=B_SPLINE_CURVE_WITH_KNOTS('',3,(#11457,#11458,#11459,#11460),
 .UNSPECIFIED.,.F.,.F.,(4,4),(-1.,0.),.UNSPECIFIED.);
#2610=B_SPLINE_CURVE_WITH_KNOTS('',3,(#11461,#11462,#11463,#11464),
 .UNSPECIFIED.,.F.,.F.,(4,4),(-1.,0.),.UNSPECIFIED.);
#2611=B_SPLINE_CURVE_WITH_KNOTS('',3,(#11475,#11476,#11477,#11478),
 .UNSPECIFIED.,.F.,.F.,(4,4),(0.,1.),.UNSPECIFIED.);
#2612=B_SPLINE_CURVE_WITH_KNOTS('',3,(#11482,#11483,#11484,#11485),
 .UNSPECIFIED.,.F.,.F.,(4,4),(0.,1.),.UNSPECIFIED.);
#2613=B_SPLINE_CURVE_WITH_KNOTS('',3,(#11496,#11497,#11498,#11499),
 .UNSPECIFIED.,.F.,.F.,(4,4),(0.,1.),.UNSPECIFIED.);
#2614=B_SPLINE_CURVE_WITH_KNOTS('',3,(#11501,#11502,#11503,#11504),
 .UNSPECIFIED.,.F.,.F.,(4,4),(0.,1.),.UNSPECIFIED.);
#2615=B_SPLINE_CURVE_WITH_KNOTS('',3,(#11515,#11516,#11517,#11518),
 .UNSPECIFIED.,.F.,.F.,(4,4),(0.,1.),.UNSPECIFIED.);
#2616=B_SPLINE_CURVE_WITH_KNOTS('',3,(#11520,#11521,#11522,#11523),
 .UNSPECIFIED.,.F.,.F.,(4,4),(0.,1.),.UNSPECIFIED.);
#2617=B_SPLINE_CURVE_WITH_KNOTS('',2,(#11532,#11533,#11534),
 .UNSPECIFIED.,.F.,.F.,(3,3),(0.,1.),.UNSPECIFIED.);
#2618=B_SPLINE_CURVE_WITH_KNOTS('',2,(#11536,#11537,#11538),
 .UNSPECIFIED.,.F.,.F.,(3,3),(0.,1.),.UNSPECIFIED.);
#2619=B_SPLINE_CURVE_WITH_KNOTS('',3,(#11549,#11550,#11551,#11552),
 .UNSPECIFIED.,.F.,.F.,(4,4),(0.,1.),.UNSPECIFIED.);
#2620=B_SPLINE_CURVE_WITH_KNOTS('',3,(#11554,#11555,#11556,#11557),
 .UNSPECIFIED.,.F.,.F.,(4,4),(0.,1.),.UNSPECIFIED.);
#2621=B_SPLINE_CURVE_WITH_KNOTS('',3,(#11568,#11569,#11570,#11571),
 .UNSPECIFIED.,.F.,.F.,(4,4),(0.,1.),.UNSPECIFIED.);
#2622=B_SPLINE_CURVE_WITH_KNOTS('',3,(#11573,#11574,#11575,#11576),
 .UNSPECIFIED.,.F.,.F.,(4,4),(0.,1.),.UNSPECIFIED.);
#2623=B_SPLINE_CURVE_WITH_KNOTS('',3,(#11587,#11588,#11589,#11590),
 .UNSPECIFIED.,.F.,.F.,(4,4),(0.,1.),.UNSPECIFIED.);
#2624=B_SPLINE_CURVE_WITH_KNOTS('',3,(#11592,#11593,#11594,#11595),
 .UNSPECIFIED.,.F.,.F.,(4,4),(0.,1.),.UNSPECIFIED.);
#2625=B_SPLINE_CURVE_WITH_KNOTS('',2,(#11603,#11604,#11605),
 .UNSPECIFIED.,.F.,.F.,(3,3),(0.,1.),.UNSPECIFIED.);
#2626=B_SPLINE_CURVE_WITH_KNOTS('',2,(#11606,#11607,#11608),
 .UNSPECIFIED.,.F.,.F.,(3,3),(0.,1.),.UNSPECIFIED.);
#2627=B_SPLINE_CURVE_WITH_KNOTS('',3,(#11619,#11620,#11621,#11622),
 .UNSPECIFIED.,.F.,.F.,(4,4),(0.13510368733025,1.),.UNSPECIFIED.);
#2628=B_SPLINE_CURVE_WITH_KNOTS('',3,(#11626,#11627,#11628,#11629),
 .UNSPECIFIED.,.F.,.F.,(4,4),(-1.,-0.13510368733025),.UNSPECIFIED.);
#2629=B_SPLINE_CURVE_WITH_KNOTS('',3,(#11640,#11641,#11642,#11643),
 .UNSPECIFIED.,.F.,.F.,(4,4),(0.,1.),.UNSPECIFIED.);
#2630=B_SPLINE_CURVE_WITH_KNOTS('',3,(#11645,#11646,#11647,#11648),
 .UNSPECIFIED.,.F.,.F.,(4,4),(-1.,0.),.UNSPECIFIED.);
#2631=B_SPLINE_CURVE_WITH_KNOTS('',3,(#11659,#11660,#11661,#11662),
 .UNSPECIFIED.,.F.,.F.,(4,4),(0.,1.),.UNSPECIFIED.);
#2632=B_SPLINE_CURVE_WITH_KNOTS('',3,(#11664,#11665,#11666,#11667),
 .UNSPECIFIED.,.F.,.F.,(4,4),(-1.,0.),.UNSPECIFIED.);
#2633=B_SPLINE_CURVE_WITH_KNOTS('',3,(#11684,#11685,#11686,#11687),
 .UNSPECIFIED.,.F.,.F.,(4,4),(0.,1.),.UNSPECIFIED.);
#2634=B_SPLINE_CURVE_WITH_KNOTS('',3,(#11689,#11690,#11691,#11692),
 .UNSPECIFIED.,.F.,.F.,(4,4),(-1.,0.),.UNSPECIFIED.);
#2635=B_SPLINE_CURVE_WITH_KNOTS('',3,(#11703,#11704,#11705,#11706),
 .UNSPECIFIED.,.F.,.F.,(4,4),(0.,1.),.UNSPECIFIED.);
#2636=B_SPLINE_CURVE_WITH_KNOTS('',3,(#11708,#11709,#11710,#11711),
 .UNSPECIFIED.,.F.,.F.,(4,4),(-1.,0.),.UNSPECIFIED.);
#2637=B_SPLINE_CURVE_WITH_KNOTS('',3,(#11722,#11723,#11724,#11725),
 .UNSPECIFIED.,.F.,.F.,(4,4),(0.,1.),.UNSPECIFIED.);
#2638=B_SPLINE_CURVE_WITH_KNOTS('',3,(#11727,#11728,#11729,#11730),
 .UNSPECIFIED.,.F.,.F.,(4,4),(-1.,0.),.UNSPECIFIED.);
#2639=B_SPLINE_CURVE_WITH_KNOTS('',3,(#11741,#11742,#11743,#11744),
 .UNSPECIFIED.,.F.,.F.,(4,4),(0.,1.),.UNSPECIFIED.);
#2640=B_SPLINE_CURVE_WITH_KNOTS('',3,(#11746,#11747,#11748,#11749),
 .UNSPECIFIED.,.F.,.F.,(4,4),(-1.,0.),.UNSPECIFIED.);
#2641=B_SPLINE_CURVE_WITH_KNOTS('',3,(#11760,#11761,#11762,#11763),
 .UNSPECIFIED.,.F.,.F.,(4,4),(0.,1.),.UNSPECIFIED.);
#2642=B_SPLINE_CURVE_WITH_KNOTS('',3,(#11765,#11766,#11767,#11768),
 .UNSPECIFIED.,.F.,.F.,(4,4),(-1.,0.),.UNSPECIFIED.);
#2643=B_SPLINE_CURVE_WITH_KNOTS('',3,(#11779,#11780,#11781,#11782),
 .UNSPECIFIED.,.F.,.F.,(4,4),(0.,0.974795650405759),.UNSPECIFIED.);
#2644=B_SPLINE_CURVE_WITH_KNOTS('',3,(#11784,#11785,#11786,#11787),
 .UNSPECIFIED.,.F.,.F.,(4,4),(-0.974795650405759,0.),.UNSPECIFIED.);
#2645=B_SPLINE_CURVE_WITH_KNOTS('',3,(#11811,#11812,#11813,#11814),
 .UNSPECIFIED.,.F.,.F.,(4,4),(0.,1.),.UNSPECIFIED.);
#2646=B_SPLINE_CURVE_WITH_KNOTS('',3,(#11816,#11817,#11818,#11819),
 .UNSPECIFIED.,.F.,.F.,(4,4),(0.,1.),.UNSPECIFIED.);
#2647=B_SPLINE_CURVE_WITH_KNOTS('',3,(#11836,#11837,#11838,#11839),
 .UNSPECIFIED.,.F.,.F.,(4,4),(0.974795650405762,1.),.UNSPECIFIED.);
#2648=B_SPLINE_CURVE_WITH_KNOTS('',3,(#11841,#11842,#11843,#11844),
 .UNSPECIFIED.,.F.,.F.,(4,4),(0.186466459001221,1.),.UNSPECIFIED.);
#2649=B_SPLINE_CURVE_WITH_KNOTS('',3,(#11848,#11849,#11850,#11851),
 .UNSPECIFIED.,.F.,.F.,(4,4),(0.,1.),.UNSPECIFIED.);
#2650=B_SPLINE_CURVE_WITH_KNOTS('',3,(#11853,#11854,#11855,#11856),
 .UNSPECIFIED.,.F.,.F.,(4,4),(0.,1.),.UNSPECIFIED.);
#2651=B_SPLINE_CURVE_WITH_KNOTS('',2,(#11858,#11859,#11860),
 .UNSPECIFIED.,.F.,.F.,(3,3),(0.,1.),.UNSPECIFIED.);
#2652=B_SPLINE_CURVE_WITH_KNOTS('',3,(#11862,#11863,#11864,#11865),
 .UNSPECIFIED.,.F.,.F.,(4,4),(0.,0.79060813145054),.UNSPECIFIED.);
#2653=B_SPLINE_CURVE_WITH_KNOTS('',3,(#11867,#11868,#11869,#11870),
 .UNSPECIFIED.,.F.,.F.,(4,4),(-0.0360010711540163,0.),.UNSPECIFIED.);
#2654=B_SPLINE_CURVE_WITH_KNOTS('',3,(#11872,#11873,#11874,#11875),
 .UNSPECIFIED.,.F.,.F.,(4,4),(0.,1.),.UNSPECIFIED.);
#2655=B_SPLINE_CURVE_WITH_KNOTS('',3,(#11880,#11881,#11882,#11883),
 .UNSPECIFIED.,.F.,.F.,(4,4),(0.,1.),.UNSPECIFIED.);
#2656=B_SPLINE_CURVE_WITH_KNOTS('',3,(#11887,#11888,#11889,#11890),
 .UNSPECIFIED.,.F.,.F.,(4,4),(0.974795650405762,1.),.UNSPECIFIED.);
#2657=B_SPLINE_CURVE_WITH_KNOTS('',3,(#11892,#11893,#11894,#11895),
 .UNSPECIFIED.,.F.,.F.,(4,4),(0.,1.),.UNSPECIFIED.);
#2658=B_SPLINE_CURVE_WITH_KNOTS('',3,(#11901,#11902,#11903,#11904),
 .UNSPECIFIED.,.F.,.F.,(4,4),(0.,1.),.UNSPECIFIED.);
#2659=B_SPLINE_CURVE_WITH_KNOTS('',3,(#11906,#11907,#11908,#11909),
 .UNSPECIFIED.,.F.,.F.,(4,4),(-0.0360010711534161,0.),.UNSPECIFIED.);
#2660=B_SPLINE_CURVE_WITH_KNOTS('',3,(#11911,#11912,#11913,#11914),
 .UNSPECIFIED.,.F.,.F.,(4,4),(-0.790608131450526,0.),.UNSPECIFIED.);
#2661=B_SPLINE_CURVE_WITH_KNOTS('',2,(#11916,#11917,#11918),
 .UNSPECIFIED.,.F.,.F.,(3,3),(-1.,0.),.UNSPECIFIED.);
#2662=B_SPLINE_CURVE_WITH_KNOTS('',3,(#11920,#11921,#11922,#11923),
 .UNSPECIFIED.,.F.,.F.,(4,4),(-1.,0.),.UNSPECIFIED.);
#2663=B_SPLINE_CURVE_WITH_KNOTS('',3,(#11925,#11926,#11927,#11928),
 .UNSPECIFIED.,.F.,.F.,(4,4),(-1.,0.),.UNSPECIFIED.);
#2664=B_SPLINE_CURVE_WITH_KNOTS('',3,(#11931,#11932,#11933,#11934),
 .UNSPECIFIED.,.F.,.F.,(4,4),(-1.,-0.186466459001222),.UNSPECIFIED.);
#2665=B_SPLINE_CURVE_WITH_KNOTS('',3,(#12031,#12032,#12033,#12034),
 .UNSPECIFIED.,.F.,.F.,(4,4),(0.,1.),.UNSPECIFIED.);
#2666=B_SPLINE_CURVE_WITH_KNOTS('',3,(#12038,#12039,#12040,#12041),
 .UNSPECIFIED.,.F.,.F.,(4,4),(0.,1.),.UNSPECIFIED.);
#2667=B_SPLINE_CURVE_WITH_KNOTS('',2,(#12055,#12056,#12057),
 .UNSPECIFIED.,.F.,.F.,(3,3),(0.,1.),.UNSPECIFIED.);
#2668=B_SPLINE_CURVE_WITH_KNOTS('',2,(#12058,#12059,#12060),
 .UNSPECIFIED.,.F.,.F.,(3,3),(0.,1.),.UNSPECIFIED.);
#2669=B_SPLINE_CURVE_WITH_KNOTS('',2,(#12072,#12073,#12074),
 .UNSPECIFIED.,.F.,.F.,(3,3),(0.,1.),.UNSPECIFIED.);
#2670=B_SPLINE_CURVE_WITH_KNOTS('',2,(#12078,#12079,#12080),
 .UNSPECIFIED.,.F.,.F.,(3,3),(0.,1.),.UNSPECIFIED.);
#2671=B_SPLINE_CURVE_WITH_KNOTS('',3,(#12104,#12105,#12106,#12107),
 .UNSPECIFIED.,.F.,.F.,(4,4),(-1.,0.),.UNSPECIFIED.);
#2672=B_SPLINE_CURVE_WITH_KNOTS('',3,(#12111,#12112,#12113,#12114),
 .UNSPECIFIED.,.F.,.F.,(4,4),(-1.,0.),.UNSPECIFIED.);
#2673=B_SPLINE_CURVE_WITH_KNOTS('',3,(#12125,#12126,#12127,#12128),
 .UNSPECIFIED.,.F.,.F.,(4,4),(-1.,0.),.UNSPECIFIED.);
#2674=B_SPLINE_CURVE_WITH_KNOTS('',3,(#12130,#12131,#12132,#12133),
 .UNSPECIFIED.,.F.,.F.,(4,4),(-1.,0.),.UNSPECIFIED.);
#2675=B_SPLINE_CURVE_WITH_KNOTS('',3,(#12143,#12144,#12145,#12146),
 .UNSPECIFIED.,.F.,.F.,(4,4),(-1.,0.),.UNSPECIFIED.);
#2676=B_SPLINE_CURVE_WITH_KNOTS('',3,(#12147,#12148,#12149,#12150),
 .UNSPECIFIED.,.F.,.F.,(4,4),(-1.,0.),.UNSPECIFIED.);
#2677=B_SPLINE_CURVE_WITH_KNOTS('',3,(#12161,#12162,#12163,#12164),
 .UNSPECIFIED.,.F.,.F.,(4,4),(-1.,0.),.UNSPECIFIED.);
#2678=B_SPLINE_CURVE_WITH_KNOTS('',3,(#12168,#12169,#12170,#12171),
 .UNSPECIFIED.,.F.,.F.,(4,4),(-1.,0.),.UNSPECIFIED.);
#2679=B_SPLINE_CURVE_WITH_KNOTS('',3,(#12182,#12183,#12184,#12185),
 .UNSPECIFIED.,.F.,.F.,(4,4),(-1.,0.),.UNSPECIFIED.);
#2680=B_SPLINE_CURVE_WITH_KNOTS('',3,(#12187,#12188,#12189,#12190),
 .UNSPECIFIED.,.F.,.F.,(4,4),(-1.,0.),.UNSPECIFIED.);
#2681=B_SPLINE_CURVE_WITH_KNOTS('',3,(#12201,#12202,#12203,#12204),
 .UNSPECIFIED.,.F.,.F.,(4,4),(-1.,0.),.UNSPECIFIED.);
#2682=B_SPLINE_CURVE_WITH_KNOTS('',3,(#12206,#12207,#12208,#12209),
 .UNSPECIFIED.,.F.,.F.,(4,4),(-1.,0.),.UNSPECIFIED.);
#2683=B_SPLINE_CURVE_WITH_KNOTS('',3,(#12219,#12220,#12221,#12222),
 .UNSPECIFIED.,.F.,.F.,(4,4),(-1.,0.),.UNSPECIFIED.);
#2684=B_SPLINE_CURVE_WITH_KNOTS('',3,(#12223,#12224,#12225,#12226),
 .UNSPECIFIED.,.F.,.F.,(4,4),(-1.,0.),.UNSPECIFIED.);
#2685=B_SPLINE_CURVE_WITH_KNOTS('',3,(#12237,#12238,#12239,#12240),
 .UNSPECIFIED.,.F.,.F.,(4,4),(-1.,0.),.UNSPECIFIED.);
#2686=B_SPLINE_CURVE_WITH_KNOTS('',3,(#12244,#12245,#12246,#12247),
 .UNSPECIFIED.,.F.,.F.,(4,4),(-1.,0.),.UNSPECIFIED.);
#2687=B_SPLINE_CURVE_WITH_KNOTS('',3,(#12258,#12259,#12260,#12261),
 .UNSPECIFIED.,.F.,.F.,(4,4),(-1.,0.),.UNSPECIFIED.);
#2688=B_SPLINE_CURVE_WITH_KNOTS('',3,(#12263,#12264,#12265,#12266),
 .UNSPECIFIED.,.F.,.F.,(4,4),(-1.,0.),.UNSPECIFIED.);
#2689=B_SPLINE_CURVE_WITH_KNOTS('',3,(#12277,#12278,#12279,#12280),
 .UNSPECIFIED.,.F.,.F.,(4,4),(-1.,0.),.UNSPECIFIED.);
#2690=B_SPLINE_CURVE_WITH_KNOTS('',3,(#12282,#12283,#12284,#12285),
 .UNSPECIFIED.,.F.,.F.,(4,4),(-1.,0.),.UNSPECIFIED.);
#2691=B_SPLINE_CURVE_WITH_KNOTS('',3,(#12296,#12297,#12298,#12299),
 .UNSPECIFIED.,.F.,.F.,(4,4),(-1.,0.),.UNSPECIFIED.);
#2692=B_SPLINE_CURVE_WITH_KNOTS('',3,(#12301,#12302,#12303,#12304),
 .UNSPECIFIED.,.F.,.F.,(4,4),(-1.,0.),.UNSPECIFIED.);
#2693=B_SPLINE_CURVE_WITH_KNOTS('',3,(#12315,#12316,#12317,#12318),
 .UNSPECIFIED.,.F.,.F.,(4,4),(-1.,0.),.UNSPECIFIED.);
#2694=B_SPLINE_CURVE_WITH_KNOTS('',3,(#12320,#12321,#12322,#12323),
 .UNSPECIFIED.,.F.,.F.,(4,4),(-1.,0.),.UNSPECIFIED.);
#2695=B_SPLINE_CURVE_WITH_KNOTS('',3,(#12334,#12335,#12336,#12337),
 .UNSPECIFIED.,.F.,.F.,(4,4),(-1.,0.),.UNSPECIFIED.);
#2696=B_SPLINE_CURVE_WITH_KNOTS('',3,(#12339,#12340,#12341,#12342),
 .UNSPECIFIED.,.F.,.F.,(4,4),(-1.,0.),.UNSPECIFIED.);
#2697=B_SPLINE_CURVE_WITH_KNOTS('',3,(#12353,#12354,#12355,#12356),
 .UNSPECIFIED.,.F.,.F.,(4,4),(-1.,0.),.UNSPECIFIED.);
#2698=B_SPLINE_CURVE_WITH_KNOTS('',3,(#12358,#12359,#12360,#12361),
 .UNSPECIFIED.,.F.,.F.,(4,4),(-1.,0.),.UNSPECIFIED.);
#2699=B_SPLINE_CURVE_WITH_KNOTS('',3,(#12372,#12373,#12374,#12375),
 .UNSPECIFIED.,.F.,.F.,(4,4),(-1.,0.),.UNSPECIFIED.);
#2700=B_SPLINE_CURVE_WITH_KNOTS('',3,(#12377,#12378,#12379,#12380),
 .UNSPECIFIED.,.F.,.F.,(4,4),(-1.,0.),.UNSPECIFIED.);
#2701=B_SPLINE_CURVE_WITH_KNOTS('',3,(#12391,#12392,#12393,#12394),
 .UNSPECIFIED.,.F.,.F.,(4,4),(-1.,0.),.UNSPECIFIED.);
#2702=B_SPLINE_CURVE_WITH_KNOTS('',3,(#12396,#12397,#12398,#12399),
 .UNSPECIFIED.,.F.,.F.,(4,4),(-1.,0.),.UNSPECIFIED.);
#2703=B_SPLINE_CURVE_WITH_KNOTS('',3,(#12410,#12411,#12412,#12413),
 .UNSPECIFIED.,.F.,.F.,(4,4),(-1.,0.),.UNSPECIFIED.);
#2704=B_SPLINE_CURVE_WITH_KNOTS('',3,(#12415,#12416,#12417,#12418),
 .UNSPECIFIED.,.F.,.F.,(4,4),(-1.,0.),.UNSPECIFIED.);
#2705=B_SPLINE_CURVE_WITH_KNOTS('',3,(#12429,#12430,#12431,#12432),
 .UNSPECIFIED.,.F.,.F.,(4,4),(-1.,0.),.UNSPECIFIED.);
#2706=B_SPLINE_CURVE_WITH_KNOTS('',3,(#12434,#12435,#12436,#12437),
 .UNSPECIFIED.,.F.,.F.,(4,4),(-1.,0.),.UNSPECIFIED.);
#2707=B_SPLINE_CURVE_WITH_KNOTS('',3,(#12448,#12449,#12450,#12451),
 .UNSPECIFIED.,.F.,.F.,(4,4),(-1.,0.),.UNSPECIFIED.);
#2708=B_SPLINE_CURVE_WITH_KNOTS('',3,(#12453,#12454,#12455,#12456),
 .UNSPECIFIED.,.F.,.F.,(4,4),(-1.,0.),.UNSPECIFIED.);
#2709=B_SPLINE_CURVE_WITH_KNOTS('',3,(#12467,#12468,#12469,#12470),
 .UNSPECIFIED.,.F.,.F.,(4,4),(-1.,0.),.UNSPECIFIED.);
#2710=B_SPLINE_CURVE_WITH_KNOTS('',3,(#12472,#12473,#12474,#12475),
 .UNSPECIFIED.,.F.,.F.,(4,4),(-1.,0.),.UNSPECIFIED.);
#2711=B_SPLINE_CURVE_WITH_KNOTS('',3,(#12486,#12487,#12488,#12489),
 .UNSPECIFIED.,.F.,.F.,(4,4),(-1.,0.),.UNSPECIFIED.);
#2712=B_SPLINE_CURVE_WITH_KNOTS('',3,(#12491,#12492,#12493,#12494),
 .UNSPECIFIED.,.F.,.F.,(4,4),(-1.,0.),.UNSPECIFIED.);
#2713=B_SPLINE_CURVE_WITH_KNOTS('',3,(#12505,#12506,#12507,#12508),
 .UNSPECIFIED.,.F.,.F.,(4,4),(-1.,0.),.UNSPECIFIED.);
#2714=B_SPLINE_CURVE_WITH_KNOTS('',3,(#12510,#12511,#12512,#12513),
 .UNSPECIFIED.,.F.,.F.,(4,4),(-1.,0.),.UNSPECIFIED.);
#2715=B_SPLINE_CURVE_WITH_KNOTS('',3,(#12524,#12525,#12526,#12527),
 .UNSPECIFIED.,.F.,.F.,(4,4),(-1.,0.),.UNSPECIFIED.);
#2716=B_SPLINE_CURVE_WITH_KNOTS('',3,(#12529,#12530,#12531,#12532),
 .UNSPECIFIED.,.F.,.F.,(4,4),(-1.,0.),.UNSPECIFIED.);
#2717=B_SPLINE_CURVE_WITH_KNOTS('',3,(#12542,#12543,#12544,#12545),
 .UNSPECIFIED.,.F.,.F.,(4,4),(-1.,0.),.UNSPECIFIED.);
#2718=B_SPLINE_CURVE_WITH_KNOTS('',3,(#12546,#12547,#12548,#12549),
 .UNSPECIFIED.,.F.,.F.,(4,4),(-1.,0.),.UNSPECIFIED.);
#2719=B_SPLINE_CURVE_WITH_KNOTS('',3,(#12560,#12561,#12562,#12563),
 .UNSPECIFIED.,.F.,.F.,(4,4),(-1.,0.),.UNSPECIFIED.);
#2720=B_SPLINE_CURVE_WITH_KNOTS('',3,(#12567,#12568,#12569,#12570),
 .UNSPECIFIED.,.F.,.F.,(4,4),(-1.,0.),.UNSPECIFIED.);
#2721=B_SPLINE_CURVE_WITH_KNOTS('',3,(#12581,#12582,#12583,#12584),
 .UNSPECIFIED.,.F.,.F.,(4,4),(-1.,0.),.UNSPECIFIED.);
#2722=B_SPLINE_CURVE_WITH_KNOTS('',3,(#12586,#12587,#12588,#12589),
 .UNSPECIFIED.,.F.,.F.,(4,4),(-1.,0.),.UNSPECIFIED.);
#2723=B_SPLINE_CURVE_WITH_KNOTS('',3,(#12600,#12601,#12602,#12603),
 .UNSPECIFIED.,.F.,.F.,(4,4),(-0.0150737468987374,0.),.UNSPECIFIED.);
#2724=B_SPLINE_CURVE_WITH_KNOTS('',3,(#12605,#12606,#12607,#12608),
 .UNSPECIFIED.,.F.,.F.,(4,4),(-0.0150737469022313,0.),.UNSPECIFIED.);
#2725=B_SPLINE_CURVE_WITH_KNOTS('',3,(#12618,#12619,#12620,#12621),
 .UNSPECIFIED.,.F.,.F.,(4,4),(-0.0172768196934473,0.),.UNSPECIFIED.);
#2726=B_SPLINE_CURVE_WITH_KNOTS('',3,(#12622,#12623,#12624,#12625),
 .UNSPECIFIED.,.F.,.F.,(4,4),(-0.0172768196948178,0.),.UNSPECIFIED.);
#2727=B_SPLINE_CURVE_WITH_KNOTS('',3,(#12644,#12645,#12646,#12647),
 .UNSPECIFIED.,.F.,.F.,(4,4),(0.609268448995174,1.),.UNSPECIFIED.);
#2728=B_SPLINE_CURVE_WITH_KNOTS('',3,(#12649,#12650,#12651,#12652),
 .UNSPECIFIED.,.F.,.F.,(4,4),(-1.,-0.609268448995174),.UNSPECIFIED.);
#2729=B_SPLINE_CURVE_WITH_KNOTS('',3,(#12663,#12664,#12665,#12666),
 .UNSPECIFIED.,.F.,.F.,(4,4),(0.,1.),.UNSPECIFIED.);
#2730=B_SPLINE_CURVE_WITH_KNOTS('',3,(#12668,#12669,#12670,#12671),
 .UNSPECIFIED.,.F.,.F.,(4,4),(-1.,0.),.UNSPECIFIED.);
#2731=B_SPLINE_CURVE_WITH_KNOTS('',3,(#12682,#12683,#12684,#12685),
 .UNSPECIFIED.,.F.,.F.,(4,4),(0.,1.),.UNSPECIFIED.);
#2732=B_SPLINE_CURVE_WITH_KNOTS('',3,(#12687,#12688,#12689,#12690),
 .UNSPECIFIED.,.F.,.F.,(4,4),(-1.,0.),.UNSPECIFIED.);
#2733=B_SPLINE_CURVE_WITH_KNOTS('',3,(#12701,#12702,#12703,#12704),
 .UNSPECIFIED.,.F.,.F.,(4,4),(0.,1.),.UNSPECIFIED.);
#2734=B_SPLINE_CURVE_WITH_KNOTS('',3,(#12706,#12707,#12708,#12709),
 .UNSPECIFIED.,.F.,.F.,(4,4),(-1.,0.),.UNSPECIFIED.);
#2735=B_SPLINE_CURVE_WITH_KNOTS('',3,(#12720,#12721,#12722,#12723),
 .UNSPECIFIED.,.F.,.F.,(4,4),(0.,1.),.UNSPECIFIED.);
#2736=B_SPLINE_CURVE_WITH_KNOTS('',3,(#12725,#12726,#12727,#12728),
 .UNSPECIFIED.,.F.,.F.,(4,4),(-1.,0.),.UNSPECIFIED.);
#2737=B_SPLINE_CURVE_WITH_KNOTS('',3,(#12739,#12740,#12741,#12742),
 .UNSPECIFIED.,.F.,.F.,(4,4),(0.,1.),.UNSPECIFIED.);
#2738=B_SPLINE_CURVE_WITH_KNOTS('',3,(#12744,#12745,#12746,#12747),
 .UNSPECIFIED.,.F.,.F.,(4,4),(-1.,0.),.UNSPECIFIED.);
#2739=B_SPLINE_CURVE_WITH_KNOTS('',3,(#12758,#12759,#12760,#12761),
 .UNSPECIFIED.,.F.,.F.,(4,4),(0.,1.),.UNSPECIFIED.);
#2740=B_SPLINE_CURVE_WITH_KNOTS('',3,(#12763,#12764,#12765,#12766),
 .UNSPECIFIED.,.F.,.F.,(4,4),(-1.,0.),.UNSPECIFIED.);
#2741=B_SPLINE_CURVE_WITH_KNOTS('',3,(#12777,#12778,#12779,#12780),
 .UNSPECIFIED.,.F.,.F.,(4,4),(0.,1.),.UNSPECIFIED.);
#2742=B_SPLINE_CURVE_WITH_KNOTS('',3,(#12782,#12783,#12784,#12785),
 .UNSPECIFIED.,.F.,.F.,(4,4),(-1.,0.),.UNSPECIFIED.);
#2743=B_SPLINE_CURVE_WITH_KNOTS('',3,(#12796,#12797,#12798,#12799),
 .UNSPECIFIED.,.F.,.F.,(4,4),(0.,1.),.UNSPECIFIED.);
#2744=B_SPLINE_CURVE_WITH_KNOTS('',3,(#12801,#12802,#12803,#12804),
 .UNSPECIFIED.,.F.,.F.,(4,4),(-1.,0.),.UNSPECIFIED.);
#2745=B_SPLINE_CURVE_WITH_KNOTS('',3,(#12815,#12816,#12817,#12818),
 .UNSPECIFIED.,.F.,.F.,(4,4),(0.,1.),.UNSPECIFIED.);
#2746=B_SPLINE_CURVE_WITH_KNOTS('',3,(#12820,#12821,#12822,#12823),
 .UNSPECIFIED.,.F.,.F.,(4,4),(-1.,0.),.UNSPECIFIED.);
#2747=B_SPLINE_CURVE_WITH_KNOTS('',3,(#12834,#12835,#12836,#12837),
 .UNSPECIFIED.,.F.,.F.,(4,4),(0.,1.),.UNSPECIFIED.);
#2748=B_SPLINE_CURVE_WITH_KNOTS('',3,(#12839,#12840,#12841,#12842),
 .UNSPECIFIED.,.F.,.F.,(4,4),(-1.,0.),.UNSPECIFIED.);
#2749=B_SPLINE_CURVE_WITH_KNOTS('',3,(#12853,#12854,#12855,#12856),
 .UNSPECIFIED.,.F.,.F.,(4,4),(0.,1.),.UNSPECIFIED.);
#2750=B_SPLINE_CURVE_WITH_KNOTS('',3,(#12858,#12859,#12860,#12861),
 .UNSPECIFIED.,.F.,.F.,(4,4),(-1.,0.),.UNSPECIFIED.);
#2751=B_SPLINE_CURVE_WITH_KNOTS('',3,(#12872,#12873,#12874,#12875),
 .UNSPECIFIED.,.F.,.F.,(4,4),(0.,1.),.UNSPECIFIED.);
#2752=B_SPLINE_CURVE_WITH_KNOTS('',3,(#12877,#12878,#12879,#12880),
 .UNSPECIFIED.,.F.,.F.,(4,4),(-1.,0.),.UNSPECIFIED.);
#2753=B_SPLINE_CURVE_WITH_KNOTS('',3,(#12891,#12892,#12893,#12894),
 .UNSPECIFIED.,.F.,.F.,(4,4),(0.,1.),.UNSPECIFIED.);
#2754=B_SPLINE_CURVE_WITH_KNOTS('',3,(#12896,#12897,#12898,#12899),
 .UNSPECIFIED.,.F.,.F.,(4,4),(-1.,0.),.UNSPECIFIED.);
#2755=B_SPLINE_CURVE_WITH_KNOTS('',3,(#12910,#12911,#12912,#12913),
 .UNSPECIFIED.,.F.,.F.,(4,4),(0.,1.),.UNSPECIFIED.);
#2756=B_SPLINE_CURVE_WITH_KNOTS('',3,(#12915,#12916,#12917,#12918),
 .UNSPECIFIED.,.F.,.F.,(4,4),(-1.,0.),.UNSPECIFIED.);
#2757=B_SPLINE_CURVE_WITH_KNOTS('',3,(#12929,#12930,#12931,#12932),
 .UNSPECIFIED.,.F.,.F.,(4,4),(0.,1.),.UNSPECIFIED.);
#2758=B_SPLINE_CURVE_WITH_KNOTS('',3,(#12934,#12935,#12936,#12937),
 .UNSPECIFIED.,.F.,.F.,(4,4),(-1.,0.),.UNSPECIFIED.);
#2759=B_SPLINE_CURVE_WITH_KNOTS('',3,(#12948,#12949,#12950,#12951),
 .UNSPECIFIED.,.F.,.F.,(4,4),(0.,1.),.UNSPECIFIED.);
#2760=B_SPLINE_CURVE_WITH_KNOTS('',3,(#12953,#12954,#12955,#12956),
 .UNSPECIFIED.,.F.,.F.,(4,4),(-1.,0.),.UNSPECIFIED.);
#2761=B_SPLINE_CURVE_WITH_KNOTS('',3,(#12967,#12968,#12969,#12970),
 .UNSPECIFIED.,.F.,.F.,(4,4),(0.,1.),.UNSPECIFIED.);
#2762=B_SPLINE_CURVE_WITH_KNOTS('',3,(#12972,#12973,#12974,#12975),
 .UNSPECIFIED.,.F.,.F.,(4,4),(-1.,0.),.UNSPECIFIED.);
#2763=B_SPLINE_CURVE_WITH_KNOTS('',3,(#12986,#12987,#12988,#12989),
 .UNSPECIFIED.,.F.,.F.,(4,4),(0.,1.),.UNSPECIFIED.);
#2764=B_SPLINE_CURVE_WITH_KNOTS('',3,(#12991,#12992,#12993,#12994),
 .UNSPECIFIED.,.F.,.F.,(4,4),(-1.,0.),.UNSPECIFIED.);
#2765=B_SPLINE_CURVE_WITH_KNOTS('',3,(#13005,#13006,#13007,#13008),
 .UNSPECIFIED.,.F.,.F.,(4,4),(0.,1.),.UNSPECIFIED.);
#2766=B_SPLINE_CURVE_WITH_KNOTS('',3,(#13010,#13011,#13012,#13013),
 .UNSPECIFIED.,.F.,.F.,(4,4),(-1.,0.),.UNSPECIFIED.);
#2767=B_SPLINE_CURVE_WITH_KNOTS('',3,(#13024,#13025,#13026,#13027),
 .UNSPECIFIED.,.F.,.F.,(4,4),(0.,0.565295716343643),.UNSPECIFIED.);
#2768=B_SPLINE_CURVE_WITH_KNOTS('',3,(#13029,#13030,#13031,#13032),
 .UNSPECIFIED.,.F.,.F.,(4,4),(-0.565295716343643,0.),.UNSPECIFIED.);
#2769=B_SPLINE_CURVE_WITH_KNOTS('',3,(#13056,#13057,#13058,#13059),
 .UNSPECIFIED.,.F.,.F.,(4,4),(0.,1.),.UNSPECIFIED.);
#2770=B_SPLINE_CURVE_WITH_KNOTS('',3,(#13061,#13062,#13063,#13064),
 .UNSPECIFIED.,.F.,.F.,(4,4),(-1.,0.),.UNSPECIFIED.);
#2771=B_SPLINE_CURVE_WITH_KNOTS('',3,(#13074,#13075,#13076,#13077),
 .UNSPECIFIED.,.F.,.F.,(4,4),(0.,1.),.UNSPECIFIED.);
#2772=B_SPLINE_CURVE_WITH_KNOTS('',3,(#13078,#13079,#13080,#13081),
 .UNSPECIFIED.,.F.,.F.,(4,4),(-1.,0.),.UNSPECIFIED.);
#2773=B_SPLINE_CURVE_WITH_KNOTS('',3,(#13095,#13096,#13097,#13098),
 .UNSPECIFIED.,.F.,.F.,(4,4),(0.,1.),.UNSPECIFIED.);
#2774=B_SPLINE_CURVE_WITH_KNOTS('',3,(#13102,#13103,#13104,#13105),
 .UNSPECIFIED.,.F.,.F.,(4,4),(-1.,0.),.UNSPECIFIED.);
#2775=B_SPLINE_CURVE_WITH_KNOTS('',3,(#13116,#13117,#13118,#13119),
 .UNSPECIFIED.,.F.,.F.,(4,4),(0.,0.0157623615567007),.UNSPECIFIED.);
#2776=B_SPLINE_CURVE_WITH_KNOTS('',3,(#13121,#13122,#13123,#13124),
 .UNSPECIFIED.,.F.,.F.,(4,4),(-0.0157623615548305,0.),.UNSPECIFIED.);
#2777=B_SPLINE_CURVE_WITH_KNOTS('',3,(#13135,#13136,#13137,#13138),
 .UNSPECIFIED.,.F.,.F.,(4,4),(0.,1.),.UNSPECIFIED.);
#2778=B_SPLINE_CURVE_WITH_KNOTS('',3,(#13140,#13141,#13142,#13143),
 .UNSPECIFIED.,.F.,.F.,(4,4),(-1.,0.),.UNSPECIFIED.);
#2779=B_SPLINE_CURVE_WITH_KNOTS('',3,(#13154,#13155,#13156,#13157),
 .UNSPECIFIED.,.F.,.F.,(4,4),(0.,1.),.UNSPECIFIED.);
#2780=B_SPLINE_CURVE_WITH_KNOTS('',3,(#13159,#13160,#13161,#13162),
 .UNSPECIFIED.,.F.,.F.,(4,4),(-1.,0.),.UNSPECIFIED.);
#2781=B_SPLINE_CURVE_WITH_KNOTS('',3,(#13173,#13174,#13175,#13176),
 .UNSPECIFIED.,.F.,.F.,(4,4),(0.,1.),.UNSPECIFIED.);
#2782=B_SPLINE_CURVE_WITH_KNOTS('',3,(#13178,#13179,#13180,#13181),
 .UNSPECIFIED.,.F.,.F.,(4,4),(-1.,0.),.UNSPECIFIED.);
#2783=B_SPLINE_CURVE_WITH_KNOTS('',3,(#13203,#13204,#13205,#13206),
 .UNSPECIFIED.,.F.,.F.,(4,4),(0.,1.),.UNSPECIFIED.);
#2784=B_SPLINE_CURVE_WITH_KNOTS('',3,(#13207,#13208,#13209,#13210),
 .UNSPECIFIED.,.F.,.F.,(4,4),(-1.,0.),.UNSPECIFIED.);
#2785=B_SPLINE_CURVE_WITH_KNOTS('',2,(#13222,#13223,#13224),
 .UNSPECIFIED.,.F.,.F.,(3,3),(0.,1.),.UNSPECIFIED.);
#2786=B_SPLINE_CURVE_WITH_KNOTS('',2,(#13228,#13229,#13230),
 .UNSPECIFIED.,.F.,.F.,(3,3),(0.,1.),.UNSPECIFIED.);
#2787=B_SPLINE_CURVE_WITH_KNOTS('',3,(#13246,#13247,#13248,#13249),
 .UNSPECIFIED.,.F.,.F.,(4,4),(0.,1.),.UNSPECIFIED.);
#2788=B_SPLINE_CURVE_WITH_KNOTS('',3,(#13250,#13251,#13252,#13253),
 .UNSPECIFIED.,.F.,.F.,(4,4),(0.,1.),.UNSPECIFIED.);
#2789=B_SPLINE_CURVE_WITH_KNOTS('',3,(#13270,#13271,#13272,#13273,#13274,
#13275,#13276,#13277,#13278,#13279),.UNSPECIFIED.,.F.,.F.,(4,2,2,2,4),(0.0817562594798208,
0.0989208126402298,0.119908454300893,0.138737452241776,0.15756645018266),
 .UNSPECIFIED.);
#2790=B_SPLINE_CURVE_WITH_KNOTS('',3,(#13287,#13288,#13289,#13290,#13291,
#13292,#13293,#13294,#13295,#13296),.UNSPECIFIED.,.F.,.F.,(4,2,2,2,4),(0.157566450182656,
0.176395448123539,0.195224446064422,0.216212087725085,0.233376640885493),
 .UNSPECIFIED.);
#2791=B_SPLINE_CURVE_WITH_KNOTS('',3,(#13301,#13302,#13303,#13304,#13305,
#13306,#13307,#13308),.UNSPECIFIED.,.F.,.F.,(4,2,2,4),(-0.858842302922885,
-0.588785148554493,-0.295762199463936,0.),.UNSPECIFIED.);
#2792=B_SPLINE_CURVE_WITH_KNOTS('',3,(#13310,#13311,#13312,#13313),
 .UNSPECIFIED.,.F.,.F.,(4,4),(-0.0513665138532759,0.),.UNSPECIFIED.);
#2793=B_SPLINE_CURVE_WITH_KNOTS('',3,(#13315,#13316,#13317,#13318),
 .UNSPECIFIED.,.F.,.F.,(4,4),(-0.0513725217414709,0.),.UNSPECIFIED.);
#2794=B_SPLINE_CURVE_WITH_KNOTS('',3,(#13320,#13321,#13322,#13323,#13324,
#13325,#13326,#13327),.UNSPECIFIED.,.F.,.F.,(4,2,2,4),(-0.515960173935955,
-0.397766133115338,-0.190219373102657,0.),.UNSPECIFIED.);
#2795=B_SPLINE_CURVE_WITH_KNOTS('',3,(#13331,#13332,#13333,#13334,#13335,
#13336,#13337,#13338),.UNSPECIFIED.,.F.,.F.,(4,2,2,4),(-0.858842302922619,
-0.588785148555138,-0.295762199464244,0.),.UNSPECIFIED.);
#2796=B_SPLINE_CURVE_WITH_KNOTS('',3,(#13340,#13341,#13342,#13343),
 .UNSPECIFIED.,.F.,.F.,(4,4),(-0.0513665138532754,0.),.UNSPECIFIED.);
#2797=B_SPLINE_CURVE_WITH_KNOTS('',3,(#13345,#13346,#13347,#13348),
 .UNSPECIFIED.,.F.,.F.,(4,4),(-0.0513725217415193,0.),.UNSPECIFIED.);
#2798=B_SPLINE_CURVE_WITH_KNOTS('',3,(#13350,#13351,#13352,#13353,#13354,
#13355,#13356,#13357),.UNSPECIFIED.,.F.,.F.,(4,2,2,4),(-0.515960173939826,
-0.397766133118238,-0.190219373103792,0.),.UNSPECIFIED.);
#2799=B_SPLINE_CURVE_WITH_KNOTS('',3,(#13361,#13362,#13363,#13364,#13365,
#13366,#13367,#13368),.UNSPECIFIED.,.F.,.F.,(4,2,2,4),(-0.858842302923201,
-0.588785148555959,-0.295762199464446,0.),.UNSPECIFIED.);
#2800=B_SPLINE_CURVE_WITH_KNOTS('',3,(#13370,#13371,#13372,#13373),
 .UNSPECIFIED.,.F.,.F.,(4,4),(-0.0513665138532706,0.),.UNSPECIFIED.);
#2801=B_SPLINE_CURVE_WITH_KNOTS('',3,(#13375,#13376,#13377,#13378),
 .UNSPECIFIED.,.F.,.F.,(4,4),(-0.0513725217414733,0.),.UNSPECIFIED.);
#2802=B_SPLINE_CURVE_WITH_KNOTS('',3,(#13380,#13381,#13382,#13383,#13384,
#13385,#13386,#13387),.UNSPECIFIED.,.F.,.F.,(4,2,2,4),(-0.515960173930984,
-0.397766133112765,-0.190219373103095,0.),.UNSPECIFIED.);
#2803=B_SPLINE_CURVE_WITH_KNOTS('',3,(#13391,#13392,#13393,#13394,#13395,
#13396,#13397,#13398),.UNSPECIFIED.,.F.,.F.,(4,2,2,4),(-0.858842302922941,
-0.58878514855445,-0.295762199464031,0.),.UNSPECIFIED.);
#2804=B_SPLINE_CURVE_WITH_KNOTS('',3,(#13400,#13401,#13402,#13403),
 .UNSPECIFIED.,.F.,.F.,(4,4),(-0.0513665138532748,0.),.UNSPECIFIED.);
#2805=B_SPLINE_CURVE_WITH_KNOTS('',3,(#13405,#13406,#13407,#13408),
 .UNSPECIFIED.,.F.,.F.,(4,4),(-0.0513725217415052,0.),.UNSPECIFIED.);
#2806=B_SPLINE_CURVE_WITH_KNOTS('',3,(#13410,#13411,#13412,#13413,#13414,
#13415,#13416,#13417),.UNSPECIFIED.,.F.,.F.,(4,2,2,4),(-0.515960173929721,
-0.397766133112135,-0.190219373103283,0.),.UNSPECIFIED.);
#2807=B_SPLINE_CURVE_WITH_KNOTS('',3,(#13583,#13584,#13585,#13586,#13587,
#13588,#13589,#13590,#13591,#13592,#13593,#13594,#13595,#13596,#13597,#13598,
#13599,#13600),.UNSPECIFIED.,.F.,.F.,(4,2,2,2,2,2,2,2,4),(-0.476849104990962,
-0.450178482855221,-0.421464062627869,-0.366746017657241,-0.325819630617415,
-0.282918067293785,-0.228149726845904,-0.165560769040873,-0.116644914537667),
 .UNSPECIFIED.);
#2808=B_SPLINE_CURVE_WITH_KNOTS('',3,(#13602,#13603,#13604,#13605,#13606,
#13607,#13608,#13609,#13610,#13611,#13612,#13613,#13614,#13615,#13616,#13617,
#13618,#13619,#13620,#13621),.UNSPECIFIED.,.F.,.F.,(4,2,2,2,2,2,2,2,2,4),
(-0.468804389173115,-0.417381052809414,-0.36255885480838,-0.306651920417077,
-0.24436392834531,-0.190195617287188,-0.147337917356882,-0.106494221646217,
-0.0529269268689711,0.),.UNSPECIFIED.);
#2809=B_SPLINE_CURVE_WITH_KNOTS('',3,(#13622,#13623,#13624,#13625,#13626,
#13627,#13628,#13629),.UNSPECIFIED.,.F.,.F.,(4,2,2,4),(-0.116644914537667,
-0.108820580820473,-0.0566757487227605,0.),.UNSPECIFIED.);
#2810=B_SPLINE_CURVE_WITH_KNOTS('',3,(#13634,#13635,#13636,#13637,#13638,
#13639,#13640,#13641),.UNSPECIFIED.,.F.,.F.,(4,2,2,4),(-0.469087159166568,
-0.423404255206548,-0.366460048472793,-0.354511179890282),.UNSPECIFIED.);
#2811=B_SPLINE_CURVE_WITH_KNOTS('',3,(#13643,#13644,#13645,#13646,#13647,
#13648,#13649,#13650,#13651,#13652,#13653,#13654,#13655,#13656,#13657,#13658,
#13659,#13660,#13661,#13662,#13663,#13664),.UNSPECIFIED.,.F.,.F.,(4,2,2,
2,2,2,2,2,2,2,4),(-0.476588298579932,-0.447185336940295,-0.417413767785925,
-0.363027916688889,-0.306803403459779,-0.244019818604473,-0.190398691652988,
-0.14808586187514,-0.106845029909734,-0.0526854676537721,0.),
 .UNSPECIFIED.);
#2812=B_SPLINE_CURVE_WITH_KNOTS('',3,(#13665,#13666,#13667,#13668,#13669,
#13670,#13671,#13672,#13673,#13674,#13675,#13676,#13677,#13678,#13679,#13680),
 .UNSPECIFIED.,.F.,.F.,(4,2,2,2,2,2,2,4),(-0.354511179890282,-0.324715842267998,
-0.282318234084706,-0.22915064225403,-0.166064716286398,-0.109066707869747,
-0.0568688749008012,0.),.UNSPECIFIED.);
#2813=B_SPLINE_CURVE_WITH_KNOTS('',3,(#13718,#13719,#13720,#13721,#13722),
 .UNSPECIFIED.,.F.,.F.,(4,1,4),(0.,0.333333333333333,0.437692032294019),
 .UNSPECIFIED.);
#2814=B_SPLINE_CURVE_WITH_KNOTS('',3,(#13724,#13725,#13726,#13727,#13728,
#13729),.UNSPECIFIED.,.F.,.F.,(4,1,1,4),(0.,0.333333333333333,0.666666666666667,
1.),.UNSPECIFIED.);
#2815=B_SPLINE_CURVE_WITH_KNOTS('',3,(#13734,#13735,#13736,#13737),
 .UNSPECIFIED.,.F.,.F.,(4,4),(0.901052011126804,1.),.UNSPECIFIED.);
#2816=B_SPLINE_CURVE_WITH_KNOTS('',3,(#13775,#13776,#13777,#13778,#13779),
 .UNSPECIFIED.,.F.,.F.,(4,1,4),(0.,0.333333333333333,0.437836660773706),
 .UNSPECIFIED.);
#2817=B_SPLINE_CURVE_WITH_KNOTS('',3,(#13781,#13782,#13783,#13784,#13785,
#13786),.UNSPECIFIED.,.F.,.F.,(4,1,1,4),(0.,0.333333333333333,0.666666666666667,
1.),.UNSPECIFIED.);
#2818=B_SPLINE_CURVE_WITH_KNOTS('',3,(#13791,#13792,#13793,#13794),
 .UNSPECIFIED.,.F.,.F.,(4,4),(0.90116592764109,1.),.UNSPECIFIED.);
#2819=B_SPLINE_CURVE_WITH_KNOTS('',3,(#13799,#13800,#13801,#13802,#13803,
#13804,#13805,#13806),.UNSPECIFIED.,.F.,.F.,(4,2,2,4),(-0.467696946239919,
-0.4170450451719,-0.36234465766037,-0.355362035430666),.UNSPECIFIED.);
#2820=B_SPLINE_CURVE_WITH_KNOTS('',3,(#13808,#13809,#13810,#13811,#13812,
#13813,#13814,#13815,#13816,#13817,#13818,#13819,#13820,#13821,#13822,#13823,
#13824,#13825,#13826,#13827,#13828,#13829),.UNSPECIFIED.,.F.,.F.,(4,2,2,
2,2,2,2,2,2,2,4),(-0.476893712022795,-0.450006326783443,-0.421062370613457,
-0.366136812465055,-0.325172087029007,-0.282285011079929,-0.227591939848043,
-0.165264266862195,-0.109023631462749,-0.0567686519723541,0.),
 .UNSPECIFIED.);
#2821=B_SPLINE_CURVE_WITH_KNOTS('',3,(#13830,#13831,#13832,#13833,#13834,
#13835,#13836,#13837,#13838,#13839,#13840,#13841,#13842,#13843,#13844,#13845),
 .UNSPECIFIED.,.F.,.F.,(4,2,2,2,2,2,2,4),(-0.355362035430666,-0.306636846664617,
-0.244701144173268,-0.190598763544211,-0.14771041791997,-0.106795028500909,
-0.0530504512908974,0.),.UNSPECIFIED.);
#2822=B_SPLINE_CURVE_WITH_KNOTS('',3,(#13883,#13884,#13885,#13886,#13887),
 .UNSPECIFIED.,.F.,.F.,(4,1,4),(0.,0.333333333333333,0.445520046485232),
 .UNSPECIFIED.);
#2823=B_SPLINE_CURVE_WITH_KNOTS('',3,(#13889,#13890,#13891,#13892,#13893,
#13894),.UNSPECIFIED.,.F.,.F.,(4,1,1,4),(0.,0.333333333333333,0.666666666666667,
1.),.UNSPECIFIED.);
#2824=B_SPLINE_CURVE_WITH_KNOTS('',3,(#13899,#13900,#13901,#13902),
 .UNSPECIFIED.,.F.,.F.,(4,4),(0.907410090730997,1.),.UNSPECIFIED.);
#2825=B_SPLINE_CURVE_WITH_KNOTS('',3,(#13947,#13948,#13949,#13950),
 .UNSPECIFIED.,.F.,.F.,(4,4),(0.,0.114517597759133),.UNSPECIFIED.);
#2826=B_SPLINE_CURVE_WITH_KNOTS('',3,(#13951,#13952,#13953,#13954,#13955,
#13956),.UNSPECIFIED.,.F.,.F.,(4,1,1,4),(0.,0.333333333333333,0.666666666666667,
1.),.UNSPECIFIED.);
#2827=B_SPLINE_CURVE_WITH_KNOTS('',3,(#13993,#13994,#13995,#13996),
 .UNSPECIFIED.,.F.,.F.,(4,4),(0.,0.0589520569827551),.UNSPECIFIED.);
#2828=B_SPLINE_CURVE_WITH_KNOTS('',3,(#14033,#14034,#14035,#14036),
 .UNSPECIFIED.,.F.,.F.,(4,4),(0.,0.114517597759132),.UNSPECIFIED.);
#2829=B_SPLINE_CURVE_WITH_KNOTS('',3,(#14075,#14076,#14077,#14078,#14079,
#14080),.UNSPECIFIED.,.F.,.F.,(4,1,1,4),(0.,0.333333333333333,0.666666666666667,
1.),.UNSPECIFIED.);
#2830=B_SPLINE_CURVE_WITH_KNOTS('',3,(#14125,#14126,#14127,#14128),
 .UNSPECIFIED.,.F.,.F.,(4,4),(0.,0.114517597759092),.UNSPECIFIED.);
#2831=B_SPLINE_CURVE_WITH_KNOTS('',3,(#14129,#14130,#14131,#14132,#14133,
#14134),.UNSPECIFIED.,.F.,.F.,(4,1,1,4),(0.,0.333333333333333,0.666666666666667,
1.),.UNSPECIFIED.);
#2832=B_SPLINE_CURVE_WITH_KNOTS('',3,(#14171,#14172,#14173,#14174),
 .UNSPECIFIED.,.F.,.F.,(4,4),(0.,0.0589520569827346),.UNSPECIFIED.);
#2833=B_SPLINE_CURVE_WITH_KNOTS('',3,(#14211,#14212,#14213,#14214),
 .UNSPECIFIED.,.F.,.F.,(4,4),(0.,0.114517597759089),.UNSPECIFIED.);
#2834=B_SPLINE_CURVE_WITH_KNOTS('',3,(#14289,#14290,#14291,#14292,#14293,
#14294),.UNSPECIFIED.,.F.,.F.,(4,1,1,4),(0.,0.333333333333333,0.666666666666667,
1.),.UNSPECIFIED.);
#2835=B_SPLINE_CURVE_WITH_KNOTS('',3,(#14336,#14337,#14338,#14339,#14340,
#14341),.UNSPECIFIED.,.F.,.F.,(4,1,1,4),(0.,0.333333333333333,0.666666666666667,
1.),.UNSPECIFIED.);
#2836=B_SPLINE_CURVE_WITH_KNOTS('',3,(#14378,#14379,#14380,#14381),
 .UNSPECIFIED.,.F.,.F.,(4,4),(0.,0.114517597759094),.UNSPECIFIED.);
#2837=B_SPLINE_CURVE_WITH_KNOTS('',3,(#14418,#14419,#14420,#14421),
 .UNSPECIFIED.,.F.,.F.,(4,4),(0.,0.0589520569827351),.UNSPECIFIED.);
#2838=B_SPLINE_CURVE_WITH_KNOTS('',3,(#14458,#14459,#14460,#14461),
 .UNSPECIFIED.,.F.,.F.,(4,4),(0.,0.114517597759098),.UNSPECIFIED.);
#2839=B_SPLINE_CURVE_WITH_KNOTS('',3,(#14539,#14540,#14541,#14542,#14543,
#14544),.UNSPECIFIED.,.F.,.F.,(4,1,1,4),(0.,0.333333333333333,0.666666666666667,
1.),.UNSPECIFIED.);
#2840=B_SPLINE_CURVE_WITH_KNOTS('',3,(#14582,#14583,#14584,#14585),
 .UNSPECIFIED.,.F.,.F.,(4,4),(0.,0.11451759775909),.UNSPECIFIED.);
#2841=B_SPLINE_CURVE_WITH_KNOTS('',3,(#14622,#14623,#14624,#14625),
 .UNSPECIFIED.,.F.,.F.,(4,4),(0.,0.0589520569827357),.UNSPECIFIED.);
#2842=B_SPLINE_CURVE_WITH_KNOTS('',3,(#14662,#14663,#14664,#14665),
 .UNSPECIFIED.,.F.,.F.,(4,4),(0.,0.114517597759089),.UNSPECIFIED.);
#2843=VERTEX_POINT('',#9534);
#2844=VERTEX_POINT('',#9535);
#2845=VERTEX_POINT('',#9540);
#2846=VERTEX_POINT('',#9542);
#2847=VERTEX_POINT('',#9549);
#2848=VERTEX_POINT('',#9551);
#2849=VERTEX_POINT('',#9555);
#2850=VERTEX_POINT('',#9557);
#2851=VERTEX_POINT('',#9568);
#2852=VERTEX_POINT('',#9573);
#2853=VERTEX_POINT('',#9580);
#2854=VERTEX_POINT('',#9582);
#2855=VERTEX_POINT('',#9586);
#2856=VERTEX_POINT('',#9588);
#2857=VERTEX_POINT('',#9592);
#2858=VERTEX_POINT('',#9594);
#2859=VERTEX_POINT('',#9598);
#2860=VERTEX_POINT('',#9600);
#2861=VERTEX_POINT('',#9611);
#2862=VERTEX_POINT('',#9616);
#2863=VERTEX_POINT('',#9630);
#2864=VERTEX_POINT('',#9635);
#2865=VERTEX_POINT('',#9649);
#2866=VERTEX_POINT('',#9654);
#2867=VERTEX_POINT('',#9668);
#2868=VERTEX_POINT('',#9673);
#2869=VERTEX_POINT('',#9687);
#2870=VERTEX_POINT('',#9692);
#2871=VERTEX_POINT('',#9706);
#2872=VERTEX_POINT('',#9711);
#2873=VERTEX_POINT('',#9725);
#2874=VERTEX_POINT('',#9730);
#2875=VERTEX_POINT('',#9744);
#2876=VERTEX_POINT('',#9749);
#2877=VERTEX_POINT('',#9763);
#2878=VERTEX_POINT('',#9768);
#2879=VERTEX_POINT('',#9782);
#2880=VERTEX_POINT('',#9787);
#2881=VERTEX_POINT('',#9801);
#2882=VERTEX_POINT('',#9806);
#2883=VERTEX_POINT('',#9820);
#2884=VERTEX_POINT('',#9825);
#2885=VERTEX_POINT('',#9839);
#2886=VERTEX_POINT('',#9844);
#2887=VERTEX_POINT('',#9858);
#2888=VERTEX_POINT('',#9863);
#2889=VERTEX_POINT('',#9896);
#2890=VERTEX_POINT('',#9897);
#2891=VERTEX_POINT('',#9902);
#2892=VERTEX_POINT('',#9904);
#2893=VERTEX_POINT('',#9918);
#2894=VERTEX_POINT('',#9923);
#2895=VERTEX_POINT('',#9937);
#2896=VERTEX_POINT('',#9942);
#2897=VERTEX_POINT('',#9972);
#2898=VERTEX_POINT('',#9973);
#2899=VERTEX_POINT('',#9978);
#2900=VERTEX_POINT('',#9980);
#2901=VERTEX_POINT('',#9994);
#2902=VERTEX_POINT('',#9999);
#2903=VERTEX_POINT('',#10013);
#2904=VERTEX_POINT('',#10018);
#2905=VERTEX_POINT('',#10032);
#2906=VERTEX_POINT('',#10037);
#2907=VERTEX_POINT('',#10044);
#2908=VERTEX_POINT('',#10046);
#2909=VERTEX_POINT('',#10050);
#2910=VERTEX_POINT('',#10052);
#2911=VERTEX_POINT('',#10063);
#2912=VERTEX_POINT('',#10068);
#2913=VERTEX_POINT('',#10082);
#2914=VERTEX_POINT('',#10087);
#2915=VERTEX_POINT('',#10101);
#2916=VERTEX_POINT('',#10106);
#2917=VERTEX_POINT('',#10120);
#2918=VERTEX_POINT('',#10125);
#2919=VERTEX_POINT('',#10139);
#2920=VERTEX_POINT('',#10144);
#2921=VERTEX_POINT('',#10158);
#2922=VERTEX_POINT('',#10163);
#2923=VERTEX_POINT('',#10177);
#2924=VERTEX_POINT('',#10182);
#2925=VERTEX_POINT('',#10215);
#2926=VERTEX_POINT('',#10216);
#2927=VERTEX_POINT('',#10221);
#2928=VERTEX_POINT('',#10223);
#2929=VERTEX_POINT('',#10237);
#2930=VERTEX_POINT('',#10242);
#2931=VERTEX_POINT('',#10256);
#2932=VERTEX_POINT('',#10261);
#2933=VERTEX_POINT('',#10275);
#2934=VERTEX_POINT('',#10280);
#2935=VERTEX_POINT('',#10294);
#2936=VERTEX_POINT('',#10299);
#2937=VERTEX_POINT('',#10313);
#2938=VERTEX_POINT('',#10318);
#2939=VERTEX_POINT('',#10332);
#2940=VERTEX_POINT('',#10337);
#2941=VERTEX_POINT('',#10360);
#2942=VERTEX_POINT('',#10361);
#2943=VERTEX_POINT('',#10363);
#2944=VERTEX_POINT('',#10365);
#2945=VERTEX_POINT('',#10374);
#2946=VERTEX_POINT('',#10378);
#2947=VERTEX_POINT('',#10391);
#2948=VERTEX_POINT('',#10396);
#2949=VERTEX_POINT('',#10410);
#2950=VERTEX_POINT('',#10415);
#2951=VERTEX_POINT('',#10429);
#2952=VERTEX_POINT('',#10434);
#2953=VERTEX_POINT('',#10448);
#2954=VERTEX_POINT('',#10453);
#2955=VERTEX_POINT('',#10467);
#2956=VERTEX_POINT('',#10472);
#2957=VERTEX_POINT('',#10502);
#2958=VERTEX_POINT('',#10503);
#2959=VERTEX_POINT('',#10508);
#2960=VERTEX_POINT('',#10510);
#2961=VERTEX_POINT('',#10522);
#2962=VERTEX_POINT('',#10526);
#2963=VERTEX_POINT('',#10537);
#2964=VERTEX_POINT('',#10541);
#2965=VERTEX_POINT('',#10554);
#2966=VERTEX_POINT('',#10559);
#2967=VERTEX_POINT('',#10573);
#2968=VERTEX_POINT('',#10578);
#2969=VERTEX_POINT('',#10592);
#2970=VERTEX_POINT('',#10597);
#2971=VERTEX_POINT('',#10611);
#2972=VERTEX_POINT('',#10616);
#2973=VERTEX_POINT('',#10630);
#2974=VERTEX_POINT('',#10635);
#2975=VERTEX_POINT('',#10665);
#2976=VERTEX_POINT('',#10666);
#2977=VERTEX_POINT('',#10671);
#2978=VERTEX_POINT('',#10673);
#2979=VERTEX_POINT('',#10687);
#2980=VERTEX_POINT('',#10692);
#2981=VERTEX_POINT('',#10706);
#2982=VERTEX_POINT('',#10711);
#2983=VERTEX_POINT('',#10725);
#2984=VERTEX_POINT('',#10730);
#2985=VERTEX_POINT('',#10744);
#2986=VERTEX_POINT('',#10749);
#2987=VERTEX_POINT('',#10763);
#2988=VERTEX_POINT('',#10768);
#2989=VERTEX_POINT('',#10782);
#2990=VERTEX_POINT('',#10787);
#2991=VERTEX_POINT('',#10801);
#2992=VERTEX_POINT('',#10806);
#2993=VERTEX_POINT('',#10820);
#2994=VERTEX_POINT('',#10825);
#2995=VERTEX_POINT('',#10855);
#2996=VERTEX_POINT('',#10856);
#2997=VERTEX_POINT('',#10861);
#2998=VERTEX_POINT('',#10863);
#2999=VERTEX_POINT('',#10877);
#3000=VERTEX_POINT('',#10882);
#3001=VERTEX_POINT('',#10894);
#3002=VERTEX_POINT('',#10898);
#3003=VERTEX_POINT('',#10904);
#3004=VERTEX_POINT('',#10906);
#3005=VERTEX_POINT('',#10915);
#3006=VERTEX_POINT('',#10919);
#3007=VERTEX_POINT('',#10932);
#3008=VERTEX_POINT('',#10937);
#3009=VERTEX_POINT('',#10951);
#3010=VERTEX_POINT('',#10956);
#3011=VERTEX_POINT('',#10970);
#3012=VERTEX_POINT('',#10975);
#3013=VERTEX_POINT('',#10987);
#3014=VERTEX_POINT('',#10991);
#3015=VERTEX_POINT('',#11002);
#3016=VERTEX_POINT('',#11006);
#3017=VERTEX_POINT('',#11019);
#3018=VERTEX_POINT('',#11024);
#3019=VERTEX_POINT('',#11054);
#3020=VERTEX_POINT('',#11055);
#3021=VERTEX_POINT('',#11060);
#3022=VERTEX_POINT('',#11062);
#3023=VERTEX_POINT('',#11076);
#3024=VERTEX_POINT('',#11081);
#3025=VERTEX_POINT('',#11095);
#3026=VERTEX_POINT('',#11100);
#3027=VERTEX_POINT('',#11112);
#3028=VERTEX_POINT('',#11116);
#3029=VERTEX_POINT('',#11122);
#3030=VERTEX_POINT('',#11124);
#3031=VERTEX_POINT('',#11133);
#3032=VERTEX_POINT('',#11137);
#3033=VERTEX_POINT('',#11150);
#3034=VERTEX_POINT('',#11155);
#3035=VERTEX_POINT('',#11169);
#3036=VERTEX_POINT('',#11174);
#3037=VERTEX_POINT('',#11186);
#3038=VERTEX_POINT('',#11190);
#3039=VERTEX_POINT('',#11201);
#3040=VERTEX_POINT('',#11205);
#3041=VERTEX_POINT('',#11218);
#3042=VERTEX_POINT('',#11223);
#3043=VERTEX_POINT('',#11235);
#3044=VERTEX_POINT('',#11239);
#3045=VERTEX_POINT('',#11250);
#3046=VERTEX_POINT('',#11254);
#3047=VERTEX_POINT('',#11283);
#3048=VERTEX_POINT('',#11284);
#3049=VERTEX_POINT('',#11289);
#3050=VERTEX_POINT('',#11291);
#3051=VERTEX_POINT('',#11305);
#3052=VERTEX_POINT('',#11310);
#3053=VERTEX_POINT('',#11324);
#3054=VERTEX_POINT('',#11329);
#3055=VERTEX_POINT('',#11343);
#3056=VERTEX_POINT('',#11348);
#3057=VERTEX_POINT('',#11362);
#3058=VERTEX_POINT('',#11367);
#3059=VERTEX_POINT('',#11381);
#3060=VERTEX_POINT('',#11386);
#3061=VERTEX_POINT('',#11400);
#3062=VERTEX_POINT('',#11405);
#3063=VERTEX_POINT('',#11419);
#3064=VERTEX_POINT('',#11424);
#3065=VERTEX_POINT('',#11438);
#3066=VERTEX_POINT('',#11443);
#3067=VERTEX_POINT('',#11473);
#3068=VERTEX_POINT('',#11474);
#3069=VERTEX_POINT('',#11479);
#3070=VERTEX_POINT('',#11481);
#3071=VERTEX_POINT('',#11495);
#3072=VERTEX_POINT('',#11500);
#3073=VERTEX_POINT('',#11514);
#3074=VERTEX_POINT('',#11519);
#3075=VERTEX_POINT('',#11531);
#3076=VERTEX_POINT('',#11535);
#3077=VERTEX_POINT('',#11548);
#3078=VERTEX_POINT('',#11553);
#3079=VERTEX_POINT('',#11567);
#3080=VERTEX_POINT('',#11572);
#3081=VERTEX_POINT('',#11586);
#3082=VERTEX_POINT('',#11591);
#3083=VERTEX_POINT('',#11617);
#3084=VERTEX_POINT('',#11618);
#3085=VERTEX_POINT('',#11623);
#3086=VERTEX_POINT('',#11625);
#3087=VERTEX_POINT('',#11639);
#3088=VERTEX_POINT('',#11644);
#3089=VERTEX_POINT('',#11658);
#3090=VERTEX_POINT('',#11663);
#3091=VERTEX_POINT('',#11670);
#3092=VERTEX_POINT('',#11672);
#3093=VERTEX_POINT('',#11683);
#3094=VERTEX_POINT('',#11688);
#3095=VERTEX_POINT('',#11702);
#3096=VERTEX_POINT('',#11707);
#3097=VERTEX_POINT('',#11721);
#3098=VERTEX_POINT('',#11726);
#3099=VERTEX_POINT('',#11740);
#3100=VERTEX_POINT('',#11745);
#3101=VERTEX_POINT('',#11759);
#3102=VERTEX_POINT('',#11764);
#3103=VERTEX_POINT('',#11778);
#3104=VERTEX_POINT('',#11783);
#3105=VERTEX_POINT('',#11797);
#3106=VERTEX_POINT('',#11799);
#3107=VERTEX_POINT('',#11810);
#3108=VERTEX_POINT('',#11815);
#3109=VERTEX_POINT('',#11834);
#3110=VERTEX_POINT('',#11835);
#3111=VERTEX_POINT('',#11840);
#3112=VERTEX_POINT('',#11845);
#3113=VERTEX_POINT('',#11847);
#3114=VERTEX_POINT('',#11852);
#3115=VERTEX_POINT('',#11857);
#3116=VERTEX_POINT('',#11861);
#3117=VERTEX_POINT('',#11866);
#3118=VERTEX_POINT('',#11871);
#3119=VERTEX_POINT('',#11876);
#3120=VERTEX_POINT('',#11878);
#3121=VERTEX_POINT('',#11885);
#3122=VERTEX_POINT('',#11886);
#3123=VERTEX_POINT('',#11891);
#3124=VERTEX_POINT('',#11896);
#3125=VERTEX_POINT('',#11898);
#3126=VERTEX_POINT('',#11900);
#3127=VERTEX_POINT('',#11905);
#3128=VERTEX_POINT('',#11910);
#3129=VERTEX_POINT('',#11915);
#3130=VERTEX_POINT('',#11919);
#3131=VERTEX_POINT('',#11924);
#3132=VERTEX_POINT('',#11929);
#3133=VERTEX_POINT('',#12029);
#3134=VERTEX_POINT('',#12030);
#3135=VERTEX_POINT('',#12035);
#3136=VERTEX_POINT('',#12037);
#3137=VERTEX_POINT('',#12044);
#3138=VERTEX_POINT('',#12046);
#3139=VERTEX_POINT('',#12070);
#3140=VERTEX_POINT('',#12071);
#3141=VERTEX_POINT('',#12075);
#3142=VERTEX_POINT('',#12077);
#3143=VERTEX_POINT('',#12083);
#3144=VERTEX_POINT('',#12085);
#3145=VERTEX_POINT('',#12102);
#3146=VERTEX_POINT('',#12103);
#3147=VERTEX_POINT('',#12108);
#3148=VERTEX_POINT('',#12110);
#3149=VERTEX_POINT('',#12124);
#3150=VERTEX_POINT('',#12129);
#3151=VERTEX_POINT('',#12159);
#3152=VERTEX_POINT('',#12160);
#3153=VERTEX_POINT('',#12165);
#3154=VERTEX_POINT('',#12167);
#3155=VERTEX_POINT('',#12181);
#3156=VERTEX_POINT('',#12186);
#3157=VERTEX_POINT('',#12200);
#3158=VERTEX_POINT('',#12205);
#3159=VERTEX_POINT('',#12235);
#3160=VERTEX_POINT('',#12236);
#3161=VERTEX_POINT('',#12241);
#3162=VERTEX_POINT('',#12243);
#3163=VERTEX_POINT('',#12257);
#3164=VERTEX_POINT('',#12262);
#3165=VERTEX_POINT('',#12276);
#3166=VERTEX_POINT('',#12281);
#3167=VERTEX_POINT('',#12295);
#3168=VERTEX_POINT('',#12300);
#3169=VERTEX_POINT('',#12314);
#3170=VERTEX_POINT('',#12319);
#3171=VERTEX_POINT('',#12333);
#3172=VERTEX_POINT('',#12338);
#3173=VERTEX_POINT('',#12352);
#3174=VERTEX_POINT('',#12357);
#3175=VERTEX_POINT('',#12371);
#3176=VERTEX_POINT('',#12376);
#3177=VERTEX_POINT('',#12390);
#3178=VERTEX_POINT('',#12395);
#3179=VERTEX_POINT('',#12409);
#3180=VERTEX_POINT('',#12414);
#3181=VERTEX_POINT('',#12428);
#3182=VERTEX_POINT('',#12433);
#3183=VERTEX_POINT('',#12447);
#3184=VERTEX_POINT('',#12452);
#3185=VERTEX_POINT('',#12466);
#3186=VERTEX_POINT('',#12471);
#3187=VERTEX_POINT('',#12485);
#3188=VERTEX_POINT('',#12490);
#3189=VERTEX_POINT('',#12504);
#3190=VERTEX_POINT('',#12509);
#3191=VERTEX_POINT('',#12523);
#3192=VERTEX_POINT('',#12528);
#3193=VERTEX_POINT('',#12558);
#3194=VERTEX_POINT('',#12559);
#3195=VERTEX_POINT('',#12564);
#3196=VERTEX_POINT('',#12566);
#3197=VERTEX_POINT('',#12580);
#3198=VERTEX_POINT('',#12585);
#3199=VERTEX_POINT('',#12599);
#3200=VERTEX_POINT('',#12604);
#3201=VERTEX_POINT('',#12627);
#3202=VERTEX_POINT('',#12628);
#3203=VERTEX_POINT('',#12630);
#3204=VERTEX_POINT('',#12632);
#3205=VERTEX_POINT('',#12643);
#3206=VERTEX_POINT('',#12648);
#3207=VERTEX_POINT('',#12662);
#3208=VERTEX_POINT('',#12667);
#3209=VERTEX_POINT('',#12681);
#3210=VERTEX_POINT('',#12686);
#3211=VERTEX_POINT('',#12700);
#3212=VERTEX_POINT('',#12705);
#3213=VERTEX_POINT('',#12719);
#3214=VERTEX_POINT('',#12724);
#3215=VERTEX_POINT('',#12738);
#3216=VERTEX_POINT('',#12743);
#3217=VERTEX_POINT('',#12757);
#3218=VERTEX_POINT('',#12762);
#3219=VERTEX_POINT('',#12776);
#3220=VERTEX_POINT('',#12781);
#3221=VERTEX_POINT('',#12795);
#3222=VERTEX_POINT('',#12800);
#3223=VERTEX_POINT('',#12814);
#3224=VERTEX_POINT('',#12819);
#3225=VERTEX_POINT('',#12833);
#3226=VERTEX_POINT('',#12838);
#3227=VERTEX_POINT('',#12852);
#3228=VERTEX_POINT('',#12857);
#3229=VERTEX_POINT('',#12871);
#3230=VERTEX_POINT('',#12876);
#3231=VERTEX_POINT('',#12890);
#3232=VERTEX_POINT('',#12895);
#3233=VERTEX_POINT('',#12909);
#3234=VERTEX_POINT('',#12914);
#3235=VERTEX_POINT('',#12928);
#3236=VERTEX_POINT('',#12933);
#3237=VERTEX_POINT('',#12947);
#3238=VERTEX_POINT('',#12952);
#3239=VERTEX_POINT('',#12966);
#3240=VERTEX_POINT('',#12971);
#3241=VERTEX_POINT('',#12985);
#3242=VERTEX_POINT('',#12990);
#3243=VERTEX_POINT('',#13004);
#3244=VERTEX_POINT('',#13009);
#3245=VERTEX_POINT('',#13023);
#3246=VERTEX_POINT('',#13028);
#3247=VERTEX_POINT('',#13042);
#3248=VERTEX_POINT('',#13044);
#3249=VERTEX_POINT('',#13055);
#3250=VERTEX_POINT('',#13060);
#3251=VERTEX_POINT('',#13093);
#3252=VERTEX_POINT('',#13094);
#3253=VERTEX_POINT('',#13099);
#3254=VERTEX_POINT('',#13101);
#3255=VERTEX_POINT('',#13115);
#3256=VERTEX_POINT('',#13120);
#3257=VERTEX_POINT('',#13134);
#3258=VERTEX_POINT('',#13139);
#3259=VERTEX_POINT('',#13153);
#3260=VERTEX_POINT('',#13158);
#3261=VERTEX_POINT('',#13172);
#3262=VERTEX_POINT('',#13177);
#3263=VERTEX_POINT('',#13184);
#3264=VERTEX_POINT('',#13186);
#3265=VERTEX_POINT('',#13190);
#3266=VERTEX_POINT('',#13192);
#3267=VERTEX_POINT('',#13220);
#3268=VERTEX_POINT('',#13221);
#3269=VERTEX_POINT('',#13225);
#3270=VERTEX_POINT('',#13227);
#3271=VERTEX_POINT('',#13233);
#3272=VERTEX_POINT('',#13235);
#3273=VERTEX_POINT('',#13257);
#3274=VERTEX_POINT('',#13258);
#3275=VERTEX_POINT('',#13260);
#3276=VERTEX_POINT('',#13262);
#3277=VERTEX_POINT('',#13266);
#3278=VERTEX_POINT('',#13268);
#3279=VERTEX_POINT('',#13281);
#3280=VERTEX_POINT('',#13285);
#3281=VERTEX_POINT('',#13298);
#3282=VERTEX_POINT('',#13300);
#3283=VERTEX_POINT('',#13309);
#3284=VERTEX_POINT('',#13314);
#3285=VERTEX_POINT('',#13319);
#3286=VERTEX_POINT('',#13328);
#3287=VERTEX_POINT('',#13330);
#3288=VERTEX_POINT('',#13339);
#3289=VERTEX_POINT('',#13344);
#3290=VERTEX_POINT('',#13349);
#3291=VERTEX_POINT('',#13358);
#3292=VERTEX_POINT('',#13360);
#3293=VERTEX_POINT('',#13369);
#3294=VERTEX_POINT('',#13374);
#3295=VERTEX_POINT('',#13379);
#3296=VERTEX_POINT('',#13388);
#3297=VERTEX_POINT('',#13390);
#3298=VERTEX_POINT('',#13399);
#3299=VERTEX_POINT('',#13404);
#3300=VERTEX_POINT('',#13409);
#3301=VERTEX_POINT('',#13419);
#3302=VERTEX_POINT('',#13421);
#3303=VERTEX_POINT('',#13422);
#3304=VERTEX_POINT('',#13424);
#3305=VERTEX_POINT('',#13426);
#3306=VERTEX_POINT('',#13428);
#3307=VERTEX_POINT('',#13430);
#3308=VERTEX_POINT('',#13432);
#3309=VERTEX_POINT('',#13434);
#3310=VERTEX_POINT('',#13437);
#3311=VERTEX_POINT('',#13438);
#3312=VERTEX_POINT('',#13440);
#3313=VERTEX_POINT('',#13442);
#3314=VERTEX_POINT('',#13444);
#3315=VERTEX_POINT('',#13446);
#3316=VERTEX_POINT('',#13448);
#3317=VERTEX_POINT('',#13450);
#3318=VERTEX_POINT('',#13453);
#3319=VERTEX_POINT('',#13454);
#3320=VERTEX_POINT('',#13456);
#3321=VERTEX_POINT('',#13458);
#3322=VERTEX_POINT('',#13460);
#3323=VERTEX_POINT('',#13462);
#3324=VERTEX_POINT('',#13464);
#3325=VERTEX_POINT('',#13466);
#3326=VERTEX_POINT('',#13469);
#3327=VERTEX_POINT('',#13470);
#3328=VERTEX_POINT('',#13472);
#3329=VERTEX_POINT('',#13474);
#3330=VERTEX_POINT('',#13476);
#3331=VERTEX_POINT('',#13478);
#3332=VERTEX_POINT('',#13480);
#3333=VERTEX_POINT('',#13482);
#3334=VERTEX_POINT('',#13485);
#3335=VERTEX_POINT('',#13486);
#3336=VERTEX_POINT('',#13488);
#3337=VERTEX_POINT('',#13490);
#3338=VERTEX_POINT('',#13492);
#3339=VERTEX_POINT('',#13494);
#3340=VERTEX_POINT('',#13496);
#3341=VERTEX_POINT('',#13498);
#3342=VERTEX_POINT('',#13501);
#3343=VERTEX_POINT('',#13502);
#3344=VERTEX_POINT('',#13504);
#3345=VERTEX_POINT('',#13506);
#3346=VERTEX_POINT('',#13508);
#3347=VERTEX_POINT('',#13510);
#3348=VERTEX_POINT('',#13512);
#3349=VERTEX_POINT('',#13514);
#3350=VERTEX_POINT('',#13517);
#3351=VERTEX_POINT('',#13518);
#3352=VERTEX_POINT('',#13520);
#3353=VERTEX_POINT('',#13522);
#3354=VERTEX_POINT('',#13524);
#3355=VERTEX_POINT('',#13526);
#3356=VERTEX_POINT('',#13528);
#3357=VERTEX_POINT('',#13530);
#3358=VERTEX_POINT('',#13533);
#3359=VERTEX_POINT('',#13534);
#3360=VERTEX_POINT('',#13536);
#3361=VERTEX_POINT('',#13538);
#3362=VERTEX_POINT('',#13540);
#3363=VERTEX_POINT('',#13542);
#3364=VERTEX_POINT('',#13544);
#3365=VERTEX_POINT('',#13546);
#3366=VERTEX_POINT('',#13549);
#3367=VERTEX_POINT('',#13550);
#3368=VERTEX_POINT('',#13552);
#3369=VERTEX_POINT('',#13554);
#3370=VERTEX_POINT('',#13556);
#3371=VERTEX_POINT('',#13558);
#3372=VERTEX_POINT('',#13560);
#3373=VERTEX_POINT('',#13562);
#3374=VERTEX_POINT('',#13565);
#3375=VERTEX_POINT('',#13566);
#3376=VERTEX_POINT('',#13568);
#3377=VERTEX_POINT('',#13570);
#3378=VERTEX_POINT('',#13573);
#3379=VERTEX_POINT('',#13575);
#3380=VERTEX_POINT('',#13577);
#3381=VERTEX_POINT('',#13580);
#3382=VERTEX_POINT('',#13582);
#3383=VERTEX_POINT('',#13601);
#3384=VERTEX_POINT('',#13631);
#3385=VERTEX_POINT('',#13633);
#3386=VERTEX_POINT('',#13642);
#3387=VERTEX_POINT('',#13717);
#3388=VERTEX_POINT('',#13723);
#3389=VERTEX_POINT('',#13730);
#3390=VERTEX_POINT('',#13732);
#3391=VERTEX_POINT('',#13774);
#3392=VERTEX_POINT('',#13780);
#3393=VERTEX_POINT('',#13787);
#3394=VERTEX_POINT('',#13789);
#3395=VERTEX_POINT('',#13796);
#3396=VERTEX_POINT('',#13798);
#3397=VERTEX_POINT('',#13807);
#3398=VERTEX_POINT('',#13882);
#3399=VERTEX_POINT('',#13888);
#3400=VERTEX_POINT('',#13895);
#3401=VERTEX_POINT('',#13897);
#3402=VERTEX_POINT('',#13904);
#3403=VERTEX_POINT('',#13906);
#3404=VERTEX_POINT('',#13946);
#3405=VERTEX_POINT('',#14073);
#3406=VERTEX_POINT('',#14082);
#3407=VERTEX_POINT('',#14084);
#3408=VERTEX_POINT('',#14086);
#3409=VERTEX_POINT('',#14288);
#3410=VERTEX_POINT('',#14332);
#3411=VERTEX_POINT('',#14334);
#3412=VERTEX_POINT('',#14535);
#3413=VERTEX_POINT('',#14537);
#3414=VERTEX_POINT('',#14667);
#3415=VERTEX_POINT('',#14669);
#3416=VERTEX_POINT('',#14676);
#3417=VERTEX_POINT('',#14677);
#3418=VERTEX_POINT('',#14679);
#3419=VERTEX_POINT('',#14681);
#3420=VERTEX_POINT('',#14684);
#3421=VERTEX_POINT('',#14685);
#3422=VERTEX_POINT('',#14687);
#3423=VERTEX_POINT('',#14689);
#3424=VERTEX_POINT('',#14691);
#3425=VERTEX_POINT('',#14693);
#3426=VERTEX_POINT('',#14695);
#3427=VERTEX_POINT('',#14697);
#3428=VERTEX_POINT('',#14700);
#3429=VERTEX_POINT('',#14701);
#3430=VERTEX_POINT('',#14703);
#3431=VERTEX_POINT('',#14705);
#3432=VERTEX_POINT('',#14707);
#3433=VERTEX_POINT('',#14709);
#3434=VERTEX_POINT('',#14711);
#3435=VERTEX_POINT('',#14713);
#3436=VERTEX_POINT('',#14716);
#3437=VERTEX_POINT('',#14717);
#3438=VERTEX_POINT('',#14719);
#3439=VERTEX_POINT('',#14721);
#3440=VERTEX_POINT('',#14723);
#3441=VERTEX_POINT('',#14725);
#3442=VERTEX_POINT('',#14727);
#3443=VERTEX_POINT('',#14729);
#3444=VERTEX_POINT('',#14732);
#3445=VERTEX_POINT('',#14733);
#3446=VERTEX_POINT('',#14735);
#3447=VERTEX_POINT('',#14737);
#3448=VERTEX_POINT('',#14739);
#3449=VERTEX_POINT('',#14741);
#3450=VERTEX_POINT('',#14743);
#3451=VERTEX_POINT('',#14745);
#3452=VERTEX_POINT('',#14748);
#3453=VERTEX_POINT('',#14749);
#3454=VERTEX_POINT('',#14751);
#3455=VERTEX_POINT('',#14753);
#3456=VERTEX_POINT('',#14755);
#3457=VERTEX_POINT('',#14757);
#3458=VERTEX_POINT('',#14759);
#3459=VERTEX_POINT('',#14761);
#3460=VERTEX_POINT('',#14764);
#3461=VERTEX_POINT('',#14765);
#3462=VERTEX_POINT('',#14767);
#3463=VERTEX_POINT('',#14769);
#3464=VERTEX_POINT('',#14771);
#3465=VERTEX_POINT('',#14773);
#3466=VERTEX_POINT('',#14775);
#3467=VERTEX_POINT('',#14777);
#3468=VERTEX_POINT('',#14780);
#3469=VERTEX_POINT('',#14781);
#3470=VERTEX_POINT('',#14783);
#3471=VERTEX_POINT('',#14785);
#3472=VERTEX_POINT('',#14787);
#3473=VERTEX_POINT('',#14789);
#3474=VERTEX_POINT('',#14791);
#3475=VERTEX_POINT('',#14793);
#3476=VERTEX_POINT('',#14796);
#3477=VERTEX_POINT('',#14797);
#3478=VERTEX_POINT('',#14799);
#3479=VERTEX_POINT('',#14801);
#3480=VERTEX_POINT('',#14803);
#3481=VERTEX_POINT('',#14805);
#3482=VERTEX_POINT('',#14807);
#3483=VERTEX_POINT('',#14809);
#3484=VERTEX_POINT('',#14812);
#3485=VERTEX_POINT('',#14813);
#3486=VERTEX_POINT('',#14815);
#3487=VERTEX_POINT('',#14817);
#3488=VERTEX_POINT('',#14819);
#3489=VERTEX_POINT('',#14821);
#3490=VERTEX_POINT('',#14823);
#3491=VERTEX_POINT('',#14825);
#3492=VERTEX_POINT('',#14831);
#3493=VERTEX_POINT('',#14833);
#3494=VERTEX_POINT('',#14837);
#3495=VERTEX_POINT('',#14838);
#3496=VERTEX_POINT('',#14852);
#3497=VERTEX_POINT('',#14854);
#3498=VERTEX_POINT('',#14858);
#3499=VERTEX_POINT('',#14862);
#3500=VERTEX_POINT('',#14866);
#3501=VERTEX_POINT('',#14870);
#3502=VERTEX_POINT('',#14874);
#3503=VERTEX_POINT('',#14878);
#3504=VERTEX_POINT('',#14893);
#3505=VERTEX_POINT('',#14895);
#3506=VERTEX_POINT('',#14899);
#3507=VERTEX_POINT('',#14903);
#3508=VERTEX_POINT('',#14907);
#3509=VERTEX_POINT('',#14911);
#3510=VERTEX_POINT('',#14915);
#3511=VERTEX_POINT('',#14919);
#3512=VERTEX_POINT('',#14934);
#3513=VERTEX_POINT('',#14936);
#3514=VERTEX_POINT('',#14940);
#3515=VERTEX_POINT('',#14944);
#3516=VERTEX_POINT('',#14948);
#3517=VERTEX_POINT('',#14952);
#3518=VERTEX_POINT('',#14956);
#3519=VERTEX_POINT('',#14960);
#3520=VERTEX_POINT('',#14975);
#3521=VERTEX_POINT('',#14977);
#3522=VERTEX_POINT('',#14981);
#3523=VERTEX_POINT('',#14985);
#3524=VERTEX_POINT('',#14989);
#3525=VERTEX_POINT('',#14993);
#3526=VERTEX_POINT('',#14997);
#3527=VERTEX_POINT('',#15001);
#3528=VERTEX_POINT('',#15016);
#3529=VERTEX_POINT('',#15018);
#3530=VERTEX_POINT('',#15022);
#3531=VERTEX_POINT('',#15026);
#3532=VERTEX_POINT('',#15030);
#3533=VERTEX_POINT('',#15034);
#3534=VERTEX_POINT('',#15038);
#3535=VERTEX_POINT('',#15042);
#3536=VERTEX_POINT('',#15057);
#3537=VERTEX_POINT('',#15059);
#3538=VERTEX_POINT('',#15063);
#3539=VERTEX_POINT('',#15067);
#3540=VERTEX_POINT('',#15071);
#3541=VERTEX_POINT('',#15075);
#3542=VERTEX_POINT('',#15079);
#3543=VERTEX_POINT('',#15083);
#3544=VERTEX_POINT('',#15098);
#3545=VERTEX_POINT('',#15100);
#3546=VERTEX_POINT('',#15104);
#3547=VERTEX_POINT('',#15108);
#3548=VERTEX_POINT('',#15112);
#3549=VERTEX_POINT('',#15116);
#3550=VERTEX_POINT('',#15120);
#3551=VERTEX_POINT('',#15124);
#3552=VERTEX_POINT('',#15139);
#3553=VERTEX_POINT('',#15141);
#3554=VERTEX_POINT('',#15145);
#3555=VERTEX_POINT('',#15149);
#3556=VERTEX_POINT('',#15153);
#3557=VERTEX_POINT('',#15157);
#3558=VERTEX_POINT('',#15161);
#3559=VERTEX_POINT('',#15165);
#3560=VERTEX_POINT('',#15180);
#3561=VERTEX_POINT('',#15182);
#3562=VERTEX_POINT('',#15186);
#3563=VERTEX_POINT('',#15190);
#3564=VERTEX_POINT('',#15194);
#3565=VERTEX_POINT('',#15198);
#3566=VERTEX_POINT('',#15202);
#3567=VERTEX_POINT('',#15206);
#3568=EDGE_CURVE('',#2843,#2844,#2409,.T.);
#3569=EDGE_CURVE('',#2843,#2845,#1463,.T.);
#3570=EDGE_CURVE('',#2846,#2845,#2410,.T.);
#3571=EDGE_CURVE('',#2844,#2846,#1464,.T.);
#3572=EDGE_CURVE('',#2844,#2847,#1465,.T.);
#3573=EDGE_CURVE('',#2848,#2846,#1466,.T.);
#3574=EDGE_CURVE('',#2847,#2848,#1467,.T.);
#3575=EDGE_CURVE('',#2847,#2849,#1468,.T.);
#3576=EDGE_CURVE('',#2850,#2848,#1469,.T.);
#3577=EDGE_CURVE('',#2849,#2850,#1470,.T.);
#3578=EDGE_CURVE('',#2849,#2851,#2411,.T.);
#3579=EDGE_CURVE('',#2852,#2850,#2412,.T.);
#3580=EDGE_CURVE('',#2851,#2852,#1471,.T.);
#3581=EDGE_CURVE('',#2851,#2853,#1472,.T.);
#3582=EDGE_CURVE('',#2854,#2852,#1473,.T.);
#3583=EDGE_CURVE('',#2853,#2854,#1474,.T.);
#3584=EDGE_CURVE('',#2853,#2855,#1475,.T.);
#3585=EDGE_CURVE('',#2856,#2854,#1476,.T.);
#3586=EDGE_CURVE('',#2855,#2856,#1477,.T.);
#3587=EDGE_CURVE('',#2855,#2857,#1478,.T.);
#3588=EDGE_CURVE('',#2858,#2856,#1479,.T.);
#3589=EDGE_CURVE('',#2857,#2858,#1480,.T.);
#3590=EDGE_CURVE('',#2857,#2859,#1481,.T.);
#3591=EDGE_CURVE('',#2860,#2858,#1482,.T.);
#3592=EDGE_CURVE('',#2859,#2860,#1483,.T.);
#3593=EDGE_CURVE('',#2859,#2861,#2413,.T.);
#3594=EDGE_CURVE('',#2862,#2860,#2414,.T.);
#3595=EDGE_CURVE('',#2861,#2862,#1484,.T.);
#3596=EDGE_CURVE('',#2861,#2863,#2415,.T.);
#3597=EDGE_CURVE('',#2864,#2862,#2416,.T.);
#3598=EDGE_CURVE('',#2863,#2864,#1485,.T.);
#3599=EDGE_CURVE('',#2863,#2865,#2417,.T.);
#3600=EDGE_CURVE('',#2866,#2864,#2418,.T.);
#3601=EDGE_CURVE('',#2865,#2866,#1486,.T.);
#3602=EDGE_CURVE('',#2865,#2867,#2419,.T.);
#3603=EDGE_CURVE('',#2868,#2866,#2420,.T.);
#3604=EDGE_CURVE('',#2867,#2868,#1487,.T.);
#3605=EDGE_CURVE('',#2867,#2869,#2421,.T.);
#3606=EDGE_CURVE('',#2870,#2868,#2422,.T.);
#3607=EDGE_CURVE('',#2869,#2870,#1488,.T.);
#3608=EDGE_CURVE('',#2869,#2871,#2423,.T.);
#3609=EDGE_CURVE('',#2872,#2870,#2424,.T.);
#3610=EDGE_CURVE('',#2871,#2872,#1489,.T.);
#3611=EDGE_CURVE('',#2871,#2873,#2425,.T.);
#3612=EDGE_CURVE('',#2874,#2872,#2426,.T.);
#3613=EDGE_CURVE('',#2873,#2874,#1490,.T.);
#3614=EDGE_CURVE('',#2873,#2875,#2427,.T.);
#3615=EDGE_CURVE('',#2876,#2874,#2428,.T.);
#3616=EDGE_CURVE('',#2875,#2876,#1491,.T.);
#3617=EDGE_CURVE('',#2875,#2877,#2429,.T.);
#3618=EDGE_CURVE('',#2878,#2876,#2430,.T.);
#3619=EDGE_CURVE('',#2877,#2878,#1492,.T.);
#3620=EDGE_CURVE('',#2877,#2879,#2431,.T.);
#3621=EDGE_CURVE('',#2880,#2878,#2432,.T.);
#3622=EDGE_CURVE('',#2879,#2880,#1493,.T.);
#3623=EDGE_CURVE('',#2879,#2881,#2433,.T.);
#3624=EDGE_CURVE('',#2882,#2880,#2434,.T.);
#3625=EDGE_CURVE('',#2881,#2882,#1494,.T.);
#3626=EDGE_CURVE('',#2881,#2883,#2435,.T.);
#3627=EDGE_CURVE('',#2884,#2882,#2436,.T.);
#3628=EDGE_CURVE('',#2883,#2884,#1495,.T.);
#3629=EDGE_CURVE('',#2883,#2885,#2437,.T.);
#3630=EDGE_CURVE('',#2886,#2884,#2438,.T.);
#3631=EDGE_CURVE('',#2885,#2886,#1496,.T.);
#3632=EDGE_CURVE('',#2885,#2887,#2439,.T.);
#3633=EDGE_CURVE('',#2888,#2886,#2440,.T.);
#3634=EDGE_CURVE('',#2887,#2888,#1497,.T.);
#3635=EDGE_CURVE('',#2887,#2843,#2441,.T.);
#3636=EDGE_CURVE('',#2845,#2888,#2442,.T.);
#3637=EDGE_CURVE('',#2889,#2890,#2443,.T.);
#3638=EDGE_CURVE('',#2890,#2891,#1498,.T.);
#3639=EDGE_CURVE('',#2892,#2891,#2444,.T.);
#3640=EDGE_CURVE('',#2889,#2892,#1499,.T.);
#3641=EDGE_CURVE('',#2893,#2889,#2445,.T.);
#3642=EDGE_CURVE('',#2894,#2892,#2446,.T.);
#3643=EDGE_CURVE('',#2893,#2894,#1500,.T.);
#3644=EDGE_CURVE('',#2895,#2893,#2447,.T.);
#3645=EDGE_CURVE('',#2896,#2894,#2448,.T.);
#3646=EDGE_CURVE('',#2895,#2896,#1501,.T.);
#3647=EDGE_CURVE('',#2890,#2895,#2449,.T.);
#3648=EDGE_CURVE('',#2891,#2896,#2450,.T.);
#3649=EDGE_CURVE('',#2897,#2898,#2451,.T.);
#3650=EDGE_CURVE('',#2897,#2899,#1502,.T.);
#3651=EDGE_CURVE('',#2900,#2899,#2452,.T.);
#3652=EDGE_CURVE('',#2898,#2900,#1503,.T.);
#3653=EDGE_CURVE('',#2898,#2901,#2453,.T.);
#3654=EDGE_CURVE('',#2902,#2900,#2454,.T.);
#3655=EDGE_CURVE('',#2901,#2902,#1504,.T.);
#3656=EDGE_CURVE('',#2901,#2903,#2455,.T.);
#3657=EDGE_CURVE('',#2904,#2902,#2456,.T.);
#3658=EDGE_CURVE('',#2903,#2904,#1505,.T.);
#3659=EDGE_CURVE('',#2903,#2905,#2457,.T.);
#3660=EDGE_CURVE('',#2906,#2904,#2458,.T.);
#3661=EDGE_CURVE('',#2905,#2906,#1506,.T.);
#3662=EDGE_CURVE('',#2905,#2907,#1507,.T.);
#3663=EDGE_CURVE('',#2908,#2906,#1508,.T.);
#3664=EDGE_CURVE('',#2907,#2908,#1509,.T.);
#3665=EDGE_CURVE('',#2907,#2909,#1510,.T.);
#3666=EDGE_CURVE('',#2910,#2908,#1511,.T.);
#3667=EDGE_CURVE('',#2909,#2910,#1512,.T.);
#3668=EDGE_CURVE('',#2909,#2911,#2459,.T.);
#3669=EDGE_CURVE('',#2912,#2910,#2460,.T.);
#3670=EDGE_CURVE('',#2911,#2912,#1513,.T.);
#3671=EDGE_CURVE('',#2911,#2913,#2461,.T.);
#3672=EDGE_CURVE('',#2914,#2912,#2462,.T.);
#3673=EDGE_CURVE('',#2913,#2914,#1514,.T.);
#3674=EDGE_CURVE('',#2913,#2915,#2463,.T.);
#3675=EDGE_CURVE('',#2916,#2914,#2464,.T.);
#3676=EDGE_CURVE('',#2915,#2916,#1515,.T.);
#3677=EDGE_CURVE('',#2915,#2917,#2465,.T.);
#3678=EDGE_CURVE('',#2918,#2916,#2466,.T.);
#3679=EDGE_CURVE('',#2917,#2918,#1516,.T.);
#3680=EDGE_CURVE('',#2917,#2919,#2467,.T.);
#3681=EDGE_CURVE('',#2920,#2918,#2468,.T.);
#3682=EDGE_CURVE('',#2919,#2920,#1517,.T.);
#3683=EDGE_CURVE('',#2919,#2921,#2469,.T.);
#3684=EDGE_CURVE('',#2922,#2920,#2470,.T.);
#3685=EDGE_CURVE('',#2921,#2922,#1518,.T.);
#3686=EDGE_CURVE('',#2921,#2923,#2471,.T.);
#3687=EDGE_CURVE('',#2924,#2922,#2472,.T.);
#3688=EDGE_CURVE('',#2923,#2924,#1519,.T.);
#3689=EDGE_CURVE('',#2923,#2897,#2473,.T.);
#3690=EDGE_CURVE('',#2899,#2924,#2474,.T.);
#3691=EDGE_CURVE('',#2925,#2926,#2475,.T.);
#3692=EDGE_CURVE('',#2926,#2927,#1520,.T.);
#3693=EDGE_CURVE('',#2928,#2927,#2476,.T.);
#3694=EDGE_CURVE('',#2925,#2928,#1521,.T.);
#3695=EDGE_CURVE('',#2929,#2925,#2477,.T.);
#3696=EDGE_CURVE('',#2930,#2928,#2478,.T.);
#3697=EDGE_CURVE('',#2929,#2930,#1522,.T.);
#3698=EDGE_CURVE('',#2931,#2929,#2479,.T.);
#3699=EDGE_CURVE('',#2932,#2930,#2480,.T.);
#3700=EDGE_CURVE('',#2931,#2932,#1523,.T.);
#3701=EDGE_CURVE('',#2933,#2931,#2481,.T.);
#3702=EDGE_CURVE('',#2934,#2932,#2482,.T.);
#3703=EDGE_CURVE('',#2933,#2934,#1524,.T.);
#3704=EDGE_CURVE('',#2935,#2933,#2483,.T.);
#3705=EDGE_CURVE('',#2936,#2934,#2484,.T.);
#3706=EDGE_CURVE('',#2935,#2936,#1525,.T.);
#3707=EDGE_CURVE('',#2937,#2935,#2485,.T.);
#3708=EDGE_CURVE('',#2938,#2936,#2486,.T.);
#3709=EDGE_CURVE('',#2937,#2938,#1526,.T.);
#3710=EDGE_CURVE('',#2939,#2937,#2487,.T.);
#3711=EDGE_CURVE('',#2940,#2938,#2488,.T.);
#3712=EDGE_CURVE('',#2939,#2940,#1527,.T.);
#3713=EDGE_CURVE('',#2926,#2939,#2489,.T.);
#3714=EDGE_CURVE('',#2927,#2940,#2490,.T.);
#3715=EDGE_CURVE('',#2941,#2942,#1528,.T.);
#3716=EDGE_CURVE('',#2942,#2943,#1529,.T.);
#3717=EDGE_CURVE('',#2944,#2943,#1530,.T.);
#3718=EDGE_CURVE('',#2941,#2944,#1531,.T.);
#3719=EDGE_CURVE('',#2945,#2941,#2491,.T.);
#3720=EDGE_CURVE('',#2946,#2944,#2492,.T.);
#3721=EDGE_CURVE('',#2945,#2946,#1532,.T.);
#3722=EDGE_CURVE('',#2947,#2945,#2493,.T.);
#3723=EDGE_CURVE('',#2948,#2946,#2494,.T.);
#3724=EDGE_CURVE('',#2947,#2948,#1533,.T.);
#3725=EDGE_CURVE('',#2949,#2947,#2495,.T.);
#3726=EDGE_CURVE('',#2950,#2948,#2496,.T.);
#3727=EDGE_CURVE('',#2949,#2950,#1534,.T.);
#3728=EDGE_CURVE('',#2951,#2949,#2497,.T.);
#3729=EDGE_CURVE('',#2952,#2950,#2498,.T.);
#3730=EDGE_CURVE('',#2951,#2952,#1535,.T.);
#3731=EDGE_CURVE('',#2953,#2951,#2499,.T.);
#3732=EDGE_CURVE('',#2954,#2952,#2500,.T.);
#3733=EDGE_CURVE('',#2953,#2954,#1536,.T.);
#3734=EDGE_CURVE('',#2955,#2953,#2501,.T.);
#3735=EDGE_CURVE('',#2956,#2954,#2502,.T.);
#3736=EDGE_CURVE('',#2955,#2956,#1537,.T.);
#3737=EDGE_CURVE('',#2942,#2955,#2503,.T.);
#3738=EDGE_CURVE('',#2943,#2956,#2504,.T.);
#3739=EDGE_CURVE('',#2957,#2958,#2505,.T.);
#3740=EDGE_CURVE('',#2958,#2959,#1538,.T.);
#3741=EDGE_CURVE('',#2960,#2959,#2506,.T.);
#3742=EDGE_CURVE('',#2957,#2960,#1539,.T.);
#3743=EDGE_CURVE('',#2961,#2957,#2507,.T.);
#3744=EDGE_CURVE('',#2962,#2960,#2508,.T.);
#3745=EDGE_CURVE('',#2961,#2962,#1540,.T.);
#3746=EDGE_CURVE('',#2963,#2961,#2509,.T.);
#3747=EDGE_CURVE('',#2964,#2962,#2510,.T.);
#3748=EDGE_CURVE('',#2963,#2964,#1541,.T.);
#3749=EDGE_CURVE('',#2965,#2963,#2511,.T.);
#3750=EDGE_CURVE('',#2966,#2964,#2512,.T.);
#3751=EDGE_CURVE('',#2965,#2966,#1542,.T.);
#3752=EDGE_CURVE('',#2967,#2965,#2513,.T.);
#3753=EDGE_CURVE('',#2968,#2966,#2514,.T.);
#3754=EDGE_CURVE('',#2967,#2968,#1543,.T.);
#3755=EDGE_CURVE('',#2969,#2967,#2515,.T.);
#3756=EDGE_CURVE('',#2970,#2968,#2516,.T.);
#3757=EDGE_CURVE('',#2969,#2970,#1544,.T.);
#3758=EDGE_CURVE('',#2971,#2969,#2517,.T.);
#3759=EDGE_CURVE('',#2972,#2970,#2518,.T.);
#3760=EDGE_CURVE('',#2971,#2972,#1545,.T.);
#3761=EDGE_CURVE('',#2973,#2971,#2519,.T.);
#3762=EDGE_CURVE('',#2974,#2972,#2520,.T.);
#3763=EDGE_CURVE('',#2973,#2974,#1546,.T.);
#3764=EDGE_CURVE('',#2958,#2973,#2521,.T.);
#3765=EDGE_CURVE('',#2959,#2974,#2522,.T.);
#3766=EDGE_CURVE('',#2975,#2976,#2523,.T.);
#3767=EDGE_CURVE('',#2976,#2977,#1547,.T.);
#3768=EDGE_CURVE('',#2978,#2977,#2524,.T.);
#3769=EDGE_CURVE('',#2975,#2978,#1548,.T.);
#3770=EDGE_CURVE('',#2979,#2975,#2525,.T.);
#3771=EDGE_CURVE('',#2980,#2978,#2526,.T.);
#3772=EDGE_CURVE('',#2979,#2980,#1549,.T.);
#3773=EDGE_CURVE('',#2981,#2979,#2527,.T.);
#3774=EDGE_CURVE('',#2982,#2980,#2528,.T.);
#3775=EDGE_CURVE('',#2981,#2982,#1550,.T.);
#3776=EDGE_CURVE('',#2983,#2981,#2529,.T.);
#3777=EDGE_CURVE('',#2984,#2982,#2530,.T.);
#3778=EDGE_CURVE('',#2983,#2984,#1551,.T.);
#3779=EDGE_CURVE('',#2985,#2983,#2531,.T.);
#3780=EDGE_CURVE('',#2986,#2984,#2532,.T.);
#3781=EDGE_CURVE('',#2985,#2986,#1552,.T.);
#3782=EDGE_CURVE('',#2987,#2985,#2533,.T.);
#3783=EDGE_CURVE('',#2988,#2986,#2534,.T.);
#3784=EDGE_CURVE('',#2987,#2988,#1553,.T.);
#3785=EDGE_CURVE('',#2989,#2987,#2535,.T.);
#3786=EDGE_CURVE('',#2990,#2988,#2536,.T.);
#3787=EDGE_CURVE('',#2989,#2990,#1554,.T.);
#3788=EDGE_CURVE('',#2991,#2989,#2537,.T.);
#3789=EDGE_CURVE('',#2992,#2990,#2538,.T.);
#3790=EDGE_CURVE('',#2991,#2992,#1555,.T.);
#3791=EDGE_CURVE('',#2993,#2991,#2539,.T.);
#3792=EDGE_CURVE('',#2994,#2992,#2540,.T.);
#3793=EDGE_CURVE('',#2993,#2994,#1556,.T.);
#3794=EDGE_CURVE('',#2976,#2993,#2541,.T.);
#3795=EDGE_CURVE('',#2977,#2994,#2542,.T.);
#3796=EDGE_CURVE('',#2995,#2996,#2543,.T.);
#3797=EDGE_CURVE('',#2996,#2997,#1557,.T.);
#3798=EDGE_CURVE('',#2998,#2997,#2544,.T.);
#3799=EDGE_CURVE('',#2995,#2998,#1558,.T.);
#3800=EDGE_CURVE('',#2999,#2995,#2545,.T.);
#3801=EDGE_CURVE('',#3000,#2998,#2546,.T.);
#3802=EDGE_CURVE('',#2999,#3000,#1559,.T.);
#3803=EDGE_CURVE('',#3001,#2999,#2547,.T.);
#3804=EDGE_CURVE('',#3002,#3000,#2548,.T.);
#3805=EDGE_CURVE('',#3001,#3002,#1560,.T.);
#3806=EDGE_CURVE('',#3003,#3001,#1561,.T.);
#3807=EDGE_CURVE('',#3004,#3002,#1562,.T.);
#3808=EDGE_CURVE('',#3003,#3004,#1563,.T.);
#3809=EDGE_CURVE('',#3005,#3003,#2549,.T.);
#3810=EDGE_CURVE('',#3006,#3004,#2550,.T.);
#3811=EDGE_CURVE('',#3005,#3006,#1564,.T.);
#3812=EDGE_CURVE('',#3007,#3005,#2551,.T.);
#3813=EDGE_CURVE('',#3008,#3006,#2552,.T.);
#3814=EDGE_CURVE('',#3007,#3008,#1565,.T.);
#3815=EDGE_CURVE('',#3009,#3007,#2553,.T.);
#3816=EDGE_CURVE('',#3010,#3008,#2554,.T.);
#3817=EDGE_CURVE('',#3009,#3010,#1566,.T.);
#3818=EDGE_CURVE('',#3011,#3009,#2555,.T.);
#3819=EDGE_CURVE('',#3012,#3010,#2556,.T.);
#3820=EDGE_CURVE('',#3011,#3012,#1567,.T.);
#3821=EDGE_CURVE('',#3013,#3011,#2557,.T.);
#3822=EDGE_CURVE('',#3014,#3012,#2558,.T.);
#3823=EDGE_CURVE('',#3013,#3014,#1568,.T.);
#3824=EDGE_CURVE('',#3015,#3013,#2559,.T.);
#3825=EDGE_CURVE('',#3016,#3014,#2560,.T.);
#3826=EDGE_CURVE('',#3015,#3016,#1569,.T.);
#3827=EDGE_CURVE('',#3017,#3015,#2561,.T.);
#3828=EDGE_CURVE('',#3018,#3016,#2562,.T.);
#3829=EDGE_CURVE('',#3017,#3018,#1570,.T.);
#3830=EDGE_CURVE('',#2996,#3017,#2563,.T.);
#3831=EDGE_CURVE('',#2997,#3018,#2564,.T.);
#3832=EDGE_CURVE('',#3019,#3020,#2565,.T.);
#3833=EDGE_CURVE('',#3020,#3021,#1571,.T.);
#3834=EDGE_CURVE('',#3022,#3021,#2566,.T.);
#3835=EDGE_CURVE('',#3019,#3022,#1572,.T.);
#3836=EDGE_CURVE('',#3023,#3019,#2567,.T.);
#3837=EDGE_CURVE('',#3024,#3022,#2568,.T.);
#3838=EDGE_CURVE('',#3023,#3024,#1573,.T.);
#3839=EDGE_CURVE('',#3025,#3023,#2569,.T.);
#3840=EDGE_CURVE('',#3026,#3024,#2570,.T.);
#3841=EDGE_CURVE('',#3025,#3026,#1574,.T.);
#3842=EDGE_CURVE('',#3027,#3025,#2571,.T.);
#3843=EDGE_CURVE('',#3028,#3026,#2572,.T.);
#3844=EDGE_CURVE('',#3027,#3028,#1575,.T.);
#3845=EDGE_CURVE('',#3029,#3027,#1576,.T.);
#3846=EDGE_CURVE('',#3030,#3028,#1577,.T.);
#3847=EDGE_CURVE('',#3029,#3030,#1578,.T.);
#3848=EDGE_CURVE('',#3031,#3029,#2573,.T.);
#3849=EDGE_CURVE('',#3032,#3030,#2574,.T.);
#3850=EDGE_CURVE('',#3031,#3032,#1579,.T.);
#3851=EDGE_CURVE('',#3033,#3031,#2575,.T.);
#3852=EDGE_CURVE('',#3034,#3032,#2576,.T.);
#3853=EDGE_CURVE('',#3033,#3034,#1580,.T.);
#3854=EDGE_CURVE('',#3035,#3033,#2577,.T.);
#3855=EDGE_CURVE('',#3036,#3034,#2578,.T.);
#3856=EDGE_CURVE('',#3035,#3036,#1581,.T.);
#3857=EDGE_CURVE('',#3037,#3035,#2579,.T.);
#3858=EDGE_CURVE('',#3038,#3036,#2580,.T.);
#3859=EDGE_CURVE('',#3037,#3038,#1582,.T.);
#3860=EDGE_CURVE('',#3039,#3037,#2581,.T.);
#3861=EDGE_CURVE('',#3040,#3038,#2582,.T.);
#3862=EDGE_CURVE('',#3039,#3040,#1583,.T.);
#3863=EDGE_CURVE('',#3041,#3039,#2583,.T.);
#3864=EDGE_CURVE('',#3042,#3040,#2584,.T.);
#3865=EDGE_CURVE('',#3041,#3042,#1584,.T.);
#3866=EDGE_CURVE('',#3043,#3041,#2585,.T.);
#3867=EDGE_CURVE('',#3044,#3042,#2586,.T.);
#3868=EDGE_CURVE('',#3043,#3044,#1585,.T.);
#3869=EDGE_CURVE('',#3045,#3043,#2587,.T.);
#3870=EDGE_CURVE('',#3046,#3044,#2588,.T.);
#3871=EDGE_CURVE('',#3045,#3046,#1586,.T.);
#3872=EDGE_CURVE('',#3020,#3045,#2589,.T.);
#3873=EDGE_CURVE('',#3021,#3046,#2590,.T.);
#3874=EDGE_CURVE('',#3047,#3048,#2591,.T.);
#3875=EDGE_CURVE('',#3048,#3049,#1587,.T.);
#3876=EDGE_CURVE('',#3050,#3049,#2592,.T.);
#3877=EDGE_CURVE('',#3047,#3050,#1588,.T.);
#3878=EDGE_CURVE('',#3051,#3047,#2593,.T.);
#3879=EDGE_CURVE('',#3052,#3050,#2594,.T.);
#3880=EDGE_CURVE('',#3051,#3052,#1589,.T.);
#3881=EDGE_CURVE('',#3053,#3051,#2595,.T.);
#3882=EDGE_CURVE('',#3054,#3052,#2596,.T.);
#3883=EDGE_CURVE('',#3053,#3054,#1590,.T.);
#3884=EDGE_CURVE('',#3055,#3053,#2597,.T.);
#3885=EDGE_CURVE('',#3056,#3054,#2598,.T.);
#3886=EDGE_CURVE('',#3055,#3056,#1591,.T.);
#3887=EDGE_CURVE('',#3057,#3055,#2599,.T.);
#3888=EDGE_CURVE('',#3058,#3056,#2600,.T.);
#3889=EDGE_CURVE('',#3057,#3058,#1592,.T.);
#3890=EDGE_CURVE('',#3059,#3057,#2601,.T.);
#3891=EDGE_CURVE('',#3060,#3058,#2602,.T.);
#3892=EDGE_CURVE('',#3059,#3060,#1593,.T.);
#3893=EDGE_CURVE('',#3061,#3059,#2603,.T.);
#3894=EDGE_CURVE('',#3062,#3060,#2604,.T.);
#3895=EDGE_CURVE('',#3061,#3062,#1594,.T.);
#3896=EDGE_CURVE('',#3063,#3061,#2605,.T.);
#3897=EDGE_CURVE('',#3064,#3062,#2606,.T.);
#3898=EDGE_CURVE('',#3063,#3064,#1595,.T.);
#3899=EDGE_CURVE('',#3065,#3063,#2607,.T.);
#3900=EDGE_CURVE('',#3066,#3064,#2608,.T.);
#3901=EDGE_CURVE('',#3065,#3066,#1596,.T.);
#3902=EDGE_CURVE('',#3048,#3065,#2609,.T.);
#3903=EDGE_CURVE('',#3049,#3066,#2610,.T.);
#3904=EDGE_CURVE('',#3067,#3068,#2611,.T.);
#3905=EDGE_CURVE('',#3068,#3069,#1597,.T.);
#3906=EDGE_CURVE('',#3070,#3069,#2612,.T.);
#3907=EDGE_CURVE('',#3067,#3070,#1598,.T.);
#3908=EDGE_CURVE('',#3071,#3067,#2613,.T.);
#3909=EDGE_CURVE('',#3072,#3070,#2614,.T.);
#3910=EDGE_CURVE('',#3071,#3072,#1599,.T.);
#3911=EDGE_CURVE('',#3073,#3071,#2615,.T.);
#3912=EDGE_CURVE('',#3074,#3072,#2616,.T.);
#3913=EDGE_CURVE('',#3073,#3074,#1600,.T.);
#3914=EDGE_CURVE('',#3075,#3073,#2617,.T.);
#3915=EDGE_CURVE('',#3076,#3074,#2618,.T.);
#3916=EDGE_CURVE('',#3075,#3076,#1601,.T.);
#3917=EDGE_CURVE('',#3077,#3075,#2619,.T.);
#3918=EDGE_CURVE('',#3078,#3076,#2620,.T.);
#3919=EDGE_CURVE('',#3077,#3078,#1602,.T.);
#3920=EDGE_CURVE('',#3079,#3077,#2621,.T.);
#3921=EDGE_CURVE('',#3080,#3078,#2622,.T.);
#3922=EDGE_CURVE('',#3079,#3080,#1603,.T.);
#3923=EDGE_CURVE('',#3081,#3079,#2623,.T.);
#3924=EDGE_CURVE('',#3082,#3080,#2624,.T.);
#3925=EDGE_CURVE('',#3081,#3082,#1604,.T.);
#3926=EDGE_CURVE('',#3068,#3081,#2625,.T.);
#3927=EDGE_CURVE('',#3069,#3082,#2626,.T.);
#3928=EDGE_CURVE('',#3083,#3084,#2627,.T.);
#3929=EDGE_CURVE('',#3083,#3085,#1605,.T.);
#3930=EDGE_CURVE('',#3086,#3085,#2628,.T.);
#3931=EDGE_CURVE('',#3084,#3086,#1606,.T.);
#3932=EDGE_CURVE('',#3084,#3087,#2629,.T.);
#3933=EDGE_CURVE('',#3088,#3086,#2630,.T.);
#3934=EDGE_CURVE('',#3087,#3088,#1607,.T.);
#3935=EDGE_CURVE('',#3087,#3089,#2631,.T.);
#3936=EDGE_CURVE('',#3090,#3088,#2632,.T.);
#3937=EDGE_CURVE('',#3089,#3090,#1608,.T.);
#3938=EDGE_CURVE('',#3089,#3091,#1609,.T.);
#3939=EDGE_CURVE('',#3092,#3090,#1610,.T.);
#3940=EDGE_CURVE('',#3091,#3092,#1611,.T.);
#3941=EDGE_CURVE('',#3091,#3093,#2633,.T.);
#3942=EDGE_CURVE('',#3094,#3092,#2634,.T.);
#3943=EDGE_CURVE('',#3093,#3094,#1612,.T.);
#3944=EDGE_CURVE('',#3093,#3095,#2635,.T.);
#3945=EDGE_CURVE('',#3096,#3094,#2636,.T.);
#3946=EDGE_CURVE('',#3095,#3096,#1613,.T.);
#3947=EDGE_CURVE('',#3095,#3097,#2637,.T.);
#3948=EDGE_CURVE('',#3098,#3096,#2638,.T.);
#3949=EDGE_CURVE('',#3097,#3098,#1614,.T.);
#3950=EDGE_CURVE('',#3097,#3099,#2639,.T.);
#3951=EDGE_CURVE('',#3100,#3098,#2640,.T.);
#3952=EDGE_CURVE('',#3099,#3100,#1615,.T.);
#3953=EDGE_CURVE('',#3099,#3101,#2641,.T.);
#3954=EDGE_CURVE('',#3102,#3100,#2642,.T.);
#3955=EDGE_CURVE('',#3101,#3102,#1616,.T.);
#3956=EDGE_CURVE('',#3101,#3103,#2643,.T.);
#3957=EDGE_CURVE('',#3104,#3102,#2644,.T.);
#3958=EDGE_CURVE('',#3103,#3104,#1617,.T.);
#3959=EDGE_CURVE('',#3105,#3103,#380,.T.);
#3960=EDGE_CURVE('',#3106,#3104,#381,.T.);
#3961=EDGE_CURVE('',#3105,#3106,#1618,.T.);
#3962=EDGE_CURVE('',#3107,#3105,#2645,.T.);
#3963=EDGE_CURVE('',#3108,#3106,#2646,.T.);
#3964=EDGE_CURVE('',#3107,#3108,#1619,.T.);
#3965=EDGE_CURVE('',#3083,#3107,#382,.T.);
#3966=EDGE_CURVE('',#3085,#3108,#383,.T.);
#3967=EDGE_CURVE('',#3109,#3110,#2647,.T.);
#3968=EDGE_CURVE('',#3109,#3111,#2648,.T.);
#3969=EDGE_CURVE('',#3111,#3112,#1620,.T.);
#3970=EDGE_CURVE('',#3112,#3113,#2649,.T.);
#3971=EDGE_CURVE('',#3113,#3114,#2650,.T.);
#3972=EDGE_CURVE('',#3114,#3115,#2651,.T.);
#3973=EDGE_CURVE('',#3115,#3116,#2652,.T.);
#3974=EDGE_CURVE('',#3117,#3116,#2653,.T.);
#3975=EDGE_CURVE('',#3118,#3117,#2654,.T.);
#3976=EDGE_CURVE('',#3119,#3118,#1621,.T.);
#3977=EDGE_CURVE('',#3120,#3119,#1622,.T.);
#3978=EDGE_CURVE('',#3110,#3120,#2655,.T.);
#3979=EDGE_CURVE('',#3121,#3122,#2656,.T.);
#3980=EDGE_CURVE('',#3122,#3123,#2657,.T.);
#3981=EDGE_CURVE('',#3123,#3124,#1623,.T.);
#3982=EDGE_CURVE('',#3124,#3125,#1624,.T.);
#3983=EDGE_CURVE('',#3125,#3126,#2658,.T.);
#3984=EDGE_CURVE('',#3126,#3127,#2659,.T.);
#3985=EDGE_CURVE('',#3127,#3128,#2660,.T.);
#3986=EDGE_CURVE('',#3128,#3129,#2661,.T.);
#3987=EDGE_CURVE('',#3129,#3130,#2662,.T.);
#3988=EDGE_CURVE('',#3130,#3131,#2663,.T.);
#3989=EDGE_CURVE('',#3131,#3132,#1625,.T.);
#3990=EDGE_CURVE('',#3132,#3121,#2664,.T.);
#3991=EDGE_CURVE('',#3110,#3122,#1626,.T.);
#3992=EDGE_CURVE('',#3109,#3121,#1627,.T.);
#3993=EDGE_CURVE('',#3120,#3123,#1628,.T.);
#3994=EDGE_CURVE('',#3119,#3124,#1629,.T.);
#3995=EDGE_CURVE('',#3118,#3125,#1630,.T.);
#3996=EDGE_CURVE('',#3117,#3126,#1631,.T.);
#3997=EDGE_CURVE('',#3116,#3127,#1632,.T.);
#3998=EDGE_CURVE('',#3115,#3128,#1633,.T.);
#3999=EDGE_CURVE('',#3114,#3129,#1634,.T.);
#4000=EDGE_CURVE('',#3113,#3130,#1635,.T.);
#4001=EDGE_CURVE('',#3112,#3131,#1636,.T.);
#4002=EDGE_CURVE('',#3111,#3132,#1637,.T.);
#4003=EDGE_CURVE('',#3133,#3134,#2665,.T.);
#4004=EDGE_CURVE('',#3134,#3135,#1638,.T.);
#4005=EDGE_CURVE('',#3136,#3135,#2666,.T.);
#4006=EDGE_CURVE('',#3133,#3136,#1639,.T.);
#4007=EDGE_CURVE('',#3137,#3133,#1640,.T.);
#4008=EDGE_CURVE('',#3138,#3136,#1641,.T.);
#4009=EDGE_CURVE('',#3137,#3138,#1642,.T.);
#4010=EDGE_CURVE('',#3134,#3137,#2667,.T.);
#4011=EDGE_CURVE('',#3135,#3138,#2668,.T.);
#4012=EDGE_CURVE('',#3139,#3140,#2669,.T.);
#4013=EDGE_CURVE('',#3140,#3141,#1643,.T.);
#4014=EDGE_CURVE('',#3142,#3141,#2670,.T.);
#4015=EDGE_CURVE('',#3139,#3142,#1644,.T.);
#4016=EDGE_CURVE('',#3143,#3139,#1645,.T.);
#4017=EDGE_CURVE('',#3144,#3142,#1646,.T.);
#4018=EDGE_CURVE('',#3143,#3144,#1647,.T.);
#4019=EDGE_CURVE('',#3140,#3143,#1648,.T.);
#4020=EDGE_CURVE('',#3141,#3144,#1649,.T.);
#4021=EDGE_CURVE('',#3145,#3146,#2671,.T.);
#4022=EDGE_CURVE('',#3146,#3147,#1650,.T.);
#4023=EDGE_CURVE('',#3148,#3147,#2672,.T.);
#4024=EDGE_CURVE('',#3145,#3148,#1651,.T.);
#4025=EDGE_CURVE('',#3149,#3145,#2673,.T.);
#4026=EDGE_CURVE('',#3150,#3148,#2674,.T.);
#4027=EDGE_CURVE('',#3149,#3150,#1652,.T.);
#4028=EDGE_CURVE('',#3146,#3149,#2675,.T.);
#4029=EDGE_CURVE('',#3147,#3150,#2676,.T.);
#4030=EDGE_CURVE('',#3151,#3152,#2677,.T.);
#4031=EDGE_CURVE('',#3152,#3153,#1653,.T.);
#4032=EDGE_CURVE('',#3154,#3153,#2678,.T.);
#4033=EDGE_CURVE('',#3151,#3154,#1654,.T.);
#4034=EDGE_CURVE('',#3155,#3151,#2679,.T.);
#4035=EDGE_CURVE('',#3156,#3154,#2680,.T.);
#4036=EDGE_CURVE('',#3155,#3156,#1655,.T.);
#4037=EDGE_CURVE('',#3157,#3155,#2681,.T.);
#4038=EDGE_CURVE('',#3158,#3156,#2682,.T.);
#4039=EDGE_CURVE('',#3157,#3158,#1656,.T.);
#4040=EDGE_CURVE('',#3152,#3157,#2683,.T.);
#4041=EDGE_CURVE('',#3153,#3158,#2684,.T.);
#4042=EDGE_CURVE('',#3159,#3160,#2685,.T.);
#4043=EDGE_CURVE('',#3160,#3161,#1657,.T.);
#4044=EDGE_CURVE('',#3162,#3161,#2686,.T.);
#4045=EDGE_CURVE('',#3159,#3162,#1658,.T.);
#4046=EDGE_CURVE('',#3163,#3159,#2687,.T.);
#4047=EDGE_CURVE('',#3164,#3162,#2688,.T.);
#4048=EDGE_CURVE('',#3163,#3164,#1659,.T.);
#4049=EDGE_CURVE('',#3165,#3163,#2689,.T.);
#4050=EDGE_CURVE('',#3166,#3164,#2690,.T.);
#4051=EDGE_CURVE('',#3165,#3166,#1660,.T.);
#4052=EDGE_CURVE('',#3167,#3165,#2691,.T.);
#4053=EDGE_CURVE('',#3168,#3166,#2692,.T.);
#4054=EDGE_CURVE('',#3167,#3168,#1661,.T.);
#4055=EDGE_CURVE('',#3169,#3167,#2693,.T.);
#4056=EDGE_CURVE('',#3170,#3168,#2694,.T.);
#4057=EDGE_CURVE('',#3169,#3170,#1662,.T.);
#4058=EDGE_CURVE('',#3171,#3169,#2695,.T.);
#4059=EDGE_CURVE('',#3172,#3170,#2696,.T.);
#4060=EDGE_CURVE('',#3171,#3172,#1663,.T.);
#4061=EDGE_CURVE('',#3173,#3171,#2697,.T.);
#4062=EDGE_CURVE('',#3174,#3172,#2698,.T.);
#4063=EDGE_CURVE('',#3173,#3174,#1664,.T.);
#4064=EDGE_CURVE('',#3175,#3173,#2699,.T.);
#4065=EDGE_CURVE('',#3176,#3174,#2700,.T.);
#4066=EDGE_CURVE('',#3175,#3176,#1665,.T.);
#4067=EDGE_CURVE('',#3177,#3175,#2701,.T.);
#4068=EDGE_CURVE('',#3178,#3176,#2702,.T.);
#4069=EDGE_CURVE('',#3177,#3178,#1666,.T.);
#4070=EDGE_CURVE('',#3179,#3177,#2703,.T.);
#4071=EDGE_CURVE('',#3180,#3178,#2704,.T.);
#4072=EDGE_CURVE('',#3179,#3180,#1667,.T.);
#4073=EDGE_CURVE('',#3181,#3179,#2705,.T.);
#4074=EDGE_CURVE('',#3182,#3180,#2706,.T.);
#4075=EDGE_CURVE('',#3181,#3182,#1668,.T.);
#4076=EDGE_CURVE('',#3183,#3181,#2707,.T.);
#4077=EDGE_CURVE('',#3184,#3182,#2708,.T.);
#4078=EDGE_CURVE('',#3183,#3184,#1669,.T.);
#4079=EDGE_CURVE('',#3185,#3183,#2709,.T.);
#4080=EDGE_CURVE('',#3186,#3184,#2710,.T.);
#4081=EDGE_CURVE('',#3185,#3186,#1670,.T.);
#4082=EDGE_CURVE('',#3187,#3185,#2711,.T.);
#4083=EDGE_CURVE('',#3188,#3186,#2712,.T.);
#4084=EDGE_CURVE('',#3187,#3188,#1671,.T.);
#4085=EDGE_CURVE('',#3189,#3187,#2713,.T.);
#4086=EDGE_CURVE('',#3190,#3188,#2714,.T.);
#4087=EDGE_CURVE('',#3189,#3190,#1672,.T.);
#4088=EDGE_CURVE('',#3191,#3189,#2715,.T.);
#4089=EDGE_CURVE('',#3192,#3190,#2716,.T.);
#4090=EDGE_CURVE('',#3191,#3192,#1673,.T.);
#4091=EDGE_CURVE('',#3160,#3191,#2717,.T.);
#4092=EDGE_CURVE('',#3161,#3192,#2718,.T.);
#4093=EDGE_CURVE('',#3193,#3194,#2719,.T.);
#4094=EDGE_CURVE('',#3194,#3195,#1674,.T.);
#4095=EDGE_CURVE('',#3196,#3195,#2720,.T.);
#4096=EDGE_CURVE('',#3193,#3196,#1675,.T.);
#4097=EDGE_CURVE('',#3197,#3193,#2721,.T.);
#4098=EDGE_CURVE('',#3198,#3196,#2722,.T.);
#4099=EDGE_CURVE('',#3197,#3198,#1676,.T.);
#4100=EDGE_CURVE('',#3199,#3197,#2723,.T.);
#4101=EDGE_CURVE('',#3200,#3198,#2724,.T.);
#4102=EDGE_CURVE('',#3199,#3200,#1677,.T.);
#4103=EDGE_CURVE('',#3194,#3199,#2725,.T.);
#4104=EDGE_CURVE('',#3195,#3200,#2726,.T.);
#4105=EDGE_CURVE('',#3201,#3202,#384,.T.);
#4106=EDGE_CURVE('',#3201,#3203,#1678,.T.);
#4107=EDGE_CURVE('',#3204,#3203,#385,.T.);
#4108=EDGE_CURVE('',#3202,#3204,#1679,.T.);
#4109=EDGE_CURVE('',#3202,#3205,#2727,.T.);
#4110=EDGE_CURVE('',#3206,#3204,#2728,.T.);
#4111=EDGE_CURVE('',#3205,#3206,#1680,.T.);
#4112=EDGE_CURVE('',#3205,#3207,#2729,.T.);
#4113=EDGE_CURVE('',#3208,#3206,#2730,.T.);
#4114=EDGE_CURVE('',#3207,#3208,#1681,.T.);
#4115=EDGE_CURVE('',#3207,#3209,#2731,.T.);
#4116=EDGE_CURVE('',#3210,#3208,#2732,.T.);
#4117=EDGE_CURVE('',#3209,#3210,#1682,.T.);
#4118=EDGE_CURVE('',#3209,#3211,#2733,.T.);
#4119=EDGE_CURVE('',#3212,#3210,#2734,.T.);
#4120=EDGE_CURVE('',#3211,#3212,#1683,.T.);
#4121=EDGE_CURVE('',#3211,#3213,#2735,.T.);
#4122=EDGE_CURVE('',#3214,#3212,#2736,.T.);
#4123=EDGE_CURVE('',#3213,#3214,#1684,.T.);
#4124=EDGE_CURVE('',#3213,#3215,#2737,.T.);
#4125=EDGE_CURVE('',#3216,#3214,#2738,.T.);
#4126=EDGE_CURVE('',#3215,#3216,#1685,.T.);
#4127=EDGE_CURVE('',#3215,#3217,#2739,.T.);
#4128=EDGE_CURVE('',#3218,#3216,#2740,.T.);
#4129=EDGE_CURVE('',#3217,#3218,#1686,.T.);
#4130=EDGE_CURVE('',#3217,#3219,#2741,.T.);
#4131=EDGE_CURVE('',#3220,#3218,#2742,.T.);
#4132=EDGE_CURVE('',#3219,#3220,#1687,.T.);
#4133=EDGE_CURVE('',#3219,#3221,#2743,.T.);
#4134=EDGE_CURVE('',#3222,#3220,#2744,.T.);
#4135=EDGE_CURVE('',#3221,#3222,#1688,.T.);
#4136=EDGE_CURVE('',#3221,#3223,#2745,.T.);
#4137=EDGE_CURVE('',#3224,#3222,#2746,.T.);
#4138=EDGE_CURVE('',#3223,#3224,#1689,.T.);
#4139=EDGE_CURVE('',#3223,#3225,#2747,.T.);
#4140=EDGE_CURVE('',#3226,#3224,#2748,.T.);
#4141=EDGE_CURVE('',#3225,#3226,#1690,.T.);
#4142=EDGE_CURVE('',#3225,#3227,#2749,.T.);
#4143=EDGE_CURVE('',#3228,#3226,#2750,.T.);
#4144=EDGE_CURVE('',#3227,#3228,#1691,.T.);
#4145=EDGE_CURVE('',#3227,#3229,#2751,.T.);
#4146=EDGE_CURVE('',#3230,#3228,#2752,.T.);
#4147=EDGE_CURVE('',#3229,#3230,#1692,.T.);
#4148=EDGE_CURVE('',#3229,#3231,#2753,.T.);
#4149=EDGE_CURVE('',#3232,#3230,#2754,.T.);
#4150=EDGE_CURVE('',#3231,#3232,#1693,.T.);
#4151=EDGE_CURVE('',#3231,#3233,#2755,.T.);
#4152=EDGE_CURVE('',#3234,#3232,#2756,.T.);
#4153=EDGE_CURVE('',#3233,#3234,#1694,.T.);
#4154=EDGE_CURVE('',#3233,#3235,#2757,.T.);
#4155=EDGE_CURVE('',#3236,#3234,#2758,.T.);
#4156=EDGE_CURVE('',#3235,#3236,#1695,.T.);
#4157=EDGE_CURVE('',#3235,#3237,#2759,.T.);
#4158=EDGE_CURVE('',#3238,#3236,#2760,.T.);
#4159=EDGE_CURVE('',#3237,#3238,#1696,.T.);
#4160=EDGE_CURVE('',#3237,#3239,#2761,.T.);
#4161=EDGE_CURVE('',#3240,#3238,#2762,.T.);
#4162=EDGE_CURVE('',#3239,#3240,#1697,.T.);
#4163=EDGE_CURVE('',#3239,#3241,#2763,.T.);
#4164=EDGE_CURVE('',#3242,#3240,#2764,.T.);
#4165=EDGE_CURVE('',#3241,#3242,#1698,.T.);
#4166=EDGE_CURVE('',#3241,#3243,#2765,.T.);
#4167=EDGE_CURVE('',#3244,#3242,#2766,.T.);
#4168=EDGE_CURVE('',#3243,#3244,#1699,.T.);
#4169=EDGE_CURVE('',#3243,#3245,#2767,.T.);
#4170=EDGE_CURVE('',#3246,#3244,#2768,.T.);
#4171=EDGE_CURVE('',#3245,#3246,#1700,.T.);
#4172=EDGE_CURVE('',#3245,#3247,#386,.T.);
#4173=EDGE_CURVE('',#3248,#3246,#387,.T.);
#4174=EDGE_CURVE('',#3247,#3248,#1701,.T.);
#4175=EDGE_CURVE('',#3247,#3249,#2769,.T.);
#4176=EDGE_CURVE('',#3250,#3248,#2770,.T.);
#4177=EDGE_CURVE('',#3249,#3250,#1702,.T.);
#4178=EDGE_CURVE('',#3249,#3201,#2771,.T.);
#4179=EDGE_CURVE('',#3203,#3250,#2772,.T.);
#4180=EDGE_CURVE('',#3251,#3252,#2773,.T.);
#4181=EDGE_CURVE('',#3251,#3253,#1703,.T.);
#4182=EDGE_CURVE('',#3254,#3253,#2774,.T.);
#4183=EDGE_CURVE('',#3252,#3254,#1704,.T.);
#4184=EDGE_CURVE('',#3252,#3255,#2775,.T.);
#4185=EDGE_CURVE('',#3256,#3254,#2776,.T.);
#4186=EDGE_CURVE('',#3255,#3256,#1705,.T.);
#4187=EDGE_CURVE('',#3255,#3257,#2777,.T.);
#4188=EDGE_CURVE('',#3258,#3256,#2778,.T.);
#4189=EDGE_CURVE('',#3257,#3258,#1706,.T.);
#4190=EDGE_CURVE('',#3257,#3259,#2779,.T.);
#4191=EDGE_CURVE('',#3260,#3258,#2780,.T.);
#4192=EDGE_CURVE('',#3259,#3260,#1707,.T.);
#4193=EDGE_CURVE('',#3259,#3261,#2781,.T.);
#4194=EDGE_CURVE('',#3262,#3260,#2782,.T.);
#4195=EDGE_CURVE('',#3261,#3262,#1708,.T.);
#4196=EDGE_CURVE('',#3261,#3263,#1709,.T.);
#4197=EDGE_CURVE('',#3264,#3262,#1710,.T.);
#4198=EDGE_CURVE('',#3263,#3264,#1711,.T.);
#4199=EDGE_CURVE('',#3263,#3265,#1712,.T.);
#4200=EDGE_CURVE('',#3266,#3264,#1713,.T.);
#4201=EDGE_CURVE('',#3265,#3266,#1714,.T.);
#4202=EDGE_CURVE('',#3265,#3251,#2783,.T.);
#4203=EDGE_CURVE('',#3253,#3266,#2784,.T.);
#4204=EDGE_CURVE('',#3267,#3268,#2785,.T.);
#4205=EDGE_CURVE('',#3268,#3269,#1715,.T.);
#4206=EDGE_CURVE('',#3270,#3269,#2786,.T.);
#4207=EDGE_CURVE('',#3267,#3270,#1716,.T.);
#4208=EDGE_CURVE('',#3271,#3267,#1717,.T.);
#4209=EDGE_CURVE('',#3272,#3270,#1718,.T.);
#4210=EDGE_CURVE('',#3271,#3272,#1719,.T.);
#4211=EDGE_CURVE('',#3268,#3271,#2787,.T.);
#4212=EDGE_CURVE('',#3269,#3272,#2788,.T.);
#4213=EDGE_CURVE('',#3273,#3274,#1720,.T.);
#4214=EDGE_CURVE('',#3275,#3273,#80,.T.);
#4215=EDGE_CURVE('',#3276,#3275,#1721,.T.);
#4216=EDGE_CURVE('',#3274,#3276,#81,.T.);
#4217=EDGE_CURVE('',#3274,#3277,#1722,.T.);
#4218=EDGE_CURVE('',#3276,#3278,#1723,.T.);
#4219=EDGE_CURVE('',#3277,#3278,#2789,.T.);
#4220=EDGE_CURVE('',#3278,#3279,#1724,.T.);
#4221=EDGE_CURVE('',#3279,#3275,#1725,.T.);
#4222=EDGE_CURVE('',#3280,#3273,#1726,.T.);
#4223=EDGE_CURVE('',#3279,#3280,#2790,.T.);
#4224=EDGE_CURVE('',#3281,#3277,#1727,.T.);
#4225=EDGE_CURVE('',#3282,#3281,#2791,.T.);
#4226=EDGE_CURVE('',#3283,#3282,#2792,.T.);
#4227=EDGE_CURVE('',#3284,#3283,#2793,.T.);
#4228=EDGE_CURVE('',#3285,#3284,#2794,.T.);
#4229=EDGE_CURVE('',#3286,#3285,#1728,.T.);
#4230=EDGE_CURVE('',#3287,#3286,#2795,.T.);
#4231=EDGE_CURVE('',#3288,#3287,#2796,.T.);
#4232=EDGE_CURVE('',#3289,#3288,#2797,.T.);
#4233=EDGE_CURVE('',#3290,#3289,#2798,.T.);
#4234=EDGE_CURVE('',#3291,#3290,#1729,.T.);
#4235=EDGE_CURVE('',#3292,#3291,#2799,.T.);
#4236=EDGE_CURVE('',#3293,#3292,#2800,.T.);
#4237=EDGE_CURVE('',#3294,#3293,#2801,.T.);
#4238=EDGE_CURVE('',#3295,#3294,#2802,.T.);
#4239=EDGE_CURVE('',#3296,#3295,#1730,.T.);
#4240=EDGE_CURVE('',#3297,#3296,#2803,.T.);
#4241=EDGE_CURVE('',#3298,#3297,#2804,.T.);
#4242=EDGE_CURVE('',#3299,#3298,#2805,.T.);
#4243=EDGE_CURVE('',#3300,#3299,#2806,.T.);
#4244=EDGE_CURVE('',#3280,#3300,#1731,.T.);
#4245=EDGE_CURVE('',#3301,#3301,#82,.T.);
#4246=EDGE_CURVE('',#3302,#3303,#1732,.T.);
#4247=EDGE_CURVE('',#3303,#3304,#83,.T.);
#4248=EDGE_CURVE('',#3304,#3305,#1733,.T.);
#4249=EDGE_CURVE('',#3305,#3306,#84,.T.);
#4250=EDGE_CURVE('',#3306,#3307,#1734,.T.);
#4251=EDGE_CURVE('',#3307,#3308,#85,.T.);
#4252=EDGE_CURVE('',#3308,#3309,#1735,.T.);
#4253=EDGE_CURVE('',#3309,#3302,#86,.T.);
#4254=EDGE_CURVE('',#3310,#3311,#1736,.T.);
#4255=EDGE_CURVE('',#3311,#3312,#87,.T.);
#4256=EDGE_CURVE('',#3312,#3313,#1737,.T.);
#4257=EDGE_CURVE('',#3313,#3314,#88,.T.);
#4258=EDGE_CURVE('',#3314,#3315,#1738,.T.);
#4259=EDGE_CURVE('',#3315,#3316,#89,.T.);
#4260=EDGE_CURVE('',#3316,#3317,#1739,.T.);
#4261=EDGE_CURVE('',#3317,#3310,#90,.T.);
#4262=EDGE_CURVE('',#3318,#3319,#1740,.T.);
#4263=EDGE_CURVE('',#3319,#3320,#91,.T.);
#4264=EDGE_CURVE('',#3320,#3321,#1741,.T.);
#4265=EDGE_CURVE('',#3321,#3322,#92,.T.);
#4266=EDGE_CURVE('',#3322,#3323,#1742,.T.);
#4267=EDGE_CURVE('',#3323,#3324,#93,.T.);
#4268=EDGE_CURVE('',#3324,#3325,#1743,.T.);
#4269=EDGE_CURVE('',#3325,#3318,#94,.T.);
#4270=EDGE_CURVE('',#3326,#3327,#1744,.T.);
#4271=EDGE_CURVE('',#3327,#3328,#95,.T.);
#4272=EDGE_CURVE('',#3328,#3329,#1745,.T.);
#4273=EDGE_CURVE('',#3329,#3330,#96,.T.);
#4274=EDGE_CURVE('',#3330,#3331,#1746,.T.);
#4275=EDGE_CURVE('',#3331,#3332,#97,.T.);
#4276=EDGE_CURVE('',#3332,#3333,#1747,.T.);
#4277=EDGE_CURVE('',#3333,#3326,#98,.T.);
#4278=EDGE_CURVE('',#3334,#3335,#1748,.T.);
#4279=EDGE_CURVE('',#3335,#3336,#99,.T.);
#4280=EDGE_CURVE('',#3336,#3337,#1749,.T.);
#4281=EDGE_CURVE('',#3337,#3338,#100,.T.);
#4282=EDGE_CURVE('',#3338,#3339,#1750,.T.);
#4283=EDGE_CURVE('',#3339,#3340,#101,.T.);
#4284=EDGE_CURVE('',#3340,#3341,#1751,.T.);
#4285=EDGE_CURVE('',#3341,#3334,#102,.T.);
#4286=EDGE_CURVE('',#3342,#3343,#1752,.T.);
#4287=EDGE_CURVE('',#3343,#3344,#103,.T.);
#4288=EDGE_CURVE('',#3344,#3345,#1753,.T.);
#4289=EDGE_CURVE('',#3345,#3346,#104,.T.);
#4290=EDGE_CURVE('',#3346,#3347,#1754,.T.);
#4291=EDGE_CURVE('',#3347,#3348,#105,.T.);
#4292=EDGE_CURVE('',#3348,#3349,#1755,.T.);
#4293=EDGE_CURVE('',#3349,#3342,#106,.T.);
#4294=EDGE_CURVE('',#3350,#3351,#1756,.T.);
#4295=EDGE_CURVE('',#3351,#3352,#107,.T.);
#4296=EDGE_CURVE('',#3352,#3353,#1757,.T.);
#4297=EDGE_CURVE('',#3353,#3354,#108,.T.);
#4298=EDGE_CURVE('',#3354,#3355,#1758,.T.);
#4299=EDGE_CURVE('',#3355,#3356,#109,.T.);
#4300=EDGE_CURVE('',#3356,#3357,#1759,.T.);
#4301=EDGE_CURVE('',#3357,#3350,#110,.T.);
#4302=EDGE_CURVE('',#3358,#3359,#1760,.T.);
#4303=EDGE_CURVE('',#3359,#3360,#111,.T.);
#4304=EDGE_CURVE('',#3360,#3361,#1761,.T.);
#4305=EDGE_CURVE('',#3361,#3362,#112,.T.);
#4306=EDGE_CURVE('',#3362,#3363,#1762,.T.);
#4307=EDGE_CURVE('',#3363,#3364,#113,.T.);
#4308=EDGE_CURVE('',#3364,#3365,#1763,.T.);
#4309=EDGE_CURVE('',#3365,#3358,#114,.T.);
#4310=EDGE_CURVE('',#3366,#3367,#1764,.T.);
#4311=EDGE_CURVE('',#3367,#3368,#115,.T.);
#4312=EDGE_CURVE('',#3368,#3369,#1765,.T.);
#4313=EDGE_CURVE('',#3369,#3370,#116,.T.);
#4314=EDGE_CURVE('',#3370,#3371,#1766,.T.);
#4315=EDGE_CURVE('',#3371,#3372,#117,.T.);
#4316=EDGE_CURVE('',#3372,#3373,#1767,.T.);
#4317=EDGE_CURVE('',#3373,#3366,#118,.T.);
#4318=EDGE_CURVE('',#3374,#3375,#1768,.T.);
#4319=EDGE_CURVE('',#3375,#3376,#1769,.T.);
#4320=EDGE_CURVE('',#3376,#3377,#1770,.T.);
#4321=EDGE_CURVE('',#3377,#3374,#1771,.T.);
#4322=EDGE_CURVE('',#3378,#3378,#119,.T.);
#4323=EDGE_CURVE('',#3379,#3379,#120,.T.);
#4324=EDGE_CURVE('',#3380,#3380,#121,.T.);
#4325=EDGE_CURVE('',#3380,#3381,#1772,.T.);
#4326=EDGE_CURVE('',#3382,#3381,#2807,.T.);
#4327=EDGE_CURVE('',#3383,#3382,#2808,.T.);
#4328=EDGE_CURVE('',#3381,#3383,#2809,.T.);
#4329=EDGE_CURVE('',#3379,#3384,#1773,.T.);
#4330=EDGE_CURVE('',#3385,#3384,#2810,.T.);
#4331=EDGE_CURVE('',#3386,#3385,#2811,.T.);
#4332=EDGE_CURVE('',#3384,#3386,#2812,.T.);
#4333=EDGE_CURVE('',#3387,#3382,#2813,.T.);
#4334=EDGE_CURVE('',#3387,#3388,#2814,.T.);
#4335=EDGE_CURVE('',#3389,#3388,#122,.T.);
#4336=EDGE_CURVE('',#3389,#3390,#123,.T.);
#4337=EDGE_CURVE('',#3383,#3390,#2815,.T.);
#4338=EDGE_CURVE('',#3391,#3385,#2816,.T.);
#4339=EDGE_CURVE('',#3391,#3392,#2817,.T.);
#4340=EDGE_CURVE('',#3393,#3392,#124,.T.);
#4341=EDGE_CURVE('',#3393,#3394,#125,.T.);
#4342=EDGE_CURVE('',#3386,#3394,#2818,.T.);
#4343=EDGE_CURVE('',#3301,#3395,#1774,.T.);
#4344=EDGE_CURVE('',#3396,#3395,#2819,.T.);
#4345=EDGE_CURVE('',#3397,#3396,#2820,.T.);
#4346=EDGE_CURVE('',#3395,#3397,#2821,.T.);
#4347=EDGE_CURVE('',#3398,#3397,#2822,.T.);
#4348=EDGE_CURVE('',#3398,#3399,#2823,.T.);
#4349=EDGE_CURVE('',#3400,#3399,#126,.T.);
#4350=EDGE_CURVE('',#3400,#3401,#127,.T.);
#4351=EDGE_CURVE('',#3396,#3401,#2824,.T.);
#4352=EDGE_CURVE('',#3300,#3402,#128,.T.);
#4353=EDGE_CURVE('',#3402,#3403,#129,.T.);
#4354=EDGE_CURVE('',#3403,#3400,#1775,.T.);
#4355=EDGE_CURVE('',#3399,#3281,#130,.T.);
#4356=EDGE_CURVE('',#3404,#3299,#2825,.T.);
#4357=EDGE_CURVE('',#3404,#3402,#2826,.T.);
#4358=EDGE_CURVE('',#3404,#3298,#2827,.T.);
#4359=EDGE_CURVE('',#3404,#3297,#2828,.T.);
#4360=EDGE_CURVE('',#3405,#3296,#131,.T.);
#4361=EDGE_CURVE('',#3404,#3405,#2829,.T.);
#4362=EDGE_CURVE('',#3295,#3406,#132,.T.);
#4363=EDGE_CURVE('',#3406,#3407,#133,.T.);
#4364=EDGE_CURVE('',#3407,#3408,#1776,.T.);
#4365=EDGE_CURVE('',#3408,#3405,#134,.T.);
#4366=EDGE_CURVE('',#3391,#3294,#2830,.T.);
#4367=EDGE_CURVE('',#3391,#3406,#2831,.T.);
#4368=EDGE_CURVE('',#3391,#3293,#2832,.T.);
#4369=EDGE_CURVE('',#3391,#3292,#2833,.T.);
#4370=EDGE_CURVE('',#3392,#3291,#135,.T.);
#4371=EDGE_CURVE('',#3404,#3409,#2834,.T.);
#4372=EDGE_CURVE('',#3409,#3403,#136,.T.);
#4373=EDGE_CURVE('',#3401,#3410,#137,.T.);
#4374=EDGE_CURVE('',#3411,#3410,#138,.T.);
#4375=EDGE_CURVE('',#3398,#3411,#2835,.T.);
#4376=EDGE_CURVE('',#3398,#3282,#2836,.T.);
#4377=EDGE_CURVE('',#3398,#3283,#2837,.T.);
#4378=EDGE_CURVE('',#3398,#3284,#2838,.T.);
#4379=EDGE_CURVE('',#3394,#3407,#139,.T.);
#4380=EDGE_CURVE('',#3390,#3412,#140,.T.);
#4381=EDGE_CURVE('',#3413,#3412,#141,.T.);
#4382=EDGE_CURVE('',#3387,#3413,#2839,.T.);
#4383=EDGE_CURVE('',#3388,#3286,#142,.T.);
#4384=EDGE_CURVE('',#3387,#3287,#2840,.T.);
#4385=EDGE_CURVE('',#3387,#3288,#2841,.T.);
#4386=EDGE_CURVE('',#3387,#3289,#2842,.T.);
#4387=EDGE_CURVE('',#3414,#3414,#143,.T.);
#4388=EDGE_CURVE('',#3414,#3415,#144,.T.);
#4389=EDGE_CURVE('',#3415,#3415,#145,.T.);
#4390=EDGE_CURVE('',#3408,#3409,#146,.T.);
#4391=EDGE_CURVE('',#3412,#3393,#1777,.T.);
#4392=EDGE_CURVE('',#3410,#3389,#1778,.T.);
#4393=EDGE_CURVE('',#3416,#3417,#1779,.T.);
#4394=EDGE_CURVE('',#3418,#3416,#1780,.T.);
#4395=EDGE_CURVE('',#3419,#3418,#1781,.T.);
#4396=EDGE_CURVE('',#3417,#3419,#1782,.T.);
#4397=EDGE_CURVE('',#3420,#3421,#1783,.T.);
#4398=EDGE_CURVE('',#3422,#3420,#147,.T.);
#4399=EDGE_CURVE('',#3423,#3422,#1784,.T.);
#4400=EDGE_CURVE('',#3424,#3423,#148,.T.);
#4401=EDGE_CURVE('',#3425,#3424,#1785,.T.);
#4402=EDGE_CURVE('',#3426,#3425,#149,.T.);
#4403=EDGE_CURVE('',#3427,#3426,#1786,.T.);
#4404=EDGE_CURVE('',#3421,#3427,#150,.T.);
#4405=EDGE_CURVE('',#3428,#3429,#1787,.T.);
#4406=EDGE_CURVE('',#3430,#3428,#151,.T.);
#4407=EDGE_CURVE('',#3431,#3430,#1788,.T.);
#4408=EDGE_CURVE('',#3432,#3431,#152,.T.);
#4409=EDGE_CURVE('',#3433,#3432,#1789,.T.);
#4410=EDGE_CURVE('',#3434,#3433,#153,.T.);
#4411=EDGE_CURVE('',#3435,#3434,#1790,.T.);
#4412=EDGE_CURVE('',#3429,#3435,#154,.T.);
#4413=EDGE_CURVE('',#3436,#3437,#1791,.T.);
#4414=EDGE_CURVE('',#3438,#3436,#155,.T.);
#4415=EDGE_CURVE('',#3439,#3438,#1792,.T.);
#4416=EDGE_CURVE('',#3440,#3439,#156,.T.);
#4417=EDGE_CURVE('',#3441,#3440,#1793,.T.);
#4418=EDGE_CURVE('',#3442,#3441,#157,.T.);
#4419=EDGE_CURVE('',#3443,#3442,#1794,.T.);
#4420=EDGE_CURVE('',#3437,#3443,#158,.T.);
#4421=EDGE_CURVE('',#3444,#3445,#1795,.T.);
#4422=EDGE_CURVE('',#3446,#3444,#159,.T.);
#4423=EDGE_CURVE('',#3447,#3446,#1796,.T.);
#4424=EDGE_CURVE('',#3448,#3447,#160,.T.);
#4425=EDGE_CURVE('',#3449,#3448,#1797,.T.);
#4426=EDGE_CURVE('',#3450,#3449,#161,.T.);
#4427=EDGE_CURVE('',#3451,#3450,#1798,.T.);
#4428=EDGE_CURVE('',#3445,#3451,#162,.T.);
#4429=EDGE_CURVE('',#3452,#3453,#1799,.T.);
#4430=EDGE_CURVE('',#3454,#3452,#163,.T.);
#4431=EDGE_CURVE('',#3455,#3454,#1800,.T.);
#4432=EDGE_CURVE('',#3456,#3455,#164,.T.);
#4433=EDGE_CURVE('',#3457,#3456,#1801,.T.);
#4434=EDGE_CURVE('',#3458,#3457,#165,.T.);
#4435=EDGE_CURVE('',#3459,#3458,#1802,.T.);
#4436=EDGE_CURVE('',#3453,#3459,#166,.T.);
#4437=EDGE_CURVE('',#3460,#3461,#1803,.T.);
#4438=EDGE_CURVE('',#3462,#3460,#167,.T.);
#4439=EDGE_CURVE('',#3463,#3462,#1804,.T.);
#4440=EDGE_CURVE('',#3464,#3463,#168,.T.);
#4441=EDGE_CURVE('',#3465,#3464,#1805,.T.);
#4442=EDGE_CURVE('',#3466,#3465,#169,.T.);
#4443=EDGE_CURVE('',#3467,#3466,#1806,.T.);
#4444=EDGE_CURVE('',#3461,#3467,#170,.T.);
#4445=EDGE_CURVE('',#3468,#3469,#1807,.T.);
#4446=EDGE_CURVE('',#3470,#3468,#171,.T.);
#4447=EDGE_CURVE('',#3471,#3470,#1808,.T.);
#4448=EDGE_CURVE('',#3472,#3471,#172,.T.);
#4449=EDGE_CURVE('',#3473,#3472,#1809,.T.);
#4450=EDGE_CURVE('',#3474,#3473,#173,.T.);
#4451=EDGE_CURVE('',#3475,#3474,#1810,.T.);
#4452=EDGE_CURVE('',#3469,#3475,#174,.T.);
#4453=EDGE_CURVE('',#3476,#3477,#1811,.T.);
#4454=EDGE_CURVE('',#3478,#3476,#175,.T.);
#4455=EDGE_CURVE('',#3479,#3478,#1812,.T.);
#4456=EDGE_CURVE('',#3480,#3479,#176,.T.);
#4457=EDGE_CURVE('',#3481,#3480,#1813,.T.);
#4458=EDGE_CURVE('',#3482,#3481,#177,.T.);
#4459=EDGE_CURVE('',#3483,#3482,#1814,.T.);
#4460=EDGE_CURVE('',#3477,#3483,#178,.T.);
#4461=EDGE_CURVE('',#3484,#3485,#1815,.T.);
#4462=EDGE_CURVE('',#3486,#3484,#179,.T.);
#4463=EDGE_CURVE('',#3487,#3486,#1816,.T.);
#4464=EDGE_CURVE('',#3488,#3487,#180,.T.);
#4465=EDGE_CURVE('',#3489,#3488,#1817,.T.);
#4466=EDGE_CURVE('',#3490,#3489,#181,.T.);
#4467=EDGE_CURVE('',#3491,#3490,#1818,.T.);
#4468=EDGE_CURVE('',#3485,#3491,#182,.T.);
#4469=EDGE_CURVE('',#3415,#3378,#1819,.T.);
#4470=EDGE_CURVE('',#3418,#3492,#388,.T.);
#4471=EDGE_CURVE('',#3492,#3493,#1820,.T.);
#4472=EDGE_CURVE('',#3493,#3419,#389,.T.);
#4473=EDGE_CURVE('',#3494,#3495,#1821,.T.);
#4474=EDGE_CURVE('',#3495,#3416,#390,.T.);
#4475=EDGE_CURVE('',#3494,#3417,#391,.T.);
#4476=EDGE_CURVE('',#3495,#3492,#1822,.T.);
#4477=EDGE_CURVE('',#3493,#3494,#1823,.T.);
#4478=EDGE_CURVE('',#3376,#3495,#1824,.T.);
#4479=EDGE_CURVE('',#3375,#3492,#1825,.T.);
#4480=EDGE_CURVE('',#3377,#3494,#1826,.T.);
#4481=EDGE_CURVE('',#3485,#3496,#183,.T.);
#4482=EDGE_CURVE('',#3496,#3497,#1827,.T.);
#4483=EDGE_CURVE('',#3497,#3484,#184,.T.);
#4484=EDGE_CURVE('',#3498,#3486,#185,.T.);
#4485=EDGE_CURVE('',#3497,#3498,#186,.T.);
#4486=EDGE_CURVE('',#3499,#3487,#187,.T.);
#4487=EDGE_CURVE('',#3498,#3499,#1828,.T.);
#4488=EDGE_CURVE('',#3500,#3488,#188,.T.);
#4489=EDGE_CURVE('',#3499,#3500,#189,.T.);
#4490=EDGE_CURVE('',#3501,#3489,#190,.T.);
#4491=EDGE_CURVE('',#3500,#3501,#1829,.T.);
#4492=EDGE_CURVE('',#3502,#3490,#191,.T.);
#4493=EDGE_CURVE('',#3501,#3502,#192,.T.);
#4494=EDGE_CURVE('',#3503,#3491,#193,.T.);
#4495=EDGE_CURVE('',#3502,#3503,#1830,.T.);
#4496=EDGE_CURVE('',#3503,#3496,#194,.T.);
#4497=EDGE_CURVE('',#3362,#3499,#1831,.T.);
#4498=EDGE_CURVE('',#3361,#3500,#1832,.T.);
#4499=EDGE_CURVE('',#3363,#3498,#1833,.T.);
#4500=EDGE_CURVE('',#3364,#3497,#1834,.T.);
#4501=EDGE_CURVE('',#3365,#3496,#1835,.T.);
#4502=EDGE_CURVE('',#3421,#3504,#195,.T.);
#4503=EDGE_CURVE('',#3504,#3505,#1836,.T.);
#4504=EDGE_CURVE('',#3505,#3420,#196,.T.);
#4505=EDGE_CURVE('',#3506,#3422,#197,.T.);
#4506=EDGE_CURVE('',#3505,#3506,#198,.T.);
#4507=EDGE_CURVE('',#3507,#3423,#199,.T.);
#4508=EDGE_CURVE('',#3506,#3507,#1837,.T.);
#4509=EDGE_CURVE('',#3508,#3424,#200,.T.);
#4510=EDGE_CURVE('',#3507,#3508,#201,.T.);
#4511=EDGE_CURVE('',#3509,#3425,#202,.T.);
#4512=EDGE_CURVE('',#3508,#3509,#1838,.T.);
#4513=EDGE_CURVE('',#3510,#3426,#203,.T.);
#4514=EDGE_CURVE('',#3509,#3510,#204,.T.);
#4515=EDGE_CURVE('',#3511,#3427,#205,.T.);
#4516=EDGE_CURVE('',#3510,#3511,#1839,.T.);
#4517=EDGE_CURVE('',#3511,#3504,#206,.T.);
#4518=EDGE_CURVE('',#3354,#3507,#1840,.T.);
#4519=EDGE_CURVE('',#3353,#3508,#1841,.T.);
#4520=EDGE_CURVE('',#3355,#3506,#1842,.T.);
#4521=EDGE_CURVE('',#3356,#3505,#1843,.T.);
#4522=EDGE_CURVE('',#3357,#3504,#1844,.T.);
#4523=EDGE_CURVE('',#3477,#3512,#207,.T.);
#4524=EDGE_CURVE('',#3512,#3513,#1845,.T.);
#4525=EDGE_CURVE('',#3513,#3476,#208,.T.);
#4526=EDGE_CURVE('',#3514,#3478,#209,.T.);
#4527=EDGE_CURVE('',#3513,#3514,#210,.T.);
#4528=EDGE_CURVE('',#3515,#3479,#211,.T.);
#4529=EDGE_CURVE('',#3514,#3515,#1846,.T.);
#4530=EDGE_CURVE('',#3516,#3480,#212,.T.);
#4531=EDGE_CURVE('',#3515,#3516,#213,.T.);
#4532=EDGE_CURVE('',#3517,#3481,#214,.T.);
#4533=EDGE_CURVE('',#3516,#3517,#1847,.T.);
#4534=EDGE_CURVE('',#3518,#3482,#215,.T.);
#4535=EDGE_CURVE('',#3517,#3518,#216,.T.);
#4536=EDGE_CURVE('',#3519,#3483,#217,.T.);
#4537=EDGE_CURVE('',#3518,#3519,#1848,.T.);
#4538=EDGE_CURVE('',#3519,#3512,#218,.T.);
#4539=EDGE_CURVE('',#3322,#3515,#1849,.T.);
#4540=EDGE_CURVE('',#3321,#3516,#1850,.T.);
#4541=EDGE_CURVE('',#3323,#3514,#1851,.T.);
#4542=EDGE_CURVE('',#3324,#3513,#1852,.T.);
#4543=EDGE_CURVE('',#3325,#3512,#1853,.T.);
#4544=EDGE_CURVE('',#3429,#3520,#219,.T.);
#4545=EDGE_CURVE('',#3520,#3521,#1854,.T.);
#4546=EDGE_CURVE('',#3521,#3428,#220,.T.);
#4547=EDGE_CURVE('',#3522,#3430,#221,.T.);
#4548=EDGE_CURVE('',#3521,#3522,#222,.T.);
#4549=EDGE_CURVE('',#3523,#3431,#223,.T.);
#4550=EDGE_CURVE('',#3522,#3523,#1855,.T.);
#4551=EDGE_CURVE('',#3524,#3432,#224,.T.);
#4552=EDGE_CURVE('',#3523,#3524,#225,.T.);
#4553=EDGE_CURVE('',#3525,#3433,#226,.T.);
#4554=EDGE_CURVE('',#3524,#3525,#1856,.T.);
#4555=EDGE_CURVE('',#3526,#3434,#227,.T.);
#4556=EDGE_CURVE('',#3525,#3526,#228,.T.);
#4557=EDGE_CURVE('',#3527,#3435,#229,.T.);
#4558=EDGE_CURVE('',#3526,#3527,#1857,.T.);
#4559=EDGE_CURVE('',#3527,#3520,#230,.T.);
#4560=EDGE_CURVE('',#3346,#3523,#1858,.T.);
#4561=EDGE_CURVE('',#3345,#3524,#1859,.T.);
#4562=EDGE_CURVE('',#3347,#3522,#1860,.T.);
#4563=EDGE_CURVE('',#3348,#3521,#1861,.T.);
#4564=EDGE_CURVE('',#3349,#3520,#1862,.T.);
#4565=EDGE_CURVE('',#3469,#3528,#231,.T.);
#4566=EDGE_CURVE('',#3528,#3529,#1863,.T.);
#4567=EDGE_CURVE('',#3529,#3468,#232,.T.);
#4568=EDGE_CURVE('',#3530,#3470,#233,.T.);
#4569=EDGE_CURVE('',#3529,#3530,#234,.T.);
#4570=EDGE_CURVE('',#3531,#3471,#235,.T.);
#4571=EDGE_CURVE('',#3530,#3531,#1864,.T.);
#4572=EDGE_CURVE('',#3532,#3472,#236,.T.);
#4573=EDGE_CURVE('',#3531,#3532,#237,.T.);
#4574=EDGE_CURVE('',#3533,#3473,#238,.T.);
#4575=EDGE_CURVE('',#3532,#3533,#1865,.T.);
#4576=EDGE_CURVE('',#3534,#3474,#239,.T.);
#4577=EDGE_CURVE('',#3533,#3534,#240,.T.);
#4578=EDGE_CURVE('',#3535,#3475,#241,.T.);
#4579=EDGE_CURVE('',#3534,#3535,#1866,.T.);
#4580=EDGE_CURVE('',#3535,#3528,#242,.T.);
#4581=EDGE_CURVE('',#3314,#3531,#1867,.T.);
#4582=EDGE_CURVE('',#3313,#3532,#1868,.T.);
#4583=EDGE_CURVE('',#3315,#3530,#1869,.T.);
#4584=EDGE_CURVE('',#3316,#3529,#1870,.T.);
#4585=EDGE_CURVE('',#3317,#3528,#1871,.T.);
#4586=EDGE_CURVE('',#3437,#3536,#243,.T.);
#4587=EDGE_CURVE('',#3536,#3537,#1872,.T.);
#4588=EDGE_CURVE('',#3537,#3436,#244,.T.);
#4589=EDGE_CURVE('',#3538,#3438,#245,.T.);
#4590=EDGE_CURVE('',#3537,#3538,#246,.T.);
#4591=EDGE_CURVE('',#3539,#3439,#247,.T.);
#4592=EDGE_CURVE('',#3538,#3539,#1873,.T.);
#4593=EDGE_CURVE('',#3540,#3440,#248,.T.);
#4594=EDGE_CURVE('',#3539,#3540,#249,.T.);
#4595=EDGE_CURVE('',#3541,#3441,#250,.T.);
#4596=EDGE_CURVE('',#3540,#3541,#1874,.T.);
#4597=EDGE_CURVE('',#3542,#3442,#251,.T.);
#4598=EDGE_CURVE('',#3541,#3542,#252,.T.);
#4599=EDGE_CURVE('',#3543,#3443,#253,.T.);
#4600=EDGE_CURVE('',#3542,#3543,#1875,.T.);
#4601=EDGE_CURVE('',#3543,#3536,#254,.T.);
#4602=EDGE_CURVE('',#3330,#3539,#1876,.T.);
#4603=EDGE_CURVE('',#3329,#3540,#1877,.T.);
#4604=EDGE_CURVE('',#3331,#3538,#1878,.T.);
#4605=EDGE_CURVE('',#3332,#3537,#1879,.T.);
#4606=EDGE_CURVE('',#3333,#3536,#1880,.T.);
#4607=EDGE_CURVE('',#3461,#3544,#255,.T.);
#4608=EDGE_CURVE('',#3544,#3545,#1881,.T.);
#4609=EDGE_CURVE('',#3545,#3460,#256,.T.);
#4610=EDGE_CURVE('',#3546,#3462,#257,.T.);
#4611=EDGE_CURVE('',#3545,#3546,#258,.T.);
#4612=EDGE_CURVE('',#3547,#3463,#259,.T.);
#4613=EDGE_CURVE('',#3546,#3547,#1882,.T.);
#4614=EDGE_CURVE('',#3548,#3464,#260,.T.);
#4615=EDGE_CURVE('',#3547,#3548,#261,.T.);
#4616=EDGE_CURVE('',#3549,#3465,#262,.T.);
#4617=EDGE_CURVE('',#3548,#3549,#1883,.T.);
#4618=EDGE_CURVE('',#3550,#3466,#263,.T.);
#4619=EDGE_CURVE('',#3549,#3550,#264,.T.);
#4620=EDGE_CURVE('',#3551,#3467,#265,.T.);
#4621=EDGE_CURVE('',#3550,#3551,#1884,.T.);
#4622=EDGE_CURVE('',#3551,#3544,#266,.T.);
#4623=EDGE_CURVE('',#3370,#3547,#1885,.T.);
#4624=EDGE_CURVE('',#3369,#3548,#1886,.T.);
#4625=EDGE_CURVE('',#3371,#3546,#1887,.T.);
#4626=EDGE_CURVE('',#3372,#3545,#1888,.T.);
#4627=EDGE_CURVE('',#3373,#3544,#1889,.T.);
#4628=EDGE_CURVE('',#3445,#3552,#267,.T.);
#4629=EDGE_CURVE('',#3552,#3553,#1890,.T.);
#4630=EDGE_CURVE('',#3553,#3444,#268,.T.);
#4631=EDGE_CURVE('',#3554,#3446,#269,.T.);
#4632=EDGE_CURVE('',#3553,#3554,#270,.T.);
#4633=EDGE_CURVE('',#3555,#3447,#271,.T.);
#4634=EDGE_CURVE('',#3554,#3555,#1891,.T.);
#4635=EDGE_CURVE('',#3556,#3448,#272,.T.);
#4636=EDGE_CURVE('',#3555,#3556,#273,.T.);
#4637=EDGE_CURVE('',#3557,#3449,#274,.T.);
#4638=EDGE_CURVE('',#3556,#3557,#1892,.T.);
#4639=EDGE_CURVE('',#3558,#3450,#275,.T.);
#4640=EDGE_CURVE('',#3557,#3558,#276,.T.);
#4641=EDGE_CURVE('',#3559,#3451,#277,.T.);
#4642=EDGE_CURVE('',#3558,#3559,#1893,.T.);
#4643=EDGE_CURVE('',#3559,#3552,#278,.T.);
#4644=EDGE_CURVE('',#3338,#3555,#1894,.T.);
#4645=EDGE_CURVE('',#3337,#3556,#1895,.T.);
#4646=EDGE_CURVE('',#3339,#3554,#1896,.T.);
#4647=EDGE_CURVE('',#3340,#3553,#1897,.T.);
#4648=EDGE_CURVE('',#3341,#3552,#1898,.T.);
#4649=EDGE_CURVE('',#3453,#3560,#279,.T.);
#4650=EDGE_CURVE('',#3560,#3561,#1899,.T.);
#4651=EDGE_CURVE('',#3561,#3452,#280,.T.);
#4652=EDGE_CURVE('',#3562,#3454,#281,.T.);
#4653=EDGE_CURVE('',#3561,#3562,#282,.T.);
#4654=EDGE_CURVE('',#3563,#3455,#283,.T.);
#4655=EDGE_CURVE('',#3562,#3563,#1900,.T.);
#4656=EDGE_CURVE('',#3564,#3456,#284,.T.);
#4657=EDGE_CURVE('',#3563,#3564,#285,.T.);
#4658=EDGE_CURVE('',#3565,#3457,#286,.T.);
#4659=EDGE_CURVE('',#3564,#3565,#1901,.T.);
#4660=EDGE_CURVE('',#3566,#3458,#287,.T.);
#4661=EDGE_CURVE('',#3565,#3566,#288,.T.);
#4662=EDGE_CURVE('',#3567,#3459,#289,.T.);
#4663=EDGE_CURVE('',#3566,#3567,#1902,.T.);
#4664=EDGE_CURVE('',#3567,#3560,#290,.T.);
#4665=EDGE_CURVE('',#3306,#3563,#1903,.T.);
#4666=EDGE_CURVE('',#3305,#3564,#1904,.T.);
#4667=EDGE_CURVE('',#3307,#3562,#1905,.T.);
#4668=EDGE_CURVE('',#3308,#3561,#1906,.T.);
#4669=EDGE_CURVE('',#3309,#3560,#1907,.T.);
#4670=EDGE_CURVE('',#3290,#3413,#291,.T.);
#4671=EDGE_CURVE('',#3285,#3411,#292,.T.);
#4672=EDGE_CURVE('',#3304,#3565,#1908,.T.);
#4673=EDGE_CURVE('',#3303,#3566,#1909,.T.);
#4674=EDGE_CURVE('',#3302,#3567,#1910,.T.);
#4675=EDGE_CURVE('',#3312,#3533,#1911,.T.);
#4676=EDGE_CURVE('',#3311,#3534,#1912,.T.);
#4677=EDGE_CURVE('',#3310,#3535,#1913,.T.);
#4678=EDGE_CURVE('',#3320,#3517,#1914,.T.);
#4679=EDGE_CURVE('',#3319,#3518,#1915,.T.);
#4680=EDGE_CURVE('',#3318,#3519,#1916,.T.);
#4681=EDGE_CURVE('',#3328,#3541,#1917,.T.);
#4682=EDGE_CURVE('',#3327,#3542,#1918,.T.);
#4683=EDGE_CURVE('',#3326,#3543,#1919,.T.);
#4684=EDGE_CURVE('',#3336,#3557,#1920,.T.);
#4685=EDGE_CURVE('',#3335,#3558,#1921,.T.);
#4686=EDGE_CURVE('',#3334,#3559,#1922,.T.);
#4687=EDGE_CURVE('',#3344,#3525,#1923,.T.);
#4688=EDGE_CURVE('',#3343,#3526,#1924,.T.);
#4689=EDGE_CURVE('',#3342,#3527,#1925,.T.);
#4690=EDGE_CURVE('',#3352,#3509,#1926,.T.);
#4691=EDGE_CURVE('',#3351,#3510,#1927,.T.);
#4692=EDGE_CURVE('',#3350,#3511,#1928,.T.);
#4693=EDGE_CURVE('',#3360,#3501,#1929,.T.);
#4694=EDGE_CURVE('',#3359,#3502,#1930,.T.);
#4695=EDGE_CURVE('',#3358,#3503,#1931,.T.);
#4696=EDGE_CURVE('',#3368,#3549,#1932,.T.);
#4697=EDGE_CURVE('',#3367,#3550,#1933,.T.);
#4698=EDGE_CURVE('',#3366,#3551,#1934,.T.);
#4699=EDGE_CURVE('',#3374,#3493,#1935,.T.);
#4700=ORIENTED_EDGE('',*,*,#3568,.F.);
#4701=ORIENTED_EDGE('',*,*,#3569,.T.);
#4702=ORIENTED_EDGE('',*,*,#3570,.F.);
#4703=ORIENTED_EDGE('',*,*,#3571,.F.);
#4704=ORIENTED_EDGE('',*,*,#3572,.F.);
#4705=ORIENTED_EDGE('',*,*,#3571,.T.);
#4706=ORIENTED_EDGE('',*,*,#3573,.F.);
#4707=ORIENTED_EDGE('',*,*,#3574,.F.);
#4708=ORIENTED_EDGE('',*,*,#3575,.F.);
#4709=ORIENTED_EDGE('',*,*,#3574,.T.);
#4710=ORIENTED_EDGE('',*,*,#3576,.F.);
#4711=ORIENTED_EDGE('',*,*,#3577,.F.);
#4712=ORIENTED_EDGE('',*,*,#3578,.F.);
#4713=ORIENTED_EDGE('',*,*,#3577,.T.);
#4714=ORIENTED_EDGE('',*,*,#3579,.F.);
#4715=ORIENTED_EDGE('',*,*,#3580,.F.);
#4716=ORIENTED_EDGE('',*,*,#3581,.F.);
#4717=ORIENTED_EDGE('',*,*,#3580,.T.);
#4718=ORIENTED_EDGE('',*,*,#3582,.F.);
#4719=ORIENTED_EDGE('',*,*,#3583,.F.);
#4720=ORIENTED_EDGE('',*,*,#3584,.F.);
#4721=ORIENTED_EDGE('',*,*,#3583,.T.);
#4722=ORIENTED_EDGE('',*,*,#3585,.F.);
#4723=ORIENTED_EDGE('',*,*,#3586,.F.);
#4724=ORIENTED_EDGE('',*,*,#3587,.F.);
#4725=ORIENTED_EDGE('',*,*,#3586,.T.);
#4726=ORIENTED_EDGE('',*,*,#3588,.F.);
#4727=ORIENTED_EDGE('',*,*,#3589,.F.);
#4728=ORIENTED_EDGE('',*,*,#3590,.F.);
#4729=ORIENTED_EDGE('',*,*,#3589,.T.);
#4730=ORIENTED_EDGE('',*,*,#3591,.F.);
#4731=ORIENTED_EDGE('',*,*,#3592,.F.);
#4732=ORIENTED_EDGE('',*,*,#3593,.F.);
#4733=ORIENTED_EDGE('',*,*,#3592,.T.);
#4734=ORIENTED_EDGE('',*,*,#3594,.F.);
#4735=ORIENTED_EDGE('',*,*,#3595,.F.);
#4736=ORIENTED_EDGE('',*,*,#3596,.F.);
#4737=ORIENTED_EDGE('',*,*,#3595,.T.);
#4738=ORIENTED_EDGE('',*,*,#3597,.F.);
#4739=ORIENTED_EDGE('',*,*,#3598,.F.);
#4740=ORIENTED_EDGE('',*,*,#3599,.F.);
#4741=ORIENTED_EDGE('',*,*,#3598,.T.);
#4742=ORIENTED_EDGE('',*,*,#3600,.F.);
#4743=ORIENTED_EDGE('',*,*,#3601,.F.);
#4744=ORIENTED_EDGE('',*,*,#3602,.F.);
#4745=ORIENTED_EDGE('',*,*,#3601,.T.);
#4746=ORIENTED_EDGE('',*,*,#3603,.F.);
#4747=ORIENTED_EDGE('',*,*,#3604,.F.);
#4748=ORIENTED_EDGE('',*,*,#3605,.F.);
#4749=ORIENTED_EDGE('',*,*,#3604,.T.);
#4750=ORIENTED_EDGE('',*,*,#3606,.F.);
#4751=ORIENTED_EDGE('',*,*,#3607,.F.);
#4752=ORIENTED_EDGE('',*,*,#3608,.F.);
#4753=ORIENTED_EDGE('',*,*,#3607,.T.);
#4754=ORIENTED_EDGE('',*,*,#3609,.F.);
#4755=ORIENTED_EDGE('',*,*,#3610,.F.);
#4756=ORIENTED_EDGE('',*,*,#3611,.F.);
#4757=ORIENTED_EDGE('',*,*,#3610,.T.);
#4758=ORIENTED_EDGE('',*,*,#3612,.F.);
#4759=ORIENTED_EDGE('',*,*,#3613,.F.);
#4760=ORIENTED_EDGE('',*,*,#3614,.F.);
#4761=ORIENTED_EDGE('',*,*,#3613,.T.);
#4762=ORIENTED_EDGE('',*,*,#3615,.F.);
#4763=ORIENTED_EDGE('',*,*,#3616,.F.);
#4764=ORIENTED_EDGE('',*,*,#3617,.F.);
#4765=ORIENTED_EDGE('',*,*,#3616,.T.);
#4766=ORIENTED_EDGE('',*,*,#3618,.F.);
#4767=ORIENTED_EDGE('',*,*,#3619,.F.);
#4768=ORIENTED_EDGE('',*,*,#3620,.F.);
#4769=ORIENTED_EDGE('',*,*,#3619,.T.);
#4770=ORIENTED_EDGE('',*,*,#3621,.F.);
#4771=ORIENTED_EDGE('',*,*,#3622,.F.);
#4772=ORIENTED_EDGE('',*,*,#3623,.F.);
#4773=ORIENTED_EDGE('',*,*,#3622,.T.);
#4774=ORIENTED_EDGE('',*,*,#3624,.F.);
#4775=ORIENTED_EDGE('',*,*,#3625,.F.);
#4776=ORIENTED_EDGE('',*,*,#3626,.F.);
#4777=ORIENTED_EDGE('',*,*,#3625,.T.);
#4778=ORIENTED_EDGE('',*,*,#3627,.F.);
#4779=ORIENTED_EDGE('',*,*,#3628,.F.);
#4780=ORIENTED_EDGE('',*,*,#3629,.F.);
#4781=ORIENTED_EDGE('',*,*,#3628,.T.);
#4782=ORIENTED_EDGE('',*,*,#3630,.F.);
#4783=ORIENTED_EDGE('',*,*,#3631,.F.);
#4784=ORIENTED_EDGE('',*,*,#3632,.F.);
#4785=ORIENTED_EDGE('',*,*,#3631,.T.);
#4786=ORIENTED_EDGE('',*,*,#3633,.F.);
#4787=ORIENTED_EDGE('',*,*,#3634,.F.);
#4788=ORIENTED_EDGE('',*,*,#3635,.F.);
#4789=ORIENTED_EDGE('',*,*,#3634,.T.);
#4790=ORIENTED_EDGE('',*,*,#3636,.F.);
#4791=ORIENTED_EDGE('',*,*,#3569,.F.);
#4792=ORIENTED_EDGE('',*,*,#3636,.T.);
#4793=ORIENTED_EDGE('',*,*,#3633,.T.);
#4794=ORIENTED_EDGE('',*,*,#3630,.T.);
#4795=ORIENTED_EDGE('',*,*,#3627,.T.);
#4796=ORIENTED_EDGE('',*,*,#3624,.T.);
#4797=ORIENTED_EDGE('',*,*,#3621,.T.);
#4798=ORIENTED_EDGE('',*,*,#3618,.T.);
#4799=ORIENTED_EDGE('',*,*,#3615,.T.);
#4800=ORIENTED_EDGE('',*,*,#3612,.T.);
#4801=ORIENTED_EDGE('',*,*,#3609,.T.);
#4802=ORIENTED_EDGE('',*,*,#3606,.T.);
#4803=ORIENTED_EDGE('',*,*,#3603,.T.);
#4804=ORIENTED_EDGE('',*,*,#3600,.T.);
#4805=ORIENTED_EDGE('',*,*,#3597,.T.);
#4806=ORIENTED_EDGE('',*,*,#3594,.T.);
#4807=ORIENTED_EDGE('',*,*,#3591,.T.);
#4808=ORIENTED_EDGE('',*,*,#3588,.T.);
#4809=ORIENTED_EDGE('',*,*,#3585,.T.);
#4810=ORIENTED_EDGE('',*,*,#3582,.T.);
#4811=ORIENTED_EDGE('',*,*,#3579,.T.);
#4812=ORIENTED_EDGE('',*,*,#3576,.T.);
#4813=ORIENTED_EDGE('',*,*,#3573,.T.);
#4814=ORIENTED_EDGE('',*,*,#3570,.T.);
#4815=ORIENTED_EDGE('',*,*,#3635,.T.);
#4816=ORIENTED_EDGE('',*,*,#3568,.T.);
#4817=ORIENTED_EDGE('',*,*,#3572,.T.);
#4818=ORIENTED_EDGE('',*,*,#3575,.T.);
#4819=ORIENTED_EDGE('',*,*,#3578,.T.);
#4820=ORIENTED_EDGE('',*,*,#3581,.T.);
#4821=ORIENTED_EDGE('',*,*,#3584,.T.);
#4822=ORIENTED_EDGE('',*,*,#3587,.T.);
#4823=ORIENTED_EDGE('',*,*,#3590,.T.);
#4824=ORIENTED_EDGE('',*,*,#3593,.T.);
#4825=ORIENTED_EDGE('',*,*,#3596,.T.);
#4826=ORIENTED_EDGE('',*,*,#3599,.T.);
#4827=ORIENTED_EDGE('',*,*,#3602,.T.);
#4828=ORIENTED_EDGE('',*,*,#3605,.T.);
#4829=ORIENTED_EDGE('',*,*,#3608,.T.);
#4830=ORIENTED_EDGE('',*,*,#3611,.T.);
#4831=ORIENTED_EDGE('',*,*,#3614,.T.);
#4832=ORIENTED_EDGE('',*,*,#3617,.T.);
#4833=ORIENTED_EDGE('',*,*,#3620,.T.);
#4834=ORIENTED_EDGE('',*,*,#3623,.T.);
#4835=ORIENTED_EDGE('',*,*,#3626,.T.);
#4836=ORIENTED_EDGE('',*,*,#3629,.T.);
#4837=ORIENTED_EDGE('',*,*,#3632,.T.);
#4838=ORIENTED_EDGE('',*,*,#3637,.T.);
#4839=ORIENTED_EDGE('',*,*,#3638,.T.);
#4840=ORIENTED_EDGE('',*,*,#3639,.F.);
#4841=ORIENTED_EDGE('',*,*,#3640,.F.);
#4842=ORIENTED_EDGE('',*,*,#3641,.T.);
#4843=ORIENTED_EDGE('',*,*,#3640,.T.);
#4844=ORIENTED_EDGE('',*,*,#3642,.F.);
#4845=ORIENTED_EDGE('',*,*,#3643,.F.);
#4846=ORIENTED_EDGE('',*,*,#3644,.T.);
#4847=ORIENTED_EDGE('',*,*,#3643,.T.);
#4848=ORIENTED_EDGE('',*,*,#3645,.F.);
#4849=ORIENTED_EDGE('',*,*,#3646,.F.);
#4850=ORIENTED_EDGE('',*,*,#3647,.T.);
#4851=ORIENTED_EDGE('',*,*,#3646,.T.);
#4852=ORIENTED_EDGE('',*,*,#3648,.F.);
#4853=ORIENTED_EDGE('',*,*,#3638,.F.);
#4854=ORIENTED_EDGE('',*,*,#3649,.F.);
#4855=ORIENTED_EDGE('',*,*,#3650,.T.);
#4856=ORIENTED_EDGE('',*,*,#3651,.F.);
#4857=ORIENTED_EDGE('',*,*,#3652,.F.);
#4858=ORIENTED_EDGE('',*,*,#3653,.F.);
#4859=ORIENTED_EDGE('',*,*,#3652,.T.);
#4860=ORIENTED_EDGE('',*,*,#3654,.F.);
#4861=ORIENTED_EDGE('',*,*,#3655,.F.);
#4862=ORIENTED_EDGE('',*,*,#3656,.F.);
#4863=ORIENTED_EDGE('',*,*,#3655,.T.);
#4864=ORIENTED_EDGE('',*,*,#3657,.F.);
#4865=ORIENTED_EDGE('',*,*,#3658,.F.);
#4866=ORIENTED_EDGE('',*,*,#3659,.F.);
#4867=ORIENTED_EDGE('',*,*,#3658,.T.);
#4868=ORIENTED_EDGE('',*,*,#3660,.F.);
#4869=ORIENTED_EDGE('',*,*,#3661,.F.);
#4870=ORIENTED_EDGE('',*,*,#3662,.F.);
#4871=ORIENTED_EDGE('',*,*,#3661,.T.);
#4872=ORIENTED_EDGE('',*,*,#3663,.F.);
#4873=ORIENTED_EDGE('',*,*,#3664,.F.);
#4874=ORIENTED_EDGE('',*,*,#3665,.F.);
#4875=ORIENTED_EDGE('',*,*,#3664,.T.);
#4876=ORIENTED_EDGE('',*,*,#3666,.F.);
#4877=ORIENTED_EDGE('',*,*,#3667,.F.);
#4878=ORIENTED_EDGE('',*,*,#3668,.F.);
#4879=ORIENTED_EDGE('',*,*,#3667,.T.);
#4880=ORIENTED_EDGE('',*,*,#3669,.F.);
#4881=ORIENTED_EDGE('',*,*,#3670,.F.);
#4882=ORIENTED_EDGE('',*,*,#3671,.F.);
#4883=ORIENTED_EDGE('',*,*,#3670,.T.);
#4884=ORIENTED_EDGE('',*,*,#3672,.F.);
#4885=ORIENTED_EDGE('',*,*,#3673,.F.);
#4886=ORIENTED_EDGE('',*,*,#3674,.F.);
#4887=ORIENTED_EDGE('',*,*,#3673,.T.);
#4888=ORIENTED_EDGE('',*,*,#3675,.F.);
#4889=ORIENTED_EDGE('',*,*,#3676,.F.);
#4890=ORIENTED_EDGE('',*,*,#3677,.F.);
#4891=ORIENTED_EDGE('',*,*,#3676,.T.);
#4892=ORIENTED_EDGE('',*,*,#3678,.F.);
#4893=ORIENTED_EDGE('',*,*,#3679,.F.);
#4894=ORIENTED_EDGE('',*,*,#3680,.F.);
#4895=ORIENTED_EDGE('',*,*,#3679,.T.);
#4896=ORIENTED_EDGE('',*,*,#3681,.F.);
#4897=ORIENTED_EDGE('',*,*,#3682,.F.);
#4898=ORIENTED_EDGE('',*,*,#3683,.F.);
#4899=ORIENTED_EDGE('',*,*,#3682,.T.);
#4900=ORIENTED_EDGE('',*,*,#3684,.F.);
#4901=ORIENTED_EDGE('',*,*,#3685,.F.);
#4902=ORIENTED_EDGE('',*,*,#3686,.F.);
#4903=ORIENTED_EDGE('',*,*,#3685,.T.);
#4904=ORIENTED_EDGE('',*,*,#3687,.F.);
#4905=ORIENTED_EDGE('',*,*,#3688,.F.);
#4906=ORIENTED_EDGE('',*,*,#3689,.F.);
#4907=ORIENTED_EDGE('',*,*,#3688,.T.);
#4908=ORIENTED_EDGE('',*,*,#3690,.F.);
#4909=ORIENTED_EDGE('',*,*,#3650,.F.);
#4910=ORIENTED_EDGE('',*,*,#3690,.T.);
#4911=ORIENTED_EDGE('',*,*,#3687,.T.);
#4912=ORIENTED_EDGE('',*,*,#3684,.T.);
#4913=ORIENTED_EDGE('',*,*,#3681,.T.);
#4914=ORIENTED_EDGE('',*,*,#3678,.T.);
#4915=ORIENTED_EDGE('',*,*,#3675,.T.);
#4916=ORIENTED_EDGE('',*,*,#3672,.T.);
#4917=ORIENTED_EDGE('',*,*,#3669,.T.);
#4918=ORIENTED_EDGE('',*,*,#3666,.T.);
#4919=ORIENTED_EDGE('',*,*,#3663,.T.);
#4920=ORIENTED_EDGE('',*,*,#3660,.T.);
#4921=ORIENTED_EDGE('',*,*,#3657,.T.);
#4922=ORIENTED_EDGE('',*,*,#3654,.T.);
#4923=ORIENTED_EDGE('',*,*,#3651,.T.);
#4924=ORIENTED_EDGE('',*,*,#3648,.T.);
#4925=ORIENTED_EDGE('',*,*,#3645,.T.);
#4926=ORIENTED_EDGE('',*,*,#3642,.T.);
#4927=ORIENTED_EDGE('',*,*,#3639,.T.);
#4928=ORIENTED_EDGE('',*,*,#3689,.T.);
#4929=ORIENTED_EDGE('',*,*,#3649,.T.);
#4930=ORIENTED_EDGE('',*,*,#3653,.T.);
#4931=ORIENTED_EDGE('',*,*,#3656,.T.);
#4932=ORIENTED_EDGE('',*,*,#3659,.T.);
#4933=ORIENTED_EDGE('',*,*,#3662,.T.);
#4934=ORIENTED_EDGE('',*,*,#3665,.T.);
#4935=ORIENTED_EDGE('',*,*,#3668,.T.);
#4936=ORIENTED_EDGE('',*,*,#3671,.T.);
#4937=ORIENTED_EDGE('',*,*,#3674,.T.);
#4938=ORIENTED_EDGE('',*,*,#3677,.T.);
#4939=ORIENTED_EDGE('',*,*,#3680,.T.);
#4940=ORIENTED_EDGE('',*,*,#3683,.T.);
#4941=ORIENTED_EDGE('',*,*,#3686,.T.);
#4942=ORIENTED_EDGE('',*,*,#3647,.F.);
#4943=ORIENTED_EDGE('',*,*,#3637,.F.);
#4944=ORIENTED_EDGE('',*,*,#3641,.F.);
#4945=ORIENTED_EDGE('',*,*,#3644,.F.);
#4946=ORIENTED_EDGE('',*,*,#3691,.T.);
#4947=ORIENTED_EDGE('',*,*,#3692,.T.);
#4948=ORIENTED_EDGE('',*,*,#3693,.F.);
#4949=ORIENTED_EDGE('',*,*,#3694,.F.);
#4950=ORIENTED_EDGE('',*,*,#3695,.T.);
#4951=ORIENTED_EDGE('',*,*,#3694,.T.);
#4952=ORIENTED_EDGE('',*,*,#3696,.F.);
#4953=ORIENTED_EDGE('',*,*,#3697,.F.);
#4954=ORIENTED_EDGE('',*,*,#3698,.T.);
#4955=ORIENTED_EDGE('',*,*,#3697,.T.);
#4956=ORIENTED_EDGE('',*,*,#3699,.F.);
#4957=ORIENTED_EDGE('',*,*,#3700,.F.);
#4958=ORIENTED_EDGE('',*,*,#3701,.T.);
#4959=ORIENTED_EDGE('',*,*,#3700,.T.);
#4960=ORIENTED_EDGE('',*,*,#3702,.F.);
#4961=ORIENTED_EDGE('',*,*,#3703,.F.);
#4962=ORIENTED_EDGE('',*,*,#3704,.T.);
#4963=ORIENTED_EDGE('',*,*,#3703,.T.);
#4964=ORIENTED_EDGE('',*,*,#3705,.F.);
#4965=ORIENTED_EDGE('',*,*,#3706,.F.);
#4966=ORIENTED_EDGE('',*,*,#3707,.T.);
#4967=ORIENTED_EDGE('',*,*,#3706,.T.);
#4968=ORIENTED_EDGE('',*,*,#3708,.F.);
#4969=ORIENTED_EDGE('',*,*,#3709,.F.);
#4970=ORIENTED_EDGE('',*,*,#3710,.T.);
#4971=ORIENTED_EDGE('',*,*,#3709,.T.);
#4972=ORIENTED_EDGE('',*,*,#3711,.F.);
#4973=ORIENTED_EDGE('',*,*,#3712,.F.);
#4974=ORIENTED_EDGE('',*,*,#3713,.T.);
#4975=ORIENTED_EDGE('',*,*,#3712,.T.);
#4976=ORIENTED_EDGE('',*,*,#3714,.F.);
#4977=ORIENTED_EDGE('',*,*,#3692,.F.);
#4978=ORIENTED_EDGE('',*,*,#3715,.T.);
#4979=ORIENTED_EDGE('',*,*,#3716,.T.);
#4980=ORIENTED_EDGE('',*,*,#3717,.F.);
#4981=ORIENTED_EDGE('',*,*,#3718,.F.);
#4982=ORIENTED_EDGE('',*,*,#3719,.T.);
#4983=ORIENTED_EDGE('',*,*,#3718,.T.);
#4984=ORIENTED_EDGE('',*,*,#3720,.F.);
#4985=ORIENTED_EDGE('',*,*,#3721,.F.);
#4986=ORIENTED_EDGE('',*,*,#3722,.T.);
#4987=ORIENTED_EDGE('',*,*,#3721,.T.);
#4988=ORIENTED_EDGE('',*,*,#3723,.F.);
#4989=ORIENTED_EDGE('',*,*,#3724,.F.);
#4990=ORIENTED_EDGE('',*,*,#3725,.T.);
#4991=ORIENTED_EDGE('',*,*,#3724,.T.);
#4992=ORIENTED_EDGE('',*,*,#3726,.F.);
#4993=ORIENTED_EDGE('',*,*,#3727,.F.);
#4994=ORIENTED_EDGE('',*,*,#3728,.T.);
#4995=ORIENTED_EDGE('',*,*,#3727,.T.);
#4996=ORIENTED_EDGE('',*,*,#3729,.F.);
#4997=ORIENTED_EDGE('',*,*,#3730,.F.);
#4998=ORIENTED_EDGE('',*,*,#3731,.T.);
#4999=ORIENTED_EDGE('',*,*,#3730,.T.);
#5000=ORIENTED_EDGE('',*,*,#3732,.F.);
#5001=ORIENTED_EDGE('',*,*,#3733,.F.);
#5002=ORIENTED_EDGE('',*,*,#3734,.T.);
#5003=ORIENTED_EDGE('',*,*,#3733,.T.);
#5004=ORIENTED_EDGE('',*,*,#3735,.F.);
#5005=ORIENTED_EDGE('',*,*,#3736,.F.);
#5006=ORIENTED_EDGE('',*,*,#3737,.T.);
#5007=ORIENTED_EDGE('',*,*,#3736,.T.);
#5008=ORIENTED_EDGE('',*,*,#3738,.F.);
#5009=ORIENTED_EDGE('',*,*,#3716,.F.);
#5010=ORIENTED_EDGE('',*,*,#3739,.T.);
#5011=ORIENTED_EDGE('',*,*,#3740,.T.);
#5012=ORIENTED_EDGE('',*,*,#3741,.F.);
#5013=ORIENTED_EDGE('',*,*,#3742,.F.);
#5014=ORIENTED_EDGE('',*,*,#3743,.T.);
#5015=ORIENTED_EDGE('',*,*,#3742,.T.);
#5016=ORIENTED_EDGE('',*,*,#3744,.F.);
#5017=ORIENTED_EDGE('',*,*,#3745,.F.);
#5018=ORIENTED_EDGE('',*,*,#3746,.T.);
#5019=ORIENTED_EDGE('',*,*,#3745,.T.);
#5020=ORIENTED_EDGE('',*,*,#3747,.F.);
#5021=ORIENTED_EDGE('',*,*,#3748,.F.);
#5022=ORIENTED_EDGE('',*,*,#3749,.T.);
#5023=ORIENTED_EDGE('',*,*,#3748,.T.);
#5024=ORIENTED_EDGE('',*,*,#3750,.F.);
#5025=ORIENTED_EDGE('',*,*,#3751,.F.);
#5026=ORIENTED_EDGE('',*,*,#3752,.T.);
#5027=ORIENTED_EDGE('',*,*,#3751,.T.);
#5028=ORIENTED_EDGE('',*,*,#3753,.F.);
#5029=ORIENTED_EDGE('',*,*,#3754,.F.);
#5030=ORIENTED_EDGE('',*,*,#3755,.T.);
#5031=ORIENTED_EDGE('',*,*,#3754,.T.);
#5032=ORIENTED_EDGE('',*,*,#3756,.F.);
#5033=ORIENTED_EDGE('',*,*,#3757,.F.);
#5034=ORIENTED_EDGE('',*,*,#3758,.T.);
#5035=ORIENTED_EDGE('',*,*,#3757,.T.);
#5036=ORIENTED_EDGE('',*,*,#3759,.F.);
#5037=ORIENTED_EDGE('',*,*,#3760,.F.);
#5038=ORIENTED_EDGE('',*,*,#3761,.T.);
#5039=ORIENTED_EDGE('',*,*,#3760,.T.);
#5040=ORIENTED_EDGE('',*,*,#3762,.F.);
#5041=ORIENTED_EDGE('',*,*,#3763,.F.);
#5042=ORIENTED_EDGE('',*,*,#3764,.T.);
#5043=ORIENTED_EDGE('',*,*,#3763,.T.);
#5044=ORIENTED_EDGE('',*,*,#3765,.F.);
#5045=ORIENTED_EDGE('',*,*,#3740,.F.);
#5046=ORIENTED_EDGE('',*,*,#3766,.T.);
#5047=ORIENTED_EDGE('',*,*,#3767,.T.);
#5048=ORIENTED_EDGE('',*,*,#3768,.F.);
#5049=ORIENTED_EDGE('',*,*,#3769,.F.);
#5050=ORIENTED_EDGE('',*,*,#3770,.T.);
#5051=ORIENTED_EDGE('',*,*,#3769,.T.);
#5052=ORIENTED_EDGE('',*,*,#3771,.F.);
#5053=ORIENTED_EDGE('',*,*,#3772,.F.);
#5054=ORIENTED_EDGE('',*,*,#3773,.T.);
#5055=ORIENTED_EDGE('',*,*,#3772,.T.);
#5056=ORIENTED_EDGE('',*,*,#3774,.F.);
#5057=ORIENTED_EDGE('',*,*,#3775,.F.);
#5058=ORIENTED_EDGE('',*,*,#3776,.T.);
#5059=ORIENTED_EDGE('',*,*,#3775,.T.);
#5060=ORIENTED_EDGE('',*,*,#3777,.F.);
#5061=ORIENTED_EDGE('',*,*,#3778,.F.);
#5062=ORIENTED_EDGE('',*,*,#3779,.T.);
#5063=ORIENTED_EDGE('',*,*,#3778,.T.);
#5064=ORIENTED_EDGE('',*,*,#3780,.F.);
#5065=ORIENTED_EDGE('',*,*,#3781,.F.);
#5066=ORIENTED_EDGE('',*,*,#3782,.T.);
#5067=ORIENTED_EDGE('',*,*,#3781,.T.);
#5068=ORIENTED_EDGE('',*,*,#3783,.F.);
#5069=ORIENTED_EDGE('',*,*,#3784,.F.);
#5070=ORIENTED_EDGE('',*,*,#3785,.T.);
#5071=ORIENTED_EDGE('',*,*,#3784,.T.);
#5072=ORIENTED_EDGE('',*,*,#3786,.F.);
#5073=ORIENTED_EDGE('',*,*,#3787,.F.);
#5074=ORIENTED_EDGE('',*,*,#3788,.T.);
#5075=ORIENTED_EDGE('',*,*,#3787,.T.);
#5076=ORIENTED_EDGE('',*,*,#3789,.F.);
#5077=ORIENTED_EDGE('',*,*,#3790,.F.);
#5078=ORIENTED_EDGE('',*,*,#3791,.T.);
#5079=ORIENTED_EDGE('',*,*,#3790,.T.);
#5080=ORIENTED_EDGE('',*,*,#3792,.F.);
#5081=ORIENTED_EDGE('',*,*,#3793,.F.);
#5082=ORIENTED_EDGE('',*,*,#3794,.T.);
#5083=ORIENTED_EDGE('',*,*,#3793,.T.);
#5084=ORIENTED_EDGE('',*,*,#3795,.F.);
#5085=ORIENTED_EDGE('',*,*,#3767,.F.);
#5086=ORIENTED_EDGE('',*,*,#3796,.T.);
#5087=ORIENTED_EDGE('',*,*,#3797,.T.);
#5088=ORIENTED_EDGE('',*,*,#3798,.F.);
#5089=ORIENTED_EDGE('',*,*,#3799,.F.);
#5090=ORIENTED_EDGE('',*,*,#3800,.T.);
#5091=ORIENTED_EDGE('',*,*,#3799,.T.);
#5092=ORIENTED_EDGE('',*,*,#3801,.F.);
#5093=ORIENTED_EDGE('',*,*,#3802,.F.);
#5094=ORIENTED_EDGE('',*,*,#3803,.T.);
#5095=ORIENTED_EDGE('',*,*,#3802,.T.);
#5096=ORIENTED_EDGE('',*,*,#3804,.F.);
#5097=ORIENTED_EDGE('',*,*,#3805,.F.);
#5098=ORIENTED_EDGE('',*,*,#3806,.T.);
#5099=ORIENTED_EDGE('',*,*,#3805,.T.);
#5100=ORIENTED_EDGE('',*,*,#3807,.F.);
#5101=ORIENTED_EDGE('',*,*,#3808,.F.);
#5102=ORIENTED_EDGE('',*,*,#3809,.T.);
#5103=ORIENTED_EDGE('',*,*,#3808,.T.);
#5104=ORIENTED_EDGE('',*,*,#3810,.F.);
#5105=ORIENTED_EDGE('',*,*,#3811,.F.);
#5106=ORIENTED_EDGE('',*,*,#3812,.T.);
#5107=ORIENTED_EDGE('',*,*,#3811,.T.);
#5108=ORIENTED_EDGE('',*,*,#3813,.F.);
#5109=ORIENTED_EDGE('',*,*,#3814,.F.);
#5110=ORIENTED_EDGE('',*,*,#3815,.T.);
#5111=ORIENTED_EDGE('',*,*,#3814,.T.);
#5112=ORIENTED_EDGE('',*,*,#3816,.F.);
#5113=ORIENTED_EDGE('',*,*,#3817,.F.);
#5114=ORIENTED_EDGE('',*,*,#3818,.T.);
#5115=ORIENTED_EDGE('',*,*,#3817,.T.);
#5116=ORIENTED_EDGE('',*,*,#3819,.F.);
#5117=ORIENTED_EDGE('',*,*,#3820,.F.);
#5118=ORIENTED_EDGE('',*,*,#3821,.T.);
#5119=ORIENTED_EDGE('',*,*,#3820,.T.);
#5120=ORIENTED_EDGE('',*,*,#3822,.F.);
#5121=ORIENTED_EDGE('',*,*,#3823,.F.);
#5122=ORIENTED_EDGE('',*,*,#3824,.T.);
#5123=ORIENTED_EDGE('',*,*,#3823,.T.);
#5124=ORIENTED_EDGE('',*,*,#3825,.F.);
#5125=ORIENTED_EDGE('',*,*,#3826,.F.);
#5126=ORIENTED_EDGE('',*,*,#3827,.T.);
#5127=ORIENTED_EDGE('',*,*,#3826,.T.);
#5128=ORIENTED_EDGE('',*,*,#3828,.F.);
#5129=ORIENTED_EDGE('',*,*,#3829,.F.);
#5130=ORIENTED_EDGE('',*,*,#3830,.T.);
#5131=ORIENTED_EDGE('',*,*,#3829,.T.);
#5132=ORIENTED_EDGE('',*,*,#3831,.F.);
#5133=ORIENTED_EDGE('',*,*,#3797,.F.);
#5134=ORIENTED_EDGE('',*,*,#3832,.T.);
#5135=ORIENTED_EDGE('',*,*,#3833,.T.);
#5136=ORIENTED_EDGE('',*,*,#3834,.F.);
#5137=ORIENTED_EDGE('',*,*,#3835,.F.);
#5138=ORIENTED_EDGE('',*,*,#3836,.T.);
#5139=ORIENTED_EDGE('',*,*,#3835,.T.);
#5140=ORIENTED_EDGE('',*,*,#3837,.F.);
#5141=ORIENTED_EDGE('',*,*,#3838,.F.);
#5142=ORIENTED_EDGE('',*,*,#3839,.T.);
#5143=ORIENTED_EDGE('',*,*,#3838,.T.);
#5144=ORIENTED_EDGE('',*,*,#3840,.F.);
#5145=ORIENTED_EDGE('',*,*,#3841,.F.);
#5146=ORIENTED_EDGE('',*,*,#3842,.T.);
#5147=ORIENTED_EDGE('',*,*,#3841,.T.);
#5148=ORIENTED_EDGE('',*,*,#3843,.F.);
#5149=ORIENTED_EDGE('',*,*,#3844,.F.);
#5150=ORIENTED_EDGE('',*,*,#3845,.T.);
#5151=ORIENTED_EDGE('',*,*,#3844,.T.);
#5152=ORIENTED_EDGE('',*,*,#3846,.F.);
#5153=ORIENTED_EDGE('',*,*,#3847,.F.);
#5154=ORIENTED_EDGE('',*,*,#3848,.T.);
#5155=ORIENTED_EDGE('',*,*,#3847,.T.);
#5156=ORIENTED_EDGE('',*,*,#3849,.F.);
#5157=ORIENTED_EDGE('',*,*,#3850,.F.);
#5158=ORIENTED_EDGE('',*,*,#3851,.T.);
#5159=ORIENTED_EDGE('',*,*,#3850,.T.);
#5160=ORIENTED_EDGE('',*,*,#3852,.F.);
#5161=ORIENTED_EDGE('',*,*,#3853,.F.);
#5162=ORIENTED_EDGE('',*,*,#3854,.T.);
#5163=ORIENTED_EDGE('',*,*,#3853,.T.);
#5164=ORIENTED_EDGE('',*,*,#3855,.F.);
#5165=ORIENTED_EDGE('',*,*,#3856,.F.);
#5166=ORIENTED_EDGE('',*,*,#3857,.T.);
#5167=ORIENTED_EDGE('',*,*,#3856,.T.);
#5168=ORIENTED_EDGE('',*,*,#3858,.F.);
#5169=ORIENTED_EDGE('',*,*,#3859,.F.);
#5170=ORIENTED_EDGE('',*,*,#3860,.T.);
#5171=ORIENTED_EDGE('',*,*,#3859,.T.);
#5172=ORIENTED_EDGE('',*,*,#3861,.F.);
#5173=ORIENTED_EDGE('',*,*,#3862,.F.);
#5174=ORIENTED_EDGE('',*,*,#3863,.T.);
#5175=ORIENTED_EDGE('',*,*,#3862,.T.);
#5176=ORIENTED_EDGE('',*,*,#3864,.F.);
#5177=ORIENTED_EDGE('',*,*,#3865,.F.);
#5178=ORIENTED_EDGE('',*,*,#3866,.T.);
#5179=ORIENTED_EDGE('',*,*,#3865,.T.);
#5180=ORIENTED_EDGE('',*,*,#3867,.F.);
#5181=ORIENTED_EDGE('',*,*,#3868,.F.);
#5182=ORIENTED_EDGE('',*,*,#3869,.T.);
#5183=ORIENTED_EDGE('',*,*,#3868,.T.);
#5184=ORIENTED_EDGE('',*,*,#3870,.F.);
#5185=ORIENTED_EDGE('',*,*,#3871,.F.);
#5186=ORIENTED_EDGE('',*,*,#3872,.T.);
#5187=ORIENTED_EDGE('',*,*,#3871,.T.);
#5188=ORIENTED_EDGE('',*,*,#3873,.F.);
#5189=ORIENTED_EDGE('',*,*,#3833,.F.);
#5190=ORIENTED_EDGE('',*,*,#3874,.T.);
#5191=ORIENTED_EDGE('',*,*,#3875,.T.);
#5192=ORIENTED_EDGE('',*,*,#3876,.F.);
#5193=ORIENTED_EDGE('',*,*,#3877,.F.);
#5194=ORIENTED_EDGE('',*,*,#3878,.T.);
#5195=ORIENTED_EDGE('',*,*,#3877,.T.);
#5196=ORIENTED_EDGE('',*,*,#3879,.F.);
#5197=ORIENTED_EDGE('',*,*,#3880,.F.);
#5198=ORIENTED_EDGE('',*,*,#3881,.T.);
#5199=ORIENTED_EDGE('',*,*,#3880,.T.);
#5200=ORIENTED_EDGE('',*,*,#3882,.F.);
#5201=ORIENTED_EDGE('',*,*,#3883,.F.);
#5202=ORIENTED_EDGE('',*,*,#3884,.T.);
#5203=ORIENTED_EDGE('',*,*,#3883,.T.);
#5204=ORIENTED_EDGE('',*,*,#3885,.F.);
#5205=ORIENTED_EDGE('',*,*,#3886,.F.);
#5206=ORIENTED_EDGE('',*,*,#3887,.T.);
#5207=ORIENTED_EDGE('',*,*,#3886,.T.);
#5208=ORIENTED_EDGE('',*,*,#3888,.F.);
#5209=ORIENTED_EDGE('',*,*,#3889,.F.);
#5210=ORIENTED_EDGE('',*,*,#3890,.T.);
#5211=ORIENTED_EDGE('',*,*,#3889,.T.);
#5212=ORIENTED_EDGE('',*,*,#3891,.F.);
#5213=ORIENTED_EDGE('',*,*,#3892,.F.);
#5214=ORIENTED_EDGE('',*,*,#3893,.T.);
#5215=ORIENTED_EDGE('',*,*,#3892,.T.);
#5216=ORIENTED_EDGE('',*,*,#3894,.F.);
#5217=ORIENTED_EDGE('',*,*,#3895,.F.);
#5218=ORIENTED_EDGE('',*,*,#3896,.T.);
#5219=ORIENTED_EDGE('',*,*,#3895,.T.);
#5220=ORIENTED_EDGE('',*,*,#3897,.F.);
#5221=ORIENTED_EDGE('',*,*,#3898,.F.);
#5222=ORIENTED_EDGE('',*,*,#3899,.T.);
#5223=ORIENTED_EDGE('',*,*,#3898,.T.);
#5224=ORIENTED_EDGE('',*,*,#3900,.F.);
#5225=ORIENTED_EDGE('',*,*,#3901,.F.);
#5226=ORIENTED_EDGE('',*,*,#3902,.T.);
#5227=ORIENTED_EDGE('',*,*,#3901,.T.);
#5228=ORIENTED_EDGE('',*,*,#3903,.F.);
#5229=ORIENTED_EDGE('',*,*,#3875,.F.);
#5230=ORIENTED_EDGE('',*,*,#3904,.T.);
#5231=ORIENTED_EDGE('',*,*,#3905,.T.);
#5232=ORIENTED_EDGE('',*,*,#3906,.F.);
#5233=ORIENTED_EDGE('',*,*,#3907,.F.);
#5234=ORIENTED_EDGE('',*,*,#3908,.T.);
#5235=ORIENTED_EDGE('',*,*,#3907,.T.);
#5236=ORIENTED_EDGE('',*,*,#3909,.F.);
#5237=ORIENTED_EDGE('',*,*,#3910,.F.);
#5238=ORIENTED_EDGE('',*,*,#3911,.T.);
#5239=ORIENTED_EDGE('',*,*,#3910,.T.);
#5240=ORIENTED_EDGE('',*,*,#3912,.F.);
#5241=ORIENTED_EDGE('',*,*,#3913,.F.);
#5242=ORIENTED_EDGE('',*,*,#3914,.T.);
#5243=ORIENTED_EDGE('',*,*,#3913,.T.);
#5244=ORIENTED_EDGE('',*,*,#3915,.F.);
#5245=ORIENTED_EDGE('',*,*,#3916,.F.);
#5246=ORIENTED_EDGE('',*,*,#3917,.T.);
#5247=ORIENTED_EDGE('',*,*,#3916,.T.);
#5248=ORIENTED_EDGE('',*,*,#3918,.F.);
#5249=ORIENTED_EDGE('',*,*,#3919,.F.);
#5250=ORIENTED_EDGE('',*,*,#3920,.T.);
#5251=ORIENTED_EDGE('',*,*,#3919,.T.);
#5252=ORIENTED_EDGE('',*,*,#3921,.F.);
#5253=ORIENTED_EDGE('',*,*,#3922,.F.);
#5254=ORIENTED_EDGE('',*,*,#3923,.T.);
#5255=ORIENTED_EDGE('',*,*,#3922,.T.);
#5256=ORIENTED_EDGE('',*,*,#3924,.F.);
#5257=ORIENTED_EDGE('',*,*,#3925,.F.);
#5258=ORIENTED_EDGE('',*,*,#3926,.T.);
#5259=ORIENTED_EDGE('',*,*,#3925,.T.);
#5260=ORIENTED_EDGE('',*,*,#3927,.F.);
#5261=ORIENTED_EDGE('',*,*,#3905,.F.);
#5262=ORIENTED_EDGE('',*,*,#3928,.F.);
#5263=ORIENTED_EDGE('',*,*,#3929,.T.);
#5264=ORIENTED_EDGE('',*,*,#3930,.F.);
#5265=ORIENTED_EDGE('',*,*,#3931,.F.);
#5266=ORIENTED_EDGE('',*,*,#3932,.F.);
#5267=ORIENTED_EDGE('',*,*,#3931,.T.);
#5268=ORIENTED_EDGE('',*,*,#3933,.F.);
#5269=ORIENTED_EDGE('',*,*,#3934,.F.);
#5270=ORIENTED_EDGE('',*,*,#3935,.F.);
#5271=ORIENTED_EDGE('',*,*,#3934,.T.);
#5272=ORIENTED_EDGE('',*,*,#3936,.F.);
#5273=ORIENTED_EDGE('',*,*,#3937,.F.);
#5274=ORIENTED_EDGE('',*,*,#3938,.F.);
#5275=ORIENTED_EDGE('',*,*,#3937,.T.);
#5276=ORIENTED_EDGE('',*,*,#3939,.F.);
#5277=ORIENTED_EDGE('',*,*,#3940,.F.);
#5278=ORIENTED_EDGE('',*,*,#3941,.F.);
#5279=ORIENTED_EDGE('',*,*,#3940,.T.);
#5280=ORIENTED_EDGE('',*,*,#3942,.F.);
#5281=ORIENTED_EDGE('',*,*,#3943,.F.);
#5282=ORIENTED_EDGE('',*,*,#3944,.F.);
#5283=ORIENTED_EDGE('',*,*,#3943,.T.);
#5284=ORIENTED_EDGE('',*,*,#3945,.F.);
#5285=ORIENTED_EDGE('',*,*,#3946,.F.);
#5286=ORIENTED_EDGE('',*,*,#3947,.F.);
#5287=ORIENTED_EDGE('',*,*,#3946,.T.);
#5288=ORIENTED_EDGE('',*,*,#3948,.F.);
#5289=ORIENTED_EDGE('',*,*,#3949,.F.);
#5290=ORIENTED_EDGE('',*,*,#3950,.F.);
#5291=ORIENTED_EDGE('',*,*,#3949,.T.);
#5292=ORIENTED_EDGE('',*,*,#3951,.F.);
#5293=ORIENTED_EDGE('',*,*,#3952,.F.);
#5294=ORIENTED_EDGE('',*,*,#3953,.F.);
#5295=ORIENTED_EDGE('',*,*,#3952,.T.);
#5296=ORIENTED_EDGE('',*,*,#3954,.F.);
#5297=ORIENTED_EDGE('',*,*,#3955,.F.);
#5298=ORIENTED_EDGE('',*,*,#3956,.F.);
#5299=ORIENTED_EDGE('',*,*,#3955,.T.);
#5300=ORIENTED_EDGE('',*,*,#3957,.F.);
#5301=ORIENTED_EDGE('',*,*,#3958,.F.);
#5302=ORIENTED_EDGE('',*,*,#3959,.T.);
#5303=ORIENTED_EDGE('',*,*,#3958,.T.);
#5304=ORIENTED_EDGE('',*,*,#3960,.F.);
#5305=ORIENTED_EDGE('',*,*,#3961,.F.);
#5306=ORIENTED_EDGE('',*,*,#3962,.T.);
#5307=ORIENTED_EDGE('',*,*,#3961,.T.);
#5308=ORIENTED_EDGE('',*,*,#3963,.F.);
#5309=ORIENTED_EDGE('',*,*,#3964,.F.);
#5310=ORIENTED_EDGE('',*,*,#3965,.T.);
#5311=ORIENTED_EDGE('',*,*,#3964,.T.);
#5312=ORIENTED_EDGE('',*,*,#3966,.F.);
#5313=ORIENTED_EDGE('',*,*,#3929,.F.);
#5314=ORIENTED_EDGE('',*,*,#3966,.T.);
#5315=ORIENTED_EDGE('',*,*,#3963,.T.);
#5316=ORIENTED_EDGE('',*,*,#3960,.T.);
#5317=ORIENTED_EDGE('',*,*,#3957,.T.);
#5318=ORIENTED_EDGE('',*,*,#3954,.T.);
#5319=ORIENTED_EDGE('',*,*,#3951,.T.);
#5320=ORIENTED_EDGE('',*,*,#3948,.T.);
#5321=ORIENTED_EDGE('',*,*,#3945,.T.);
#5322=ORIENTED_EDGE('',*,*,#3942,.T.);
#5323=ORIENTED_EDGE('',*,*,#3939,.T.);
#5324=ORIENTED_EDGE('',*,*,#3936,.T.);
#5325=ORIENTED_EDGE('',*,*,#3933,.T.);
#5326=ORIENTED_EDGE('',*,*,#3930,.T.);
#5327=ORIENTED_EDGE('',*,*,#3927,.T.);
#5328=ORIENTED_EDGE('',*,*,#3924,.T.);
#5329=ORIENTED_EDGE('',*,*,#3921,.T.);
#5330=ORIENTED_EDGE('',*,*,#3918,.T.);
#5331=ORIENTED_EDGE('',*,*,#3915,.T.);
#5332=ORIENTED_EDGE('',*,*,#3912,.T.);
#5333=ORIENTED_EDGE('',*,*,#3909,.T.);
#5334=ORIENTED_EDGE('',*,*,#3906,.T.);
#5335=ORIENTED_EDGE('',*,*,#3903,.T.);
#5336=ORIENTED_EDGE('',*,*,#3900,.T.);
#5337=ORIENTED_EDGE('',*,*,#3897,.T.);
#5338=ORIENTED_EDGE('',*,*,#3894,.T.);
#5339=ORIENTED_EDGE('',*,*,#3891,.T.);
#5340=ORIENTED_EDGE('',*,*,#3888,.T.);
#5341=ORIENTED_EDGE('',*,*,#3885,.T.);
#5342=ORIENTED_EDGE('',*,*,#3882,.T.);
#5343=ORIENTED_EDGE('',*,*,#3879,.T.);
#5344=ORIENTED_EDGE('',*,*,#3876,.T.);
#5345=ORIENTED_EDGE('',*,*,#3873,.T.);
#5346=ORIENTED_EDGE('',*,*,#3870,.T.);
#5347=ORIENTED_EDGE('',*,*,#3867,.T.);
#5348=ORIENTED_EDGE('',*,*,#3864,.T.);
#5349=ORIENTED_EDGE('',*,*,#3861,.T.);
#5350=ORIENTED_EDGE('',*,*,#3858,.T.);
#5351=ORIENTED_EDGE('',*,*,#3855,.T.);
#5352=ORIENTED_EDGE('',*,*,#3852,.T.);
#5353=ORIENTED_EDGE('',*,*,#3849,.T.);
#5354=ORIENTED_EDGE('',*,*,#3846,.T.);
#5355=ORIENTED_EDGE('',*,*,#3843,.T.);
#5356=ORIENTED_EDGE('',*,*,#3840,.T.);
#5357=ORIENTED_EDGE('',*,*,#3837,.T.);
#5358=ORIENTED_EDGE('',*,*,#3834,.T.);
#5359=ORIENTED_EDGE('',*,*,#3831,.T.);
#5360=ORIENTED_EDGE('',*,*,#3828,.T.);
#5361=ORIENTED_EDGE('',*,*,#3825,.T.);
#5362=ORIENTED_EDGE('',*,*,#3822,.T.);
#5363=ORIENTED_EDGE('',*,*,#3819,.T.);
#5364=ORIENTED_EDGE('',*,*,#3816,.T.);
#5365=ORIENTED_EDGE('',*,*,#3813,.T.);
#5366=ORIENTED_EDGE('',*,*,#3810,.T.);
#5367=ORIENTED_EDGE('',*,*,#3807,.T.);
#5368=ORIENTED_EDGE('',*,*,#3804,.T.);
#5369=ORIENTED_EDGE('',*,*,#3801,.T.);
#5370=ORIENTED_EDGE('',*,*,#3798,.T.);
#5371=ORIENTED_EDGE('',*,*,#3795,.T.);
#5372=ORIENTED_EDGE('',*,*,#3792,.T.);
#5373=ORIENTED_EDGE('',*,*,#3789,.T.);
#5374=ORIENTED_EDGE('',*,*,#3786,.T.);
#5375=ORIENTED_EDGE('',*,*,#3783,.T.);
#5376=ORIENTED_EDGE('',*,*,#3780,.T.);
#5377=ORIENTED_EDGE('',*,*,#3777,.T.);
#5378=ORIENTED_EDGE('',*,*,#3774,.T.);
#5379=ORIENTED_EDGE('',*,*,#3771,.T.);
#5380=ORIENTED_EDGE('',*,*,#3768,.T.);
#5381=ORIENTED_EDGE('',*,*,#3765,.T.);
#5382=ORIENTED_EDGE('',*,*,#3762,.T.);
#5383=ORIENTED_EDGE('',*,*,#3759,.T.);
#5384=ORIENTED_EDGE('',*,*,#3756,.T.);
#5385=ORIENTED_EDGE('',*,*,#3753,.T.);
#5386=ORIENTED_EDGE('',*,*,#3750,.T.);
#5387=ORIENTED_EDGE('',*,*,#3747,.T.);
#5388=ORIENTED_EDGE('',*,*,#3744,.T.);
#5389=ORIENTED_EDGE('',*,*,#3741,.T.);
#5390=ORIENTED_EDGE('',*,*,#3738,.T.);
#5391=ORIENTED_EDGE('',*,*,#3735,.T.);
#5392=ORIENTED_EDGE('',*,*,#3732,.T.);
#5393=ORIENTED_EDGE('',*,*,#3729,.T.);
#5394=ORIENTED_EDGE('',*,*,#3726,.T.);
#5395=ORIENTED_EDGE('',*,*,#3723,.T.);
#5396=ORIENTED_EDGE('',*,*,#3720,.T.);
#5397=ORIENTED_EDGE('',*,*,#3717,.T.);
#5398=ORIENTED_EDGE('',*,*,#3714,.T.);
#5399=ORIENTED_EDGE('',*,*,#3711,.T.);
#5400=ORIENTED_EDGE('',*,*,#3708,.T.);
#5401=ORIENTED_EDGE('',*,*,#3705,.T.);
#5402=ORIENTED_EDGE('',*,*,#3702,.T.);
#5403=ORIENTED_EDGE('',*,*,#3699,.T.);
#5404=ORIENTED_EDGE('',*,*,#3696,.T.);
#5405=ORIENTED_EDGE('',*,*,#3693,.T.);
#5406=ORIENTED_EDGE('',*,*,#3965,.F.);
#5407=ORIENTED_EDGE('',*,*,#3928,.T.);
#5408=ORIENTED_EDGE('',*,*,#3932,.T.);
#5409=ORIENTED_EDGE('',*,*,#3935,.T.);
#5410=ORIENTED_EDGE('',*,*,#3938,.T.);
#5411=ORIENTED_EDGE('',*,*,#3941,.T.);
#5412=ORIENTED_EDGE('',*,*,#3944,.T.);
#5413=ORIENTED_EDGE('',*,*,#3947,.T.);
#5414=ORIENTED_EDGE('',*,*,#3950,.T.);
#5415=ORIENTED_EDGE('',*,*,#3953,.T.);
#5416=ORIENTED_EDGE('',*,*,#3956,.T.);
#5417=ORIENTED_EDGE('',*,*,#3959,.F.);
#5418=ORIENTED_EDGE('',*,*,#3962,.F.);
#5419=ORIENTED_EDGE('',*,*,#3926,.F.);
#5420=ORIENTED_EDGE('',*,*,#3904,.F.);
#5421=ORIENTED_EDGE('',*,*,#3908,.F.);
#5422=ORIENTED_EDGE('',*,*,#3911,.F.);
#5423=ORIENTED_EDGE('',*,*,#3914,.F.);
#5424=ORIENTED_EDGE('',*,*,#3917,.F.);
#5425=ORIENTED_EDGE('',*,*,#3920,.F.);
#5426=ORIENTED_EDGE('',*,*,#3923,.F.);
#5427=ORIENTED_EDGE('',*,*,#3902,.F.);
#5428=ORIENTED_EDGE('',*,*,#3874,.F.);
#5429=ORIENTED_EDGE('',*,*,#3878,.F.);
#5430=ORIENTED_EDGE('',*,*,#3881,.F.);
#5431=ORIENTED_EDGE('',*,*,#3884,.F.);
#5432=ORIENTED_EDGE('',*,*,#3887,.F.);
#5433=ORIENTED_EDGE('',*,*,#3890,.F.);
#5434=ORIENTED_EDGE('',*,*,#3893,.F.);
#5435=ORIENTED_EDGE('',*,*,#3896,.F.);
#5436=ORIENTED_EDGE('',*,*,#3899,.F.);
#5437=ORIENTED_EDGE('',*,*,#3872,.F.);
#5438=ORIENTED_EDGE('',*,*,#3832,.F.);
#5439=ORIENTED_EDGE('',*,*,#3836,.F.);
#5440=ORIENTED_EDGE('',*,*,#3839,.F.);
#5441=ORIENTED_EDGE('',*,*,#3842,.F.);
#5442=ORIENTED_EDGE('',*,*,#3845,.F.);
#5443=ORIENTED_EDGE('',*,*,#3848,.F.);
#5444=ORIENTED_EDGE('',*,*,#3851,.F.);
#5445=ORIENTED_EDGE('',*,*,#3854,.F.);
#5446=ORIENTED_EDGE('',*,*,#3857,.F.);
#5447=ORIENTED_EDGE('',*,*,#3860,.F.);
#5448=ORIENTED_EDGE('',*,*,#3863,.F.);
#5449=ORIENTED_EDGE('',*,*,#3866,.F.);
#5450=ORIENTED_EDGE('',*,*,#3869,.F.);
#5451=ORIENTED_EDGE('',*,*,#3830,.F.);
#5452=ORIENTED_EDGE('',*,*,#3796,.F.);
#5453=ORIENTED_EDGE('',*,*,#3800,.F.);
#5454=ORIENTED_EDGE('',*,*,#3803,.F.);
#5455=ORIENTED_EDGE('',*,*,#3806,.F.);
#5456=ORIENTED_EDGE('',*,*,#3809,.F.);
#5457=ORIENTED_EDGE('',*,*,#3812,.F.);
#5458=ORIENTED_EDGE('',*,*,#3815,.F.);
#5459=ORIENTED_EDGE('',*,*,#3818,.F.);
#5460=ORIENTED_EDGE('',*,*,#3821,.F.);
#5461=ORIENTED_EDGE('',*,*,#3824,.F.);
#5462=ORIENTED_EDGE('',*,*,#3827,.F.);
#5463=ORIENTED_EDGE('',*,*,#3794,.F.);
#5464=ORIENTED_EDGE('',*,*,#3766,.F.);
#5465=ORIENTED_EDGE('',*,*,#3770,.F.);
#5466=ORIENTED_EDGE('',*,*,#3773,.F.);
#5467=ORIENTED_EDGE('',*,*,#3776,.F.);
#5468=ORIENTED_EDGE('',*,*,#3779,.F.);
#5469=ORIENTED_EDGE('',*,*,#3782,.F.);
#5470=ORIENTED_EDGE('',*,*,#3785,.F.);
#5471=ORIENTED_EDGE('',*,*,#3788,.F.);
#5472=ORIENTED_EDGE('',*,*,#3791,.F.);
#5473=ORIENTED_EDGE('',*,*,#3764,.F.);
#5474=ORIENTED_EDGE('',*,*,#3739,.F.);
#5475=ORIENTED_EDGE('',*,*,#3743,.F.);
#5476=ORIENTED_EDGE('',*,*,#3746,.F.);
#5477=ORIENTED_EDGE('',*,*,#3749,.F.);
#5478=ORIENTED_EDGE('',*,*,#3752,.F.);
#5479=ORIENTED_EDGE('',*,*,#3755,.F.);
#5480=ORIENTED_EDGE('',*,*,#3758,.F.);
#5481=ORIENTED_EDGE('',*,*,#3761,.F.);
#5482=ORIENTED_EDGE('',*,*,#3737,.F.);
#5483=ORIENTED_EDGE('',*,*,#3715,.F.);
#5484=ORIENTED_EDGE('',*,*,#3719,.F.);
#5485=ORIENTED_EDGE('',*,*,#3722,.F.);
#5486=ORIENTED_EDGE('',*,*,#3725,.F.);
#5487=ORIENTED_EDGE('',*,*,#3728,.F.);
#5488=ORIENTED_EDGE('',*,*,#3731,.F.);
#5489=ORIENTED_EDGE('',*,*,#3734,.F.);
#5490=ORIENTED_EDGE('',*,*,#3713,.F.);
#5491=ORIENTED_EDGE('',*,*,#3691,.F.);
#5492=ORIENTED_EDGE('',*,*,#3695,.F.);
#5493=ORIENTED_EDGE('',*,*,#3698,.F.);
#5494=ORIENTED_EDGE('',*,*,#3701,.F.);
#5495=ORIENTED_EDGE('',*,*,#3704,.F.);
#5496=ORIENTED_EDGE('',*,*,#3707,.F.);
#5497=ORIENTED_EDGE('',*,*,#3710,.F.);
#5498=ORIENTED_EDGE('',*,*,#3967,.F.);
#5499=ORIENTED_EDGE('',*,*,#3968,.T.);
#5500=ORIENTED_EDGE('',*,*,#3969,.T.);
#5501=ORIENTED_EDGE('',*,*,#3970,.T.);
#5502=ORIENTED_EDGE('',*,*,#3971,.T.);
#5503=ORIENTED_EDGE('',*,*,#3972,.T.);
#5504=ORIENTED_EDGE('',*,*,#3973,.T.);
#5505=ORIENTED_EDGE('',*,*,#3974,.F.);
#5506=ORIENTED_EDGE('',*,*,#3975,.F.);
#5507=ORIENTED_EDGE('',*,*,#3976,.F.);
#5508=ORIENTED_EDGE('',*,*,#3977,.F.);
#5509=ORIENTED_EDGE('',*,*,#3978,.F.);
#5510=ORIENTED_EDGE('',*,*,#3979,.T.);
#5511=ORIENTED_EDGE('',*,*,#3980,.T.);
#5512=ORIENTED_EDGE('',*,*,#3981,.T.);
#5513=ORIENTED_EDGE('',*,*,#3982,.T.);
#5514=ORIENTED_EDGE('',*,*,#3983,.T.);
#5515=ORIENTED_EDGE('',*,*,#3984,.T.);
#5516=ORIENTED_EDGE('',*,*,#3985,.T.);
#5517=ORIENTED_EDGE('',*,*,#3986,.T.);
#5518=ORIENTED_EDGE('',*,*,#3987,.T.);
#5519=ORIENTED_EDGE('',*,*,#3988,.T.);
#5520=ORIENTED_EDGE('',*,*,#3989,.T.);
#5521=ORIENTED_EDGE('',*,*,#3990,.T.);
#5522=ORIENTED_EDGE('',*,*,#3967,.T.);
#5523=ORIENTED_EDGE('',*,*,#3991,.T.);
#5524=ORIENTED_EDGE('',*,*,#3979,.F.);
#5525=ORIENTED_EDGE('',*,*,#3992,.F.);
#5526=ORIENTED_EDGE('',*,*,#3978,.T.);
#5527=ORIENTED_EDGE('',*,*,#3993,.T.);
#5528=ORIENTED_EDGE('',*,*,#3980,.F.);
#5529=ORIENTED_EDGE('',*,*,#3991,.F.);
#5530=ORIENTED_EDGE('',*,*,#3977,.T.);
#5531=ORIENTED_EDGE('',*,*,#3994,.T.);
#5532=ORIENTED_EDGE('',*,*,#3981,.F.);
#5533=ORIENTED_EDGE('',*,*,#3993,.F.);
#5534=ORIENTED_EDGE('',*,*,#3976,.T.);
#5535=ORIENTED_EDGE('',*,*,#3995,.T.);
#5536=ORIENTED_EDGE('',*,*,#3982,.F.);
#5537=ORIENTED_EDGE('',*,*,#3994,.F.);
#5538=ORIENTED_EDGE('',*,*,#3975,.T.);
#5539=ORIENTED_EDGE('',*,*,#3996,.T.);
#5540=ORIENTED_EDGE('',*,*,#3983,.F.);
#5541=ORIENTED_EDGE('',*,*,#3995,.F.);
#5542=ORIENTED_EDGE('',*,*,#3974,.T.);
#5543=ORIENTED_EDGE('',*,*,#3997,.T.);
#5544=ORIENTED_EDGE('',*,*,#3984,.F.);
#5545=ORIENTED_EDGE('',*,*,#3996,.F.);
#5546=ORIENTED_EDGE('',*,*,#3973,.F.);
#5547=ORIENTED_EDGE('',*,*,#3998,.T.);
#5548=ORIENTED_EDGE('',*,*,#3985,.F.);
#5549=ORIENTED_EDGE('',*,*,#3997,.F.);
#5550=ORIENTED_EDGE('',*,*,#3972,.F.);
#5551=ORIENTED_EDGE('',*,*,#3999,.T.);
#5552=ORIENTED_EDGE('',*,*,#3986,.F.);
#5553=ORIENTED_EDGE('',*,*,#3998,.F.);
#5554=ORIENTED_EDGE('',*,*,#3971,.F.);
#5555=ORIENTED_EDGE('',*,*,#4000,.T.);
#5556=ORIENTED_EDGE('',*,*,#3987,.F.);
#5557=ORIENTED_EDGE('',*,*,#3999,.F.);
#5558=ORIENTED_EDGE('',*,*,#3970,.F.);
#5559=ORIENTED_EDGE('',*,*,#4001,.T.);
#5560=ORIENTED_EDGE('',*,*,#3988,.F.);
#5561=ORIENTED_EDGE('',*,*,#4000,.F.);
#5562=ORIENTED_EDGE('',*,*,#3969,.F.);
#5563=ORIENTED_EDGE('',*,*,#4002,.T.);
#5564=ORIENTED_EDGE('',*,*,#3989,.F.);
#5565=ORIENTED_EDGE('',*,*,#4001,.F.);
#5566=ORIENTED_EDGE('',*,*,#3968,.F.);
#5567=ORIENTED_EDGE('',*,*,#3992,.T.);
#5568=ORIENTED_EDGE('',*,*,#3990,.F.);
#5569=ORIENTED_EDGE('',*,*,#4002,.F.);
#5570=ORIENTED_EDGE('',*,*,#4003,.T.);
#5571=ORIENTED_EDGE('',*,*,#4004,.T.);
#5572=ORIENTED_EDGE('',*,*,#4005,.F.);
#5573=ORIENTED_EDGE('',*,*,#4006,.F.);
#5574=ORIENTED_EDGE('',*,*,#4007,.T.);
#5575=ORIENTED_EDGE('',*,*,#4006,.T.);
#5576=ORIENTED_EDGE('',*,*,#4008,.F.);
#5577=ORIENTED_EDGE('',*,*,#4009,.F.);
#5578=ORIENTED_EDGE('',*,*,#4010,.T.);
#5579=ORIENTED_EDGE('',*,*,#4009,.T.);
#5580=ORIENTED_EDGE('',*,*,#4011,.F.);
#5581=ORIENTED_EDGE('',*,*,#4004,.F.);
#5582=ORIENTED_EDGE('',*,*,#4011,.T.);
#5583=ORIENTED_EDGE('',*,*,#4008,.T.);
#5584=ORIENTED_EDGE('',*,*,#4005,.T.);
#5585=ORIENTED_EDGE('',*,*,#4010,.F.);
#5586=ORIENTED_EDGE('',*,*,#4003,.F.);
#5587=ORIENTED_EDGE('',*,*,#4007,.F.);
#5588=ORIENTED_EDGE('',*,*,#4012,.T.);
#5589=ORIENTED_EDGE('',*,*,#4013,.T.);
#5590=ORIENTED_EDGE('',*,*,#4014,.F.);
#5591=ORIENTED_EDGE('',*,*,#4015,.F.);
#5592=ORIENTED_EDGE('',*,*,#4016,.T.);
#5593=ORIENTED_EDGE('',*,*,#4015,.T.);
#5594=ORIENTED_EDGE('',*,*,#4017,.F.);
#5595=ORIENTED_EDGE('',*,*,#4018,.F.);
#5596=ORIENTED_EDGE('',*,*,#4019,.T.);
#5597=ORIENTED_EDGE('',*,*,#4018,.T.);
#5598=ORIENTED_EDGE('',*,*,#4020,.F.);
#5599=ORIENTED_EDGE('',*,*,#4013,.F.);
#5600=ORIENTED_EDGE('',*,*,#4020,.T.);
#5601=ORIENTED_EDGE('',*,*,#4017,.T.);
#5602=ORIENTED_EDGE('',*,*,#4014,.T.);
#5603=ORIENTED_EDGE('',*,*,#4019,.F.);
#5604=ORIENTED_EDGE('',*,*,#4012,.F.);
#5605=ORIENTED_EDGE('',*,*,#4016,.F.);
#5606=ORIENTED_EDGE('',*,*,#4021,.T.);
#5607=ORIENTED_EDGE('',*,*,#4022,.T.);
#5608=ORIENTED_EDGE('',*,*,#4023,.F.);
#5609=ORIENTED_EDGE('',*,*,#4024,.F.);
#5610=ORIENTED_EDGE('',*,*,#4025,.T.);
#5611=ORIENTED_EDGE('',*,*,#4024,.T.);
#5612=ORIENTED_EDGE('',*,*,#4026,.F.);
#5613=ORIENTED_EDGE('',*,*,#4027,.F.);
#5614=ORIENTED_EDGE('',*,*,#4028,.T.);
#5615=ORIENTED_EDGE('',*,*,#4027,.T.);
#5616=ORIENTED_EDGE('',*,*,#4029,.F.);
#5617=ORIENTED_EDGE('',*,*,#4022,.F.);
#5618=ORIENTED_EDGE('',*,*,#4030,.T.);
#5619=ORIENTED_EDGE('',*,*,#4031,.T.);
#5620=ORIENTED_EDGE('',*,*,#4032,.F.);
#5621=ORIENTED_EDGE('',*,*,#4033,.F.);
#5622=ORIENTED_EDGE('',*,*,#4034,.T.);
#5623=ORIENTED_EDGE('',*,*,#4033,.T.);
#5624=ORIENTED_EDGE('',*,*,#4035,.F.);
#5625=ORIENTED_EDGE('',*,*,#4036,.F.);
#5626=ORIENTED_EDGE('',*,*,#4037,.T.);
#5627=ORIENTED_EDGE('',*,*,#4036,.T.);
#5628=ORIENTED_EDGE('',*,*,#4038,.F.);
#5629=ORIENTED_EDGE('',*,*,#4039,.F.);
#5630=ORIENTED_EDGE('',*,*,#4040,.T.);
#5631=ORIENTED_EDGE('',*,*,#4039,.T.);
#5632=ORIENTED_EDGE('',*,*,#4041,.F.);
#5633=ORIENTED_EDGE('',*,*,#4031,.F.);
#5634=ORIENTED_EDGE('',*,*,#4042,.T.);
#5635=ORIENTED_EDGE('',*,*,#4043,.T.);
#5636=ORIENTED_EDGE('',*,*,#4044,.F.);
#5637=ORIENTED_EDGE('',*,*,#4045,.F.);
#5638=ORIENTED_EDGE('',*,*,#4046,.T.);
#5639=ORIENTED_EDGE('',*,*,#4045,.T.);
#5640=ORIENTED_EDGE('',*,*,#4047,.F.);
#5641=ORIENTED_EDGE('',*,*,#4048,.F.);
#5642=ORIENTED_EDGE('',*,*,#4049,.T.);
#5643=ORIENTED_EDGE('',*,*,#4048,.T.);
#5644=ORIENTED_EDGE('',*,*,#4050,.F.);
#5645=ORIENTED_EDGE('',*,*,#4051,.F.);
#5646=ORIENTED_EDGE('',*,*,#4052,.T.);
#5647=ORIENTED_EDGE('',*,*,#4051,.T.);
#5648=ORIENTED_EDGE('',*,*,#4053,.F.);
#5649=ORIENTED_EDGE('',*,*,#4054,.F.);
#5650=ORIENTED_EDGE('',*,*,#4055,.T.);
#5651=ORIENTED_EDGE('',*,*,#4054,.T.);
#5652=ORIENTED_EDGE('',*,*,#4056,.F.);
#5653=ORIENTED_EDGE('',*,*,#4057,.F.);
#5654=ORIENTED_EDGE('',*,*,#4058,.T.);
#5655=ORIENTED_EDGE('',*,*,#4057,.T.);
#5656=ORIENTED_EDGE('',*,*,#4059,.F.);
#5657=ORIENTED_EDGE('',*,*,#4060,.F.);
#5658=ORIENTED_EDGE('',*,*,#4061,.T.);
#5659=ORIENTED_EDGE('',*,*,#4060,.T.);
#5660=ORIENTED_EDGE('',*,*,#4062,.F.);
#5661=ORIENTED_EDGE('',*,*,#4063,.F.);
#5662=ORIENTED_EDGE('',*,*,#4064,.T.);
#5663=ORIENTED_EDGE('',*,*,#4063,.T.);
#5664=ORIENTED_EDGE('',*,*,#4065,.F.);
#5665=ORIENTED_EDGE('',*,*,#4066,.F.);
#5666=ORIENTED_EDGE('',*,*,#4067,.T.);
#5667=ORIENTED_EDGE('',*,*,#4066,.T.);
#5668=ORIENTED_EDGE('',*,*,#4068,.F.);
#5669=ORIENTED_EDGE('',*,*,#4069,.F.);
#5670=ORIENTED_EDGE('',*,*,#4070,.T.);
#5671=ORIENTED_EDGE('',*,*,#4069,.T.);
#5672=ORIENTED_EDGE('',*,*,#4071,.F.);
#5673=ORIENTED_EDGE('',*,*,#4072,.F.);
#5674=ORIENTED_EDGE('',*,*,#4073,.T.);
#5675=ORIENTED_EDGE('',*,*,#4072,.T.);
#5676=ORIENTED_EDGE('',*,*,#4074,.F.);
#5677=ORIENTED_EDGE('',*,*,#4075,.F.);
#5678=ORIENTED_EDGE('',*,*,#4076,.T.);
#5679=ORIENTED_EDGE('',*,*,#4075,.T.);
#5680=ORIENTED_EDGE('',*,*,#4077,.F.);
#5681=ORIENTED_EDGE('',*,*,#4078,.F.);
#5682=ORIENTED_EDGE('',*,*,#4079,.T.);
#5683=ORIENTED_EDGE('',*,*,#4078,.T.);
#5684=ORIENTED_EDGE('',*,*,#4080,.F.);
#5685=ORIENTED_EDGE('',*,*,#4081,.F.);
#5686=ORIENTED_EDGE('',*,*,#4082,.T.);
#5687=ORIENTED_EDGE('',*,*,#4081,.T.);
#5688=ORIENTED_EDGE('',*,*,#4083,.F.);
#5689=ORIENTED_EDGE('',*,*,#4084,.F.);
#5690=ORIENTED_EDGE('',*,*,#4085,.T.);
#5691=ORIENTED_EDGE('',*,*,#4084,.T.);
#5692=ORIENTED_EDGE('',*,*,#4086,.F.);
#5693=ORIENTED_EDGE('',*,*,#4087,.F.);
#5694=ORIENTED_EDGE('',*,*,#4088,.T.);
#5695=ORIENTED_EDGE('',*,*,#4087,.T.);
#5696=ORIENTED_EDGE('',*,*,#4089,.F.);
#5697=ORIENTED_EDGE('',*,*,#4090,.F.);
#5698=ORIENTED_EDGE('',*,*,#4091,.T.);
#5699=ORIENTED_EDGE('',*,*,#4090,.T.);
#5700=ORIENTED_EDGE('',*,*,#4092,.F.);
#5701=ORIENTED_EDGE('',*,*,#4043,.F.);
#5702=ORIENTED_EDGE('',*,*,#4093,.T.);
#5703=ORIENTED_EDGE('',*,*,#4094,.T.);
#5704=ORIENTED_EDGE('',*,*,#4095,.F.);
#5705=ORIENTED_EDGE('',*,*,#4096,.F.);
#5706=ORIENTED_EDGE('',*,*,#4097,.T.);
#5707=ORIENTED_EDGE('',*,*,#4096,.T.);
#5708=ORIENTED_EDGE('',*,*,#4098,.F.);
#5709=ORIENTED_EDGE('',*,*,#4099,.F.);
#5710=ORIENTED_EDGE('',*,*,#4100,.T.);
#5711=ORIENTED_EDGE('',*,*,#4099,.T.);
#5712=ORIENTED_EDGE('',*,*,#4101,.F.);
#5713=ORIENTED_EDGE('',*,*,#4102,.F.);
#5714=ORIENTED_EDGE('',*,*,#4103,.T.);
#5715=ORIENTED_EDGE('',*,*,#4102,.T.);
#5716=ORIENTED_EDGE('',*,*,#4104,.F.);
#5717=ORIENTED_EDGE('',*,*,#4094,.F.);
#5718=ORIENTED_EDGE('',*,*,#4105,.F.);
#5719=ORIENTED_EDGE('',*,*,#4106,.T.);
#5720=ORIENTED_EDGE('',*,*,#4107,.F.);
#5721=ORIENTED_EDGE('',*,*,#4108,.F.);
#5722=ORIENTED_EDGE('',*,*,#4109,.F.);
#5723=ORIENTED_EDGE('',*,*,#4108,.T.);
#5724=ORIENTED_EDGE('',*,*,#4110,.F.);
#5725=ORIENTED_EDGE('',*,*,#4111,.F.);
#5726=ORIENTED_EDGE('',*,*,#4112,.F.);
#5727=ORIENTED_EDGE('',*,*,#4111,.T.);
#5728=ORIENTED_EDGE('',*,*,#4113,.F.);
#5729=ORIENTED_EDGE('',*,*,#4114,.F.);
#5730=ORIENTED_EDGE('',*,*,#4115,.F.);
#5731=ORIENTED_EDGE('',*,*,#4114,.T.);
#5732=ORIENTED_EDGE('',*,*,#4116,.F.);
#5733=ORIENTED_EDGE('',*,*,#4117,.F.);
#5734=ORIENTED_EDGE('',*,*,#4118,.F.);
#5735=ORIENTED_EDGE('',*,*,#4117,.T.);
#5736=ORIENTED_EDGE('',*,*,#4119,.F.);
#5737=ORIENTED_EDGE('',*,*,#4120,.F.);
#5738=ORIENTED_EDGE('',*,*,#4121,.F.);
#5739=ORIENTED_EDGE('',*,*,#4120,.T.);
#5740=ORIENTED_EDGE('',*,*,#4122,.F.);
#5741=ORIENTED_EDGE('',*,*,#4123,.F.);
#5742=ORIENTED_EDGE('',*,*,#4124,.F.);
#5743=ORIENTED_EDGE('',*,*,#4123,.T.);
#5744=ORIENTED_EDGE('',*,*,#4125,.F.);
#5745=ORIENTED_EDGE('',*,*,#4126,.F.);
#5746=ORIENTED_EDGE('',*,*,#4127,.F.);
#5747=ORIENTED_EDGE('',*,*,#4126,.T.);
#5748=ORIENTED_EDGE('',*,*,#4128,.F.);
#5749=ORIENTED_EDGE('',*,*,#4129,.F.);
#5750=ORIENTED_EDGE('',*,*,#4130,.F.);
#5751=ORIENTED_EDGE('',*,*,#4129,.T.);
#5752=ORIENTED_EDGE('',*,*,#4131,.F.);
#5753=ORIENTED_EDGE('',*,*,#4132,.F.);
#5754=ORIENTED_EDGE('',*,*,#4133,.F.);
#5755=ORIENTED_EDGE('',*,*,#4132,.T.);
#5756=ORIENTED_EDGE('',*,*,#4134,.F.);
#5757=ORIENTED_EDGE('',*,*,#4135,.F.);
#5758=ORIENTED_EDGE('',*,*,#4136,.F.);
#5759=ORIENTED_EDGE('',*,*,#4135,.T.);
#5760=ORIENTED_EDGE('',*,*,#4137,.F.);
#5761=ORIENTED_EDGE('',*,*,#4138,.F.);
#5762=ORIENTED_EDGE('',*,*,#4139,.F.);
#5763=ORIENTED_EDGE('',*,*,#4138,.T.);
#5764=ORIENTED_EDGE('',*,*,#4140,.F.);
#5765=ORIENTED_EDGE('',*,*,#4141,.F.);
#5766=ORIENTED_EDGE('',*,*,#4142,.F.);
#5767=ORIENTED_EDGE('',*,*,#4141,.T.);
#5768=ORIENTED_EDGE('',*,*,#4143,.F.);
#5769=ORIENTED_EDGE('',*,*,#4144,.F.);
#5770=ORIENTED_EDGE('',*,*,#4145,.F.);
#5771=ORIENTED_EDGE('',*,*,#4144,.T.);
#5772=ORIENTED_EDGE('',*,*,#4146,.F.);
#5773=ORIENTED_EDGE('',*,*,#4147,.F.);
#5774=ORIENTED_EDGE('',*,*,#4148,.F.);
#5775=ORIENTED_EDGE('',*,*,#4147,.T.);
#5776=ORIENTED_EDGE('',*,*,#4149,.F.);
#5777=ORIENTED_EDGE('',*,*,#4150,.F.);
#5778=ORIENTED_EDGE('',*,*,#4151,.F.);
#5779=ORIENTED_EDGE('',*,*,#4150,.T.);
#5780=ORIENTED_EDGE('',*,*,#4152,.F.);
#5781=ORIENTED_EDGE('',*,*,#4153,.F.);
#5782=ORIENTED_EDGE('',*,*,#4154,.F.);
#5783=ORIENTED_EDGE('',*,*,#4153,.T.);
#5784=ORIENTED_EDGE('',*,*,#4155,.F.);
#5785=ORIENTED_EDGE('',*,*,#4156,.F.);
#5786=ORIENTED_EDGE('',*,*,#4157,.F.);
#5787=ORIENTED_EDGE('',*,*,#4156,.T.);
#5788=ORIENTED_EDGE('',*,*,#4158,.F.);
#5789=ORIENTED_EDGE('',*,*,#4159,.F.);
#5790=ORIENTED_EDGE('',*,*,#4160,.F.);
#5791=ORIENTED_EDGE('',*,*,#4159,.T.);
#5792=ORIENTED_EDGE('',*,*,#4161,.F.);
#5793=ORIENTED_EDGE('',*,*,#4162,.F.);
#5794=ORIENTED_EDGE('',*,*,#4163,.F.);
#5795=ORIENTED_EDGE('',*,*,#4162,.T.);
#5796=ORIENTED_EDGE('',*,*,#4164,.F.);
#5797=ORIENTED_EDGE('',*,*,#4165,.F.);
#5798=ORIENTED_EDGE('',*,*,#4166,.F.);
#5799=ORIENTED_EDGE('',*,*,#4165,.T.);
#5800=ORIENTED_EDGE('',*,*,#4167,.F.);
#5801=ORIENTED_EDGE('',*,*,#4168,.F.);
#5802=ORIENTED_EDGE('',*,*,#4169,.F.);
#5803=ORIENTED_EDGE('',*,*,#4168,.T.);
#5804=ORIENTED_EDGE('',*,*,#4170,.F.);
#5805=ORIENTED_EDGE('',*,*,#4171,.F.);
#5806=ORIENTED_EDGE('',*,*,#4172,.F.);
#5807=ORIENTED_EDGE('',*,*,#4171,.T.);
#5808=ORIENTED_EDGE('',*,*,#4173,.F.);
#5809=ORIENTED_EDGE('',*,*,#4174,.F.);
#5810=ORIENTED_EDGE('',*,*,#4175,.F.);
#5811=ORIENTED_EDGE('',*,*,#4174,.T.);
#5812=ORIENTED_EDGE('',*,*,#4176,.F.);
#5813=ORIENTED_EDGE('',*,*,#4177,.F.);
#5814=ORIENTED_EDGE('',*,*,#4178,.F.);
#5815=ORIENTED_EDGE('',*,*,#4177,.T.);
#5816=ORIENTED_EDGE('',*,*,#4179,.F.);
#5817=ORIENTED_EDGE('',*,*,#4106,.F.);
#5818=ORIENTED_EDGE('',*,*,#4179,.T.);
#5819=ORIENTED_EDGE('',*,*,#4176,.T.);
#5820=ORIENTED_EDGE('',*,*,#4173,.T.);
#5821=ORIENTED_EDGE('',*,*,#4170,.T.);
#5822=ORIENTED_EDGE('',*,*,#4167,.T.);
#5823=ORIENTED_EDGE('',*,*,#4164,.T.);
#5824=ORIENTED_EDGE('',*,*,#4161,.T.);
#5825=ORIENTED_EDGE('',*,*,#4158,.T.);
#5826=ORIENTED_EDGE('',*,*,#4155,.T.);
#5827=ORIENTED_EDGE('',*,*,#4152,.T.);
#5828=ORIENTED_EDGE('',*,*,#4149,.T.);
#5829=ORIENTED_EDGE('',*,*,#4146,.T.);
#5830=ORIENTED_EDGE('',*,*,#4143,.T.);
#5831=ORIENTED_EDGE('',*,*,#4140,.T.);
#5832=ORIENTED_EDGE('',*,*,#4137,.T.);
#5833=ORIENTED_EDGE('',*,*,#4134,.T.);
#5834=ORIENTED_EDGE('',*,*,#4131,.T.);
#5835=ORIENTED_EDGE('',*,*,#4128,.T.);
#5836=ORIENTED_EDGE('',*,*,#4125,.T.);
#5837=ORIENTED_EDGE('',*,*,#4122,.T.);
#5838=ORIENTED_EDGE('',*,*,#4119,.T.);
#5839=ORIENTED_EDGE('',*,*,#4116,.T.);
#5840=ORIENTED_EDGE('',*,*,#4113,.T.);
#5841=ORIENTED_EDGE('',*,*,#4110,.T.);
#5842=ORIENTED_EDGE('',*,*,#4107,.T.);
#5843=ORIENTED_EDGE('',*,*,#4104,.T.);
#5844=ORIENTED_EDGE('',*,*,#4101,.T.);
#5845=ORIENTED_EDGE('',*,*,#4098,.T.);
#5846=ORIENTED_EDGE('',*,*,#4095,.T.);
#5847=ORIENTED_EDGE('',*,*,#4092,.T.);
#5848=ORIENTED_EDGE('',*,*,#4089,.T.);
#5849=ORIENTED_EDGE('',*,*,#4086,.T.);
#5850=ORIENTED_EDGE('',*,*,#4083,.T.);
#5851=ORIENTED_EDGE('',*,*,#4080,.T.);
#5852=ORIENTED_EDGE('',*,*,#4077,.T.);
#5853=ORIENTED_EDGE('',*,*,#4074,.T.);
#5854=ORIENTED_EDGE('',*,*,#4071,.T.);
#5855=ORIENTED_EDGE('',*,*,#4068,.T.);
#5856=ORIENTED_EDGE('',*,*,#4065,.T.);
#5857=ORIENTED_EDGE('',*,*,#4062,.T.);
#5858=ORIENTED_EDGE('',*,*,#4059,.T.);
#5859=ORIENTED_EDGE('',*,*,#4056,.T.);
#5860=ORIENTED_EDGE('',*,*,#4053,.T.);
#5861=ORIENTED_EDGE('',*,*,#4050,.T.);
#5862=ORIENTED_EDGE('',*,*,#4047,.T.);
#5863=ORIENTED_EDGE('',*,*,#4044,.T.);
#5864=ORIENTED_EDGE('',*,*,#4041,.T.);
#5865=ORIENTED_EDGE('',*,*,#4038,.T.);
#5866=ORIENTED_EDGE('',*,*,#4035,.T.);
#5867=ORIENTED_EDGE('',*,*,#4032,.T.);
#5868=ORIENTED_EDGE('',*,*,#4029,.T.);
#5869=ORIENTED_EDGE('',*,*,#4026,.T.);
#5870=ORIENTED_EDGE('',*,*,#4023,.T.);
#5871=ORIENTED_EDGE('',*,*,#4178,.T.);
#5872=ORIENTED_EDGE('',*,*,#4105,.T.);
#5873=ORIENTED_EDGE('',*,*,#4109,.T.);
#5874=ORIENTED_EDGE('',*,*,#4112,.T.);
#5875=ORIENTED_EDGE('',*,*,#4115,.T.);
#5876=ORIENTED_EDGE('',*,*,#4118,.T.);
#5877=ORIENTED_EDGE('',*,*,#4121,.T.);
#5878=ORIENTED_EDGE('',*,*,#4124,.T.);
#5879=ORIENTED_EDGE('',*,*,#4127,.T.);
#5880=ORIENTED_EDGE('',*,*,#4130,.T.);
#5881=ORIENTED_EDGE('',*,*,#4133,.T.);
#5882=ORIENTED_EDGE('',*,*,#4136,.T.);
#5883=ORIENTED_EDGE('',*,*,#4139,.T.);
#5884=ORIENTED_EDGE('',*,*,#4142,.T.);
#5885=ORIENTED_EDGE('',*,*,#4145,.T.);
#5886=ORIENTED_EDGE('',*,*,#4148,.T.);
#5887=ORIENTED_EDGE('',*,*,#4151,.T.);
#5888=ORIENTED_EDGE('',*,*,#4154,.T.);
#5889=ORIENTED_EDGE('',*,*,#4157,.T.);
#5890=ORIENTED_EDGE('',*,*,#4160,.T.);
#5891=ORIENTED_EDGE('',*,*,#4163,.T.);
#5892=ORIENTED_EDGE('',*,*,#4166,.T.);
#5893=ORIENTED_EDGE('',*,*,#4169,.T.);
#5894=ORIENTED_EDGE('',*,*,#4172,.T.);
#5895=ORIENTED_EDGE('',*,*,#4175,.T.);
#5896=ORIENTED_EDGE('',*,*,#4103,.F.);
#5897=ORIENTED_EDGE('',*,*,#4093,.F.);
#5898=ORIENTED_EDGE('',*,*,#4097,.F.);
#5899=ORIENTED_EDGE('',*,*,#4100,.F.);
#5900=ORIENTED_EDGE('',*,*,#4091,.F.);
#5901=ORIENTED_EDGE('',*,*,#4042,.F.);
#5902=ORIENTED_EDGE('',*,*,#4046,.F.);
#5903=ORIENTED_EDGE('',*,*,#4049,.F.);
#5904=ORIENTED_EDGE('',*,*,#4052,.F.);
#5905=ORIENTED_EDGE('',*,*,#4055,.F.);
#5906=ORIENTED_EDGE('',*,*,#4058,.F.);
#5907=ORIENTED_EDGE('',*,*,#4061,.F.);
#5908=ORIENTED_EDGE('',*,*,#4064,.F.);
#5909=ORIENTED_EDGE('',*,*,#4067,.F.);
#5910=ORIENTED_EDGE('',*,*,#4070,.F.);
#5911=ORIENTED_EDGE('',*,*,#4073,.F.);
#5912=ORIENTED_EDGE('',*,*,#4076,.F.);
#5913=ORIENTED_EDGE('',*,*,#4079,.F.);
#5914=ORIENTED_EDGE('',*,*,#4082,.F.);
#5915=ORIENTED_EDGE('',*,*,#4085,.F.);
#5916=ORIENTED_EDGE('',*,*,#4088,.F.);
#5917=ORIENTED_EDGE('',*,*,#4040,.F.);
#5918=ORIENTED_EDGE('',*,*,#4030,.F.);
#5919=ORIENTED_EDGE('',*,*,#4034,.F.);
#5920=ORIENTED_EDGE('',*,*,#4037,.F.);
#5921=ORIENTED_EDGE('',*,*,#4028,.F.);
#5922=ORIENTED_EDGE('',*,*,#4021,.F.);
#5923=ORIENTED_EDGE('',*,*,#4025,.F.);
#5924=ORIENTED_EDGE('',*,*,#4180,.F.);
#5925=ORIENTED_EDGE('',*,*,#4181,.T.);
#5926=ORIENTED_EDGE('',*,*,#4182,.F.);
#5927=ORIENTED_EDGE('',*,*,#4183,.F.);
#5928=ORIENTED_EDGE('',*,*,#4184,.F.);
#5929=ORIENTED_EDGE('',*,*,#4183,.T.);
#5930=ORIENTED_EDGE('',*,*,#4185,.F.);
#5931=ORIENTED_EDGE('',*,*,#4186,.F.);
#5932=ORIENTED_EDGE('',*,*,#4187,.F.);
#5933=ORIENTED_EDGE('',*,*,#4186,.T.);
#5934=ORIENTED_EDGE('',*,*,#4188,.F.);
#5935=ORIENTED_EDGE('',*,*,#4189,.F.);
#5936=ORIENTED_EDGE('',*,*,#4190,.F.);
#5937=ORIENTED_EDGE('',*,*,#4189,.T.);
#5938=ORIENTED_EDGE('',*,*,#4191,.F.);
#5939=ORIENTED_EDGE('',*,*,#4192,.F.);
#5940=ORIENTED_EDGE('',*,*,#4193,.F.);
#5941=ORIENTED_EDGE('',*,*,#4192,.T.);
#5942=ORIENTED_EDGE('',*,*,#4194,.F.);
#5943=ORIENTED_EDGE('',*,*,#4195,.F.);
#5944=ORIENTED_EDGE('',*,*,#4196,.F.);
#5945=ORIENTED_EDGE('',*,*,#4195,.T.);
#5946=ORIENTED_EDGE('',*,*,#4197,.F.);
#5947=ORIENTED_EDGE('',*,*,#4198,.F.);
#5948=ORIENTED_EDGE('',*,*,#4199,.F.);
#5949=ORIENTED_EDGE('',*,*,#4198,.T.);
#5950=ORIENTED_EDGE('',*,*,#4200,.F.);
#5951=ORIENTED_EDGE('',*,*,#4201,.F.);
#5952=ORIENTED_EDGE('',*,*,#4202,.F.);
#5953=ORIENTED_EDGE('',*,*,#4201,.T.);
#5954=ORIENTED_EDGE('',*,*,#4203,.F.);
#5955=ORIENTED_EDGE('',*,*,#4181,.F.);
#5956=ORIENTED_EDGE('',*,*,#4203,.T.);
#5957=ORIENTED_EDGE('',*,*,#4200,.T.);
#5958=ORIENTED_EDGE('',*,*,#4197,.T.);
#5959=ORIENTED_EDGE('',*,*,#4194,.T.);
#5960=ORIENTED_EDGE('',*,*,#4191,.T.);
#5961=ORIENTED_EDGE('',*,*,#4188,.T.);
#5962=ORIENTED_EDGE('',*,*,#4185,.T.);
#5963=ORIENTED_EDGE('',*,*,#4182,.T.);
#5964=ORIENTED_EDGE('',*,*,#4202,.T.);
#5965=ORIENTED_EDGE('',*,*,#4180,.T.);
#5966=ORIENTED_EDGE('',*,*,#4184,.T.);
#5967=ORIENTED_EDGE('',*,*,#4187,.T.);
#5968=ORIENTED_EDGE('',*,*,#4190,.T.);
#5969=ORIENTED_EDGE('',*,*,#4193,.T.);
#5970=ORIENTED_EDGE('',*,*,#4196,.T.);
#5971=ORIENTED_EDGE('',*,*,#4199,.T.);
#5972=ORIENTED_EDGE('',*,*,#4204,.T.);
#5973=ORIENTED_EDGE('',*,*,#4205,.T.);
#5974=ORIENTED_EDGE('',*,*,#4206,.F.);
#5975=ORIENTED_EDGE('',*,*,#4207,.F.);
#5976=ORIENTED_EDGE('',*,*,#4208,.T.);
#5977=ORIENTED_EDGE('',*,*,#4207,.T.);
#5978=ORIENTED_EDGE('',*,*,#4209,.F.);
#5979=ORIENTED_EDGE('',*,*,#4210,.F.);
#5980=ORIENTED_EDGE('',*,*,#4211,.T.);
#5981=ORIENTED_EDGE('',*,*,#4210,.T.);
#5982=ORIENTED_EDGE('',*,*,#4212,.F.);
#5983=ORIENTED_EDGE('',*,*,#4205,.F.);
#5984=ORIENTED_EDGE('',*,*,#4212,.T.);
#5985=ORIENTED_EDGE('',*,*,#4209,.T.);
#5986=ORIENTED_EDGE('',*,*,#4206,.T.);
#5987=ORIENTED_EDGE('',*,*,#4211,.F.);
#5988=ORIENTED_EDGE('',*,*,#4204,.F.);
#5989=ORIENTED_EDGE('',*,*,#4208,.F.);
#5990=ORIENTED_EDGE('',*,*,#4213,.F.);
#5991=ORIENTED_EDGE('',*,*,#4214,.F.);
#5992=ORIENTED_EDGE('',*,*,#4215,.F.);
#5993=ORIENTED_EDGE('',*,*,#4216,.F.);
#5994=ORIENTED_EDGE('',*,*,#4217,.F.);
#5995=ORIENTED_EDGE('',*,*,#4216,.T.);
#5996=ORIENTED_EDGE('',*,*,#4218,.T.);
#5997=ORIENTED_EDGE('',*,*,#4219,.F.);
#5998=ORIENTED_EDGE('',*,*,#4220,.F.);
#5999=ORIENTED_EDGE('',*,*,#4218,.F.);
#6000=ORIENTED_EDGE('',*,*,#4215,.T.);
#6001=ORIENTED_EDGE('',*,*,#4221,.F.);
#6002=ORIENTED_EDGE('',*,*,#4222,.F.);
#6003=ORIENTED_EDGE('',*,*,#4223,.F.);
#6004=ORIENTED_EDGE('',*,*,#4221,.T.);
#6005=ORIENTED_EDGE('',*,*,#4214,.T.);
#6006=ORIENTED_EDGE('',*,*,#4217,.T.);
#6007=ORIENTED_EDGE('',*,*,#4224,.F.);
#6008=ORIENTED_EDGE('',*,*,#4225,.F.);
#6009=ORIENTED_EDGE('',*,*,#4226,.F.);
#6010=ORIENTED_EDGE('',*,*,#4227,.F.);
#6011=ORIENTED_EDGE('',*,*,#4228,.F.);
#6012=ORIENTED_EDGE('',*,*,#4229,.F.);
#6013=ORIENTED_EDGE('',*,*,#4230,.F.);
#6014=ORIENTED_EDGE('',*,*,#4231,.F.);
#6015=ORIENTED_EDGE('',*,*,#4232,.F.);
#6016=ORIENTED_EDGE('',*,*,#4233,.F.);
#6017=ORIENTED_EDGE('',*,*,#4234,.F.);
#6018=ORIENTED_EDGE('',*,*,#4235,.F.);
#6019=ORIENTED_EDGE('',*,*,#4236,.F.);
#6020=ORIENTED_EDGE('',*,*,#4237,.F.);
#6021=ORIENTED_EDGE('',*,*,#4238,.F.);
#6022=ORIENTED_EDGE('',*,*,#4239,.F.);
#6023=ORIENTED_EDGE('',*,*,#4240,.F.);
#6024=ORIENTED_EDGE('',*,*,#4241,.F.);
#6025=ORIENTED_EDGE('',*,*,#4242,.F.);
#6026=ORIENTED_EDGE('',*,*,#4243,.F.);
#6027=ORIENTED_EDGE('',*,*,#4244,.F.);
#6028=ORIENTED_EDGE('',*,*,#4222,.T.);
#6029=ORIENTED_EDGE('',*,*,#4213,.T.);
#6030=ORIENTED_EDGE('',*,*,#4245,.T.);
#6031=ORIENTED_EDGE('',*,*,#4246,.T.);
#6032=ORIENTED_EDGE('',*,*,#4247,.T.);
#6033=ORIENTED_EDGE('',*,*,#4248,.T.);
#6034=ORIENTED_EDGE('',*,*,#4249,.T.);
#6035=ORIENTED_EDGE('',*,*,#4250,.T.);
#6036=ORIENTED_EDGE('',*,*,#4251,.T.);
#6037=ORIENTED_EDGE('',*,*,#4252,.T.);
#6038=ORIENTED_EDGE('',*,*,#4253,.T.);
#6039=ORIENTED_EDGE('',*,*,#4254,.T.);
#6040=ORIENTED_EDGE('',*,*,#4255,.T.);
#6041=ORIENTED_EDGE('',*,*,#4256,.T.);
#6042=ORIENTED_EDGE('',*,*,#4257,.T.);
#6043=ORIENTED_EDGE('',*,*,#4258,.T.);
#6044=ORIENTED_EDGE('',*,*,#4259,.T.);
#6045=ORIENTED_EDGE('',*,*,#4260,.T.);
#6046=ORIENTED_EDGE('',*,*,#4261,.T.);
#6047=ORIENTED_EDGE('',*,*,#4262,.T.);
#6048=ORIENTED_EDGE('',*,*,#4263,.T.);
#6049=ORIENTED_EDGE('',*,*,#4264,.T.);
#6050=ORIENTED_EDGE('',*,*,#4265,.T.);
#6051=ORIENTED_EDGE('',*,*,#4266,.T.);
#6052=ORIENTED_EDGE('',*,*,#4267,.T.);
#6053=ORIENTED_EDGE('',*,*,#4268,.T.);
#6054=ORIENTED_EDGE('',*,*,#4269,.T.);
#6055=ORIENTED_EDGE('',*,*,#4270,.T.);
#6056=ORIENTED_EDGE('',*,*,#4271,.T.);
#6057=ORIENTED_EDGE('',*,*,#4272,.T.);
#6058=ORIENTED_EDGE('',*,*,#4273,.T.);
#6059=ORIENTED_EDGE('',*,*,#4274,.T.);
#6060=ORIENTED_EDGE('',*,*,#4275,.T.);
#6061=ORIENTED_EDGE('',*,*,#4276,.T.);
#6062=ORIENTED_EDGE('',*,*,#4277,.T.);
#6063=ORIENTED_EDGE('',*,*,#4278,.T.);
#6064=ORIENTED_EDGE('',*,*,#4279,.T.);
#6065=ORIENTED_EDGE('',*,*,#4280,.T.);
#6066=ORIENTED_EDGE('',*,*,#4281,.T.);
#6067=ORIENTED_EDGE('',*,*,#4282,.T.);
#6068=ORIENTED_EDGE('',*,*,#4283,.T.);
#6069=ORIENTED_EDGE('',*,*,#4284,.T.);
#6070=ORIENTED_EDGE('',*,*,#4285,.T.);
#6071=ORIENTED_EDGE('',*,*,#4286,.T.);
#6072=ORIENTED_EDGE('',*,*,#4287,.T.);
#6073=ORIENTED_EDGE('',*,*,#4288,.T.);
#6074=ORIENTED_EDGE('',*,*,#4289,.T.);
#6075=ORIENTED_EDGE('',*,*,#4290,.T.);
#6076=ORIENTED_EDGE('',*,*,#4291,.T.);
#6077=ORIENTED_EDGE('',*,*,#4292,.T.);
#6078=ORIENTED_EDGE('',*,*,#4293,.T.);
#6079=ORIENTED_EDGE('',*,*,#4294,.T.);
#6080=ORIENTED_EDGE('',*,*,#4295,.T.);
#6081=ORIENTED_EDGE('',*,*,#4296,.T.);
#6082=ORIENTED_EDGE('',*,*,#4297,.T.);
#6083=ORIENTED_EDGE('',*,*,#4298,.T.);
#6084=ORIENTED_EDGE('',*,*,#4299,.T.);
#6085=ORIENTED_EDGE('',*,*,#4300,.T.);
#6086=ORIENTED_EDGE('',*,*,#4301,.T.);
#6087=ORIENTED_EDGE('',*,*,#4302,.T.);
#6088=ORIENTED_EDGE('',*,*,#4303,.T.);
#6089=ORIENTED_EDGE('',*,*,#4304,.T.);
#6090=ORIENTED_EDGE('',*,*,#4305,.T.);
#6091=ORIENTED_EDGE('',*,*,#4306,.T.);
#6092=ORIENTED_EDGE('',*,*,#4307,.T.);
#6093=ORIENTED_EDGE('',*,*,#4308,.T.);
#6094=ORIENTED_EDGE('',*,*,#4309,.T.);
#6095=ORIENTED_EDGE('',*,*,#4310,.T.);
#6096=ORIENTED_EDGE('',*,*,#4311,.T.);
#6097=ORIENTED_EDGE('',*,*,#4312,.T.);
#6098=ORIENTED_EDGE('',*,*,#4313,.T.);
#6099=ORIENTED_EDGE('',*,*,#4314,.T.);
#6100=ORIENTED_EDGE('',*,*,#4315,.T.);
#6101=ORIENTED_EDGE('',*,*,#4316,.T.);
#6102=ORIENTED_EDGE('',*,*,#4317,.T.);
#6103=ORIENTED_EDGE('',*,*,#4318,.T.);
#6104=ORIENTED_EDGE('',*,*,#4319,.T.);
#6105=ORIENTED_EDGE('',*,*,#4320,.T.);
#6106=ORIENTED_EDGE('',*,*,#4321,.T.);
#6107=ORIENTED_EDGE('',*,*,#4322,.T.);
#6108=ORIENTED_EDGE('',*,*,#4323,.T.);
#6109=ORIENTED_EDGE('',*,*,#4324,.T.);
#6110=ORIENTED_EDGE('',*,*,#4324,.F.);
#6111=ORIENTED_EDGE('',*,*,#4325,.T.);
#6112=ORIENTED_EDGE('',*,*,#4326,.F.);
#6113=ORIENTED_EDGE('',*,*,#4327,.F.);
#6114=ORIENTED_EDGE('',*,*,#4328,.F.);
#6115=ORIENTED_EDGE('',*,*,#4325,.F.);
#6116=ORIENTED_EDGE('',*,*,#4323,.F.);
#6117=ORIENTED_EDGE('',*,*,#4329,.T.);
#6118=ORIENTED_EDGE('',*,*,#4330,.F.);
#6119=ORIENTED_EDGE('',*,*,#4331,.F.);
#6120=ORIENTED_EDGE('',*,*,#4332,.F.);
#6121=ORIENTED_EDGE('',*,*,#4329,.F.);
#6122=ORIENTED_EDGE('',*,*,#4327,.T.);
#6123=ORIENTED_EDGE('',*,*,#4333,.F.);
#6124=ORIENTED_EDGE('',*,*,#4334,.T.);
#6125=ORIENTED_EDGE('',*,*,#4335,.F.);
#6126=ORIENTED_EDGE('',*,*,#4336,.T.);
#6127=ORIENTED_EDGE('',*,*,#4337,.F.);
#6128=ORIENTED_EDGE('',*,*,#4331,.T.);
#6129=ORIENTED_EDGE('',*,*,#4338,.F.);
#6130=ORIENTED_EDGE('',*,*,#4339,.T.);
#6131=ORIENTED_EDGE('',*,*,#4340,.F.);
#6132=ORIENTED_EDGE('',*,*,#4341,.T.);
#6133=ORIENTED_EDGE('',*,*,#4342,.F.);
#6134=ORIENTED_EDGE('',*,*,#4245,.F.);
#6135=ORIENTED_EDGE('',*,*,#4343,.T.);
#6136=ORIENTED_EDGE('',*,*,#4344,.F.);
#6137=ORIENTED_EDGE('',*,*,#4345,.F.);
#6138=ORIENTED_EDGE('',*,*,#4346,.F.);
#6139=ORIENTED_EDGE('',*,*,#4343,.F.);
#6140=ORIENTED_EDGE('',*,*,#4344,.T.);
#6141=ORIENTED_EDGE('',*,*,#4346,.T.);
#6142=ORIENTED_EDGE('',*,*,#4347,.F.);
#6143=ORIENTED_EDGE('',*,*,#4348,.T.);
#6144=ORIENTED_EDGE('',*,*,#4349,.F.);
#6145=ORIENTED_EDGE('',*,*,#4350,.T.);
#6146=ORIENTED_EDGE('',*,*,#4351,.F.);
#6147=ORIENTED_EDGE('',*,*,#4223,.T.);
#6148=ORIENTED_EDGE('',*,*,#4244,.T.);
#6149=ORIENTED_EDGE('',*,*,#4352,.T.);
#6150=ORIENTED_EDGE('',*,*,#4353,.T.);
#6151=ORIENTED_EDGE('',*,*,#4354,.T.);
#6152=ORIENTED_EDGE('',*,*,#4349,.T.);
#6153=ORIENTED_EDGE('',*,*,#4355,.T.);
#6154=ORIENTED_EDGE('',*,*,#4224,.T.);
#6155=ORIENTED_EDGE('',*,*,#4219,.T.);
#6156=ORIENTED_EDGE('',*,*,#4220,.T.);
#6157=ORIENTED_EDGE('',*,*,#4243,.T.);
#6158=ORIENTED_EDGE('',*,*,#4356,.F.);
#6159=ORIENTED_EDGE('',*,*,#4357,.T.);
#6160=ORIENTED_EDGE('',*,*,#4352,.F.);
#6161=ORIENTED_EDGE('',*,*,#4242,.T.);
#6162=ORIENTED_EDGE('',*,*,#4358,.F.);
#6163=ORIENTED_EDGE('',*,*,#4356,.T.);
#6164=ORIENTED_EDGE('',*,*,#4241,.T.);
#6165=ORIENTED_EDGE('',*,*,#4359,.F.);
#6166=ORIENTED_EDGE('',*,*,#4358,.T.);
#6167=ORIENTED_EDGE('',*,*,#4240,.T.);
#6168=ORIENTED_EDGE('',*,*,#4360,.F.);
#6169=ORIENTED_EDGE('',*,*,#4361,.F.);
#6170=ORIENTED_EDGE('',*,*,#4359,.T.);
#6171=ORIENTED_EDGE('',*,*,#4239,.T.);
#6172=ORIENTED_EDGE('',*,*,#4362,.T.);
#6173=ORIENTED_EDGE('',*,*,#4363,.T.);
#6174=ORIENTED_EDGE('',*,*,#4364,.T.);
#6175=ORIENTED_EDGE('',*,*,#4365,.T.);
#6176=ORIENTED_EDGE('',*,*,#4360,.T.);
#6177=ORIENTED_EDGE('',*,*,#4238,.T.);
#6178=ORIENTED_EDGE('',*,*,#4366,.F.);
#6179=ORIENTED_EDGE('',*,*,#4367,.T.);
#6180=ORIENTED_EDGE('',*,*,#4362,.F.);
#6181=ORIENTED_EDGE('',*,*,#4237,.T.);
#6182=ORIENTED_EDGE('',*,*,#4368,.F.);
#6183=ORIENTED_EDGE('',*,*,#4366,.T.);
#6184=ORIENTED_EDGE('',*,*,#4236,.T.);
#6185=ORIENTED_EDGE('',*,*,#4369,.F.);
#6186=ORIENTED_EDGE('',*,*,#4368,.T.);
#6187=ORIENTED_EDGE('',*,*,#4235,.T.);
#6188=ORIENTED_EDGE('',*,*,#4370,.F.);
#6189=ORIENTED_EDGE('',*,*,#4339,.F.);
#6190=ORIENTED_EDGE('',*,*,#4369,.T.);
#6191=ORIENTED_EDGE('',*,*,#4357,.F.);
#6192=ORIENTED_EDGE('',*,*,#4371,.T.);
#6193=ORIENTED_EDGE('',*,*,#4372,.T.);
#6194=ORIENTED_EDGE('',*,*,#4353,.F.);
#6195=ORIENTED_EDGE('',*,*,#4345,.T.);
#6196=ORIENTED_EDGE('',*,*,#4351,.T.);
#6197=ORIENTED_EDGE('',*,*,#4373,.T.);
#6198=ORIENTED_EDGE('',*,*,#4374,.F.);
#6199=ORIENTED_EDGE('',*,*,#4375,.F.);
#6200=ORIENTED_EDGE('',*,*,#4347,.T.);
#6201=ORIENTED_EDGE('',*,*,#4225,.T.);
#6202=ORIENTED_EDGE('',*,*,#4355,.F.);
#6203=ORIENTED_EDGE('',*,*,#4348,.F.);
#6204=ORIENTED_EDGE('',*,*,#4376,.T.);
#6205=ORIENTED_EDGE('',*,*,#4226,.T.);
#6206=ORIENTED_EDGE('',*,*,#4376,.F.);
#6207=ORIENTED_EDGE('',*,*,#4377,.T.);
#6208=ORIENTED_EDGE('',*,*,#4227,.T.);
#6209=ORIENTED_EDGE('',*,*,#4377,.F.);
#6210=ORIENTED_EDGE('',*,*,#4378,.T.);
#6211=ORIENTED_EDGE('',*,*,#4330,.T.);
#6212=ORIENTED_EDGE('',*,*,#4332,.T.);
#6213=ORIENTED_EDGE('',*,*,#4342,.T.);
#6214=ORIENTED_EDGE('',*,*,#4379,.T.);
#6215=ORIENTED_EDGE('',*,*,#4363,.F.);
#6216=ORIENTED_EDGE('',*,*,#4367,.F.);
#6217=ORIENTED_EDGE('',*,*,#4338,.T.);
#6218=ORIENTED_EDGE('',*,*,#4326,.T.);
#6219=ORIENTED_EDGE('',*,*,#4328,.T.);
#6220=ORIENTED_EDGE('',*,*,#4337,.T.);
#6221=ORIENTED_EDGE('',*,*,#4380,.T.);
#6222=ORIENTED_EDGE('',*,*,#4381,.F.);
#6223=ORIENTED_EDGE('',*,*,#4382,.F.);
#6224=ORIENTED_EDGE('',*,*,#4333,.T.);
#6225=ORIENTED_EDGE('',*,*,#4230,.T.);
#6226=ORIENTED_EDGE('',*,*,#4383,.F.);
#6227=ORIENTED_EDGE('',*,*,#4334,.F.);
#6228=ORIENTED_EDGE('',*,*,#4384,.T.);
#6229=ORIENTED_EDGE('',*,*,#4231,.T.);
#6230=ORIENTED_EDGE('',*,*,#4384,.F.);
#6231=ORIENTED_EDGE('',*,*,#4385,.T.);
#6232=ORIENTED_EDGE('',*,*,#4232,.T.);
#6233=ORIENTED_EDGE('',*,*,#4385,.F.);
#6234=ORIENTED_EDGE('',*,*,#4386,.T.);
#6235=ORIENTED_EDGE('',*,*,#4387,.T.);
#6236=ORIENTED_EDGE('',*,*,#4388,.T.);
#6237=ORIENTED_EDGE('',*,*,#4389,.T.);
#6238=ORIENTED_EDGE('',*,*,#4388,.F.);
#6239=ORIENTED_EDGE('',*,*,#4390,.F.);
#6240=ORIENTED_EDGE('',*,*,#4364,.F.);
#6241=ORIENTED_EDGE('',*,*,#4379,.F.);
#6242=ORIENTED_EDGE('',*,*,#4341,.F.);
#6243=ORIENTED_EDGE('',*,*,#4391,.F.);
#6244=ORIENTED_EDGE('',*,*,#4380,.F.);
#6245=ORIENTED_EDGE('',*,*,#4336,.F.);
#6246=ORIENTED_EDGE('',*,*,#4392,.F.);
#6247=ORIENTED_EDGE('',*,*,#4373,.F.);
#6248=ORIENTED_EDGE('',*,*,#4350,.F.);
#6249=ORIENTED_EDGE('',*,*,#4354,.F.);
#6250=ORIENTED_EDGE('',*,*,#4372,.F.);
#6251=ORIENTED_EDGE('',*,*,#4393,.F.);
#6252=ORIENTED_EDGE('',*,*,#4394,.F.);
#6253=ORIENTED_EDGE('',*,*,#4395,.F.);
#6254=ORIENTED_EDGE('',*,*,#4396,.F.);
#6255=ORIENTED_EDGE('',*,*,#4397,.F.);
#6256=ORIENTED_EDGE('',*,*,#4398,.F.);
#6257=ORIENTED_EDGE('',*,*,#4399,.F.);
#6258=ORIENTED_EDGE('',*,*,#4400,.F.);
#6259=ORIENTED_EDGE('',*,*,#4401,.F.);
#6260=ORIENTED_EDGE('',*,*,#4402,.F.);
#6261=ORIENTED_EDGE('',*,*,#4403,.F.);
#6262=ORIENTED_EDGE('',*,*,#4404,.F.);
#6263=ORIENTED_EDGE('',*,*,#4405,.F.);
#6264=ORIENTED_EDGE('',*,*,#4406,.F.);
#6265=ORIENTED_EDGE('',*,*,#4407,.F.);
#6266=ORIENTED_EDGE('',*,*,#4408,.F.);
#6267=ORIENTED_EDGE('',*,*,#4409,.F.);
#6268=ORIENTED_EDGE('',*,*,#4410,.F.);
#6269=ORIENTED_EDGE('',*,*,#4411,.F.);
#6270=ORIENTED_EDGE('',*,*,#4412,.F.);
#6271=ORIENTED_EDGE('',*,*,#4413,.F.);
#6272=ORIENTED_EDGE('',*,*,#4414,.F.);
#6273=ORIENTED_EDGE('',*,*,#4415,.F.);
#6274=ORIENTED_EDGE('',*,*,#4416,.F.);
#6275=ORIENTED_EDGE('',*,*,#4417,.F.);
#6276=ORIENTED_EDGE('',*,*,#4418,.F.);
#6277=ORIENTED_EDGE('',*,*,#4419,.F.);
#6278=ORIENTED_EDGE('',*,*,#4420,.F.);
#6279=ORIENTED_EDGE('',*,*,#4421,.F.);
#6280=ORIENTED_EDGE('',*,*,#4422,.F.);
#6281=ORIENTED_EDGE('',*,*,#4423,.F.);
#6282=ORIENTED_EDGE('',*,*,#4424,.F.);
#6283=ORIENTED_EDGE('',*,*,#4425,.F.);
#6284=ORIENTED_EDGE('',*,*,#4426,.F.);
#6285=ORIENTED_EDGE('',*,*,#4427,.F.);
#6286=ORIENTED_EDGE('',*,*,#4428,.F.);
#6287=ORIENTED_EDGE('',*,*,#4429,.F.);
#6288=ORIENTED_EDGE('',*,*,#4430,.F.);
#6289=ORIENTED_EDGE('',*,*,#4431,.F.);
#6290=ORIENTED_EDGE('',*,*,#4432,.F.);
#6291=ORIENTED_EDGE('',*,*,#4433,.F.);
#6292=ORIENTED_EDGE('',*,*,#4434,.F.);
#6293=ORIENTED_EDGE('',*,*,#4435,.F.);
#6294=ORIENTED_EDGE('',*,*,#4436,.F.);
#6295=ORIENTED_EDGE('',*,*,#4437,.F.);
#6296=ORIENTED_EDGE('',*,*,#4438,.F.);
#6297=ORIENTED_EDGE('',*,*,#4439,.F.);
#6298=ORIENTED_EDGE('',*,*,#4440,.F.);
#6299=ORIENTED_EDGE('',*,*,#4441,.F.);
#6300=ORIENTED_EDGE('',*,*,#4442,.F.);
#6301=ORIENTED_EDGE('',*,*,#4443,.F.);
#6302=ORIENTED_EDGE('',*,*,#4444,.F.);
#6303=ORIENTED_EDGE('',*,*,#4445,.F.);
#6304=ORIENTED_EDGE('',*,*,#4446,.F.);
#6305=ORIENTED_EDGE('',*,*,#4447,.F.);
#6306=ORIENTED_EDGE('',*,*,#4448,.F.);
#6307=ORIENTED_EDGE('',*,*,#4449,.F.);
#6308=ORIENTED_EDGE('',*,*,#4450,.F.);
#6309=ORIENTED_EDGE('',*,*,#4451,.F.);
#6310=ORIENTED_EDGE('',*,*,#4452,.F.);
#6311=ORIENTED_EDGE('',*,*,#4453,.F.);
#6312=ORIENTED_EDGE('',*,*,#4454,.F.);
#6313=ORIENTED_EDGE('',*,*,#4455,.F.);
#6314=ORIENTED_EDGE('',*,*,#4456,.F.);
#6315=ORIENTED_EDGE('',*,*,#4457,.F.);
#6316=ORIENTED_EDGE('',*,*,#4458,.F.);
#6317=ORIENTED_EDGE('',*,*,#4459,.F.);
#6318=ORIENTED_EDGE('',*,*,#4460,.F.);
#6319=ORIENTED_EDGE('',*,*,#4461,.F.);
#6320=ORIENTED_EDGE('',*,*,#4462,.F.);
#6321=ORIENTED_EDGE('',*,*,#4463,.F.);
#6322=ORIENTED_EDGE('',*,*,#4464,.F.);
#6323=ORIENTED_EDGE('',*,*,#4465,.F.);
#6324=ORIENTED_EDGE('',*,*,#4466,.F.);
#6325=ORIENTED_EDGE('',*,*,#4467,.F.);
#6326=ORIENTED_EDGE('',*,*,#4468,.F.);
#6327=ORIENTED_EDGE('',*,*,#4387,.F.);
#6328=ORIENTED_EDGE('',*,*,#4389,.F.);
#6329=ORIENTED_EDGE('',*,*,#4469,.T.);
#6330=ORIENTED_EDGE('',*,*,#4322,.F.);
#6331=ORIENTED_EDGE('',*,*,#4469,.F.);
#6332=ORIENTED_EDGE('',*,*,#4395,.T.);
#6333=ORIENTED_EDGE('',*,*,#4470,.T.);
#6334=ORIENTED_EDGE('',*,*,#4471,.T.);
#6335=ORIENTED_EDGE('',*,*,#4472,.T.);
#6336=ORIENTED_EDGE('',*,*,#4473,.T.);
#6337=ORIENTED_EDGE('',*,*,#4474,.T.);
#6338=ORIENTED_EDGE('',*,*,#4393,.T.);
#6339=ORIENTED_EDGE('',*,*,#4475,.F.);
#6340=ORIENTED_EDGE('',*,*,#4394,.T.);
#6341=ORIENTED_EDGE('',*,*,#4474,.F.);
#6342=ORIENTED_EDGE('',*,*,#4476,.T.);
#6343=ORIENTED_EDGE('',*,*,#4470,.F.);
#6344=ORIENTED_EDGE('',*,*,#4396,.T.);
#6345=ORIENTED_EDGE('',*,*,#4472,.F.);
#6346=ORIENTED_EDGE('',*,*,#4477,.T.);
#6347=ORIENTED_EDGE('',*,*,#4475,.T.);
#6348=ORIENTED_EDGE('',*,*,#4476,.F.);
#6349=ORIENTED_EDGE('',*,*,#4478,.F.);
#6350=ORIENTED_EDGE('',*,*,#4319,.F.);
#6351=ORIENTED_EDGE('',*,*,#4479,.T.);
#6352=ORIENTED_EDGE('',*,*,#4473,.F.);
#6353=ORIENTED_EDGE('',*,*,#4480,.F.);
#6354=ORIENTED_EDGE('',*,*,#4320,.F.);
#6355=ORIENTED_EDGE('',*,*,#4478,.T.);
#6356=ORIENTED_EDGE('',*,*,#4481,.T.);
#6357=ORIENTED_EDGE('',*,*,#4482,.T.);
#6358=ORIENTED_EDGE('',*,*,#4483,.T.);
#6359=ORIENTED_EDGE('',*,*,#4461,.T.);
#6360=ORIENTED_EDGE('',*,*,#4484,.T.);
#6361=ORIENTED_EDGE('',*,*,#4462,.T.);
#6362=ORIENTED_EDGE('',*,*,#4483,.F.);
#6363=ORIENTED_EDGE('',*,*,#4485,.T.);
#6364=ORIENTED_EDGE('',*,*,#4486,.T.);
#6365=ORIENTED_EDGE('',*,*,#4463,.T.);
#6366=ORIENTED_EDGE('',*,*,#4484,.F.);
#6367=ORIENTED_EDGE('',*,*,#4487,.T.);
#6368=ORIENTED_EDGE('',*,*,#4488,.T.);
#6369=ORIENTED_EDGE('',*,*,#4464,.T.);
#6370=ORIENTED_EDGE('',*,*,#4486,.F.);
#6371=ORIENTED_EDGE('',*,*,#4489,.T.);
#6372=ORIENTED_EDGE('',*,*,#4490,.T.);
#6373=ORIENTED_EDGE('',*,*,#4465,.T.);
#6374=ORIENTED_EDGE('',*,*,#4488,.F.);
#6375=ORIENTED_EDGE('',*,*,#4491,.T.);
#6376=ORIENTED_EDGE('',*,*,#4492,.T.);
#6377=ORIENTED_EDGE('',*,*,#4466,.T.);
#6378=ORIENTED_EDGE('',*,*,#4490,.F.);
#6379=ORIENTED_EDGE('',*,*,#4493,.T.);
#6380=ORIENTED_EDGE('',*,*,#4494,.T.);
#6381=ORIENTED_EDGE('',*,*,#4467,.T.);
#6382=ORIENTED_EDGE('',*,*,#4492,.F.);
#6383=ORIENTED_EDGE('',*,*,#4495,.T.);
#6384=ORIENTED_EDGE('',*,*,#4481,.F.);
#6385=ORIENTED_EDGE('',*,*,#4468,.T.);
#6386=ORIENTED_EDGE('',*,*,#4494,.F.);
#6387=ORIENTED_EDGE('',*,*,#4496,.T.);
#6388=ORIENTED_EDGE('',*,*,#4489,.F.);
#6389=ORIENTED_EDGE('',*,*,#4497,.F.);
#6390=ORIENTED_EDGE('',*,*,#4305,.F.);
#6391=ORIENTED_EDGE('',*,*,#4498,.T.);
#6392=ORIENTED_EDGE('',*,*,#4487,.F.);
#6393=ORIENTED_EDGE('',*,*,#4499,.F.);
#6394=ORIENTED_EDGE('',*,*,#4306,.F.);
#6395=ORIENTED_EDGE('',*,*,#4497,.T.);
#6396=ORIENTED_EDGE('',*,*,#4485,.F.);
#6397=ORIENTED_EDGE('',*,*,#4500,.F.);
#6398=ORIENTED_EDGE('',*,*,#4307,.F.);
#6399=ORIENTED_EDGE('',*,*,#4499,.T.);
#6400=ORIENTED_EDGE('',*,*,#4482,.F.);
#6401=ORIENTED_EDGE('',*,*,#4501,.F.);
#6402=ORIENTED_EDGE('',*,*,#4308,.F.);
#6403=ORIENTED_EDGE('',*,*,#4500,.T.);
#6404=ORIENTED_EDGE('',*,*,#4502,.T.);
#6405=ORIENTED_EDGE('',*,*,#4503,.T.);
#6406=ORIENTED_EDGE('',*,*,#4504,.T.);
#6407=ORIENTED_EDGE('',*,*,#4397,.T.);
#6408=ORIENTED_EDGE('',*,*,#4505,.T.);
#6409=ORIENTED_EDGE('',*,*,#4398,.T.);
#6410=ORIENTED_EDGE('',*,*,#4504,.F.);
#6411=ORIENTED_EDGE('',*,*,#4506,.T.);
#6412=ORIENTED_EDGE('',*,*,#4507,.T.);
#6413=ORIENTED_EDGE('',*,*,#4399,.T.);
#6414=ORIENTED_EDGE('',*,*,#4505,.F.);
#6415=ORIENTED_EDGE('',*,*,#4508,.T.);
#6416=ORIENTED_EDGE('',*,*,#4509,.T.);
#6417=ORIENTED_EDGE('',*,*,#4400,.T.);
#6418=ORIENTED_EDGE('',*,*,#4507,.F.);
#6419=ORIENTED_EDGE('',*,*,#4510,.T.);
#6420=ORIENTED_EDGE('',*,*,#4511,.T.);
#6421=ORIENTED_EDGE('',*,*,#4401,.T.);
#6422=ORIENTED_EDGE('',*,*,#4509,.F.);
#6423=ORIENTED_EDGE('',*,*,#4512,.T.);
#6424=ORIENTED_EDGE('',*,*,#4513,.T.);
#6425=ORIENTED_EDGE('',*,*,#4402,.T.);
#6426=ORIENTED_EDGE('',*,*,#4511,.F.);
#6427=ORIENTED_EDGE('',*,*,#4514,.T.);
#6428=ORIENTED_EDGE('',*,*,#4515,.T.);
#6429=ORIENTED_EDGE('',*,*,#4403,.T.);
#6430=ORIENTED_EDGE('',*,*,#4513,.F.);
#6431=ORIENTED_EDGE('',*,*,#4516,.T.);
#6432=ORIENTED_EDGE('',*,*,#4502,.F.);
#6433=ORIENTED_EDGE('',*,*,#4404,.T.);
#6434=ORIENTED_EDGE('',*,*,#4515,.F.);
#6435=ORIENTED_EDGE('',*,*,#4517,.T.);
#6436=ORIENTED_EDGE('',*,*,#4510,.F.);
#6437=ORIENTED_EDGE('',*,*,#4518,.F.);
#6438=ORIENTED_EDGE('',*,*,#4297,.F.);
#6439=ORIENTED_EDGE('',*,*,#4519,.T.);
#6440=ORIENTED_EDGE('',*,*,#4508,.F.);
#6441=ORIENTED_EDGE('',*,*,#4520,.F.);
#6442=ORIENTED_EDGE('',*,*,#4298,.F.);
#6443=ORIENTED_EDGE('',*,*,#4518,.T.);
#6444=ORIENTED_EDGE('',*,*,#4506,.F.);
#6445=ORIENTED_EDGE('',*,*,#4521,.F.);
#6446=ORIENTED_EDGE('',*,*,#4299,.F.);
#6447=ORIENTED_EDGE('',*,*,#4520,.T.);
#6448=ORIENTED_EDGE('',*,*,#4503,.F.);
#6449=ORIENTED_EDGE('',*,*,#4522,.F.);
#6450=ORIENTED_EDGE('',*,*,#4300,.F.);
#6451=ORIENTED_EDGE('',*,*,#4521,.T.);
#6452=ORIENTED_EDGE('',*,*,#4523,.T.);
#6453=ORIENTED_EDGE('',*,*,#4524,.T.);
#6454=ORIENTED_EDGE('',*,*,#4525,.T.);
#6455=ORIENTED_EDGE('',*,*,#4453,.T.);
#6456=ORIENTED_EDGE('',*,*,#4526,.T.);
#6457=ORIENTED_EDGE('',*,*,#4454,.T.);
#6458=ORIENTED_EDGE('',*,*,#4525,.F.);
#6459=ORIENTED_EDGE('',*,*,#4527,.T.);
#6460=ORIENTED_EDGE('',*,*,#4528,.T.);
#6461=ORIENTED_EDGE('',*,*,#4455,.T.);
#6462=ORIENTED_EDGE('',*,*,#4526,.F.);
#6463=ORIENTED_EDGE('',*,*,#4529,.T.);
#6464=ORIENTED_EDGE('',*,*,#4530,.T.);
#6465=ORIENTED_EDGE('',*,*,#4456,.T.);
#6466=ORIENTED_EDGE('',*,*,#4528,.F.);
#6467=ORIENTED_EDGE('',*,*,#4531,.T.);
#6468=ORIENTED_EDGE('',*,*,#4532,.T.);
#6469=ORIENTED_EDGE('',*,*,#4457,.T.);
#6470=ORIENTED_EDGE('',*,*,#4530,.F.);
#6471=ORIENTED_EDGE('',*,*,#4533,.T.);
#6472=ORIENTED_EDGE('',*,*,#4534,.T.);
#6473=ORIENTED_EDGE('',*,*,#4458,.T.);
#6474=ORIENTED_EDGE('',*,*,#4532,.F.);
#6475=ORIENTED_EDGE('',*,*,#4535,.T.);
#6476=ORIENTED_EDGE('',*,*,#4536,.T.);
#6477=ORIENTED_EDGE('',*,*,#4459,.T.);
#6478=ORIENTED_EDGE('',*,*,#4534,.F.);
#6479=ORIENTED_EDGE('',*,*,#4537,.T.);
#6480=ORIENTED_EDGE('',*,*,#4523,.F.);
#6481=ORIENTED_EDGE('',*,*,#4460,.T.);
#6482=ORIENTED_EDGE('',*,*,#4536,.F.);
#6483=ORIENTED_EDGE('',*,*,#4538,.T.);
#6484=ORIENTED_EDGE('',*,*,#4531,.F.);
#6485=ORIENTED_EDGE('',*,*,#4539,.F.);
#6486=ORIENTED_EDGE('',*,*,#4265,.F.);
#6487=ORIENTED_EDGE('',*,*,#4540,.T.);
#6488=ORIENTED_EDGE('',*,*,#4529,.F.);
#6489=ORIENTED_EDGE('',*,*,#4541,.F.);
#6490=ORIENTED_EDGE('',*,*,#4266,.F.);
#6491=ORIENTED_EDGE('',*,*,#4539,.T.);
#6492=ORIENTED_EDGE('',*,*,#4527,.F.);
#6493=ORIENTED_EDGE('',*,*,#4542,.F.);
#6494=ORIENTED_EDGE('',*,*,#4267,.F.);
#6495=ORIENTED_EDGE('',*,*,#4541,.T.);
#6496=ORIENTED_EDGE('',*,*,#4524,.F.);
#6497=ORIENTED_EDGE('',*,*,#4543,.F.);
#6498=ORIENTED_EDGE('',*,*,#4268,.F.);
#6499=ORIENTED_EDGE('',*,*,#4542,.T.);
#6500=ORIENTED_EDGE('',*,*,#4544,.T.);
#6501=ORIENTED_EDGE('',*,*,#4545,.T.);
#6502=ORIENTED_EDGE('',*,*,#4546,.T.);
#6503=ORIENTED_EDGE('',*,*,#4405,.T.);
#6504=ORIENTED_EDGE('',*,*,#4547,.T.);
#6505=ORIENTED_EDGE('',*,*,#4406,.T.);
#6506=ORIENTED_EDGE('',*,*,#4546,.F.);
#6507=ORIENTED_EDGE('',*,*,#4548,.T.);
#6508=ORIENTED_EDGE('',*,*,#4549,.T.);
#6509=ORIENTED_EDGE('',*,*,#4407,.T.);
#6510=ORIENTED_EDGE('',*,*,#4547,.F.);
#6511=ORIENTED_EDGE('',*,*,#4550,.T.);
#6512=ORIENTED_EDGE('',*,*,#4551,.T.);
#6513=ORIENTED_EDGE('',*,*,#4408,.T.);
#6514=ORIENTED_EDGE('',*,*,#4549,.F.);
#6515=ORIENTED_EDGE('',*,*,#4552,.T.);
#6516=ORIENTED_EDGE('',*,*,#4553,.T.);
#6517=ORIENTED_EDGE('',*,*,#4409,.T.);
#6518=ORIENTED_EDGE('',*,*,#4551,.F.);
#6519=ORIENTED_EDGE('',*,*,#4554,.T.);
#6520=ORIENTED_EDGE('',*,*,#4555,.T.);
#6521=ORIENTED_EDGE('',*,*,#4410,.T.);
#6522=ORIENTED_EDGE('',*,*,#4553,.F.);
#6523=ORIENTED_EDGE('',*,*,#4556,.T.);
#6524=ORIENTED_EDGE('',*,*,#4557,.T.);
#6525=ORIENTED_EDGE('',*,*,#4411,.T.);
#6526=ORIENTED_EDGE('',*,*,#4555,.F.);
#6527=ORIENTED_EDGE('',*,*,#4558,.T.);
#6528=ORIENTED_EDGE('',*,*,#4544,.F.);
#6529=ORIENTED_EDGE('',*,*,#4412,.T.);
#6530=ORIENTED_EDGE('',*,*,#4557,.F.);
#6531=ORIENTED_EDGE('',*,*,#4559,.T.);
#6532=ORIENTED_EDGE('',*,*,#4552,.F.);
#6533=ORIENTED_EDGE('',*,*,#4560,.F.);
#6534=ORIENTED_EDGE('',*,*,#4289,.F.);
#6535=ORIENTED_EDGE('',*,*,#4561,.T.);
#6536=ORIENTED_EDGE('',*,*,#4550,.F.);
#6537=ORIENTED_EDGE('',*,*,#4562,.F.);
#6538=ORIENTED_EDGE('',*,*,#4290,.F.);
#6539=ORIENTED_EDGE('',*,*,#4560,.T.);
#6540=ORIENTED_EDGE('',*,*,#4548,.F.);
#6541=ORIENTED_EDGE('',*,*,#4563,.F.);
#6542=ORIENTED_EDGE('',*,*,#4291,.F.);
#6543=ORIENTED_EDGE('',*,*,#4562,.T.);
#6544=ORIENTED_EDGE('',*,*,#4545,.F.);
#6545=ORIENTED_EDGE('',*,*,#4564,.F.);
#6546=ORIENTED_EDGE('',*,*,#4292,.F.);
#6547=ORIENTED_EDGE('',*,*,#4563,.T.);
#6548=ORIENTED_EDGE('',*,*,#4565,.T.);
#6549=ORIENTED_EDGE('',*,*,#4566,.T.);
#6550=ORIENTED_EDGE('',*,*,#4567,.T.);
#6551=ORIENTED_EDGE('',*,*,#4445,.T.);
#6552=ORIENTED_EDGE('',*,*,#4568,.T.);
#6553=ORIENTED_EDGE('',*,*,#4446,.T.);
#6554=ORIENTED_EDGE('',*,*,#4567,.F.);
#6555=ORIENTED_EDGE('',*,*,#4569,.T.);
#6556=ORIENTED_EDGE('',*,*,#4570,.T.);
#6557=ORIENTED_EDGE('',*,*,#4447,.T.);
#6558=ORIENTED_EDGE('',*,*,#4568,.F.);
#6559=ORIENTED_EDGE('',*,*,#4571,.T.);
#6560=ORIENTED_EDGE('',*,*,#4572,.T.);
#6561=ORIENTED_EDGE('',*,*,#4448,.T.);
#6562=ORIENTED_EDGE('',*,*,#4570,.F.);
#6563=ORIENTED_EDGE('',*,*,#4573,.T.);
#6564=ORIENTED_EDGE('',*,*,#4574,.T.);
#6565=ORIENTED_EDGE('',*,*,#4449,.T.);
#6566=ORIENTED_EDGE('',*,*,#4572,.F.);
#6567=ORIENTED_EDGE('',*,*,#4575,.T.);
#6568=ORIENTED_EDGE('',*,*,#4576,.T.);
#6569=ORIENTED_EDGE('',*,*,#4450,.T.);
#6570=ORIENTED_EDGE('',*,*,#4574,.F.);
#6571=ORIENTED_EDGE('',*,*,#4577,.T.);
#6572=ORIENTED_EDGE('',*,*,#4578,.T.);
#6573=ORIENTED_EDGE('',*,*,#4451,.T.);
#6574=ORIENTED_EDGE('',*,*,#4576,.F.);
#6575=ORIENTED_EDGE('',*,*,#4579,.T.);
#6576=ORIENTED_EDGE('',*,*,#4565,.F.);
#6577=ORIENTED_EDGE('',*,*,#4452,.T.);
#6578=ORIENTED_EDGE('',*,*,#4578,.F.);
#6579=ORIENTED_EDGE('',*,*,#4580,.T.);
#6580=ORIENTED_EDGE('',*,*,#4573,.F.);
#6581=ORIENTED_EDGE('',*,*,#4581,.F.);
#6582=ORIENTED_EDGE('',*,*,#4257,.F.);
#6583=ORIENTED_EDGE('',*,*,#4582,.T.);
#6584=ORIENTED_EDGE('',*,*,#4571,.F.);
#6585=ORIENTED_EDGE('',*,*,#4583,.F.);
#6586=ORIENTED_EDGE('',*,*,#4258,.F.);
#6587=ORIENTED_EDGE('',*,*,#4581,.T.);
#6588=ORIENTED_EDGE('',*,*,#4569,.F.);
#6589=ORIENTED_EDGE('',*,*,#4584,.F.);
#6590=ORIENTED_EDGE('',*,*,#4259,.F.);
#6591=ORIENTED_EDGE('',*,*,#4583,.T.);
#6592=ORIENTED_EDGE('',*,*,#4566,.F.);
#6593=ORIENTED_EDGE('',*,*,#4585,.F.);
#6594=ORIENTED_EDGE('',*,*,#4260,.F.);
#6595=ORIENTED_EDGE('',*,*,#4584,.T.);
#6596=ORIENTED_EDGE('',*,*,#4586,.T.);
#6597=ORIENTED_EDGE('',*,*,#4587,.T.);
#6598=ORIENTED_EDGE('',*,*,#4588,.T.);
#6599=ORIENTED_EDGE('',*,*,#4413,.T.);
#6600=ORIENTED_EDGE('',*,*,#4589,.T.);
#6601=ORIENTED_EDGE('',*,*,#4414,.T.);
#6602=ORIENTED_EDGE('',*,*,#4588,.F.);
#6603=ORIENTED_EDGE('',*,*,#4590,.T.);
#6604=ORIENTED_EDGE('',*,*,#4591,.T.);
#6605=ORIENTED_EDGE('',*,*,#4415,.T.);
#6606=ORIENTED_EDGE('',*,*,#4589,.F.);
#6607=ORIENTED_EDGE('',*,*,#4592,.T.);
#6608=ORIENTED_EDGE('',*,*,#4593,.T.);
#6609=ORIENTED_EDGE('',*,*,#4416,.T.);
#6610=ORIENTED_EDGE('',*,*,#4591,.F.);
#6611=ORIENTED_EDGE('',*,*,#4594,.T.);
#6612=ORIENTED_EDGE('',*,*,#4595,.T.);
#6613=ORIENTED_EDGE('',*,*,#4417,.T.);
#6614=ORIENTED_EDGE('',*,*,#4593,.F.);
#6615=ORIENTED_EDGE('',*,*,#4596,.T.);
#6616=ORIENTED_EDGE('',*,*,#4597,.T.);
#6617=ORIENTED_EDGE('',*,*,#4418,.T.);
#6618=ORIENTED_EDGE('',*,*,#4595,.F.);
#6619=ORIENTED_EDGE('',*,*,#4598,.T.);
#6620=ORIENTED_EDGE('',*,*,#4599,.T.);
#6621=ORIENTED_EDGE('',*,*,#4419,.T.);
#6622=ORIENTED_EDGE('',*,*,#4597,.F.);
#6623=ORIENTED_EDGE('',*,*,#4600,.T.);
#6624=ORIENTED_EDGE('',*,*,#4586,.F.);
#6625=ORIENTED_EDGE('',*,*,#4420,.T.);
#6626=ORIENTED_EDGE('',*,*,#4599,.F.);
#6627=ORIENTED_EDGE('',*,*,#4601,.T.);
#6628=ORIENTED_EDGE('',*,*,#4594,.F.);
#6629=ORIENTED_EDGE('',*,*,#4602,.F.);
#6630=ORIENTED_EDGE('',*,*,#4273,.F.);
#6631=ORIENTED_EDGE('',*,*,#4603,.T.);
#6632=ORIENTED_EDGE('',*,*,#4592,.F.);
#6633=ORIENTED_EDGE('',*,*,#4604,.F.);
#6634=ORIENTED_EDGE('',*,*,#4274,.F.);
#6635=ORIENTED_EDGE('',*,*,#4602,.T.);
#6636=ORIENTED_EDGE('',*,*,#4590,.F.);
#6637=ORIENTED_EDGE('',*,*,#4605,.F.);
#6638=ORIENTED_EDGE('',*,*,#4275,.F.);
#6639=ORIENTED_EDGE('',*,*,#4604,.T.);
#6640=ORIENTED_EDGE('',*,*,#4587,.F.);
#6641=ORIENTED_EDGE('',*,*,#4606,.F.);
#6642=ORIENTED_EDGE('',*,*,#4276,.F.);
#6643=ORIENTED_EDGE('',*,*,#4605,.T.);
#6644=ORIENTED_EDGE('',*,*,#4607,.T.);
#6645=ORIENTED_EDGE('',*,*,#4608,.T.);
#6646=ORIENTED_EDGE('',*,*,#4609,.T.);
#6647=ORIENTED_EDGE('',*,*,#4437,.T.);
#6648=ORIENTED_EDGE('',*,*,#4610,.T.);
#6649=ORIENTED_EDGE('',*,*,#4438,.T.);
#6650=ORIENTED_EDGE('',*,*,#4609,.F.);
#6651=ORIENTED_EDGE('',*,*,#4611,.T.);
#6652=ORIENTED_EDGE('',*,*,#4612,.T.);
#6653=ORIENTED_EDGE('',*,*,#4439,.T.);
#6654=ORIENTED_EDGE('',*,*,#4610,.F.);
#6655=ORIENTED_EDGE('',*,*,#4613,.T.);
#6656=ORIENTED_EDGE('',*,*,#4614,.T.);
#6657=ORIENTED_EDGE('',*,*,#4440,.T.);
#6658=ORIENTED_EDGE('',*,*,#4612,.F.);
#6659=ORIENTED_EDGE('',*,*,#4615,.T.);
#6660=ORIENTED_EDGE('',*,*,#4616,.T.);
#6661=ORIENTED_EDGE('',*,*,#4441,.T.);
#6662=ORIENTED_EDGE('',*,*,#4614,.F.);
#6663=ORIENTED_EDGE('',*,*,#4617,.T.);
#6664=ORIENTED_EDGE('',*,*,#4618,.T.);
#6665=ORIENTED_EDGE('',*,*,#4442,.T.);
#6666=ORIENTED_EDGE('',*,*,#4616,.F.);
#6667=ORIENTED_EDGE('',*,*,#4619,.T.);
#6668=ORIENTED_EDGE('',*,*,#4620,.T.);
#6669=ORIENTED_EDGE('',*,*,#4443,.T.);
#6670=ORIENTED_EDGE('',*,*,#4618,.F.);
#6671=ORIENTED_EDGE('',*,*,#4621,.T.);
#6672=ORIENTED_EDGE('',*,*,#4607,.F.);
#6673=ORIENTED_EDGE('',*,*,#4444,.T.);
#6674=ORIENTED_EDGE('',*,*,#4620,.F.);
#6675=ORIENTED_EDGE('',*,*,#4622,.T.);
#6676=ORIENTED_EDGE('',*,*,#4615,.F.);
#6677=ORIENTED_EDGE('',*,*,#4623,.F.);
#6678=ORIENTED_EDGE('',*,*,#4313,.F.);
#6679=ORIENTED_EDGE('',*,*,#4624,.T.);
#6680=ORIENTED_EDGE('',*,*,#4613,.F.);
#6681=ORIENTED_EDGE('',*,*,#4625,.F.);
#6682=ORIENTED_EDGE('',*,*,#4314,.F.);
#6683=ORIENTED_EDGE('',*,*,#4623,.T.);
#6684=ORIENTED_EDGE('',*,*,#4611,.F.);
#6685=ORIENTED_EDGE('',*,*,#4626,.F.);
#6686=ORIENTED_EDGE('',*,*,#4315,.F.);
#6687=ORIENTED_EDGE('',*,*,#4625,.T.);
#6688=ORIENTED_EDGE('',*,*,#4608,.F.);
#6689=ORIENTED_EDGE('',*,*,#4627,.F.);
#6690=ORIENTED_EDGE('',*,*,#4316,.F.);
#6691=ORIENTED_EDGE('',*,*,#4626,.T.);
#6692=ORIENTED_EDGE('',*,*,#4628,.T.);
#6693=ORIENTED_EDGE('',*,*,#4629,.T.);
#6694=ORIENTED_EDGE('',*,*,#4630,.T.);
#6695=ORIENTED_EDGE('',*,*,#4421,.T.);
#6696=ORIENTED_EDGE('',*,*,#4631,.T.);
#6697=ORIENTED_EDGE('',*,*,#4422,.T.);
#6698=ORIENTED_EDGE('',*,*,#4630,.F.);
#6699=ORIENTED_EDGE('',*,*,#4632,.T.);
#6700=ORIENTED_EDGE('',*,*,#4633,.T.);
#6701=ORIENTED_EDGE('',*,*,#4423,.T.);
#6702=ORIENTED_EDGE('',*,*,#4631,.F.);
#6703=ORIENTED_EDGE('',*,*,#4634,.T.);
#6704=ORIENTED_EDGE('',*,*,#4635,.T.);
#6705=ORIENTED_EDGE('',*,*,#4424,.T.);
#6706=ORIENTED_EDGE('',*,*,#4633,.F.);
#6707=ORIENTED_EDGE('',*,*,#4636,.T.);
#6708=ORIENTED_EDGE('',*,*,#4637,.T.);
#6709=ORIENTED_EDGE('',*,*,#4425,.T.);
#6710=ORIENTED_EDGE('',*,*,#4635,.F.);
#6711=ORIENTED_EDGE('',*,*,#4638,.T.);
#6712=ORIENTED_EDGE('',*,*,#4639,.T.);
#6713=ORIENTED_EDGE('',*,*,#4426,.T.);
#6714=ORIENTED_EDGE('',*,*,#4637,.F.);
#6715=ORIENTED_EDGE('',*,*,#4640,.T.);
#6716=ORIENTED_EDGE('',*,*,#4641,.T.);
#6717=ORIENTED_EDGE('',*,*,#4427,.T.);
#6718=ORIENTED_EDGE('',*,*,#4639,.F.);
#6719=ORIENTED_EDGE('',*,*,#4642,.T.);
#6720=ORIENTED_EDGE('',*,*,#4628,.F.);
#6721=ORIENTED_EDGE('',*,*,#4428,.T.);
#6722=ORIENTED_EDGE('',*,*,#4641,.F.);
#6723=ORIENTED_EDGE('',*,*,#4643,.T.);
#6724=ORIENTED_EDGE('',*,*,#4636,.F.);
#6725=ORIENTED_EDGE('',*,*,#4644,.F.);
#6726=ORIENTED_EDGE('',*,*,#4281,.F.);
#6727=ORIENTED_EDGE('',*,*,#4645,.T.);
#6728=ORIENTED_EDGE('',*,*,#4634,.F.);
#6729=ORIENTED_EDGE('',*,*,#4646,.F.);
#6730=ORIENTED_EDGE('',*,*,#4282,.F.);
#6731=ORIENTED_EDGE('',*,*,#4644,.T.);
#6732=ORIENTED_EDGE('',*,*,#4632,.F.);
#6733=ORIENTED_EDGE('',*,*,#4647,.F.);
#6734=ORIENTED_EDGE('',*,*,#4283,.F.);
#6735=ORIENTED_EDGE('',*,*,#4646,.T.);
#6736=ORIENTED_EDGE('',*,*,#4629,.F.);
#6737=ORIENTED_EDGE('',*,*,#4648,.F.);
#6738=ORIENTED_EDGE('',*,*,#4284,.F.);
#6739=ORIENTED_EDGE('',*,*,#4647,.T.);
#6740=ORIENTED_EDGE('',*,*,#4649,.T.);
#6741=ORIENTED_EDGE('',*,*,#4650,.T.);
#6742=ORIENTED_EDGE('',*,*,#4651,.T.);
#6743=ORIENTED_EDGE('',*,*,#4429,.T.);
#6744=ORIENTED_EDGE('',*,*,#4652,.T.);
#6745=ORIENTED_EDGE('',*,*,#4430,.T.);
#6746=ORIENTED_EDGE('',*,*,#4651,.F.);
#6747=ORIENTED_EDGE('',*,*,#4653,.T.);
#6748=ORIENTED_EDGE('',*,*,#4654,.T.);
#6749=ORIENTED_EDGE('',*,*,#4431,.T.);
#6750=ORIENTED_EDGE('',*,*,#4652,.F.);
#6751=ORIENTED_EDGE('',*,*,#4655,.T.);
#6752=ORIENTED_EDGE('',*,*,#4656,.T.);
#6753=ORIENTED_EDGE('',*,*,#4432,.T.);
#6754=ORIENTED_EDGE('',*,*,#4654,.F.);
#6755=ORIENTED_EDGE('',*,*,#4657,.T.);
#6756=ORIENTED_EDGE('',*,*,#4658,.T.);
#6757=ORIENTED_EDGE('',*,*,#4433,.T.);
#6758=ORIENTED_EDGE('',*,*,#4656,.F.);
#6759=ORIENTED_EDGE('',*,*,#4659,.T.);
#6760=ORIENTED_EDGE('',*,*,#4660,.T.);
#6761=ORIENTED_EDGE('',*,*,#4434,.T.);
#6762=ORIENTED_EDGE('',*,*,#4658,.F.);
#6763=ORIENTED_EDGE('',*,*,#4661,.T.);
#6764=ORIENTED_EDGE('',*,*,#4662,.T.);
#6765=ORIENTED_EDGE('',*,*,#4435,.T.);
#6766=ORIENTED_EDGE('',*,*,#4660,.F.);
#6767=ORIENTED_EDGE('',*,*,#4663,.T.);
#6768=ORIENTED_EDGE('',*,*,#4649,.F.);
#6769=ORIENTED_EDGE('',*,*,#4436,.T.);
#6770=ORIENTED_EDGE('',*,*,#4662,.F.);
#6771=ORIENTED_EDGE('',*,*,#4664,.T.);
#6772=ORIENTED_EDGE('',*,*,#4657,.F.);
#6773=ORIENTED_EDGE('',*,*,#4665,.F.);
#6774=ORIENTED_EDGE('',*,*,#4249,.F.);
#6775=ORIENTED_EDGE('',*,*,#4666,.T.);
#6776=ORIENTED_EDGE('',*,*,#4655,.F.);
#6777=ORIENTED_EDGE('',*,*,#4667,.F.);
#6778=ORIENTED_EDGE('',*,*,#4250,.F.);
#6779=ORIENTED_EDGE('',*,*,#4665,.T.);
#6780=ORIENTED_EDGE('',*,*,#4653,.F.);
#6781=ORIENTED_EDGE('',*,*,#4668,.F.);
#6782=ORIENTED_EDGE('',*,*,#4251,.F.);
#6783=ORIENTED_EDGE('',*,*,#4667,.T.);
#6784=ORIENTED_EDGE('',*,*,#4650,.F.);
#6785=ORIENTED_EDGE('',*,*,#4669,.F.);
#6786=ORIENTED_EDGE('',*,*,#4252,.F.);
#6787=ORIENTED_EDGE('',*,*,#4668,.T.);
#6788=ORIENTED_EDGE('',*,*,#4233,.T.);
#6789=ORIENTED_EDGE('',*,*,#4386,.F.);
#6790=ORIENTED_EDGE('',*,*,#4382,.T.);
#6791=ORIENTED_EDGE('',*,*,#4670,.F.);
#6792=ORIENTED_EDGE('',*,*,#4234,.T.);
#6793=ORIENTED_EDGE('',*,*,#4670,.T.);
#6794=ORIENTED_EDGE('',*,*,#4381,.T.);
#6795=ORIENTED_EDGE('',*,*,#4391,.T.);
#6796=ORIENTED_EDGE('',*,*,#4340,.T.);
#6797=ORIENTED_EDGE('',*,*,#4370,.T.);
#6798=ORIENTED_EDGE('',*,*,#4228,.T.);
#6799=ORIENTED_EDGE('',*,*,#4378,.F.);
#6800=ORIENTED_EDGE('',*,*,#4375,.T.);
#6801=ORIENTED_EDGE('',*,*,#4671,.F.);
#6802=ORIENTED_EDGE('',*,*,#4361,.T.);
#6803=ORIENTED_EDGE('',*,*,#4365,.F.);
#6804=ORIENTED_EDGE('',*,*,#4390,.T.);
#6805=ORIENTED_EDGE('',*,*,#4371,.F.);
#6806=ORIENTED_EDGE('',*,*,#4229,.T.);
#6807=ORIENTED_EDGE('',*,*,#4671,.T.);
#6808=ORIENTED_EDGE('',*,*,#4374,.T.);
#6809=ORIENTED_EDGE('',*,*,#4392,.T.);
#6810=ORIENTED_EDGE('',*,*,#4335,.T.);
#6811=ORIENTED_EDGE('',*,*,#4383,.T.);
#6812=ORIENTED_EDGE('',*,*,#4659,.F.);
#6813=ORIENTED_EDGE('',*,*,#4666,.F.);
#6814=ORIENTED_EDGE('',*,*,#4248,.F.);
#6815=ORIENTED_EDGE('',*,*,#4672,.T.);
#6816=ORIENTED_EDGE('',*,*,#4661,.F.);
#6817=ORIENTED_EDGE('',*,*,#4672,.F.);
#6818=ORIENTED_EDGE('',*,*,#4247,.F.);
#6819=ORIENTED_EDGE('',*,*,#4673,.T.);
#6820=ORIENTED_EDGE('',*,*,#4663,.F.);
#6821=ORIENTED_EDGE('',*,*,#4673,.F.);
#6822=ORIENTED_EDGE('',*,*,#4246,.F.);
#6823=ORIENTED_EDGE('',*,*,#4674,.T.);
#6824=ORIENTED_EDGE('',*,*,#4664,.F.);
#6825=ORIENTED_EDGE('',*,*,#4674,.F.);
#6826=ORIENTED_EDGE('',*,*,#4253,.F.);
#6827=ORIENTED_EDGE('',*,*,#4669,.T.);
#6828=ORIENTED_EDGE('',*,*,#4575,.F.);
#6829=ORIENTED_EDGE('',*,*,#4582,.F.);
#6830=ORIENTED_EDGE('',*,*,#4256,.F.);
#6831=ORIENTED_EDGE('',*,*,#4675,.T.);
#6832=ORIENTED_EDGE('',*,*,#4577,.F.);
#6833=ORIENTED_EDGE('',*,*,#4675,.F.);
#6834=ORIENTED_EDGE('',*,*,#4255,.F.);
#6835=ORIENTED_EDGE('',*,*,#4676,.T.);
#6836=ORIENTED_EDGE('',*,*,#4579,.F.);
#6837=ORIENTED_EDGE('',*,*,#4676,.F.);
#6838=ORIENTED_EDGE('',*,*,#4254,.F.);
#6839=ORIENTED_EDGE('',*,*,#4677,.T.);
#6840=ORIENTED_EDGE('',*,*,#4580,.F.);
#6841=ORIENTED_EDGE('',*,*,#4677,.F.);
#6842=ORIENTED_EDGE('',*,*,#4261,.F.);
#6843=ORIENTED_EDGE('',*,*,#4585,.T.);
#6844=ORIENTED_EDGE('',*,*,#4533,.F.);
#6845=ORIENTED_EDGE('',*,*,#4540,.F.);
#6846=ORIENTED_EDGE('',*,*,#4264,.F.);
#6847=ORIENTED_EDGE('',*,*,#4678,.T.);
#6848=ORIENTED_EDGE('',*,*,#4535,.F.);
#6849=ORIENTED_EDGE('',*,*,#4678,.F.);
#6850=ORIENTED_EDGE('',*,*,#4263,.F.);
#6851=ORIENTED_EDGE('',*,*,#4679,.T.);
#6852=ORIENTED_EDGE('',*,*,#4537,.F.);
#6853=ORIENTED_EDGE('',*,*,#4679,.F.);
#6854=ORIENTED_EDGE('',*,*,#4262,.F.);
#6855=ORIENTED_EDGE('',*,*,#4680,.T.);
#6856=ORIENTED_EDGE('',*,*,#4538,.F.);
#6857=ORIENTED_EDGE('',*,*,#4680,.F.);
#6858=ORIENTED_EDGE('',*,*,#4269,.F.);
#6859=ORIENTED_EDGE('',*,*,#4543,.T.);
#6860=ORIENTED_EDGE('',*,*,#4596,.F.);
#6861=ORIENTED_EDGE('',*,*,#4603,.F.);
#6862=ORIENTED_EDGE('',*,*,#4272,.F.);
#6863=ORIENTED_EDGE('',*,*,#4681,.T.);
#6864=ORIENTED_EDGE('',*,*,#4598,.F.);
#6865=ORIENTED_EDGE('',*,*,#4681,.F.);
#6866=ORIENTED_EDGE('',*,*,#4271,.F.);
#6867=ORIENTED_EDGE('',*,*,#4682,.T.);
#6868=ORIENTED_EDGE('',*,*,#4600,.F.);
#6869=ORIENTED_EDGE('',*,*,#4682,.F.);
#6870=ORIENTED_EDGE('',*,*,#4270,.F.);
#6871=ORIENTED_EDGE('',*,*,#4683,.T.);
#6872=ORIENTED_EDGE('',*,*,#4601,.F.);
#6873=ORIENTED_EDGE('',*,*,#4683,.F.);
#6874=ORIENTED_EDGE('',*,*,#4277,.F.);
#6875=ORIENTED_EDGE('',*,*,#4606,.T.);
#6876=ORIENTED_EDGE('',*,*,#4638,.F.);
#6877=ORIENTED_EDGE('',*,*,#4645,.F.);
#6878=ORIENTED_EDGE('',*,*,#4280,.F.);
#6879=ORIENTED_EDGE('',*,*,#4684,.T.);
#6880=ORIENTED_EDGE('',*,*,#4640,.F.);
#6881=ORIENTED_EDGE('',*,*,#4684,.F.);
#6882=ORIENTED_EDGE('',*,*,#4279,.F.);
#6883=ORIENTED_EDGE('',*,*,#4685,.T.);
#6884=ORIENTED_EDGE('',*,*,#4642,.F.);
#6885=ORIENTED_EDGE('',*,*,#4685,.F.);
#6886=ORIENTED_EDGE('',*,*,#4278,.F.);
#6887=ORIENTED_EDGE('',*,*,#4686,.T.);
#6888=ORIENTED_EDGE('',*,*,#4643,.F.);
#6889=ORIENTED_EDGE('',*,*,#4686,.F.);
#6890=ORIENTED_EDGE('',*,*,#4285,.F.);
#6891=ORIENTED_EDGE('',*,*,#4648,.T.);
#6892=ORIENTED_EDGE('',*,*,#4554,.F.);
#6893=ORIENTED_EDGE('',*,*,#4561,.F.);
#6894=ORIENTED_EDGE('',*,*,#4288,.F.);
#6895=ORIENTED_EDGE('',*,*,#4687,.T.);
#6896=ORIENTED_EDGE('',*,*,#4556,.F.);
#6897=ORIENTED_EDGE('',*,*,#4687,.F.);
#6898=ORIENTED_EDGE('',*,*,#4287,.F.);
#6899=ORIENTED_EDGE('',*,*,#4688,.T.);
#6900=ORIENTED_EDGE('',*,*,#4558,.F.);
#6901=ORIENTED_EDGE('',*,*,#4688,.F.);
#6902=ORIENTED_EDGE('',*,*,#4286,.F.);
#6903=ORIENTED_EDGE('',*,*,#4689,.T.);
#6904=ORIENTED_EDGE('',*,*,#4559,.F.);
#6905=ORIENTED_EDGE('',*,*,#4689,.F.);
#6906=ORIENTED_EDGE('',*,*,#4293,.F.);
#6907=ORIENTED_EDGE('',*,*,#4564,.T.);
#6908=ORIENTED_EDGE('',*,*,#4512,.F.);
#6909=ORIENTED_EDGE('',*,*,#4519,.F.);
#6910=ORIENTED_EDGE('',*,*,#4296,.F.);
#6911=ORIENTED_EDGE('',*,*,#4690,.T.);
#6912=ORIENTED_EDGE('',*,*,#4514,.F.);
#6913=ORIENTED_EDGE('',*,*,#4690,.F.);
#6914=ORIENTED_EDGE('',*,*,#4295,.F.);
#6915=ORIENTED_EDGE('',*,*,#4691,.T.);
#6916=ORIENTED_EDGE('',*,*,#4516,.F.);
#6917=ORIENTED_EDGE('',*,*,#4691,.F.);
#6918=ORIENTED_EDGE('',*,*,#4294,.F.);
#6919=ORIENTED_EDGE('',*,*,#4692,.T.);
#6920=ORIENTED_EDGE('',*,*,#4517,.F.);
#6921=ORIENTED_EDGE('',*,*,#4692,.F.);
#6922=ORIENTED_EDGE('',*,*,#4301,.F.);
#6923=ORIENTED_EDGE('',*,*,#4522,.T.);
#6924=ORIENTED_EDGE('',*,*,#4491,.F.);
#6925=ORIENTED_EDGE('',*,*,#4498,.F.);
#6926=ORIENTED_EDGE('',*,*,#4304,.F.);
#6927=ORIENTED_EDGE('',*,*,#4693,.T.);
#6928=ORIENTED_EDGE('',*,*,#4493,.F.);
#6929=ORIENTED_EDGE('',*,*,#4693,.F.);
#6930=ORIENTED_EDGE('',*,*,#4303,.F.);
#6931=ORIENTED_EDGE('',*,*,#4694,.T.);
#6932=ORIENTED_EDGE('',*,*,#4495,.F.);
#6933=ORIENTED_EDGE('',*,*,#4694,.F.);
#6934=ORIENTED_EDGE('',*,*,#4302,.F.);
#6935=ORIENTED_EDGE('',*,*,#4695,.T.);
#6936=ORIENTED_EDGE('',*,*,#4496,.F.);
#6937=ORIENTED_EDGE('',*,*,#4695,.F.);
#6938=ORIENTED_EDGE('',*,*,#4309,.F.);
#6939=ORIENTED_EDGE('',*,*,#4501,.T.);
#6940=ORIENTED_EDGE('',*,*,#4617,.F.);
#6941=ORIENTED_EDGE('',*,*,#4624,.F.);
#6942=ORIENTED_EDGE('',*,*,#4312,.F.);
#6943=ORIENTED_EDGE('',*,*,#4696,.T.);
#6944=ORIENTED_EDGE('',*,*,#4619,.F.);
#6945=ORIENTED_EDGE('',*,*,#4696,.F.);
#6946=ORIENTED_EDGE('',*,*,#4311,.F.);
#6947=ORIENTED_EDGE('',*,*,#4697,.T.);
#6948=ORIENTED_EDGE('',*,*,#4621,.F.);
#6949=ORIENTED_EDGE('',*,*,#4697,.F.);
#6950=ORIENTED_EDGE('',*,*,#4310,.F.);
#6951=ORIENTED_EDGE('',*,*,#4698,.T.);
#6952=ORIENTED_EDGE('',*,*,#4622,.F.);
#6953=ORIENTED_EDGE('',*,*,#4698,.F.);
#6954=ORIENTED_EDGE('',*,*,#4317,.F.);
#6955=ORIENTED_EDGE('',*,*,#4627,.T.);
#6956=ORIENTED_EDGE('',*,*,#4471,.F.);
#6957=ORIENTED_EDGE('',*,*,#4479,.F.);
#6958=ORIENTED_EDGE('',*,*,#4318,.F.);
#6959=ORIENTED_EDGE('',*,*,#4699,.T.);
#6960=ORIENTED_EDGE('',*,*,#4477,.F.);
#6961=ORIENTED_EDGE('',*,*,#4699,.F.);
#6962=ORIENTED_EDGE('',*,*,#4321,.F.);
#6963=ORIENTED_EDGE('',*,*,#4480,.T.);
#6964=B_SPLINE_SURFACE_WITH_KNOTS('',3,1,((#9526,#9527),(#9528,#9529),(#9530,
#9531),(#9532,#9533)),.UNSPECIFIED.,.F.,.F.,.F.,(4,4),(2,2),(-1.,0.),(0.,
0.24),.UNSPECIFIED.);
#6965=B_SPLINE_SURFACE_WITH_KNOTS('',3,1,((#9560,#9561),(#9562,#9563),(#9564,
#9565),(#9566,#9567)),.UNSPECIFIED.,.F.,.F.,.F.,(4,4),(2,2),(-1.,0.),(0.,
0.24),.UNSPECIFIED.);
#6966=B_SPLINE_SURFACE_WITH_KNOTS('',3,1,((#9603,#9604),(#9605,#9606),(#9607,
#9608),(#9609,#9610)),.UNSPECIFIED.,.F.,.F.,.F.,(4,4),(2,2),(-1.,0.),(0.,
0.24),.UNSPECIFIED.);
#6967=B_SPLINE_SURFACE_WITH_KNOTS('',3,1,((#9622,#9623),(#9624,#9625),(#9626,
#9627),(#9628,#9629)),.UNSPECIFIED.,.F.,.F.,.F.,(4,4),(2,2),(-1.,0.),(0.,
0.24),.UNSPECIFIED.);
#6968=B_SPLINE_SURFACE_WITH_KNOTS('',3,1,((#9641,#9642),(#9643,#9644),(#9645,
#9646),(#9647,#9648)),.UNSPECIFIED.,.F.,.F.,.F.,(4,4),(2,2),(-1.,0.),(0.,
0.24),.UNSPECIFIED.);
#6969=B_SPLINE_SURFACE_WITH_KNOTS('',3,1,((#9660,#9661),(#9662,#9663),(#9664,
#9665),(#9666,#9667)),.UNSPECIFIED.,.F.,.F.,.F.,(4,4),(2,2),(-1.,0.),(0.,
0.24),.UNSPECIFIED.);
#6970=B_SPLINE_SURFACE_WITH_KNOTS('',3,1,((#9679,#9680),(#9681,#9682),(#9683,
#9684),(#9685,#9686)),.UNSPECIFIED.,.F.,.F.,.F.,(4,4),(2,2),(-1.,0.),(0.,
0.24),.UNSPECIFIED.);
#6971=B_SPLINE_SURFACE_WITH_KNOTS('',3,1,((#9698,#9699),(#9700,#9701),(#9702,
#9703),(#9704,#9705)),.UNSPECIFIED.,.F.,.F.,.F.,(4,4),(2,2),(-1.,0.),(0.,
0.24),.UNSPECIFIED.);
#6972=B_SPLINE_SURFACE_WITH_KNOTS('',3,1,((#9717,#9718),(#9719,#9720),(#9721,
#9722),(#9723,#9724)),.UNSPECIFIED.,.F.,.F.,.F.,(4,4),(2,2),(-1.,0.),(0.,
0.24),.UNSPECIFIED.);
#6973=B_SPLINE_SURFACE_WITH_KNOTS('',3,1,((#9736,#9737),(#9738,#9739),(#9740,
#9741),(#9742,#9743)),.UNSPECIFIED.,.F.,.F.,.F.,(4,4),(2,2),(-1.,0.),(0.,
0.24),.UNSPECIFIED.);
#6974=B_SPLINE_SURFACE_WITH_KNOTS('',3,1,((#9755,#9756),(#9757,#9758),(#9759,
#9760),(#9761,#9762)),.UNSPECIFIED.,.F.,.F.,.F.,(4,4),(2,2),(-1.,0.),(0.,
0.24),.UNSPECIFIED.);
#6975=B_SPLINE_SURFACE_WITH_KNOTS('',3,1,((#9774,#9775),(#9776,#9777),(#9778,
#9779),(#9780,#9781)),.UNSPECIFIED.,.F.,.F.,.F.,(4,4),(2,2),(-1.,0.),(0.,
0.24),.UNSPECIFIED.);
#6976=B_SPLINE_SURFACE_WITH_KNOTS('',3,1,((#9793,#9794),(#9795,#9796),(#9797,
#9798),(#9799,#9800)),.UNSPECIFIED.,.F.,.F.,.F.,(4,4),(2,2),(-1.,0.),(0.,
0.24),.UNSPECIFIED.);
#6977=B_SPLINE_SURFACE_WITH_KNOTS('',3,1,((#9812,#9813),(#9814,#9815),(#9816,
#9817),(#9818,#9819)),.UNSPECIFIED.,.F.,.F.,.F.,(4,4),(2,2),(-1.,0.),(0.,
0.24),.UNSPECIFIED.);
#6978=B_SPLINE_SURFACE_WITH_KNOTS('',3,1,((#9831,#9832),(#9833,#9834),(#9835,
#9836),(#9837,#9838)),.UNSPECIFIED.,.F.,.F.,.F.,(4,4),(2,2),(-1.,0.),(0.,
0.24),.UNSPECIFIED.);
#6979=B_SPLINE_SURFACE_WITH_KNOTS('',3,1,((#9850,#9851),(#9852,#9853),(#9854,
#9855),(#9856,#9857)),.UNSPECIFIED.,.F.,.F.,.F.,(4,4),(2,2),(-1.,0.),(0.,
0.24),.UNSPECIFIED.);
#6980=B_SPLINE_SURFACE_WITH_KNOTS('',3,1,((#9869,#9870),(#9871,#9872),(#9873,
#9874),(#9875,#9876)),.UNSPECIFIED.,.F.,.F.,.F.,(4,4),(2,2),(-1.,0.),(0.,
0.24),.UNSPECIFIED.);
#6981=B_SPLINE_SURFACE_WITH_KNOTS('',3,1,((#9888,#9889),(#9890,#9891),(#9892,
#9893),(#9894,#9895)),.UNSPECIFIED.,.F.,.F.,.F.,(4,4),(2,2),(-1.,0.),(0.,
0.24),.UNSPECIFIED.);
#6982=B_SPLINE_SURFACE_WITH_KNOTS('',3,1,((#9910,#9911),(#9912,#9913),(#9914,
#9915),(#9916,#9917)),.UNSPECIFIED.,.F.,.F.,.F.,(4,4),(2,2),(-1.,0.),(0.,
0.24),.UNSPECIFIED.);
#6983=B_SPLINE_SURFACE_WITH_KNOTS('',3,1,((#9929,#9930),(#9931,#9932),(#9933,
#9934),(#9935,#9936)),.UNSPECIFIED.,.F.,.F.,.F.,(4,4),(2,2),(-1.,0.),(0.,
0.24),.UNSPECIFIED.);
#6984=B_SPLINE_SURFACE_WITH_KNOTS('',3,1,((#9948,#9949),(#9950,#9951),(#9952,
#9953),(#9954,#9955)),.UNSPECIFIED.,.F.,.F.,.F.,(4,4),(2,2),(-1.,0.),(0.,
0.24),.UNSPECIFIED.);
#6985=B_SPLINE_SURFACE_WITH_KNOTS('',3,1,((#9964,#9965),(#9966,#9967),(#9968,
#9969),(#9970,#9971)),.UNSPECIFIED.,.F.,.F.,.F.,(4,4),(2,2),(-1.,0.),(0.,
0.24),.UNSPECIFIED.);
#6986=B_SPLINE_SURFACE_WITH_KNOTS('',3,1,((#9986,#9987),(#9988,#9989),(#9990,
#9991),(#9992,#9993)),.UNSPECIFIED.,.F.,.F.,.F.,(4,4),(2,2),(-1.,0.),(0.,
0.24),.UNSPECIFIED.);
#6987=B_SPLINE_SURFACE_WITH_KNOTS('',3,1,((#10005,#10006),(#10007,#10008),
(#10009,#10010),(#10011,#10012)),.UNSPECIFIED.,.F.,.F.,.F.,(4,4),(2,2),
(-1.,0.),(0.,0.24),.UNSPECIFIED.);
#6988=B_SPLINE_SURFACE_WITH_KNOTS('',3,1,((#10024,#10025),(#10026,#10027),
(#10028,#10029),(#10030,#10031)),.UNSPECIFIED.,.F.,.F.,.F.,(4,4),(2,2),
(-1.,0.),(0.,0.24),.UNSPECIFIED.);
#6989=B_SPLINE_SURFACE_WITH_KNOTS('',3,1,((#10055,#10056),(#10057,#10058),
(#10059,#10060),(#10061,#10062)),.UNSPECIFIED.,.F.,.F.,.F.,(4,4),(2,2),
(-1.,0.),(0.,0.24),.UNSPECIFIED.);
#6990=B_SPLINE_SURFACE_WITH_KNOTS('',3,1,((#10074,#10075),(#10076,#10077),
(#10078,#10079),(#10080,#10081)),.UNSPECIFIED.,.F.,.F.,.F.,(4,4),(2,2),
(-1.,0.),(0.,0.24),.UNSPECIFIED.);
#6991=B_SPLINE_SURFACE_WITH_KNOTS('',3,1,((#10093,#10094),(#10095,#10096),
(#10097,#10098),(#10099,#10100)),.UNSPECIFIED.,.F.,.F.,.F.,(4,4),(2,2),
(-1.,0.),(0.,0.24),.UNSPECIFIED.);
#6992=B_SPLINE_SURFACE_WITH_KNOTS('',3,1,((#10112,#10113),(#10114,#10115),
(#10116,#10117),(#10118,#10119)),.UNSPECIFIED.,.F.,.F.,.F.,(4,4),(2,2),
(-1.,0.),(0.,0.24),.UNSPECIFIED.);
#6993=B_SPLINE_SURFACE_WITH_KNOTS('',3,1,((#10131,#10132),(#10133,#10134),
(#10135,#10136),(#10137,#10138)),.UNSPECIFIED.,.F.,.F.,.F.,(4,4),(2,2),
(-1.,0.),(0.,0.24),.UNSPECIFIED.);
#6994=B_SPLINE_SURFACE_WITH_KNOTS('',3,1,((#10150,#10151),(#10152,#10153),
(#10154,#10155),(#10156,#10157)),.UNSPECIFIED.,.F.,.F.,.F.,(4,4),(2,2),
(-1.,0.),(0.,0.24),.UNSPECIFIED.);
#6995=B_SPLINE_SURFACE_WITH_KNOTS('',3,1,((#10169,#10170),(#10171,#10172),
(#10173,#10174),(#10175,#10176)),.UNSPECIFIED.,.F.,.F.,.F.,(4,4),(2,2),
(-1.,0.),(0.,0.24),.UNSPECIFIED.);
#6996=B_SPLINE_SURFACE_WITH_KNOTS('',3,1,((#10188,#10189),(#10190,#10191),
(#10192,#10193),(#10194,#10195)),.UNSPECIFIED.,.F.,.F.,.F.,(4,4),(2,2),
(-1.,0.),(0.,0.24),.UNSPECIFIED.);
#6997=B_SPLINE_SURFACE_WITH_KNOTS('',3,1,((#10207,#10208),(#10209,#10210),
(#10211,#10212),(#10213,#10214)),.UNSPECIFIED.,.F.,.F.,.F.,(4,4),(2,2),
(0.,1.),(0.,0.12),.UNSPECIFIED.);
#6998=B_SPLINE_SURFACE_WITH_KNOTS('',3,1,((#10229,#10230),(#10231,#10232),
(#10233,#10234),(#10235,#10236)),.UNSPECIFIED.,.F.,.F.,.F.,(4,4),(2,2),
(0.,1.),(0.,0.12),.UNSPECIFIED.);
#6999=B_SPLINE_SURFACE_WITH_KNOTS('',3,1,((#10248,#10249),(#10250,#10251),
(#10252,#10253),(#10254,#10255)),.UNSPECIFIED.,.F.,.F.,.F.,(4,4),(2,2),
(0.,1.),(0.,0.12),.UNSPECIFIED.);
#7000=B_SPLINE_SURFACE_WITH_KNOTS('',3,1,((#10267,#10268),(#10269,#10270),
(#10271,#10272),(#10273,#10274)),.UNSPECIFIED.,.F.,.F.,.F.,(4,4),(2,2),
(0.,1.),(0.,0.12),.UNSPECIFIED.);
#7001=B_SPLINE_SURFACE_WITH_KNOTS('',3,1,((#10286,#10287),(#10288,#10289),
(#10290,#10291),(#10292,#10293)),.UNSPECIFIED.,.F.,.F.,.F.,(4,4),(2,2),
(0.,1.),(0.,0.12),.UNSPECIFIED.);
#7002=B_SPLINE_SURFACE_WITH_KNOTS('',3,1,((#10305,#10306),(#10307,#10308),
(#10309,#10310),(#10311,#10312)),.UNSPECIFIED.,.F.,.F.,.F.,(4,4),(2,2),
(0.,1.),(0.,0.12),.UNSPECIFIED.);
#7003=B_SPLINE_SURFACE_WITH_KNOTS('',3,1,((#10324,#10325),(#10326,#10327),
(#10328,#10329),(#10330,#10331)),.UNSPECIFIED.,.F.,.F.,.F.,(4,4),(2,2),
(0.,1.),(0.,0.12),.UNSPECIFIED.);
#7004=B_SPLINE_SURFACE_WITH_KNOTS('',3,1,((#10343,#10344),(#10345,#10346),
(#10347,#10348),(#10349,#10350)),.UNSPECIFIED.,.F.,.F.,.F.,(4,4),(2,2),
(0.,1.),(0.,0.12),.UNSPECIFIED.);
#7005=B_SPLINE_SURFACE_WITH_KNOTS('',2,1,((#10368,#10369),(#10370,#10371),
(#10372,#10373)),.UNSPECIFIED.,.F.,.F.,.F.,(3,3),(2,2),(0.,1.),(0.,0.12),
 .UNSPECIFIED.);
#7006=B_SPLINE_SURFACE_WITH_KNOTS('',3,1,((#10383,#10384),(#10385,#10386),
(#10387,#10388),(#10389,#10390)),.UNSPECIFIED.,.F.,.F.,.F.,(4,4),(2,2),
(0.,1.),(0.,0.12),.UNSPECIFIED.);
#7007=B_SPLINE_SURFACE_WITH_KNOTS('',3,1,((#10402,#10403),(#10404,#10405),
(#10406,#10407),(#10408,#10409)),.UNSPECIFIED.,.F.,.F.,.F.,(4,4),(2,2),
(0.,1.),(0.,0.12),.UNSPECIFIED.);
#7008=B_SPLINE_SURFACE_WITH_KNOTS('',3,1,((#10421,#10422),(#10423,#10424),
(#10425,#10426),(#10427,#10428)),.UNSPECIFIED.,.F.,.F.,.F.,(4,4),(2,2),
(0.,1.),(0.,0.12),.UNSPECIFIED.);
#7009=B_SPLINE_SURFACE_WITH_KNOTS('',3,1,((#10440,#10441),(#10442,#10443),
(#10444,#10445),(#10446,#10447)),.UNSPECIFIED.,.F.,.F.,.F.,(4,4),(2,2),
(0.,1.),(0.,0.12),.UNSPECIFIED.);
#7010=B_SPLINE_SURFACE_WITH_KNOTS('',3,1,((#10459,#10460),(#10461,#10462),
(#10463,#10464),(#10465,#10466)),.UNSPECIFIED.,.F.,.F.,.F.,(4,4),(2,2),
(0.,1.),(0.,0.12),.UNSPECIFIED.);
#7011=B_SPLINE_SURFACE_WITH_KNOTS('',3,1,((#10478,#10479),(#10480,#10481),
(#10482,#10483),(#10484,#10485)),.UNSPECIFIED.,.F.,.F.,.F.,(4,4),(2,2),
(0.,1.),(0.,0.12),.UNSPECIFIED.);
#7012=B_SPLINE_SURFACE_WITH_KNOTS('',3,1,((#10494,#10495),(#10496,#10497),
(#10498,#10499),(#10500,#10501)),.UNSPECIFIED.,.F.,.F.,.F.,(4,4),(2,2),
(-1.,0.),(0.,0.12),.UNSPECIFIED.);
#7013=B_SPLINE_SURFACE_WITH_KNOTS('',2,1,((#10516,#10517),(#10518,#10519),
(#10520,#10521)),.UNSPECIFIED.,.F.,.F.,.F.,(3,3),(2,2),(-1.,0.),(0.,0.12),
 .UNSPECIFIED.);
#7014=B_SPLINE_SURFACE_WITH_KNOTS('',2,1,((#10531,#10532),(#10533,#10534),
(#10535,#10536)),.UNSPECIFIED.,.F.,.F.,.F.,(3,3),(2,2),(-1.,0.),(0.,0.12),
 .UNSPECIFIED.);
#7015=B_SPLINE_SURFACE_WITH_KNOTS('',3,1,((#10546,#10547),(#10548,#10549),
(#10550,#10551),(#10552,#10553)),.UNSPECIFIED.,.F.,.F.,.F.,(4,4),(2,2),
(-1.,0.),(0.,0.12),.UNSPECIFIED.);
#7016=B_SPLINE_SURFACE_WITH_KNOTS('',3,1,((#10565,#10566),(#10567,#10568),
(#10569,#10570),(#10571,#10572)),.UNSPECIFIED.,.F.,.F.,.F.,(4,4),(2,2),
(-1.,0.),(0.,0.12),.UNSPECIFIED.);
#7017=B_SPLINE_SURFACE_WITH_KNOTS('',3,1,((#10584,#10585),(#10586,#10587),
(#10588,#10589),(#10590,#10591)),.UNSPECIFIED.,.F.,.F.,.F.,(4,4),(2,2),
(-1.,0.),(0.,0.12),.UNSPECIFIED.);
#7018=B_SPLINE_SURFACE_WITH_KNOTS('',3,1,((#10603,#10604),(#10605,#10606),
(#10607,#10608),(#10609,#10610)),.UNSPECIFIED.,.F.,.F.,.F.,(4,4),(2,2),
(-1.,0.),(0.,0.12),.UNSPECIFIED.);
#7019=B_SPLINE_SURFACE_WITH_KNOTS('',3,1,((#10622,#10623),(#10624,#10625),
(#10626,#10627),(#10628,#10629)),.UNSPECIFIED.,.F.,.F.,.F.,(4,4),(2,2),
(-1.,0.),(0.,0.12),.UNSPECIFIED.);
#7020=B_SPLINE_SURFACE_WITH_KNOTS('',3,1,((#10641,#10642),(#10643,#10644),
(#10645,#10646),(#10647,#10648)),.UNSPECIFIED.,.F.,.F.,.F.,(4,4),(2,2),
(-1.,0.),(0.,0.12),.UNSPECIFIED.);
#7021=B_SPLINE_SURFACE_WITH_KNOTS('',3,1,((#10657,#10658),(#10659,#10660),
(#10661,#10662),(#10663,#10664)),.UNSPECIFIED.,.F.,.F.,.F.,(4,4),(2,2),
(0.,1.),(0.,0.12),.UNSPECIFIED.);
#7022=B_SPLINE_SURFACE_WITH_KNOTS('',3,1,((#10679,#10680),(#10681,#10682),
(#10683,#10684),(#10685,#10686)),.UNSPECIFIED.,.F.,.F.,.F.,(4,4),(2,2),
(0.,1.),(0.,0.12),.UNSPECIFIED.);
#7023=B_SPLINE_SURFACE_WITH_KNOTS('',3,1,((#10698,#10699),(#10700,#10701),
(#10702,#10703),(#10704,#10705)),.UNSPECIFIED.,.F.,.F.,.F.,(4,4),(2,2),
(0.,1.),(0.,0.12),.UNSPECIFIED.);
#7024=B_SPLINE_SURFACE_WITH_KNOTS('',3,1,((#10717,#10718),(#10719,#10720),
(#10721,#10722),(#10723,#10724)),.UNSPECIFIED.,.F.,.F.,.F.,(4,4),(2,2),
(0.,1.),(0.,0.12),.UNSPECIFIED.);
#7025=B_SPLINE_SURFACE_WITH_KNOTS('',3,1,((#10736,#10737),(#10738,#10739),
(#10740,#10741),(#10742,#10743)),.UNSPECIFIED.,.F.,.F.,.F.,(4,4),(2,2),
(0.,1.),(0.,0.12),.UNSPECIFIED.);
#7026=B_SPLINE_SURFACE_WITH_KNOTS('',3,1,((#10755,#10756),(#10757,#10758),
(#10759,#10760),(#10761,#10762)),.UNSPECIFIED.,.F.,.F.,.F.,(4,4),(2,2),
(0.,1.),(0.,0.12),.UNSPECIFIED.);
#7027=B_SPLINE_SURFACE_WITH_KNOTS('',3,1,((#10774,#10775),(#10776,#10777),
(#10778,#10779),(#10780,#10781)),.UNSPECIFIED.,.F.,.F.,.F.,(4,4),(2,2),
(0.,1.),(0.,0.12),.UNSPECIFIED.);
#7028=B_SPLINE_SURFACE_WITH_KNOTS('',3,1,((#10793,#10794),(#10795,#10796),
(#10797,#10798),(#10799,#10800)),.UNSPECIFIED.,.F.,.F.,.F.,(4,4),(2,2),
(0.,1.),(0.,0.12),.UNSPECIFIED.);
#7029=B_SPLINE_SURFACE_WITH_KNOTS('',3,1,((#10812,#10813),(#10814,#10815),
(#10816,#10817),(#10818,#10819)),.UNSPECIFIED.,.F.,.F.,.F.,(4,4),(2,2),
(0.,1.),(0.,0.12),.UNSPECIFIED.);
#7030=B_SPLINE_SURFACE_WITH_KNOTS('',3,1,((#10831,#10832),(#10833,#10834),
(#10835,#10836),(#10837,#10838)),.UNSPECIFIED.,.F.,.F.,.F.,(4,4),(2,2),
(0.,1.),(0.,0.12),.UNSPECIFIED.);
#7031=B_SPLINE_SURFACE_WITH_KNOTS('',3,1,((#10847,#10848),(#10849,#10850),
(#10851,#10852),(#10853,#10854)),.UNSPECIFIED.,.F.,.F.,.F.,(4,4),(2,2),
(-1.,0.),(0.,0.12),.UNSPECIFIED.);
#7032=B_SPLINE_SURFACE_WITH_KNOTS('',3,1,((#10869,#10870),(#10871,#10872),
(#10873,#10874),(#10875,#10876)),.UNSPECIFIED.,.F.,.F.,.F.,(4,4),(2,2),
(-1.,0.),(0.,0.12),.UNSPECIFIED.);
#7033=B_SPLINE_SURFACE_WITH_KNOTS('',2,1,((#10888,#10889),(#10890,#10891),
(#10892,#10893)),.UNSPECIFIED.,.F.,.F.,.F.,(3,3),(2,2),(-1.,0.),(0.,0.12),
 .UNSPECIFIED.);
#7034=B_SPLINE_SURFACE_WITH_KNOTS('',2,1,((#10909,#10910),(#10911,#10912),
(#10913,#10914)),.UNSPECIFIED.,.F.,.F.,.F.,(3,3),(2,2),(-1.,0.),(0.,0.12),
 .UNSPECIFIED.);
#7035=B_SPLINE_SURFACE_WITH_KNOTS('',3,1,((#10924,#10925),(#10926,#10927),
(#10928,#10929),(#10930,#10931)),.UNSPECIFIED.,.F.,.F.,.F.,(4,4),(2,2),
(-1.,0.),(0.,0.12),.UNSPECIFIED.);
#7036=B_SPLINE_SURFACE_WITH_KNOTS('',3,1,((#10943,#10944),(#10945,#10946),
(#10947,#10948),(#10949,#10950)),.UNSPECIFIED.,.F.,.F.,.F.,(4,4),(2,2),
(-1.,0.),(0.,0.12),.UNSPECIFIED.);
#7037=B_SPLINE_SURFACE_WITH_KNOTS('',3,1,((#10962,#10963),(#10964,#10965),
(#10966,#10967),(#10968,#10969)),.UNSPECIFIED.,.F.,.F.,.F.,(4,4),(2,2),
(-1.,0.),(0.,0.12),.UNSPECIFIED.);
#7038=B_SPLINE_SURFACE_WITH_KNOTS('',2,1,((#10981,#10982),(#10983,#10984),
(#10985,#10986)),.UNSPECIFIED.,.F.,.F.,.F.,(3,3),(2,2),(-1.,0.),(0.,0.12),
 .UNSPECIFIED.);
#7039=B_SPLINE_SURFACE_WITH_KNOTS('',2,1,((#10996,#10997),(#10998,#10999),
(#11000,#11001)),.UNSPECIFIED.,.F.,.F.,.F.,(3,3),(2,2),(-1.,0.),(0.,0.12),
 .UNSPECIFIED.);
#7040=B_SPLINE_SURFACE_WITH_KNOTS('',3,1,((#11011,#11012),(#11013,#11014),
(#11015,#11016),(#11017,#11018)),.UNSPECIFIED.,.F.,.F.,.F.,(4,4),(2,2),
(-1.,0.),(0.,0.12),.UNSPECIFIED.);
#7041=B_SPLINE_SURFACE_WITH_KNOTS('',3,1,((#11030,#11031),(#11032,#11033),
(#11034,#11035),(#11036,#11037)),.UNSPECIFIED.,.F.,.F.,.F.,(4,4),(2,2),
(-1.,0.),(0.,0.12),.UNSPECIFIED.);
#7042=B_SPLINE_SURFACE_WITH_KNOTS('',3,1,((#11046,#11047),(#11048,#11049),
(#11050,#11051),(#11052,#11053)),.UNSPECIFIED.,.F.,.F.,.F.,(4,4),(2,2),
(-1.,0.),(0.,0.12),.UNSPECIFIED.);
#7043=B_SPLINE_SURFACE_WITH_KNOTS('',3,1,((#11068,#11069),(#11070,#11071),
(#11072,#11073),(#11074,#11075)),.UNSPECIFIED.,.F.,.F.,.F.,(4,4),(2,2),
(-1.,0.),(0.,0.12),.UNSPECIFIED.);
#7044=B_SPLINE_SURFACE_WITH_KNOTS('',3,1,((#11087,#11088),(#11089,#11090),
(#11091,#11092),(#11093,#11094)),.UNSPECIFIED.,.F.,.F.,.F.,(4,4),(2,2),
(-1.,0.),(0.,0.12),.UNSPECIFIED.);
#7045=B_SPLINE_SURFACE_WITH_KNOTS('',2,1,((#11106,#11107),(#11108,#11109),
(#11110,#11111)),.UNSPECIFIED.,.F.,.F.,.F.,(3,3),(2,2),(-1.,0.),(0.,0.12),
 .UNSPECIFIED.);
#7046=B_SPLINE_SURFACE_WITH_KNOTS('',2,1,((#11127,#11128),(#11129,#11130),
(#11131,#11132)),.UNSPECIFIED.,.F.,.F.,.F.,(3,3),(2,2),(-1.,0.),(0.,0.12),
 .UNSPECIFIED.);
#7047=B_SPLINE_SURFACE_WITH_KNOTS('',3,1,((#11142,#11143),(#11144,#11145),
(#11146,#11147),(#11148,#11149)),.UNSPECIFIED.,.F.,.F.,.F.,(4,4),(2,2),
(-1.,0.),(0.,0.12),.UNSPECIFIED.);
#7048=B_SPLINE_SURFACE_WITH_KNOTS('',3,1,((#11161,#11162),(#11163,#11164),
(#11165,#11166),(#11167,#11168)),.UNSPECIFIED.,.F.,.F.,.F.,(4,4),(2,2),
(-1.,0.),(0.,0.12),.UNSPECIFIED.);
#7049=B_SPLINE_SURFACE_WITH_KNOTS('',2,1,((#11180,#11181),(#11182,#11183),
(#11184,#11185)),.UNSPECIFIED.,.F.,.F.,.F.,(3,3),(2,2),(-1.,0.),(0.,0.12),
 .UNSPECIFIED.);
#7050=B_SPLINE_SURFACE_WITH_KNOTS('',2,1,((#11195,#11196),(#11197,#11198),
(#11199,#11200)),.UNSPECIFIED.,.F.,.F.,.F.,(3,3),(2,2),(-1.,0.),(0.,0.12),
 .UNSPECIFIED.);
#7051=B_SPLINE_SURFACE_WITH_KNOTS('',3,1,((#11210,#11211),(#11212,#11213),
(#11214,#11215),(#11216,#11217)),.UNSPECIFIED.,.F.,.F.,.F.,(4,4),(2,2),
(-1.,0.),(0.,0.12),.UNSPECIFIED.);
#7052=B_SPLINE_SURFACE_WITH_KNOTS('',2,1,((#11229,#11230),(#11231,#11232),
(#11233,#11234)),.UNSPECIFIED.,.F.,.F.,.F.,(3,3),(2,2),(-1.,0.),(0.,0.12),
 .UNSPECIFIED.);
#7053=B_SPLINE_SURFACE_WITH_KNOTS('',2,1,((#11244,#11245),(#11246,#11247),
(#11248,#11249)),.UNSPECIFIED.,.F.,.F.,.F.,(3,3),(2,2),(-1.,0.),(0.,0.12),
 .UNSPECIFIED.);
#7054=B_SPLINE_SURFACE_WITH_KNOTS('',3,1,((#11259,#11260),(#11261,#11262),
(#11263,#11264),(#11265,#11266)),.UNSPECIFIED.,.F.,.F.,.F.,(4,4),(2,2),
(-1.,0.),(0.,0.12),.UNSPECIFIED.);
#7055=B_SPLINE_SURFACE_WITH_KNOTS('',3,1,((#11275,#11276),(#11277,#11278),
(#11279,#11280),(#11281,#11282)),.UNSPECIFIED.,.F.,.F.,.F.,(4,4),(2,2),
(-1.,0.),(0.,0.12),.UNSPECIFIED.);
#7056=B_SPLINE_SURFACE_WITH_KNOTS('',3,1,((#11297,#11298),(#11299,#11300),
(#11301,#11302),(#11303,#11304)),.UNSPECIFIED.,.F.,.F.,.F.,(4,4),(2,2),
(-1.,0.),(0.,0.12),.UNSPECIFIED.);
#7057=B_SPLINE_SURFACE_WITH_KNOTS('',3,1,((#11316,#11317),(#11318,#11319),
(#11320,#11321),(#11322,#11323)),.UNSPECIFIED.,.F.,.F.,.F.,(4,4),(2,2),
(-1.,0.),(0.,0.12),.UNSPECIFIED.);
#7058=B_SPLINE_SURFACE_WITH_KNOTS('',3,1,((#11335,#11336),(#11337,#11338),
(#11339,#11340),(#11341,#11342)),.UNSPECIFIED.,.F.,.F.,.F.,(4,4),(2,2),
(-1.,0.),(0.,0.12),.UNSPECIFIED.);
#7059=B_SPLINE_SURFACE_WITH_KNOTS('',3,1,((#11354,#11355),(#11356,#11357),
(#11358,#11359),(#11360,#11361)),.UNSPECIFIED.,.F.,.F.,.F.,(4,4),(2,2),
(-1.,0.),(0.,0.12),.UNSPECIFIED.);
#7060=B_SPLINE_SURFACE_WITH_KNOTS('',3,1,((#11373,#11374),(#11375,#11376),
(#11377,#11378),(#11379,#11380)),.UNSPECIFIED.,.F.,.F.,.F.,(4,4),(2,2),
(-1.,0.),(0.,0.12),.UNSPECIFIED.);
#7061=B_SPLINE_SURFACE_WITH_KNOTS('',3,1,((#11392,#11393),(#11394,#11395),
(#11396,#11397),(#11398,#11399)),.UNSPECIFIED.,.F.,.F.,.F.,(4,4),(2,2),
(-1.,0.),(0.,0.12),.UNSPECIFIED.);
#7062=B_SPLINE_SURFACE_WITH_KNOTS('',3,1,((#11411,#11412),(#11413,#11414),
(#11415,#11416),(#11417,#11418)),.UNSPECIFIED.,.F.,.F.,.F.,(4,4),(2,2),
(-1.,0.),(0.,0.12),.UNSPECIFIED.);
#7063=B_SPLINE_SURFACE_WITH_KNOTS('',3,1,((#11430,#11431),(#11432,#11433),
(#11434,#11435),(#11436,#11437)),.UNSPECIFIED.,.F.,.F.,.F.,(4,4),(2,2),
(-1.,0.),(0.,0.12),.UNSPECIFIED.);
#7064=B_SPLINE_SURFACE_WITH_KNOTS('',3,1,((#11449,#11450),(#11451,#11452),
(#11453,#11454),(#11455,#11456)),.UNSPECIFIED.,.F.,.F.,.F.,(4,4),(2,2),
(-1.,0.),(0.,0.12),.UNSPECIFIED.);
#7065=B_SPLINE_SURFACE_WITH_KNOTS('',3,1,((#11465,#11466),(#11467,#11468),
(#11469,#11470),(#11471,#11472)),.UNSPECIFIED.,.F.,.F.,.F.,(4,4),(2,2),
(0.,1.),(0.,0.12),.UNSPECIFIED.);
#7066=B_SPLINE_SURFACE_WITH_KNOTS('',3,1,((#11487,#11488),(#11489,#11490),
(#11491,#11492),(#11493,#11494)),.UNSPECIFIED.,.F.,.F.,.F.,(4,4),(2,2),
(0.,1.),(0.,0.12),.UNSPECIFIED.);
#7067=B_SPLINE_SURFACE_WITH_KNOTS('',3,1,((#11506,#11507),(#11508,#11509),
(#11510,#11511),(#11512,#11513)),.UNSPECIFIED.,.F.,.F.,.F.,(4,4),(2,2),
(0.,1.),(0.,0.12),.UNSPECIFIED.);
#7068=B_SPLINE_SURFACE_WITH_KNOTS('',2,1,((#11525,#11526),(#11527,#11528),
(#11529,#11530)),.UNSPECIFIED.,.F.,.F.,.F.,(3,3),(2,2),(0.,1.),(0.,0.12),
 .UNSPECIFIED.);
#7069=B_SPLINE_SURFACE_WITH_KNOTS('',3,1,((#11540,#11541),(#11542,#11543),
(#11544,#11545),(#11546,#11547)),.UNSPECIFIED.,.F.,.F.,.F.,(4,4),(2,2),
(0.,1.),(0.,0.12),.UNSPECIFIED.);
#7070=B_SPLINE_SURFACE_WITH_KNOTS('',3,1,((#11559,#11560),(#11561,#11562),
(#11563,#11564),(#11565,#11566)),.UNSPECIFIED.,.F.,.F.,.F.,(4,4),(2,2),
(0.,1.),(0.,0.12),.UNSPECIFIED.);
#7071=B_SPLINE_SURFACE_WITH_KNOTS('',3,1,((#11578,#11579),(#11580,#11581),
(#11582,#11583),(#11584,#11585)),.UNSPECIFIED.,.F.,.F.,.F.,(4,4),(2,2),
(0.,1.),(0.,0.12),.UNSPECIFIED.);
#7072=B_SPLINE_SURFACE_WITH_KNOTS('',2,1,((#11597,#11598),(#11599,#11600),
(#11601,#11602)),.UNSPECIFIED.,.F.,.F.,.F.,(3,3),(2,2),(0.,1.),(0.,0.12),
 .UNSPECIFIED.);
#7073=B_SPLINE_SURFACE_WITH_KNOTS('',3,1,((#11609,#11610),(#11611,#11612),
(#11613,#11614),(#11615,#11616)),.UNSPECIFIED.,.F.,.F.,.F.,(4,4),(2,2),
(-1.,-0.13510368733025),(0.,0.12),.UNSPECIFIED.);
#7074=B_SPLINE_SURFACE_WITH_KNOTS('',3,1,((#11631,#11632),(#11633,#11634),
(#11635,#11636),(#11637,#11638)),.UNSPECIFIED.,.F.,.F.,.F.,(4,4),(2,2),
(-1.,0.),(0.,0.12),.UNSPECIFIED.);
#7075=B_SPLINE_SURFACE_WITH_KNOTS('',3,1,((#11650,#11651),(#11652,#11653),
(#11654,#11655),(#11656,#11657)),.UNSPECIFIED.,.F.,.F.,.F.,(4,4),(2,2),
(-1.,0.),(0.,0.12),.UNSPECIFIED.);
#7076=B_SPLINE_SURFACE_WITH_KNOTS('',3,1,((#11675,#11676),(#11677,#11678),
(#11679,#11680),(#11681,#11682)),.UNSPECIFIED.,.F.,.F.,.F.,(4,4),(2,2),
(-1.,0.),(0.,0.12),.UNSPECIFIED.);
#7077=B_SPLINE_SURFACE_WITH_KNOTS('',3,1,((#11694,#11695),(#11696,#11697),
(#11698,#11699),(#11700,#11701)),.UNSPECIFIED.,.F.,.F.,.F.,(4,4),(2,2),
(-1.,0.),(0.,0.12),.UNSPECIFIED.);
#7078=B_SPLINE_SURFACE_WITH_KNOTS('',3,1,((#11713,#11714),(#11715,#11716),
(#11717,#11718),(#11719,#11720)),.UNSPECIFIED.,.F.,.F.,.F.,(4,4),(2,2),
(-1.,0.),(0.,0.12),.UNSPECIFIED.);
#7079=B_SPLINE_SURFACE_WITH_KNOTS('',3,1,((#11732,#11733),(#11734,#11735),
(#11736,#11737),(#11738,#11739)),.UNSPECIFIED.,.F.,.F.,.F.,(4,4),(2,2),
(-1.,0.),(0.,0.12),.UNSPECIFIED.);
#7080=B_SPLINE_SURFACE_WITH_KNOTS('',3,1,((#11751,#11752),(#11753,#11754),
(#11755,#11756),(#11757,#11758)),.UNSPECIFIED.,.F.,.F.,.F.,(4,4),(2,2),
(-1.,0.),(0.,0.12),.UNSPECIFIED.);
#7081=B_SPLINE_SURFACE_WITH_KNOTS('',3,1,((#11770,#11771),(#11772,#11773),
(#11774,#11775),(#11776,#11777)),.UNSPECIFIED.,.F.,.F.,.F.,(4,4),(2,2),
(-0.974795650405759,0.),(0.,0.12),.UNSPECIFIED.);
#7082=B_SPLINE_SURFACE_WITH_KNOTS('',3,1,((#11789,#11790),(#11791,#11792),
(#11793,#11794),(#11795,#11796)),.UNSPECIFIED.,.F.,.F.,.F.,(4,4),(2,2),
(0.,0.186466459001221),(0.,0.12),.UNSPECIFIED.);
#7083=B_SPLINE_SURFACE_WITH_KNOTS('',3,1,((#11802,#11803),(#11804,#11805),
(#11806,#11807),(#11808,#11809)),.UNSPECIFIED.,.F.,.F.,.F.,(4,4),(2,2),
(0.,1.),(0.,0.12),.UNSPECIFIED.);
#7084=B_SPLINE_SURFACE_WITH_KNOTS('',3,1,((#11821,#11822),(#11823,#11824),
(#11825,#11826),(#11827,#11828)),.UNSPECIFIED.,.F.,.F.,.F.,(4,4),(2,2),
(0.79060813145054,1.),(0.,0.12),.UNSPECIFIED.);
#7085=B_SPLINE_SURFACE_WITH_KNOTS('',3,1,((#11935,#11936),(#11937,#11938),
(#11939,#11940),(#11941,#11942)),.UNSPECIFIED.,.F.,.F.,.F.,(4,4),(2,2),
(0.974795650405762,1.),(0.,0.12),.UNSPECIFIED.);
#7086=B_SPLINE_SURFACE_WITH_KNOTS('',3,1,((#11945,#11946),(#11947,#11948),
(#11949,#11950),(#11951,#11952)),.UNSPECIFIED.,.F.,.F.,.F.,(4,4),(2,2),
(0.,1.),(0.,0.12),.UNSPECIFIED.);
#7087=B_SPLINE_SURFACE_WITH_KNOTS('',3,1,((#11958,#11959),(#11960,#11961),
(#11962,#11963),(#11964,#11965)),.UNSPECIFIED.,.F.,.F.,.F.,(4,4),(2,2),
(0.,1.),(0.,0.12),.UNSPECIFIED.);
#7088=B_SPLINE_SURFACE_WITH_KNOTS('',3,1,((#11967,#11968),(#11969,#11970),
(#11971,#11972),(#11973,#11974)),.UNSPECIFIED.,.F.,.F.,.F.,(4,4),(2,2),
(0.,0.13510368733025),(0.,0.12),.UNSPECIFIED.);
#7089=B_SPLINE_SURFACE_WITH_KNOTS('',3,1,((#11976,#11977),(#11978,#11979),
(#11980,#11981),(#11982,#11983)),.UNSPECIFIED.,.F.,.F.,.F.,(4,4),(2,2),
(-0.790608131450526,0.),(0.,0.12),.UNSPECIFIED.);
#7090=B_SPLINE_SURFACE_WITH_KNOTS('',2,1,((#11985,#11986),(#11987,#11988),
(#11989,#11990)),.UNSPECIFIED.,.F.,.F.,.F.,(3,3),(2,2),(-1.,0.),(0.,0.12),
 .UNSPECIFIED.);
#7091=B_SPLINE_SURFACE_WITH_KNOTS('',3,1,((#11992,#11993),(#11994,#11995),
(#11996,#11997),(#11998,#11999)),.UNSPECIFIED.,.F.,.F.,.F.,(4,4),(2,2),
(-1.,0.),(0.,0.12),.UNSPECIFIED.);
#7092=B_SPLINE_SURFACE_WITH_KNOTS('',3,1,((#12001,#12002),(#12003,#12004),
(#12005,#12006),(#12007,#12008)),.UNSPECIFIED.,.F.,.F.,.F.,(4,4),(2,2),
(-1.,0.),(0.,0.12),.UNSPECIFIED.);
#7093=B_SPLINE_SURFACE_WITH_KNOTS('',3,1,((#12012,#12013),(#12014,#12015),
(#12016,#12017),(#12018,#12019)),.UNSPECIFIED.,.F.,.F.,.F.,(4,4),(2,2),
(-1.,-0.186466459001222),(0.,0.12),.UNSPECIFIED.);
#7094=B_SPLINE_SURFACE_WITH_KNOTS('',3,1,((#12021,#12022),(#12023,#12024),
(#12025,#12026),(#12027,#12028)),.UNSPECIFIED.,.F.,.F.,.F.,(4,4),(2,2),
(0.,1.),(0.,0.12),.UNSPECIFIED.);
#7095=B_SPLINE_SURFACE_WITH_KNOTS('',2,1,((#12049,#12050),(#12051,#12052),
(#12053,#12054)),.UNSPECIFIED.,.F.,.F.,.F.,(3,3),(2,2),(0.,1.),(0.,0.12),
 .UNSPECIFIED.);
#7096=B_SPLINE_SURFACE_WITH_KNOTS('',2,1,((#12064,#12065),(#12066,#12067),
(#12068,#12069)),.UNSPECIFIED.,.F.,.F.,.F.,(3,3),(2,2),(0.,1.),(0.,0.12),
 .UNSPECIFIED.);
#7097=B_SPLINE_SURFACE_WITH_KNOTS('',3,1,((#12094,#12095),(#12096,#12097),
(#12098,#12099),(#12100,#12101)),.UNSPECIFIED.,.F.,.F.,.F.,(4,4),(2,2),
(-1.,0.),(0.,0.24),.UNSPECIFIED.);
#7098=B_SPLINE_SURFACE_WITH_KNOTS('',3,1,((#12116,#12117),(#12118,#12119),
(#12120,#12121),(#12122,#12123)),.UNSPECIFIED.,.F.,.F.,.F.,(4,4),(2,2),
(-1.,0.),(0.,0.24),.UNSPECIFIED.);
#7099=B_SPLINE_SURFACE_WITH_KNOTS('',3,1,((#12135,#12136),(#12137,#12138),
(#12139,#12140),(#12141,#12142)),.UNSPECIFIED.,.F.,.F.,.F.,(4,4),(2,2),
(-1.,0.),(0.,0.24),.UNSPECIFIED.);
#7100=B_SPLINE_SURFACE_WITH_KNOTS('',3,1,((#12151,#12152),(#12153,#12154),
(#12155,#12156),(#12157,#12158)),.UNSPECIFIED.,.F.,.F.,.F.,(4,4),(2,2),
(-1.,0.),(0.,0.24),.UNSPECIFIED.);
#7101=B_SPLINE_SURFACE_WITH_KNOTS('',3,1,((#12173,#12174),(#12175,#12176),
(#12177,#12178),(#12179,#12180)),.UNSPECIFIED.,.F.,.F.,.F.,(4,4),(2,2),
(-1.,0.),(0.,0.24),.UNSPECIFIED.);
#7102=B_SPLINE_SURFACE_WITH_KNOTS('',3,1,((#12192,#12193),(#12194,#12195),
(#12196,#12197),(#12198,#12199)),.UNSPECIFIED.,.F.,.F.,.F.,(4,4),(2,2),
(-1.,0.),(0.,0.24),.UNSPECIFIED.);
#7103=B_SPLINE_SURFACE_WITH_KNOTS('',3,1,((#12211,#12212),(#12213,#12214),
(#12215,#12216),(#12217,#12218)),.UNSPECIFIED.,.F.,.F.,.F.,(4,4),(2,2),
(-1.,0.),(0.,0.24),.UNSPECIFIED.);
#7104=B_SPLINE_SURFACE_WITH_KNOTS('',3,1,((#12227,#12228),(#12229,#12230),
(#12231,#12232),(#12233,#12234)),.UNSPECIFIED.,.F.,.F.,.F.,(4,4),(2,2),
(-1.,0.),(0.,0.24),.UNSPECIFIED.);
#7105=B_SPLINE_SURFACE_WITH_KNOTS('',3,1,((#12249,#12250),(#12251,#12252),
(#12253,#12254),(#12255,#12256)),.UNSPECIFIED.,.F.,.F.,.F.,(4,4),(2,2),
(-1.,0.),(0.,0.24),.UNSPECIFIED.);
#7106=B_SPLINE_SURFACE_WITH_KNOTS('',3,1,((#12268,#12269),(#12270,#12271),
(#12272,#12273),(#12274,#12275)),.UNSPECIFIED.,.F.,.F.,.F.,(4,4),(2,2),
(-1.,0.),(0.,0.24),.UNSPECIFIED.);
#7107=B_SPLINE_SURFACE_WITH_KNOTS('',3,1,((#12287,#12288),(#12289,#12290),
(#12291,#12292),(#12293,#12294)),.UNSPECIFIED.,.F.,.F.,.F.,(4,4),(2,2),
(-1.,0.),(0.,0.24),.UNSPECIFIED.);
#7108=B_SPLINE_SURFACE_WITH_KNOTS('',3,1,((#12306,#12307),(#12308,#12309),
(#12310,#12311),(#12312,#12313)),.UNSPECIFIED.,.F.,.F.,.F.,(4,4),(2,2),
(-1.,0.),(0.,0.24),.UNSPECIFIED.);
#7109=B_SPLINE_SURFACE_WITH_KNOTS('',3,1,((#12325,#12326),(#12327,#12328),
(#12329,#12330),(#12331,#12332)),.UNSPECIFIED.,.F.,.F.,.F.,(4,4),(2,2),
(-1.,0.),(0.,0.24),.UNSPECIFIED.);
#7110=B_SPLINE_SURFACE_WITH_KNOTS('',3,1,((#12344,#12345),(#12346,#12347),
(#12348,#12349),(#12350,#12351)),.UNSPECIFIED.,.F.,.F.,.F.,(4,4),(2,2),
(-1.,0.),(0.,0.24),.UNSPECIFIED.);
#7111=B_SPLINE_SURFACE_WITH_KNOTS('',3,1,((#12363,#12364),(#12365,#12366),
(#12367,#12368),(#12369,#12370)),.UNSPECIFIED.,.F.,.F.,.F.,(4,4),(2,2),
(-1.,0.),(0.,0.24),.UNSPECIFIED.);
#7112=B_SPLINE_SURFACE_WITH_KNOTS('',3,1,((#12382,#12383),(#12384,#12385),
(#12386,#12387),(#12388,#12389)),.UNSPECIFIED.,.F.,.F.,.F.,(4,4),(2,2),
(-1.,0.),(0.,0.24),.UNSPECIFIED.);
#7113=B_SPLINE_SURFACE_WITH_KNOTS('',3,1,((#12401,#12402),(#12403,#12404),
(#12405,#12406),(#12407,#12408)),.UNSPECIFIED.,.F.,.F.,.F.,(4,4),(2,2),
(-1.,0.),(0.,0.24),.UNSPECIFIED.);
#7114=B_SPLINE_SURFACE_WITH_KNOTS('',3,1,((#12420,#12421),(#12422,#12423),
(#12424,#12425),(#12426,#12427)),.UNSPECIFIED.,.F.,.F.,.F.,(4,4),(2,2),
(-1.,0.),(0.,0.24),.UNSPECIFIED.);
#7115=B_SPLINE_SURFACE_WITH_KNOTS('',3,1,((#12439,#12440),(#12441,#12442),
(#12443,#12444),(#12445,#12446)),.UNSPECIFIED.,.F.,.F.,.F.,(4,4),(2,2),
(-1.,0.),(0.,0.24),.UNSPECIFIED.);
#7116=B_SPLINE_SURFACE_WITH_KNOTS('',3,1,((#12458,#12459),(#12460,#12461),
(#12462,#12463),(#12464,#12465)),.UNSPECIFIED.,.F.,.F.,.F.,(4,4),(2,2),
(-1.,0.),(0.,0.24),.UNSPECIFIED.);
#7117=B_SPLINE_SURFACE_WITH_KNOTS('',3,1,((#12477,#12478),(#12479,#12480),
(#12481,#12482),(#12483,#12484)),.UNSPECIFIED.,.F.,.F.,.F.,(4,4),(2,2),
(-1.,0.),(0.,0.24),.UNSPECIFIED.);
#7118=B_SPLINE_SURFACE_WITH_KNOTS('',3,1,((#12496,#12497),(#12498,#12499),
(#12500,#12501),(#12502,#12503)),.UNSPECIFIED.,.F.,.F.,.F.,(4,4),(2,2),
(-1.,0.),(0.,0.24),.UNSPECIFIED.);
#7119=B_SPLINE_SURFACE_WITH_KNOTS('',3,1,((#12515,#12516),(#12517,#12518),
(#12519,#12520),(#12521,#12522)),.UNSPECIFIED.,.F.,.F.,.F.,(4,4),(2,2),
(-1.,0.),(0.,0.24),.UNSPECIFIED.);
#7120=B_SPLINE_SURFACE_WITH_KNOTS('',3,1,((#12534,#12535),(#12536,#12537),
(#12538,#12539),(#12540,#12541)),.UNSPECIFIED.,.F.,.F.,.F.,(4,4),(2,2),
(-1.,0.),(0.,0.24),.UNSPECIFIED.);
#7121=B_SPLINE_SURFACE_WITH_KNOTS('',3,1,((#12550,#12551),(#12552,#12553),
(#12554,#12555),(#12556,#12557)),.UNSPECIFIED.,.F.,.F.,.F.,(4,4),(2,2),
(-1.,0.),(0.,0.24),.UNSPECIFIED.);
#7122=B_SPLINE_SURFACE_WITH_KNOTS('',3,1,((#12572,#12573),(#12574,#12575),
(#12576,#12577),(#12578,#12579)),.UNSPECIFIED.,.F.,.F.,.F.,(4,4),(2,2),
(-1.,0.),(0.,0.24),.UNSPECIFIED.);
#7123=B_SPLINE_SURFACE_WITH_KNOTS('',3,1,((#12591,#12592),(#12593,#12594),
(#12595,#12596),(#12597,#12598)),.UNSPECIFIED.,.F.,.F.,.F.,(4,4),(2,2),
(-1.,0.),(0.,0.24),.UNSPECIFIED.);
#7124=B_SPLINE_SURFACE_WITH_KNOTS('',3,1,((#12610,#12611),(#12612,#12613),
(#12614,#12615),(#12616,#12617)),.UNSPECIFIED.,.F.,.F.,.F.,(4,4),(2,2),
(-1.,0.),(0.,0.24),.UNSPECIFIED.);
#7125=B_SPLINE_SURFACE_WITH_KNOTS('',3,1,((#12635,#12636),(#12637,#12638),
(#12639,#12640),(#12641,#12642)),.UNSPECIFIED.,.F.,.F.,.F.,(4,4),(2,2),
(-1.,-0.609268448995174),(0.,0.24),.UNSPECIFIED.);
#7126=B_SPLINE_SURFACE_WITH_KNOTS('',3,1,((#12654,#12655),(#12656,#12657),
(#12658,#12659),(#12660,#12661)),.UNSPECIFIED.,.F.,.F.,.F.,(4,4),(2,2),
(-1.,0.),(0.,0.24),.UNSPECIFIED.);
#7127=B_SPLINE_SURFACE_WITH_KNOTS('',3,1,((#12673,#12674),(#12675,#12676),
(#12677,#12678),(#12679,#12680)),.UNSPECIFIED.,.F.,.F.,.F.,(4,4),(2,2),
(-1.,0.),(0.,0.24),.UNSPECIFIED.);
#7128=B_SPLINE_SURFACE_WITH_KNOTS('',3,1,((#12692,#12693),(#12694,#12695),
(#12696,#12697),(#12698,#12699)),.UNSPECIFIED.,.F.,.F.,.F.,(4,4),(2,2),
(-1.,0.),(0.,0.24),.UNSPECIFIED.);
#7129=B_SPLINE_SURFACE_WITH_KNOTS('',3,1,((#12711,#12712),(#12713,#12714),
(#12715,#12716),(#12717,#12718)),.UNSPECIFIED.,.F.,.F.,.F.,(4,4),(2,2),
(-1.,0.),(0.,0.24),.UNSPECIFIED.);
#7130=B_SPLINE_SURFACE_WITH_KNOTS('',3,1,((#12730,#12731),(#12732,#12733),
(#12734,#12735),(#12736,#12737)),.UNSPECIFIED.,.F.,.F.,.F.,(4,4),(2,2),
(-1.,0.),(0.,0.24),.UNSPECIFIED.);
#7131=B_SPLINE_SURFACE_WITH_KNOTS('',3,1,((#12749,#12750),(#12751,#12752),
(#12753,#12754),(#12755,#12756)),.UNSPECIFIED.,.F.,.F.,.F.,(4,4),(2,2),
(-1.,0.),(0.,0.24),.UNSPECIFIED.);
#7132=B_SPLINE_SURFACE_WITH_KNOTS('',3,1,((#12768,#12769),(#12770,#12771),
(#12772,#12773),(#12774,#12775)),.UNSPECIFIED.,.F.,.F.,.F.,(4,4),(2,2),
(-1.,0.),(0.,0.240000000000012),.UNSPECIFIED.);
#7133=B_SPLINE_SURFACE_WITH_KNOTS('',3,1,((#12787,#12788),(#12789,#12790),
(#12791,#12792),(#12793,#12794)),.UNSPECIFIED.,.F.,.F.,.F.,(4,4),(2,2),
(-1.,0.),(0.,0.24),.UNSPECIFIED.);
#7134=B_SPLINE_SURFACE_WITH_KNOTS('',3,1,((#12806,#12807),(#12808,#12809),
(#12810,#12811),(#12812,#12813)),.UNSPECIFIED.,.F.,.F.,.F.,(4,4),(2,2),
(-1.,0.),(0.,0.24),.UNSPECIFIED.);
#7135=B_SPLINE_SURFACE_WITH_KNOTS('',3,1,((#12825,#12826),(#12827,#12828),
(#12829,#12830),(#12831,#12832)),.UNSPECIFIED.,.F.,.F.,.F.,(4,4),(2,2),
(-1.,0.),(0.,0.24),.UNSPECIFIED.);
#7136=B_SPLINE_SURFACE_WITH_KNOTS('',3,1,((#12844,#12845),(#12846,#12847),
(#12848,#12849),(#12850,#12851)),.UNSPECIFIED.,.F.,.F.,.F.,(4,4),(2,2),
(-1.,0.),(0.,0.24),.UNSPECIFIED.);
#7137=B_SPLINE_SURFACE_WITH_KNOTS('',3,1,((#12863,#12864),(#12865,#12866),
(#12867,#12868),(#12869,#12870)),.UNSPECIFIED.,.F.,.F.,.F.,(4,4),(2,2),
(-1.,0.),(0.,0.24),.UNSPECIFIED.);
#7138=B_SPLINE_SURFACE_WITH_KNOTS('',3,1,((#12882,#12883),(#12884,#12885),
(#12886,#12887),(#12888,#12889)),.UNSPECIFIED.,.F.,.F.,.F.,(4,4),(2,2),
(-1.,0.),(0.,0.24),.UNSPECIFIED.);
#7139=B_SPLINE_SURFACE_WITH_KNOTS('',3,1,((#12901,#12902),(#12903,#12904),
(#12905,#12906),(#12907,#12908)),.UNSPECIFIED.,.F.,.F.,.F.,(4,4),(2,2),
(-1.,0.),(0.,0.24),.UNSPECIFIED.);
#7140=B_SPLINE_SURFACE_WITH_KNOTS('',3,1,((#12920,#12921),(#12922,#12923),
(#12924,#12925),(#12926,#12927)),.UNSPECIFIED.,.F.,.F.,.F.,(4,4),(2,2),
(-1.,0.),(0.,0.24),.UNSPECIFIED.);
#7141=B_SPLINE_SURFACE_WITH_KNOTS('',3,1,((#12939,#12940),(#12941,#12942),
(#12943,#12944),(#12945,#12946)),.UNSPECIFIED.,.F.,.F.,.F.,(4,4),(2,2),
(-1.,0.),(0.,0.24),.UNSPECIFIED.);
#7142=B_SPLINE_SURFACE_WITH_KNOTS('',3,1,((#12958,#12959),(#12960,#12961),
(#12962,#12963),(#12964,#12965)),.UNSPECIFIED.,.F.,.F.,.F.,(4,4),(2,2),
(-1.,0.),(0.,0.24),.UNSPECIFIED.);
#7143=B_SPLINE_SURFACE_WITH_KNOTS('',3,1,((#12977,#12978),(#12979,#12980),
(#12981,#12982),(#12983,#12984)),.UNSPECIFIED.,.F.,.F.,.F.,(4,4),(2,2),
(-1.,0.),(0.,0.24),.UNSPECIFIED.);
#7144=B_SPLINE_SURFACE_WITH_KNOTS('',3,1,((#12996,#12997),(#12998,#12999),
(#13000,#13001),(#13002,#13003)),.UNSPECIFIED.,.F.,.F.,.F.,(4,4),(2,2),
(-1.,0.),(0.,0.24),.UNSPECIFIED.);
#7145=B_SPLINE_SURFACE_WITH_KNOTS('',3,1,((#13015,#13016),(#13017,#13018),
(#13019,#13020),(#13021,#13022)),.UNSPECIFIED.,.F.,.F.,.F.,(4,4),(2,2),
(-0.565295716343643,0.),(0.,0.240000000000012),.UNSPECIFIED.);
#7146=B_SPLINE_SURFACE_WITH_KNOTS('',3,1,((#13034,#13035),(#13036,#13037),
(#13038,#13039),(#13040,#13041)),.UNSPECIFIED.,.F.,.F.,.F.,(4,4),(2,2),
(-1.,-0.699542808234735),(0.,0.24),.UNSPECIFIED.);
#7147=B_SPLINE_SURFACE_WITH_KNOTS('',3,1,((#13047,#13048),(#13049,#13050),
(#13051,#13052),(#13053,#13054)),.UNSPECIFIED.,.F.,.F.,.F.,(4,4),(2,2),
(-1.,0.),(0.,0.24),.UNSPECIFIED.);
#7148=B_SPLINE_SURFACE_WITH_KNOTS('',3,1,((#13066,#13067),(#13068,#13069),
(#13070,#13071),(#13072,#13073)),.UNSPECIFIED.,.F.,.F.,.F.,(4,4),(2,2),
(-1.,0.),(0.,0.24),.UNSPECIFIED.);
#7149=B_SPLINE_SURFACE_WITH_KNOTS('',3,1,((#13085,#13086),(#13087,#13088),
(#13089,#13090),(#13091,#13092)),.UNSPECIFIED.,.F.,.F.,.F.,(4,4),(2,2),
(-1.,0.),(0.,0.24),.UNSPECIFIED.);
#7150=B_SPLINE_SURFACE_WITH_KNOTS('',3,1,((#13107,#13108),(#13109,#13110),
(#13111,#13112),(#13113,#13114)),.UNSPECIFIED.,.F.,.F.,.F.,(4,4),(2,2),
(-1.,0.),(0.,0.24),.UNSPECIFIED.);
#7151=B_SPLINE_SURFACE_WITH_KNOTS('',3,1,((#13126,#13127),(#13128,#13129),
(#13130,#13131),(#13132,#13133)),.UNSPECIFIED.,.F.,.F.,.F.,(4,4),(2,2),
(-1.,0.),(0.,0.240000000000012),.UNSPECIFIED.);
#7152=B_SPLINE_SURFACE_WITH_KNOTS('',3,1,((#13145,#13146),(#13147,#13148),
(#13149,#13150),(#13151,#13152)),.UNSPECIFIED.,.F.,.F.,.F.,(4,4),(2,2),
(-1.,0.),(0.,0.24),.UNSPECIFIED.);
#7153=B_SPLINE_SURFACE_WITH_KNOTS('',3,1,((#13164,#13165),(#13166,#13167),
(#13168,#13169),(#13170,#13171)),.UNSPECIFIED.,.F.,.F.,.F.,(4,4),(2,2),
(-1.,0.),(0.,0.24),.UNSPECIFIED.);
#7154=B_SPLINE_SURFACE_WITH_KNOTS('',3,1,((#13195,#13196),(#13197,#13198),
(#13199,#13200),(#13201,#13202)),.UNSPECIFIED.,.F.,.F.,.F.,(4,4),(2,2),
(-1.,0.),(0.,0.24),.UNSPECIFIED.);
#7155=B_SPLINE_SURFACE_WITH_KNOTS('',2,1,((#13214,#13215),(#13216,#13217),
(#13218,#13219)),.UNSPECIFIED.,.F.,.F.,.F.,(3,3),(2,2),(0.,1.),(0.,0.12),
 .UNSPECIFIED.);
#7156=B_SPLINE_SURFACE_WITH_KNOTS('',3,1,((#13238,#13239),(#13240,#13241),
(#13242,#13243),(#13244,#13245)),.UNSPECIFIED.,.F.,.F.,.F.,(4,4),(2,2),
(0.,1.),(0.,0.12),.UNSPECIFIED.);
#7157=B_SPLINE_SURFACE_WITH_KNOTS('',3,3,((#13681,#13682,#13683,#13684,
#13685,#13686),(#13687,#13688,#13689,#13690,#13691,#13692),(#13693,#13694,
#13695,#13696,#13697,#13698),(#13699,#13700,#13701,#13702,#13703,#13704),
(#13705,#13706,#13707,#13708,#13709,#13710),(#13711,#13712,#13713,#13714,
#13715,#13716)),.UNSPECIFIED.,.F.,.F.,.F.,(4,1,1,4),(4,1,1,4),(-5.60989806132062E-5,
0.333333333333333,0.666666666666667,1.00005609898061),(0.,0.333333333333333,
0.666666666666667,1.00005609898061),.UNSPECIFIED.);
#7158=B_SPLINE_SURFACE_WITH_KNOTS('',3,3,((#13738,#13739,#13740,#13741,
#13742,#13743),(#13744,#13745,#13746,#13747,#13748,#13749),(#13750,#13751,
#13752,#13753,#13754,#13755),(#13756,#13757,#13758,#13759,#13760,#13761),
(#13762,#13763,#13764,#13765,#13766,#13767),(#13768,#13769,#13770,#13771,
#13772,#13773)),.UNSPECIFIED.,.F.,.F.,.F.,(4,1,1,4),(4,1,1,4),(-5.6098980649022E-5,
0.333333333333333,0.666666666666667,1.00005609898065),(0.,0.333333333333333,
0.666666666666667,1.00005609898065),.UNSPECIFIED.);
#7159=B_SPLINE_SURFACE_WITH_KNOTS('',3,3,((#13846,#13847,#13848,#13849,
#13850,#13851),(#13852,#13853,#13854,#13855,#13856,#13857),(#13858,#13859,
#13860,#13861,#13862,#13863),(#13864,#13865,#13866,#13867,#13868,#13869),
(#13870,#13871,#13872,#13873,#13874,#13875),(#13876,#13877,#13878,#13879,
#13880,#13881)),.UNSPECIFIED.,.F.,.F.,.F.,(4,1,1,4),(4,1,1,4),(-5.60989807183221E-5,
0.333333333333333,0.666666666666667,1.00005609898072),(0.,0.333333333333333,
0.666666666666667,1.00005609898071),.UNSPECIFIED.);
#7160=B_SPLINE_SURFACE_WITH_KNOTS('',3,3,((#13910,#13911,#13912,#13913,
#13914,#13915),(#13916,#13917,#13918,#13919,#13920,#13921),(#13922,#13923,
#13924,#13925,#13926,#13927),(#13928,#13929,#13930,#13931,#13932,#13933),
(#13934,#13935,#13936,#13937,#13938,#13939),(#13940,#13941,#13942,#13943,
#13944,#13945)),.UNSPECIFIED.,.F.,.F.,.F.,(4,1,1,4),(4,1,1,4),(-5.60989807093958E-5,
0.333333333333333,0.666666666666667,1.00005609898071),(0.,0.333333333333333,
0.666666666666667,1.00005609898071),.UNSPECIFIED.);
#7161=B_SPLINE_SURFACE_WITH_KNOTS('',3,3,((#13957,#13958,#13959,#13960,
#13961,#13962),(#13963,#13964,#13965,#13966,#13967,#13968),(#13969,#13970,
#13971,#13972,#13973,#13974),(#13975,#13976,#13977,#13978,#13979,#13980),
(#13981,#13982,#13983,#13984,#13985,#13986),(#13987,#13988,#13989,#13990,
#13991,#13992)),.UNSPECIFIED.,.F.,.F.,.F.,(4,1,1,4),(4,1,1,4),(0.,0.333333333333333,
0.666666666666667,1.00005609898071),(-5.60989807093515E-5,0.333333333333333,
0.666666666666667,1.00005609898071),.UNSPECIFIED.);
#7162=B_SPLINE_SURFACE_WITH_KNOTS('',3,3,((#13997,#13998,#13999,#14000,
#14001,#14002),(#14003,#14004,#14005,#14006,#14007,#14008),(#14009,#14010,
#14011,#14012,#14013,#14014),(#14015,#14016,#14017,#14018,#14019,#14020),
(#14021,#14022,#14023,#14024,#14025,#14026),(#14027,#14028,#14029,#14030,
#14031,#14032)),.UNSPECIFIED.,.F.,.F.,.F.,(4,1,1,4),(4,1,1,4),(-5.60989807100841E-5,
0.333333333333333,0.666666666666667,1.00005609898071),(0.,0.333333333333333,
0.666666666666667,1.0000560989807),.UNSPECIFIED.);
#7163=B_SPLINE_SURFACE_WITH_KNOTS('',3,3,((#14037,#14038,#14039,#14040,
#14041,#14042),(#14043,#14044,#14045,#14046,#14047,#14048),(#14049,#14050,
#14051,#14052,#14053,#14054),(#14055,#14056,#14057,#14058,#14059,#14060),
(#14061,#14062,#14063,#14064,#14065,#14066),(#14067,#14068,#14069,#14070,
#14071,#14072)),.UNSPECIFIED.,.F.,.F.,.F.,(4,1,1,4),(4,1,1,4),(0.,0.333333333333333,
0.666666666666667,1.0000560989807),(-5.60989807118162E-5,0.333333333333333,
0.666666666666667,1.00005609898071),.UNSPECIFIED.);
#7164=B_SPLINE_SURFACE_WITH_KNOTS('',3,3,((#14089,#14090,#14091,#14092,
#14093,#14094),(#14095,#14096,#14097,#14098,#14099,#14100),(#14101,#14102,
#14103,#14104,#14105,#14106),(#14107,#14108,#14109,#14110,#14111,#14112),
(#14113,#14114,#14115,#14116,#14117,#14118),(#14119,#14120,#14121,#14122,
#14123,#14124)),.UNSPECIFIED.,.F.,.F.,.F.,(4,1,1,4),(4,1,1,4),(-5.60989806683616E-5,
0.333333333333333,0.666666666666667,1.00005609898067),(0.,0.333333333333333,
0.666666666666667,1.00005609898067),.UNSPECIFIED.);
#7165=B_SPLINE_SURFACE_WITH_KNOTS('',3,3,((#14135,#14136,#14137,#14138,
#14139,#14140),(#14141,#14142,#14143,#14144,#14145,#14146),(#14147,#14148,
#14149,#14150,#14151,#14152),(#14153,#14154,#14155,#14156,#14157,#14158),
(#14159,#14160,#14161,#14162,#14163,#14164),(#14165,#14166,#14167,#14168,
#14169,#14170)),.UNSPECIFIED.,.F.,.F.,.F.,(4,1,1,4),(4,1,1,4),(0.,0.333333333333333,
0.666666666666667,1.00005609898065),(-5.60989806514867E-5,0.333333333333333,
0.666666666666667,1.00005609898065),.UNSPECIFIED.);
#7166=B_SPLINE_SURFACE_WITH_KNOTS('',3,3,((#14175,#14176,#14177,#14178,
#14179,#14180),(#14181,#14182,#14183,#14184,#14185,#14186),(#14187,#14188,
#14189,#14190,#14191,#14192),(#14193,#14194,#14195,#14196,#14197,#14198),
(#14199,#14200,#14201,#14202,#14203,#14204),(#14205,#14206,#14207,#14208,
#14209,#14210)),.UNSPECIFIED.,.F.,.F.,.F.,(4,1,1,4),(4,1,1,4),(-5.60989807091961E-5,
0.333333333333333,0.666666666666667,1.00005609898071),(0.,0.333333333333333,
0.666666666666667,1.00005609898071),.UNSPECIFIED.);
#7167=B_SPLINE_SURFACE_WITH_KNOTS('',3,3,((#14215,#14216,#14217,#14218,
#14219,#14220),(#14221,#14222,#14223,#14224,#14225,#14226),(#14227,#14228,
#14229,#14230,#14231,#14232),(#14233,#14234,#14235,#14236,#14237,#14238),
(#14239,#14240,#14241,#14242,#14243,#14244),(#14245,#14246,#14247,#14248,
#14249,#14250)),.UNSPECIFIED.,.F.,.F.,.F.,(4,1,1,4),(4,1,1,4),(0.,0.333333333333333,
0.666666666666667,1.0000560989807),(-5.6098980702912E-5,0.333333333333333,
0.666666666666667,1.0000560989807),.UNSPECIFIED.);
#7168=B_SPLINE_SURFACE_WITH_KNOTS('',3,3,((#14252,#14253,#14254,#14255,
#14256,#14257),(#14258,#14259,#14260,#14261,#14262,#14263),(#14264,#14265,
#14266,#14267,#14268,#14269),(#14270,#14271,#14272,#14273,#14274,#14275),
(#14276,#14277,#14278,#14279,#14280,#14281),(#14282,#14283,#14284,#14285,
#14286,#14287)),.UNSPECIFIED.,.F.,.F.,.F.,(4,1,1,4),(4,1,1,4),(0.,0.333333333333333,
0.666666666666667,1.0000560989807),(-5.60989807089296E-5,0.333333333333333,
0.666666666666667,1.00005609898071),.UNSPECIFIED.);
#7169=B_SPLINE_SURFACE_WITH_KNOTS('',3,3,((#14296,#14297,#14298,#14299,
#14300,#14301),(#14302,#14303,#14304,#14305,#14306,#14307),(#14308,#14309,
#14310,#14311,#14312,#14313),(#14314,#14315,#14316,#14317,#14318,#14319),
(#14320,#14321,#14322,#14323,#14324,#14325),(#14326,#14327,#14328,#14329,
#14330,#14331)),.UNSPECIFIED.,.F.,.F.,.F.,(4,1,1,4),(4,1,1,4),(0.,0.333333333333333,
0.666666666666667,1.00005609898065),(-5.60989806517309E-5,0.333333333333333,
0.666666666666667,1.00005609898065),.UNSPECIFIED.);
#7170=B_SPLINE_SURFACE_WITH_KNOTS('',3,3,((#14342,#14343,#14344,#14345,
#14346,#14347),(#14348,#14349,#14350,#14351,#14352,#14353),(#14354,#14355,
#14356,#14357,#14358,#14359),(#14360,#14361,#14362,#14363,#14364,#14365),
(#14366,#14367,#14368,#14369,#14370,#14371),(#14372,#14373,#14374,#14375,
#14376,#14377)),.UNSPECIFIED.,.F.,.F.,.F.,(4,1,1,4),(4,1,1,4),(0.,0.333333333333333,
0.666666666666667,1.00005609898072),(-5.60989807185442E-5,0.333333333333333,
0.666666666666667,1.00005609898072),.UNSPECIFIED.);
#7171=B_SPLINE_SURFACE_WITH_KNOTS('',3,3,((#14382,#14383,#14384,#14385,
#14386,#14387),(#14388,#14389,#14390,#14391,#14392,#14393),(#14394,#14395,
#14396,#14397,#14398,#14399),(#14400,#14401,#14402,#14403,#14404,#14405),
(#14406,#14407,#14408,#14409,#14410,#14411),(#14412,#14413,#14414,#14415,
#14416,#14417)),.UNSPECIFIED.,.F.,.F.,.F.,(4,1,1,4),(4,1,1,4),(-5.60989806556167E-5,
0.333333333333333,0.666666666666667,1.00005609898066),(0.,0.333333333333333,
0.666666666666667,1.00005609898066),.UNSPECIFIED.);
#7172=B_SPLINE_SURFACE_WITH_KNOTS('',3,3,((#14422,#14423,#14424,#14425,
#14426,#14427),(#14428,#14429,#14430,#14431,#14432,#14433),(#14434,#14435,
#14436,#14437,#14438,#14439),(#14440,#14441,#14442,#14443,#14444,#14445),
(#14446,#14447,#14448,#14449,#14450,#14451),(#14452,#14453,#14454,#14455,
#14456,#14457)),.UNSPECIFIED.,.F.,.F.,.F.,(4,1,1,4),(4,1,1,4),(0.,0.333333333333333,
0.666666666666667,1.0000560989807),(-5.60989807104615E-5,0.333333333333333,
0.666666666666667,1.00005609898071),.UNSPECIFIED.);
#7173=B_SPLINE_SURFACE_WITH_KNOTS('',3,3,((#14462,#14463,#14464,#14465,
#14466,#14467),(#14468,#14469,#14470,#14471,#14472,#14473),(#14474,#14475,
#14476,#14477,#14478,#14479),(#14480,#14481,#14482,#14483,#14484,#14485),
(#14486,#14487,#14488,#14489,#14490,#14491),(#14492,#14493,#14494,#14495,
#14496,#14497)),.UNSPECIFIED.,.F.,.F.,.F.,(4,1,1,4),(4,1,1,4),(0.,0.333333333333333,
0.666666666666667,1.00005609898067),(-5.60989806720702E-5,0.333333333333333,
0.666666666666667,1.00005609898067),.UNSPECIFIED.);
#7174=B_SPLINE_SURFACE_WITH_KNOTS('',3,3,((#14499,#14500,#14501,#14502,
#14503,#14504),(#14505,#14506,#14507,#14508,#14509,#14510),(#14511,#14512,
#14513,#14514,#14515,#14516),(#14517,#14518,#14519,#14520,#14521,#14522),
(#14523,#14524,#14525,#14526,#14527,#14528),(#14529,#14530,#14531,#14532,
#14533,#14534)),.UNSPECIFIED.,.F.,.F.,.F.,(4,1,1,4),(4,1,1,4),(0.,0.333333333333333,
0.666666666666667,1.00005609898065),(-5.60989806543954E-5,0.333333333333333,
0.666666666666667,1.00005609898065),.UNSPECIFIED.);
#7175=B_SPLINE_SURFACE_WITH_KNOTS('',3,3,((#14545,#14546,#14547,#14548,
#14549,#14550),(#14551,#14552,#14553,#14554,#14555,#14556),(#14557,#14558,
#14559,#14560,#14561,#14562),(#14563,#14564,#14565,#14566,#14567,#14568),
(#14569,#14570,#14571,#14572,#14573,#14574),(#14575,#14576,#14577,#14578,
#14579,#14580)),.UNSPECIFIED.,.F.,.F.,.F.,(4,1,1,4),(4,1,1,4),(0.,0.333333333333333,
0.666666666666667,1.00005609898066),(-5.60989806608117E-5,0.333333333333333,
0.666666666666667,1.00005609898066),.UNSPECIFIED.);
#7176=B_SPLINE_SURFACE_WITH_KNOTS('',3,3,((#14586,#14587,#14588,#14589,
#14590,#14591),(#14592,#14593,#14594,#14595,#14596,#14597),(#14598,#14599,
#14600,#14601,#14602,#14603),(#14604,#14605,#14606,#14607,#14608,#14609),
(#14610,#14611,#14612,#14613,#14614,#14615),(#14616,#14617,#14618,#14619,
#14620,#14621)),.UNSPECIFIED.,.F.,.F.,.F.,(4,1,1,4),(4,1,1,4),(-5.609898065142E-5,
0.333333333333333,0.666666666666667,1.00005609898065),(0.,0.333333333333333,
0.666666666666667,1.00005609898065),.UNSPECIFIED.);
#7177=B_SPLINE_SURFACE_WITH_KNOTS('',3,3,((#14626,#14627,#14628,#14629,
#14630,#14631),(#14632,#14633,#14634,#14635,#14636,#14637),(#14638,#14639,
#14640,#14641,#14642,#14643),(#14644,#14645,#14646,#14647,#14648,#14649),
(#14650,#14651,#14652,#14653,#14654,#14655),(#14656,#14657,#14658,#14659,
#14660,#14661)),.UNSPECIFIED.,.F.,.F.,.F.,(4,1,1,4),(4,1,1,4),(0.,0.333333333333333,
0.666666666666667,1.00005609898065),(-5.6098980650909E-5,0.333333333333333,
0.666666666666667,1.00005609898065),.UNSPECIFIED.);
#7178=B_SPLINE_SURFACE_WITH_KNOTS('',3,3,((#15220,#15221,#15222,#15223,
#15224,#15225),(#15226,#15227,#15228,#15229,#15230,#15231),(#15232,#15233,
#15234,#15235,#15236,#15237),(#15238,#15239,#15240,#15241,#15242,#15243),
(#15244,#15245,#15246,#15247,#15248,#15249),(#15250,#15251,#15252,#15253,
#15254,#15255)),.UNSPECIFIED.,.F.,.F.,.F.,(4,1,1,4),(4,1,1,4),(-5.60989807060208E-5,
0.333333333333333,0.666666666666667,1.00005609898071),(0.,0.333333333333333,
0.666666666666667,1.00005609898071),.UNSPECIFIED.);
#7179=B_SPLINE_SURFACE_WITH_KNOTS('',3,3,((#15258,#15259,#15260,#15261,
#15262,#15263),(#15264,#15265,#15266,#15267,#15268,#15269),(#15270,#15271,
#15272,#15273,#15274,#15275),(#15276,#15277,#15278,#15279,#15280,#15281),
(#15282,#15283,#15284,#15285,#15286,#15287),(#15288,#15289,#15290,#15291,
#15292,#15293)),.UNSPECIFIED.,.F.,.F.,.F.,(4,1,1,4),(4,1,1,4),(-5.60989807107281E-5,
0.333333333333333,0.666666666666667,1.00005609898071),(0.,0.333333333333333,
0.666666666666667,1.00005609898071),.UNSPECIFIED.);
#7180=B_SPLINE_SURFACE_WITH_KNOTS('',3,3,((#15295,#15296,#15297,#15298,
#15299,#15300),(#15301,#15302,#15303,#15304,#15305,#15306),(#15307,#15308,
#15309,#15310,#15311,#15312),(#15313,#15314,#15315,#15316,#15317,#15318),
(#15319,#15320,#15321,#15322,#15323,#15324),(#15325,#15326,#15327,#15328,
#15329,#15330)),.UNSPECIFIED.,.F.,.F.,.F.,(4,1,1,4),(4,1,1,4),(-5.60989807094625E-5,
0.333333333333333,0.666666666666667,1.00005609898071),(0.,0.333333333333333,
0.666666666666667,1.00005609898071),.UNSPECIFIED.);
#7181=ADVANCED_FACE('',(#564),#6964,.T.);
#7182=ADVANCED_FACE('',(#565),#481,.T.);
#7183=ADVANCED_FACE('',(#566),#482,.T.);
#7184=ADVANCED_FACE('',(#567),#6965,.T.);
#7185=ADVANCED_FACE('',(#568),#483,.T.);
#7186=ADVANCED_FACE('',(#569),#484,.T.);
#7187=ADVANCED_FACE('',(#570),#485,.T.);
#7188=ADVANCED_FACE('',(#571),#486,.T.);
#7189=ADVANCED_FACE('',(#572),#6966,.T.);
#7190=ADVANCED_FACE('',(#573),#6967,.T.);
#7191=ADVANCED_FACE('',(#574),#6968,.T.);
#7192=ADVANCED_FACE('',(#575),#6969,.T.);
#7193=ADVANCED_FACE('',(#576),#6970,.T.);
#7194=ADVANCED_FACE('',(#577),#6971,.T.);
#7195=ADVANCED_FACE('',(#578),#6972,.T.);
#7196=ADVANCED_FACE('',(#579),#6973,.T.);
#7197=ADVANCED_FACE('',(#580),#6974,.T.);
#7198=ADVANCED_FACE('',(#581),#6975,.T.);
#7199=ADVANCED_FACE('',(#582),#6976,.T.);
#7200=ADVANCED_FACE('',(#583),#6977,.T.);
#7201=ADVANCED_FACE('',(#584),#6978,.T.);
#7202=ADVANCED_FACE('',(#585),#6979,.T.);
#7203=ADVANCED_FACE('',(#586),#6980,.T.);
#7204=ADVANCED_FACE('',(#587),#487,.T.);
#7205=ADVANCED_FACE('',(#588),#488,.F.);
#7206=ADVANCED_FACE('',(#589),#6981,.T.);
#7207=ADVANCED_FACE('',(#590),#6982,.T.);
#7208=ADVANCED_FACE('',(#591),#6983,.T.);
#7209=ADVANCED_FACE('',(#592),#6984,.T.);
#7210=ADVANCED_FACE('',(#593),#6985,.T.);
#7211=ADVANCED_FACE('',(#594),#6986,.T.);
#7212=ADVANCED_FACE('',(#595),#6987,.T.);
#7213=ADVANCED_FACE('',(#596),#6988,.T.);
#7214=ADVANCED_FACE('',(#597),#489,.T.);
#7215=ADVANCED_FACE('',(#598),#490,.T.);
#7216=ADVANCED_FACE('',(#599),#6989,.T.);
#7217=ADVANCED_FACE('',(#600),#6990,.T.);
#7218=ADVANCED_FACE('',(#601),#6991,.T.);
#7219=ADVANCED_FACE('',(#602),#6992,.T.);
#7220=ADVANCED_FACE('',(#603),#6993,.T.);
#7221=ADVANCED_FACE('',(#604),#6994,.T.);
#7222=ADVANCED_FACE('',(#605),#6995,.T.);
#7223=ADVANCED_FACE('',(#606),#6996,.T.);
#7224=ADVANCED_FACE('',(#607,#392),#491,.T.);
#7225=ADVANCED_FACE('',(#608,#393),#492,.F.);
#7226=ADVANCED_FACE('',(#609),#6997,.T.);
#7227=ADVANCED_FACE('',(#610),#6998,.T.);
#7228=ADVANCED_FACE('',(#611),#6999,.T.);
#7229=ADVANCED_FACE('',(#612),#7000,.T.);
#7230=ADVANCED_FACE('',(#613),#7001,.T.);
#7231=ADVANCED_FACE('',(#614),#7002,.T.);
#7232=ADVANCED_FACE('',(#615),#7003,.T.);
#7233=ADVANCED_FACE('',(#616),#7004,.T.);
#7234=ADVANCED_FACE('',(#617),#493,.T.);
#7235=ADVANCED_FACE('',(#618),#7005,.T.);
#7236=ADVANCED_FACE('',(#619),#7006,.T.);
#7237=ADVANCED_FACE('',(#620),#7007,.T.);
#7238=ADVANCED_FACE('',(#621),#7008,.T.);
#7239=ADVANCED_FACE('',(#622),#7009,.T.);
#7240=ADVANCED_FACE('',(#623),#7010,.T.);
#7241=ADVANCED_FACE('',(#624),#7011,.T.);
#7242=ADVANCED_FACE('',(#625),#7012,.T.);
#7243=ADVANCED_FACE('',(#626),#7013,.T.);
#7244=ADVANCED_FACE('',(#627),#7014,.T.);
#7245=ADVANCED_FACE('',(#628),#7015,.T.);
#7246=ADVANCED_FACE('',(#629),#7016,.T.);
#7247=ADVANCED_FACE('',(#630),#7017,.T.);
#7248=ADVANCED_FACE('',(#631),#7018,.T.);
#7249=ADVANCED_FACE('',(#632),#7019,.T.);
#7250=ADVANCED_FACE('',(#633),#7020,.T.);
#7251=ADVANCED_FACE('',(#634),#7021,.T.);
#7252=ADVANCED_FACE('',(#635),#7022,.T.);
#7253=ADVANCED_FACE('',(#636),#7023,.T.);
#7254=ADVANCED_FACE('',(#637),#7024,.T.);
#7255=ADVANCED_FACE('',(#638),#7025,.T.);
#7256=ADVANCED_FACE('',(#639),#7026,.T.);
#7257=ADVANCED_FACE('',(#640),#7027,.T.);
#7258=ADVANCED_FACE('',(#641),#7028,.T.);
#7259=ADVANCED_FACE('',(#642),#7029,.T.);
#7260=ADVANCED_FACE('',(#643),#7030,.T.);
#7261=ADVANCED_FACE('',(#644),#7031,.T.);
#7262=ADVANCED_FACE('',(#645),#7032,.T.);
#7263=ADVANCED_FACE('',(#646),#7033,.T.);
#7264=ADVANCED_FACE('',(#647),#494,.T.);
#7265=ADVANCED_FACE('',(#648),#7034,.T.);
#7266=ADVANCED_FACE('',(#649),#7035,.T.);
#7267=ADVANCED_FACE('',(#650),#7036,.T.);
#7268=ADVANCED_FACE('',(#651),#7037,.T.);
#7269=ADVANCED_FACE('',(#652),#7038,.T.);
#7270=ADVANCED_FACE('',(#653),#7039,.T.);
#7271=ADVANCED_FACE('',(#654),#7040,.T.);
#7272=ADVANCED_FACE('',(#655),#7041,.T.);
#7273=ADVANCED_FACE('',(#656),#7042,.T.);
#7274=ADVANCED_FACE('',(#657),#7043,.T.);
#7275=ADVANCED_FACE('',(#658),#7044,.T.);
#7276=ADVANCED_FACE('',(#659),#7045,.T.);
#7277=ADVANCED_FACE('',(#660),#495,.T.);
#7278=ADVANCED_FACE('',(#661),#7046,.T.);
#7279=ADVANCED_FACE('',(#662),#7047,.T.);
#7280=ADVANCED_FACE('',(#663),#7048,.T.);
#7281=ADVANCED_FACE('',(#664),#7049,.T.);
#7282=ADVANCED_FACE('',(#665),#7050,.T.);
#7283=ADVANCED_FACE('',(#666),#7051,.T.);
#7284=ADVANCED_FACE('',(#667),#7052,.T.);
#7285=ADVANCED_FACE('',(#668),#7053,.T.);
#7286=ADVANCED_FACE('',(#669),#7054,.T.);
#7287=ADVANCED_FACE('',(#670),#7055,.T.);
#7288=ADVANCED_FACE('',(#671),#7056,.T.);
#7289=ADVANCED_FACE('',(#672),#7057,.T.);
#7290=ADVANCED_FACE('',(#673),#7058,.T.);
#7291=ADVANCED_FACE('',(#674),#7059,.T.);
#7292=ADVANCED_FACE('',(#675),#7060,.T.);
#7293=ADVANCED_FACE('',(#676),#7061,.T.);
#7294=ADVANCED_FACE('',(#677),#7062,.T.);
#7295=ADVANCED_FACE('',(#678),#7063,.T.);
#7296=ADVANCED_FACE('',(#679),#7064,.T.);
#7297=ADVANCED_FACE('',(#680),#7065,.T.);
#7298=ADVANCED_FACE('',(#681),#7066,.T.);
#7299=ADVANCED_FACE('',(#682),#7067,.T.);
#7300=ADVANCED_FACE('',(#683),#7068,.T.);
#7301=ADVANCED_FACE('',(#684),#7069,.T.);
#7302=ADVANCED_FACE('',(#685),#7070,.T.);
#7303=ADVANCED_FACE('',(#686),#7071,.T.);
#7304=ADVANCED_FACE('',(#687),#7072,.T.);
#7305=ADVANCED_FACE('',(#688),#7073,.T.);
#7306=ADVANCED_FACE('',(#689),#7074,.T.);
#7307=ADVANCED_FACE('',(#690),#7075,.T.);
#7308=ADVANCED_FACE('',(#691),#496,.T.);
#7309=ADVANCED_FACE('',(#692),#7076,.T.);
#7310=ADVANCED_FACE('',(#693),#7077,.T.);
#7311=ADVANCED_FACE('',(#694),#7078,.T.);
#7312=ADVANCED_FACE('',(#695),#7079,.T.);
#7313=ADVANCED_FACE('',(#696),#7080,.T.);
#7314=ADVANCED_FACE('',(#697),#7081,.T.);
#7315=ADVANCED_FACE('',(#698),#7082,.T.);
#7316=ADVANCED_FACE('',(#699),#7083,.T.);
#7317=ADVANCED_FACE('',(#700),#7084,.T.);
#7318=ADVANCED_FACE('',(#701,#394,#395,#396,#397,#398,#399,#400,#401),#497,
 .T.);
#7319=ADVANCED_FACE('',(#702,#402,#403,#404,#405,#406,#407,#408,#409),#498,
 .F.);
#7320=ADVANCED_FACE('',(#703),#499,.F.);
#7321=ADVANCED_FACE('',(#704),#500,.T.);
#7322=ADVANCED_FACE('',(#705),#7085,.T.);
#7323=ADVANCED_FACE('',(#706),#7086,.T.);
#7324=ADVANCED_FACE('',(#707),#501,.T.);
#7325=ADVANCED_FACE('',(#708),#502,.T.);
#7326=ADVANCED_FACE('',(#709),#7087,.T.);
#7327=ADVANCED_FACE('',(#710),#7088,.T.);
#7328=ADVANCED_FACE('',(#711),#7089,.T.);
#7329=ADVANCED_FACE('',(#712),#7090,.T.);
#7330=ADVANCED_FACE('',(#713),#7091,.T.);
#7331=ADVANCED_FACE('',(#714),#7092,.T.);
#7332=ADVANCED_FACE('',(#715),#503,.T.);
#7333=ADVANCED_FACE('',(#716),#7093,.T.);
#7334=ADVANCED_FACE('',(#717),#7094,.T.);
#7335=ADVANCED_FACE('',(#718),#504,.T.);
#7336=ADVANCED_FACE('',(#719),#7095,.T.);
#7337=ADVANCED_FACE('',(#720),#505,.T.);
#7338=ADVANCED_FACE('',(#721),#506,.F.);
#7339=ADVANCED_FACE('',(#722),#7096,.T.);
#7340=ADVANCED_FACE('',(#723),#507,.T.);
#7341=ADVANCED_FACE('',(#724),#508,.T.);
#7342=ADVANCED_FACE('',(#725),#509,.T.);
#7343=ADVANCED_FACE('',(#726),#510,.F.);
#7344=ADVANCED_FACE('',(#727),#7097,.T.);
#7345=ADVANCED_FACE('',(#728),#7098,.T.);
#7346=ADVANCED_FACE('',(#729),#7099,.T.);
#7347=ADVANCED_FACE('',(#730),#7100,.T.);
#7348=ADVANCED_FACE('',(#731),#7101,.T.);
#7349=ADVANCED_FACE('',(#732),#7102,.T.);
#7350=ADVANCED_FACE('',(#733),#7103,.T.);
#7351=ADVANCED_FACE('',(#734),#7104,.T.);
#7352=ADVANCED_FACE('',(#735),#7105,.T.);
#7353=ADVANCED_FACE('',(#736),#7106,.T.);
#7354=ADVANCED_FACE('',(#737),#7107,.T.);
#7355=ADVANCED_FACE('',(#738),#7108,.T.);
#7356=ADVANCED_FACE('',(#739),#7109,.T.);
#7357=ADVANCED_FACE('',(#740),#7110,.T.);
#7358=ADVANCED_FACE('',(#741),#7111,.T.);
#7359=ADVANCED_FACE('',(#742),#7112,.T.);
#7360=ADVANCED_FACE('',(#743),#7113,.T.);
#7361=ADVANCED_FACE('',(#744),#7114,.T.);
#7362=ADVANCED_FACE('',(#745),#7115,.T.);
#7363=ADVANCED_FACE('',(#746),#7116,.T.);
#7364=ADVANCED_FACE('',(#747),#7117,.T.);
#7365=ADVANCED_FACE('',(#748),#7118,.T.);
#7366=ADVANCED_FACE('',(#749),#7119,.T.);
#7367=ADVANCED_FACE('',(#750),#7120,.T.);
#7368=ADVANCED_FACE('',(#751),#7121,.T.);
#7369=ADVANCED_FACE('',(#752),#7122,.T.);
#7370=ADVANCED_FACE('',(#753),#7123,.T.);
#7371=ADVANCED_FACE('',(#754),#7124,.T.);
#7372=ADVANCED_FACE('',(#755),#293,.F.);
#7373=ADVANCED_FACE('',(#756),#7125,.T.);
#7374=ADVANCED_FACE('',(#757),#7126,.T.);
#7375=ADVANCED_FACE('',(#758),#7127,.T.);
#7376=ADVANCED_FACE('',(#759),#7128,.T.);
#7377=ADVANCED_FACE('',(#760),#7129,.T.);
#7378=ADVANCED_FACE('',(#761),#7130,.T.);
#7379=ADVANCED_FACE('',(#762),#7131,.T.);
#7380=ADVANCED_FACE('',(#763),#7132,.T.);
#7381=ADVANCED_FACE('',(#764),#7133,.T.);
#7382=ADVANCED_FACE('',(#765),#7134,.T.);
#7383=ADVANCED_FACE('',(#766),#7135,.T.);
#7384=ADVANCED_FACE('',(#767),#7136,.T.);
#7385=ADVANCED_FACE('',(#768),#7137,.T.);
#7386=ADVANCED_FACE('',(#769),#7138,.T.);
#7387=ADVANCED_FACE('',(#770),#7139,.T.);
#7388=ADVANCED_FACE('',(#771),#7140,.T.);
#7389=ADVANCED_FACE('',(#772),#7141,.T.);
#7390=ADVANCED_FACE('',(#773),#7142,.T.);
#7391=ADVANCED_FACE('',(#774),#7143,.T.);
#7392=ADVANCED_FACE('',(#775),#7144,.T.);
#7393=ADVANCED_FACE('',(#776),#7145,.T.);
#7394=ADVANCED_FACE('',(#777),#7146,.T.);
#7395=ADVANCED_FACE('',(#778),#7147,.T.);
#7396=ADVANCED_FACE('',(#779),#7148,.T.);
#7397=ADVANCED_FACE('',(#780,#410,#411,#412,#413),#511,.T.);
#7398=ADVANCED_FACE('',(#781,#414,#415,#416,#417),#512,.F.);
#7399=ADVANCED_FACE('',(#782),#7149,.T.);
#7400=ADVANCED_FACE('',(#783),#7150,.T.);
#7401=ADVANCED_FACE('',(#784),#7151,.T.);
#7402=ADVANCED_FACE('',(#785),#7152,.T.);
#7403=ADVANCED_FACE('',(#786),#7153,.T.);
#7404=ADVANCED_FACE('',(#787),#513,.T.);
#7405=ADVANCED_FACE('',(#788),#514,.T.);
#7406=ADVANCED_FACE('',(#789),#7154,.T.);
#7407=ADVANCED_FACE('',(#790),#515,.T.);
#7408=ADVANCED_FACE('',(#791),#516,.F.);
#7409=ADVANCED_FACE('',(#792),#7155,.T.);
#7410=ADVANCED_FACE('',(#793),#517,.T.);
#7411=ADVANCED_FACE('',(#794),#7156,.T.);
#7412=ADVANCED_FACE('',(#795),#518,.T.);
#7413=ADVANCED_FACE('',(#796),#519,.F.);
#7414=ADVANCED_FACE('',(#797),#520,.T.);
#7415=ADVANCED_FACE('',(#798),#294,.F.);
#7416=ADVANCED_FACE('',(#799),#521,.F.);
#7417=ADVANCED_FACE('',(#800),#295,.F.);
#7418=ADVANCED_FACE('',(#801,#418,#419,#420,#421,#422,#423,#424,#425,#426,
#427,#428,#429,#430,#431),#522,.F.);
#7419=ADVANCED_FACE('',(#802),#296,.F.);
#7420=ADVANCED_FACE('',(#803),#297,.F.);
#7421=ADVANCED_FACE('',(#804),#7157,.T.);
#7422=ADVANCED_FACE('',(#805),#7158,.T.);
#7423=ADVANCED_FACE('',(#806),#298,.F.);
#7424=ADVANCED_FACE('',(#807),#7159,.T.);
#7425=ADVANCED_FACE('',(#808),#299,.T.);
#7426=ADVANCED_FACE('',(#809),#7160,.T.);
#7427=ADVANCED_FACE('',(#810),#7161,.T.);
#7428=ADVANCED_FACE('',(#811),#7162,.T.);
#7429=ADVANCED_FACE('',(#812),#7163,.T.);
#7430=ADVANCED_FACE('',(#813),#300,.T.);
#7431=ADVANCED_FACE('',(#814),#7164,.T.);
#7432=ADVANCED_FACE('',(#815),#7165,.T.);
#7433=ADVANCED_FACE('',(#816),#7166,.T.);
#7434=ADVANCED_FACE('',(#817),#7167,.T.);
#7435=ADVANCED_FACE('',(#818),#7168,.T.);
#7436=ADVANCED_FACE('',(#819),#7169,.T.);
#7437=ADVANCED_FACE('',(#820),#7170,.T.);
#7438=ADVANCED_FACE('',(#821),#7171,.T.);
#7439=ADVANCED_FACE('',(#822),#7172,.T.);
#7440=ADVANCED_FACE('',(#823),#7173,.T.);
#7441=ADVANCED_FACE('',(#824),#7174,.T.);
#7442=ADVANCED_FACE('',(#825),#7175,.T.);
#7443=ADVANCED_FACE('',(#826),#7176,.T.);
#7444=ADVANCED_FACE('',(#827),#7177,.T.);
#7445=ADVANCED_FACE('',(#828),#43,.T.);
#7446=ADVANCED_FACE('',(#829,#432,#433,#434,#435,#436,#437,#438,#439,#440,
#441,#442),#523,.T.);
#7447=ADVANCED_FACE('',(#830),#301,.F.);
#7448=ADVANCED_FACE('',(#831),#302,.T.);
#7449=ADVANCED_FACE('',(#832),#303,.T.);
#7450=ADVANCED_FACE('',(#833),#304,.T.);
#7451=ADVANCED_FACE('',(#834),#305,.T.);
#7452=ADVANCED_FACE('',(#835),#524,.F.);
#7453=ADVANCED_FACE('',(#836),#525,.F.);
#7454=ADVANCED_FACE('',(#837),#306,.T.);
#7455=ADVANCED_FACE('',(#838),#44,.T.);
#7456=ADVANCED_FACE('',(#839),#307,.T.);
#7457=ADVANCED_FACE('',(#840),#45,.T.);
#7458=ADVANCED_FACE('',(#841),#308,.T.);
#7459=ADVANCED_FACE('',(#842),#46,.T.);
#7460=ADVANCED_FACE('',(#843),#309,.T.);
#7461=ADVANCED_FACE('',(#844),#47,.T.);
#7462=ADVANCED_FACE('',(#845),#310,.F.);
#7463=ADVANCED_FACE('',(#846),#526,.F.);
#7464=ADVANCED_FACE('',(#847),#311,.F.);
#7465=ADVANCED_FACE('',(#848),#527,.F.);
#7466=ADVANCED_FACE('',(#849),#312,.T.);
#7467=ADVANCED_FACE('',(#850),#48,.T.);
#7468=ADVANCED_FACE('',(#851),#313,.T.);
#7469=ADVANCED_FACE('',(#852),#49,.T.);
#7470=ADVANCED_FACE('',(#853),#314,.T.);
#7471=ADVANCED_FACE('',(#854),#50,.T.);
#7472=ADVANCED_FACE('',(#855),#315,.T.);
#7473=ADVANCED_FACE('',(#856),#51,.T.);
#7474=ADVANCED_FACE('',(#857),#316,.F.);
#7475=ADVANCED_FACE('',(#858),#528,.F.);
#7476=ADVANCED_FACE('',(#859),#317,.F.);
#7477=ADVANCED_FACE('',(#860),#529,.F.);
#7478=ADVANCED_FACE('',(#861),#318,.T.);
#7479=ADVANCED_FACE('',(#862),#52,.T.);
#7480=ADVANCED_FACE('',(#863),#319,.T.);
#7481=ADVANCED_FACE('',(#864),#53,.T.);
#7482=ADVANCED_FACE('',(#865),#320,.T.);
#7483=ADVANCED_FACE('',(#866),#54,.T.);
#7484=ADVANCED_FACE('',(#867),#321,.T.);
#7485=ADVANCED_FACE('',(#868),#55,.T.);
#7486=ADVANCED_FACE('',(#869),#322,.F.);
#7487=ADVANCED_FACE('',(#870),#530,.F.);
#7488=ADVANCED_FACE('',(#871),#323,.F.);
#7489=ADVANCED_FACE('',(#872),#531,.F.);
#7490=ADVANCED_FACE('',(#873),#324,.T.);
#7491=ADVANCED_FACE('',(#874),#56,.T.);
#7492=ADVANCED_FACE('',(#875),#325,.T.);
#7493=ADVANCED_FACE('',(#876),#57,.T.);
#7494=ADVANCED_FACE('',(#877),#326,.T.);
#7495=ADVANCED_FACE('',(#878),#58,.T.);
#7496=ADVANCED_FACE('',(#879),#327,.T.);
#7497=ADVANCED_FACE('',(#880),#59,.T.);
#7498=ADVANCED_FACE('',(#881),#328,.F.);
#7499=ADVANCED_FACE('',(#882),#532,.F.);
#7500=ADVANCED_FACE('',(#883),#329,.F.);
#7501=ADVANCED_FACE('',(#884),#533,.F.);
#7502=ADVANCED_FACE('',(#885),#330,.T.);
#7503=ADVANCED_FACE('',(#886),#60,.T.);
#7504=ADVANCED_FACE('',(#887),#331,.T.);
#7505=ADVANCED_FACE('',(#888),#61,.T.);
#7506=ADVANCED_FACE('',(#889),#332,.T.);
#7507=ADVANCED_FACE('',(#890),#62,.T.);
#7508=ADVANCED_FACE('',(#891),#333,.T.);
#7509=ADVANCED_FACE('',(#892),#63,.T.);
#7510=ADVANCED_FACE('',(#893),#334,.F.);
#7511=ADVANCED_FACE('',(#894),#534,.F.);
#7512=ADVANCED_FACE('',(#895),#335,.F.);
#7513=ADVANCED_FACE('',(#896),#535,.F.);
#7514=ADVANCED_FACE('',(#897),#336,.T.);
#7515=ADVANCED_FACE('',(#898),#64,.T.);
#7516=ADVANCED_FACE('',(#899),#337,.T.);
#7517=ADVANCED_FACE('',(#900),#65,.T.);
#7518=ADVANCED_FACE('',(#901),#338,.T.);
#7519=ADVANCED_FACE('',(#902),#66,.T.);
#7520=ADVANCED_FACE('',(#903),#339,.T.);
#7521=ADVANCED_FACE('',(#904),#67,.T.);
#7522=ADVANCED_FACE('',(#905),#340,.F.);
#7523=ADVANCED_FACE('',(#906),#536,.F.);
#7524=ADVANCED_FACE('',(#907),#341,.F.);
#7525=ADVANCED_FACE('',(#908),#537,.F.);
#7526=ADVANCED_FACE('',(#909),#342,.T.);
#7527=ADVANCED_FACE('',(#910),#68,.T.);
#7528=ADVANCED_FACE('',(#911),#343,.T.);
#7529=ADVANCED_FACE('',(#912),#69,.T.);
#7530=ADVANCED_FACE('',(#913),#344,.T.);
#7531=ADVANCED_FACE('',(#914),#70,.T.);
#7532=ADVANCED_FACE('',(#915),#345,.T.);
#7533=ADVANCED_FACE('',(#916),#71,.T.);
#7534=ADVANCED_FACE('',(#917),#346,.F.);
#7535=ADVANCED_FACE('',(#918),#538,.F.);
#7536=ADVANCED_FACE('',(#919),#347,.F.);
#7537=ADVANCED_FACE('',(#920),#539,.F.);
#7538=ADVANCED_FACE('',(#921),#348,.T.);
#7539=ADVANCED_FACE('',(#922),#72,.T.);
#7540=ADVANCED_FACE('',(#923),#349,.T.);
#7541=ADVANCED_FACE('',(#924),#73,.T.);
#7542=ADVANCED_FACE('',(#925),#350,.T.);
#7543=ADVANCED_FACE('',(#926),#74,.T.);
#7544=ADVANCED_FACE('',(#927),#351,.T.);
#7545=ADVANCED_FACE('',(#928),#75,.T.);
#7546=ADVANCED_FACE('',(#929),#352,.F.);
#7547=ADVANCED_FACE('',(#930),#540,.F.);
#7548=ADVANCED_FACE('',(#931),#353,.F.);
#7549=ADVANCED_FACE('',(#932),#541,.F.);
#7550=ADVANCED_FACE('',(#933),#354,.T.);
#7551=ADVANCED_FACE('',(#934),#76,.T.);
#7552=ADVANCED_FACE('',(#935),#355,.T.);
#7553=ADVANCED_FACE('',(#936),#77,.T.);
#7554=ADVANCED_FACE('',(#937),#356,.T.);
#7555=ADVANCED_FACE('',(#938),#78,.T.);
#7556=ADVANCED_FACE('',(#939),#357,.T.);
#7557=ADVANCED_FACE('',(#940),#79,.T.);
#7558=ADVANCED_FACE('',(#941),#358,.F.);
#7559=ADVANCED_FACE('',(#942),#542,.F.);
#7560=ADVANCED_FACE('',(#943),#359,.F.);
#7561=ADVANCED_FACE('',(#944),#543,.F.);
#7562=ADVANCED_FACE('',(#945),#7178,.T.);
#7563=ADVANCED_FACE('',(#946),#360,.T.);
#7564=ADVANCED_FACE('',(#947),#7179,.T.);
#7565=ADVANCED_FACE('',(#948),#7180,.T.);
#7566=ADVANCED_FACE('',(#949),#361,.T.);
#7567=ADVANCED_FACE('',(#950),#544,.F.);
#7568=ADVANCED_FACE('',(#951),#362,.F.);
#7569=ADVANCED_FACE('',(#952),#545,.F.);
#7570=ADVANCED_FACE('',(#953),#363,.F.);
#7571=ADVANCED_FACE('',(#954),#546,.F.);
#7572=ADVANCED_FACE('',(#955),#364,.F.);
#7573=ADVANCED_FACE('',(#956),#547,.F.);
#7574=ADVANCED_FACE('',(#957),#365,.F.);
#7575=ADVANCED_FACE('',(#958),#548,.F.);
#7576=ADVANCED_FACE('',(#959),#366,.F.);
#7577=ADVANCED_FACE('',(#960),#549,.F.);
#7578=ADVANCED_FACE('',(#961),#367,.F.);
#7579=ADVANCED_FACE('',(#962),#550,.F.);
#7580=ADVANCED_FACE('',(#963),#368,.F.);
#7581=ADVANCED_FACE('',(#964),#551,.F.);
#7582=ADVANCED_FACE('',(#965),#369,.F.);
#7583=ADVANCED_FACE('',(#966),#552,.F.);
#7584=ADVANCED_FACE('',(#967),#370,.F.);
#7585=ADVANCED_FACE('',(#968),#553,.F.);
#7586=ADVANCED_FACE('',(#969),#371,.F.);
#7587=ADVANCED_FACE('',(#970),#554,.F.);
#7588=ADVANCED_FACE('',(#971),#372,.F.);
#7589=ADVANCED_FACE('',(#972),#555,.F.);
#7590=ADVANCED_FACE('',(#973),#373,.F.);
#7591=ADVANCED_FACE('',(#974),#556,.F.);
#7592=ADVANCED_FACE('',(#975),#374,.F.);
#7593=ADVANCED_FACE('',(#976),#557,.F.);
#7594=ADVANCED_FACE('',(#977),#375,.F.);
#7595=ADVANCED_FACE('',(#978),#558,.F.);
#7596=ADVANCED_FACE('',(#979),#376,.F.);
#7597=ADVANCED_FACE('',(#980),#559,.F.);
#7598=ADVANCED_FACE('',(#981),#377,.F.);
#7599=ADVANCED_FACE('',(#982),#560,.F.);
#7600=ADVANCED_FACE('',(#983),#378,.F.);
#7601=ADVANCED_FACE('',(#984),#561,.F.);
#7602=ADVANCED_FACE('',(#985),#379,.F.);
#7603=ADVANCED_FACE('',(#986),#562,.F.);
#7604=ADVANCED_FACE('',(#987),#563,.F.);
#7605=CLOSED_SHELL('',(#7181,#7182,#7183,#7184,#7185,#7186,#7187,#7188,
#7189,#7190,#7191,#7192,#7193,#7194,#7195,#7196,#7197,#7198,#7199,#7200,
#7201,#7202,#7203,#7204,#7205));
#7606=CLOSED_SHELL('',(#7206,#7207,#7208,#7209,#7210,#7211,#7212,#7213,
#7214,#7215,#7216,#7217,#7218,#7219,#7220,#7221,#7222,#7223,#7224,#7225));
#7607=CLOSED_SHELL('',(#7226,#7227,#7228,#7229,#7230,#7231,#7232,#7233,
#7234,#7235,#7236,#7237,#7238,#7239,#7240,#7241,#7242,#7243,#7244,#7245,
#7246,#7247,#7248,#7249,#7250,#7251,#7252,#7253,#7254,#7255,#7256,#7257,
#7258,#7259,#7260,#7261,#7262,#7263,#7264,#7265,#7266,#7267,#7268,#7269,
#7270,#7271,#7272,#7273,#7274,#7275,#7276,#7277,#7278,#7279,#7280,#7281,
#7282,#7283,#7284,#7285,#7286,#7287,#7288,#7289,#7290,#7291,#7292,#7293,
#7294,#7295,#7296,#7297,#7298,#7299,#7300,#7301,#7302,#7303,#7304,#7305,
#7306,#7307,#7308,#7309,#7310,#7311,#7312,#7313,#7314,#7315,#7316,#7317,
#7318,#7319));
#7608=CLOSED_SHELL('',(#7320,#7321,#7322,#7323,#7324,#7325,#7326,#7327,
#7328,#7329,#7330,#7331,#7332,#7333));
#7609=CLOSED_SHELL('',(#7334,#7335,#7336,#7337,#7338));
#7610=CLOSED_SHELL('',(#7339,#7340,#7341,#7342,#7343));
#7611=CLOSED_SHELL('',(#7344,#7345,#7346,#7347,#7348,#7349,#7350,#7351,
#7352,#7353,#7354,#7355,#7356,#7357,#7358,#7359,#7360,#7361,#7362,#7363,
#7364,#7365,#7366,#7367,#7368,#7369,#7370,#7371,#7372,#7373,#7374,#7375,
#7376,#7377,#7378,#7379,#7380,#7381,#7382,#7383,#7384,#7385,#7386,#7387,
#7388,#7389,#7390,#7391,#7392,#7393,#7394,#7395,#7396,#7397,#7398));
#7612=CLOSED_SHELL('',(#7399,#7400,#7401,#7402,#7403,#7404,#7405,#7406,
#7407,#7408));
#7613=CLOSED_SHELL('',(#7409,#7410,#7411,#7412,#7413));
#7614=CLOSED_SHELL('',(#7414,#7415,#7416,#7417,#7418,#7419,#7420,#7421,
#7422,#7423,#7424,#7425,#7426,#7427,#7428,#7429,#7430,#7431,#7432,#7433,
#7434,#7435,#7436,#7437,#7438,#7439,#7440,#7441,#7442,#7443,#7444,#7445,
#7446,#7447,#7448,#7449,#7450,#7451,#7452,#7453,#7454,#7455,#7456,#7457,
#7458,#7459,#7460,#7461,#7462,#7463,#7464,#7465,#7466,#7467,#7468,#7469,
#7470,#7471,#7472,#7473,#7474,#7475,#7476,#7477,#7478,#7479,#7480,#7481,
#7482,#7483,#7484,#7485,#7486,#7487,#7488,#7489,#7490,#7491,#7492,#7493,
#7494,#7495,#7496,#7497,#7498,#7499,#7500,#7501,#7502,#7503,#7504,#7505,
#7506,#7507,#7508,#7509,#7510,#7511,#7512,#7513,#7514,#7515,#7516,#7517,
#7518,#7519,#7520,#7521,#7522,#7523,#7524,#7525,#7526,#7527,#7528,#7529,
#7530,#7531,#7532,#7533,#7534,#7535,#7536,#7537,#7538,#7539,#7540,#7541,
#7542,#7543,#7544,#7545,#7546,#7547,#7548,#7549,#7550,#7551,#7552,#7553,
#7554,#7555,#7556,#7557,#7558,#7559,#7560,#7561,#7562,#7563,#7564,#7565,
#7566,#7567,#7568,#7569,#7570,#7571,#7572,#7573,#7574,#7575,#7576,#7577,
#7578,#7579,#7580,#7581,#7582,#7583,#7584,#7585,#7586,#7587,#7588,#7589,
#7590,#7591,#7592,#7593,#7594,#7595,#7596,#7597,#7598,#7599,#7600,#7601,
#7602,#7603,#7604));
#7615=DERIVED_UNIT_ELEMENT(#7631,1.);
#7616=DERIVED_UNIT_ELEMENT(#15427,-3.);
#7617=DERIVED_UNIT_ELEMENT(#7631,1.);
#7618=DERIVED_UNIT_ELEMENT(#15427,-3.);
#7619=DERIVED_UNIT_ELEMENT(#7631,1.);
#7620=DERIVED_UNIT_ELEMENT(#15427,-3.);
#7621=DERIVED_UNIT_ELEMENT(#7631,1.);
#7622=DERIVED_UNIT_ELEMENT(#15427,-3.);
#7623=DERIVED_UNIT_ELEMENT(#7631,1.);
#7624=DERIVED_UNIT_ELEMENT(#15427,-3.);
#7625=DERIVED_UNIT_ELEMENT(#7631,1.);
#7626=DERIVED_UNIT_ELEMENT(#15427,-3.);
#7627=DERIVED_UNIT_ELEMENT(#7631,1.);
#7628=DERIVED_UNIT_ELEMENT(#15427,-3.);
#7629=DERIVED_UNIT_ELEMENT(#7631,1.);
#7630=DERIVED_UNIT_ELEMENT(#15427,-3.);
#7631=(
MASS_UNIT()
NAMED_UNIT(*)
SI_UNIT(.KILO.,.GRAM.)
);
#7632=DERIVED_UNIT((#7615,#7616));
#7633=DERIVED_UNIT((#7617,#7618));
#7634=DERIVED_UNIT((#7619,#7620));
#7635=DERIVED_UNIT((#7621,#7622));
#7636=DERIVED_UNIT((#7623,#7624));
#7637=DERIVED_UNIT((#7625,#7626));
#7638=DERIVED_UNIT((#7627,#7628));
#7639=DERIVED_UNIT((#7629,#7630));
#7640=MEASURE_REPRESENTATION_ITEM('density measure',
POSITIVE_RATIO_MEASURE(7850.),#7632);
#7641=MEASURE_REPRESENTATION_ITEM('density measure',
POSITIVE_RATIO_MEASURE(7850.),#7633);
#7642=MEASURE_REPRESENTATION_ITEM('density measure',
POSITIVE_RATIO_MEASURE(7850.),#7634);
#7643=MEASURE_REPRESENTATION_ITEM('density measure',
POSITIVE_RATIO_MEASURE(7850.),#7635);
#7644=MEASURE_REPRESENTATION_ITEM('density measure',
POSITIVE_RATIO_MEASURE(7850.),#7636);
#7645=MEASURE_REPRESENTATION_ITEM('density measure',
POSITIVE_RATIO_MEASURE(7850.),#7637);
#7646=MEASURE_REPRESENTATION_ITEM('density measure',
POSITIVE_RATIO_MEASURE(7850.),#7638);
#7647=MEASURE_REPRESENTATION_ITEM('density measure',
POSITIVE_RATIO_MEASURE(7850.),#7639);
#7648=PROPERTY_DEFINITION_REPRESENTATION(#7688,#7664);
#7649=PROPERTY_DEFINITION_REPRESENTATION(#7689,#7665);
#7650=PROPERTY_DEFINITION_REPRESENTATION(#7690,#7666);
#7651=PROPERTY_DEFINITION_REPRESENTATION(#7691,#7667);
#7652=PROPERTY_DEFINITION_REPRESENTATION(#7692,#7668);
#7653=PROPERTY_DEFINITION_REPRESENTATION(#7693,#7669);
#7654=PROPERTY_DEFINITION_REPRESENTATION(#7694,#7670);
#7655=PROPERTY_DEFINITION_REPRESENTATION(#7695,#7671);
#7656=PROPERTY_DEFINITION_REPRESENTATION(#7696,#7672);
#7657=PROPERTY_DEFINITION_REPRESENTATION(#7697,#7673);
#7658=PROPERTY_DEFINITION_REPRESENTATION(#7698,#7674);
#7659=PROPERTY_DEFINITION_REPRESENTATION(#7699,#7675);
#7660=PROPERTY_DEFINITION_REPRESENTATION(#7700,#7676);
#7661=PROPERTY_DEFINITION_REPRESENTATION(#7701,#7677);
#7662=PROPERTY_DEFINITION_REPRESENTATION(#7702,#7678);
#7663=PROPERTY_DEFINITION_REPRESENTATION(#7703,#7679);
#7664=REPRESENTATION('material name',(#7680),#15417);
#7665=REPRESENTATION('density',(#7640),#15417);
#7666=REPRESENTATION('material name',(#7681),#15418);
#7667=REPRESENTATION('density',(#7641),#15418);
#7668=REPRESENTATION('material name',(#7682),#15419);
#7669=REPRESENTATION('density',(#7642),#15419);
#7670=REPRESENTATION('material name',(#7683),#15420);
#7671=REPRESENTATION('density',(#7643),#15420);
#7672=REPRESENTATION('material name',(#7684),#15421);
#7673=REPRESENTATION('density',(#7644),#15421);
#7674=REPRESENTATION('material name',(#7685),#15422);
#7675=REPRESENTATION('density',(#7645),#15422);
#7676=REPRESENTATION('material name',(#7686),#15423);
#7677=REPRESENTATION('density',(#7646),#15423);
#7678=REPRESENTATION('material name',(#7687),#15424);
#7679=REPRESENTATION('density',(#7647),#15424);
#7680=DESCRIPTIVE_REPRESENTATION_ITEM('Steel','Steel');
#7681=DESCRIPTIVE_REPRESENTATION_ITEM('Steel','Steel');
#7682=DESCRIPTIVE_REPRESENTATION_ITEM('Steel','Steel');
#7683=DESCRIPTIVE_REPRESENTATION_ITEM('Steel','Steel');
#7684=DESCRIPTIVE_REPRESENTATION_ITEM('Steel','Steel');
#7685=DESCRIPTIVE_REPRESENTATION_ITEM('Steel','Steel');
#7686=DESCRIPTIVE_REPRESENTATION_ITEM('Steel','Steel');
#7687=DESCRIPTIVE_REPRESENTATION_ITEM('Steel','Steel');
#7688=PROPERTY_DEFINITION('material property','material name',#15467);
#7689=PROPERTY_DEFINITION('material property','density of part',#15467);
#7690=PROPERTY_DEFINITION('material property','material name',#15468);
#7691=PROPERTY_DEFINITION('material property','density of part',#15468);
#7692=PROPERTY_DEFINITION('material property','material name',#15469);
#7693=PROPERTY_DEFINITION('material property','density of part',#15469);
#7694=PROPERTY_DEFINITION('material property','material name',#15470);
#7695=PROPERTY_DEFINITION('material property','density of part',#15470);
#7696=PROPERTY_DEFINITION('material property','material name',#15471);
#7697=PROPERTY_DEFINITION('material property','density of part',#15471);
#7698=PROPERTY_DEFINITION('material property','material name',#15472);
#7699=PROPERTY_DEFINITION('material property','density of part',#15472);
#7700=PROPERTY_DEFINITION('material property','material name',#15473);
#7701=PROPERTY_DEFINITION('material property','density of part',#15473);
#7702=PROPERTY_DEFINITION('material property','material name',#15474);
#7703=PROPERTY_DEFINITION('material property','density of part',#15474);
#7704=AXIS2_PLACEMENT_3D('',#9524,#8153,#8154);
#7705=AXIS2_PLACEMENT_3D('',#9525,#8155,#8156);
#7706=AXIS2_PLACEMENT_3D('',#9548,#8159,#8160);
#7707=AXIS2_PLACEMENT_3D('',#9554,#8164,#8165);
#7708=AXIS2_PLACEMENT_3D('',#9579,#8170,#8171);
#7709=AXIS2_PLACEMENT_3D('',#9585,#8175,#8176);
#7710=AXIS2_PLACEMENT_3D('',#9591,#8180,#8181);
#7711=AXIS2_PLACEMENT_3D('',#9597,#8185,#8186);
#7712=AXIS2_PLACEMENT_3D('',#9885,#8204,#8205);
#7713=AXIS2_PLACEMENT_3D('',#9886,#8206,#8207);
#7714=AXIS2_PLACEMENT_3D('',#9887,#8208,#8209);
#7715=AXIS2_PLACEMENT_3D('',#10043,#8219,#8220);
#7716=AXIS2_PLACEMENT_3D('',#10049,#8224,#8225);
#7717=AXIS2_PLACEMENT_3D('',#10204,#8236,#8237);
#7718=AXIS2_PLACEMENT_3D('',#10205,#8238,#8239);
#7719=AXIS2_PLACEMENT_3D('',#10206,#8240,#8241);
#7720=AXIS2_PLACEMENT_3D('',#10359,#8250,#8251);
#7721=AXIS2_PLACEMENT_3D('',#10903,#8285,#8286);
#7722=AXIS2_PLACEMENT_3D('',#11121,#8302,#8303);
#7723=AXIS2_PLACEMENT_3D('',#11669,#8337,#8338);
#7724=AXIS2_PLACEMENT_3D('',#11798,#8348,#8349);
#7725=AXIS2_PLACEMENT_3D('',#11800,#8350,#8351);
#7726=AXIS2_PLACEMENT_3D('',#11829,#8354,#8355);
#7727=AXIS2_PLACEMENT_3D('',#11830,#8356,#8357);
#7728=AXIS2_PLACEMENT_3D('',#11831,#8358,#8359);
#7729=AXIS2_PLACEMENT_3D('',#11832,#8360,#8361);
#7730=AXIS2_PLACEMENT_3D('',#11833,#8362,#8363);
#7731=AXIS2_PLACEMENT_3D('',#11884,#8367,#8368);
#7732=AXIS2_PLACEMENT_3D('',#11954,#8375,#8376);
#7733=AXIS2_PLACEMENT_3D('',#11956,#8378,#8379);
#7734=AXIS2_PLACEMENT_3D('',#12010,#8387,#8388);
#7735=AXIS2_PLACEMENT_3D('',#12020,#8390,#8391);
#7736=AXIS2_PLACEMENT_3D('',#12043,#8394,#8395);
#7737=AXIS2_PLACEMENT_3D('',#12061,#8399,#8400);
#7738=AXIS2_PLACEMENT_3D('',#12062,#8401,#8402);
#7739=AXIS2_PLACEMENT_3D('',#12063,#8403,#8404);
#7740=AXIS2_PLACEMENT_3D('',#12082,#8407,#8408);
#7741=AXIS2_PLACEMENT_3D('',#12088,#8412,#8413);
#7742=AXIS2_PLACEMENT_3D('',#12091,#8416,#8417);
#7743=AXIS2_PLACEMENT_3D('',#12092,#8418,#8419);
#7744=AXIS2_PLACEMENT_3D('',#12093,#8420,#8421);
#7745=AXIS2_PLACEMENT_3D('',#12626,#8450,#8451);
#7746=AXIS2_PLACEMENT_3D('',#12629,#8452,#8453);
#7747=AXIS2_PLACEMENT_3D('',#12633,#8455,#8456);
#7748=AXIS2_PLACEMENT_3D('',#13043,#8479,#8480);
#7749=AXIS2_PLACEMENT_3D('',#13045,#8481,#8482);
#7750=AXIS2_PLACEMENT_3D('',#13082,#8485,#8486);
#7751=AXIS2_PLACEMENT_3D('',#13083,#8487,#8488);
#7752=AXIS2_PLACEMENT_3D('',#13084,#8489,#8490);
#7753=AXIS2_PLACEMENT_3D('',#13183,#8497,#8498);
#7754=AXIS2_PLACEMENT_3D('',#13189,#8502,#8503);
#7755=AXIS2_PLACEMENT_3D('',#13211,#8507,#8508);
#7756=AXIS2_PLACEMENT_3D('',#13212,#8509,#8510);
#7757=AXIS2_PLACEMENT_3D('',#13213,#8511,#8512);
#7758=AXIS2_PLACEMENT_3D('',#13232,#8515,#8516);
#7759=AXIS2_PLACEMENT_3D('',#13254,#8520,#8521);
#7760=AXIS2_PLACEMENT_3D('',#13255,#8522,#8523);
#7761=AXIS2_PLACEMENT_3D('',#13256,#8524,#8525);
#7762=AXIS2_PLACEMENT_3D('',#13261,#8527,#8528);
#7763=AXIS2_PLACEMENT_3D('',#13264,#8530,#8531);
#7764=AXIS2_PLACEMENT_3D('',#13265,#8532,#8533);
#7765=AXIS2_PLACEMENT_3D('',#13280,#8536,#8537);
#7766=AXIS2_PLACEMENT_3D('',#13284,#8540,#8541);
#7767=AXIS2_PLACEMENT_3D('',#13297,#8543,#8544);
#7768=AXIS2_PLACEMENT_3D('',#13420,#8550,#8551);
#7769=AXIS2_PLACEMENT_3D('',#13425,#8553,#8554);
#7770=AXIS2_PLACEMENT_3D('',#13429,#8556,#8557);
#7771=AXIS2_PLACEMENT_3D('',#13433,#8559,#8560);
#7772=AXIS2_PLACEMENT_3D('',#13436,#8562,#8563);
#7773=AXIS2_PLACEMENT_3D('',#13441,#8565,#8566);
#7774=AXIS2_PLACEMENT_3D('',#13445,#8568,#8569);
#7775=AXIS2_PLACEMENT_3D('',#13449,#8571,#8572);
#7776=AXIS2_PLACEMENT_3D('',#13452,#8574,#8575);
#7777=AXIS2_PLACEMENT_3D('',#13457,#8577,#8578);
#7778=AXIS2_PLACEMENT_3D('',#13461,#8580,#8581);
#7779=AXIS2_PLACEMENT_3D('',#13465,#8583,#8584);
#7780=AXIS2_PLACEMENT_3D('',#13468,#8586,#8587);
#7781=AXIS2_PLACEMENT_3D('',#13473,#8589,#8590);
#7782=AXIS2_PLACEMENT_3D('',#13477,#8592,#8593);
#7783=AXIS2_PLACEMENT_3D('',#13481,#8595,#8596);
#7784=AXIS2_PLACEMENT_3D('',#13484,#8598,#8599);
#7785=AXIS2_PLACEMENT_3D('',#13489,#8601,#8602);
#7786=AXIS2_PLACEMENT_3D('',#13493,#8604,#8605);
#7787=AXIS2_PLACEMENT_3D('',#13497,#8607,#8608);
#7788=AXIS2_PLACEMENT_3D('',#13500,#8610,#8611);
#7789=AXIS2_PLACEMENT_3D('',#13505,#8613,#8614);
#7790=AXIS2_PLACEMENT_3D('',#13509,#8616,#8617);
#7791=AXIS2_PLACEMENT_3D('',#13513,#8619,#8620);
#7792=AXIS2_PLACEMENT_3D('',#13516,#8622,#8623);
#7793=AXIS2_PLACEMENT_3D('',#13521,#8625,#8626);
#7794=AXIS2_PLACEMENT_3D('',#13525,#8628,#8629);
#7795=AXIS2_PLACEMENT_3D('',#13529,#8631,#8632);
#7796=AXIS2_PLACEMENT_3D('',#13532,#8634,#8635);
#7797=AXIS2_PLACEMENT_3D('',#13537,#8637,#8638);
#7798=AXIS2_PLACEMENT_3D('',#13541,#8640,#8641);
#7799=AXIS2_PLACEMENT_3D('',#13545,#8643,#8644);
#7800=AXIS2_PLACEMENT_3D('',#13548,#8646,#8647);
#7801=AXIS2_PLACEMENT_3D('',#13553,#8649,#8650);
#7802=AXIS2_PLACEMENT_3D('',#13557,#8652,#8653);
#7803=AXIS2_PLACEMENT_3D('',#13561,#8655,#8656);
#7804=AXIS2_PLACEMENT_3D('',#13564,#8658,#8659);
#7805=AXIS2_PLACEMENT_3D('',#13574,#8664,#8665);
#7806=AXIS2_PLACEMENT_3D('',#13576,#8666,#8667);
#7807=AXIS2_PLACEMENT_3D('',#13578,#8668,#8669);
#7808=AXIS2_PLACEMENT_3D('',#13579,#8670,#8671);
#7809=AXIS2_PLACEMENT_3D('',#13630,#8673,#8674);
#7810=AXIS2_PLACEMENT_3D('',#13731,#8676,#8677);
#7811=AXIS2_PLACEMENT_3D('',#13733,#8678,#8679);
#7812=AXIS2_PLACEMENT_3D('',#13788,#8680,#8681);
#7813=AXIS2_PLACEMENT_3D('',#13790,#8682,#8683);
#7814=AXIS2_PLACEMENT_3D('',#13795,#8684,#8685);
#7815=AXIS2_PLACEMENT_3D('',#13896,#8687,#8688);
#7816=AXIS2_PLACEMENT_3D('',#13898,#8689,#8690);
#7817=AXIS2_PLACEMENT_3D('',#13903,#8691,#8692);
#7818=AXIS2_PLACEMENT_3D('',#13905,#8693,#8694);
#7819=AXIS2_PLACEMENT_3D('',#13907,#8695,#8696);
#7820=AXIS2_PLACEMENT_3D('',#13909,#8698,#8699);
#7821=AXIS2_PLACEMENT_3D('',#14074,#8700,#8701);
#7822=AXIS2_PLACEMENT_3D('',#14081,#8702,#8703);
#7823=AXIS2_PLACEMENT_3D('',#14083,#8704,#8705);
#7824=AXIS2_PLACEMENT_3D('',#14085,#8706,#8707);
#7825=AXIS2_PLACEMENT_3D('',#14088,#8709,#8710);
#7826=AXIS2_PLACEMENT_3D('',#14251,#8711,#8712);
#7827=AXIS2_PLACEMENT_3D('',#14295,#8713,#8714);
#7828=AXIS2_PLACEMENT_3D('',#14333,#8715,#8716);
#7829=AXIS2_PLACEMENT_3D('',#14335,#8717,#8718);
#7830=AXIS2_PLACEMENT_3D('',#14498,#8719,#8720);
#7831=AXIS2_PLACEMENT_3D('',#14536,#8721,#8722);
#7832=AXIS2_PLACEMENT_3D('',#14538,#8723,#8724);
#7833=AXIS2_PLACEMENT_3D('',#14581,#8725,#8726);
#7834=AXIS2_PLACEMENT_3D('',#14666,#8727,#8728);
#7835=AXIS2_PLACEMENT_3D('',#14668,#8729,#8730);
#7836=AXIS2_PLACEMENT_3D('',#14670,#8731,#8732);
#7837=AXIS2_PLACEMENT_3D('',#14671,#8733,#8734);
#7838=AXIS2_PLACEMENT_3D('',#14672,#8735,#8736);
#7839=AXIS2_PLACEMENT_3D('',#14673,#8737,#8738);
#7840=AXIS2_PLACEMENT_3D('',#14688,#8746,#8747);
#7841=AXIS2_PLACEMENT_3D('',#14692,#8749,#8750);
#7842=AXIS2_PLACEMENT_3D('',#14696,#8752,#8753);
#7843=AXIS2_PLACEMENT_3D('',#14699,#8755,#8756);
#7844=AXIS2_PLACEMENT_3D('',#14704,#8758,#8759);
#7845=AXIS2_PLACEMENT_3D('',#14708,#8761,#8762);
#7846=AXIS2_PLACEMENT_3D('',#14712,#8764,#8765);
#7847=AXIS2_PLACEMENT_3D('',#14715,#8767,#8768);
#7848=AXIS2_PLACEMENT_3D('',#14720,#8770,#8771);
#7849=AXIS2_PLACEMENT_3D('',#14724,#8773,#8774);
#7850=AXIS2_PLACEMENT_3D('',#14728,#8776,#8777);
#7851=AXIS2_PLACEMENT_3D('',#14731,#8779,#8780);
#7852=AXIS2_PLACEMENT_3D('',#14736,#8782,#8783);
#7853=AXIS2_PLACEMENT_3D('',#14740,#8785,#8786);
#7854=AXIS2_PLACEMENT_3D('',#14744,#8788,#8789);
#7855=AXIS2_PLACEMENT_3D('',#14747,#8791,#8792);
#7856=AXIS2_PLACEMENT_3D('',#14752,#8794,#8795);
#7857=AXIS2_PLACEMENT_3D('',#14756,#8797,#8798);
#7858=AXIS2_PLACEMENT_3D('',#14760,#8800,#8801);
#7859=AXIS2_PLACEMENT_3D('',#14763,#8803,#8804);
#7860=AXIS2_PLACEMENT_3D('',#14768,#8806,#8807);
#7861=AXIS2_PLACEMENT_3D('',#14772,#8809,#8810);
#7862=AXIS2_PLACEMENT_3D('',#14776,#8812,#8813);
#7863=AXIS2_PLACEMENT_3D('',#14779,#8815,#8816);
#7864=AXIS2_PLACEMENT_3D('',#14784,#8818,#8819);
#7865=AXIS2_PLACEMENT_3D('',#14788,#8821,#8822);
#7866=AXIS2_PLACEMENT_3D('',#14792,#8824,#8825);
#7867=AXIS2_PLACEMENT_3D('',#14795,#8827,#8828);
#7868=AXIS2_PLACEMENT_3D('',#14800,#8830,#8831);
#7869=AXIS2_PLACEMENT_3D('',#14804,#8833,#8834);
#7870=AXIS2_PLACEMENT_3D('',#14808,#8836,#8837);
#7871=AXIS2_PLACEMENT_3D('',#14811,#8839,#8840);
#7872=AXIS2_PLACEMENT_3D('',#14816,#8842,#8843);
#7873=AXIS2_PLACEMENT_3D('',#14820,#8845,#8846);
#7874=AXIS2_PLACEMENT_3D('',#14824,#8848,#8849);
#7875=AXIS2_PLACEMENT_3D('',#14827,#8851,#8852);
#7876=AXIS2_PLACEMENT_3D('',#14828,#8853,#8854);
#7877=AXIS2_PLACEMENT_3D('',#14830,#8856,#8857);
#7878=AXIS2_PLACEMENT_3D('',#14832,#8858,#8859);
#7879=AXIS2_PLACEMENT_3D('',#14835,#8861,#8862);
#7880=AXIS2_PLACEMENT_3D('',#14836,#8863,#8864);
#7881=AXIS2_PLACEMENT_3D('',#14840,#8866,#8867);
#7882=AXIS2_PLACEMENT_3D('',#14841,#8868,#8869);
#7883=AXIS2_PLACEMENT_3D('',#14842,#8870,#8871);
#7884=AXIS2_PLACEMENT_3D('',#14844,#8873,#8874);
#7885=AXIS2_PLACEMENT_3D('',#14846,#8876,#8877);
#7886=AXIS2_PLACEMENT_3D('',#14849,#8880,#8881);
#7887=AXIS2_PLACEMENT_3D('',#14851,#8883,#8884);
#7888=AXIS2_PLACEMENT_3D('',#14853,#8885,#8886);
#7889=AXIS2_PLACEMENT_3D('',#14856,#8888,#8889);
#7890=AXIS2_PLACEMENT_3D('',#14857,#8890,#8891);
#7891=AXIS2_PLACEMENT_3D('',#14859,#8892,#8893);
#7892=AXIS2_PLACEMENT_3D('',#14860,#8894,#8895);
#7893=AXIS2_PLACEMENT_3D('',#14861,#8896,#8897);
#7894=AXIS2_PLACEMENT_3D('',#14863,#8898,#8899);
#7895=AXIS2_PLACEMENT_3D('',#14865,#8901,#8902);
#7896=AXIS2_PLACEMENT_3D('',#14867,#8903,#8904);
#7897=AXIS2_PLACEMENT_3D('',#14868,#8905,#8906);
#7898=AXIS2_PLACEMENT_3D('',#14869,#8907,#8908);
#7899=AXIS2_PLACEMENT_3D('',#14871,#8909,#8910);
#7900=AXIS2_PLACEMENT_3D('',#14873,#8912,#8913);
#7901=AXIS2_PLACEMENT_3D('',#14875,#8914,#8915);
#7902=AXIS2_PLACEMENT_3D('',#14876,#8916,#8917);
#7903=AXIS2_PLACEMENT_3D('',#14877,#8918,#8919);
#7904=AXIS2_PLACEMENT_3D('',#14879,#8920,#8921);
#7905=AXIS2_PLACEMENT_3D('',#14881,#8923,#8924);
#7906=AXIS2_PLACEMENT_3D('',#14882,#8925,#8926);
#7907=AXIS2_PLACEMENT_3D('',#14883,#8927,#8928);
#7908=AXIS2_PLACEMENT_3D('',#14886,#8931,#8932);
#7909=AXIS2_PLACEMENT_3D('',#14888,#8934,#8935);
#7910=AXIS2_PLACEMENT_3D('',#14890,#8937,#8938);
#7911=AXIS2_PLACEMENT_3D('',#14892,#8940,#8941);
#7912=AXIS2_PLACEMENT_3D('',#14894,#8942,#8943);
#7913=AXIS2_PLACEMENT_3D('',#14897,#8945,#8946);
#7914=AXIS2_PLACEMENT_3D('',#14898,#8947,#8948);
#7915=AXIS2_PLACEMENT_3D('',#14900,#8949,#8950);
#7916=AXIS2_PLACEMENT_3D('',#14901,#8951,#8952);
#7917=AXIS2_PLACEMENT_3D('',#14902,#8953,#8954);
#7918=AXIS2_PLACEMENT_3D('',#14904,#8955,#8956);
#7919=AXIS2_PLACEMENT_3D('',#14906,#8958,#8959);
#7920=AXIS2_PLACEMENT_3D('',#14908,#8960,#8961);
#7921=AXIS2_PLACEMENT_3D('',#14909,#8962,#8963);
#7922=AXIS2_PLACEMENT_3D('',#14910,#8964,#8965);
#7923=AXIS2_PLACEMENT_3D('',#14912,#8966,#8967);
#7924=AXIS2_PLACEMENT_3D('',#14914,#8969,#8970);
#7925=AXIS2_PLACEMENT_3D('',#14916,#8971,#8972);
#7926=AXIS2_PLACEMENT_3D('',#14917,#8973,#8974);
#7927=AXIS2_PLACEMENT_3D('',#14918,#8975,#8976);
#7928=AXIS2_PLACEMENT_3D('',#14920,#8977,#8978);
#7929=AXIS2_PLACEMENT_3D('',#14922,#8980,#8981);
#7930=AXIS2_PLACEMENT_3D('',#14923,#8982,#8983);
#7931=AXIS2_PLACEMENT_3D('',#14924,#8984,#8985);
#7932=AXIS2_PLACEMENT_3D('',#14927,#8988,#8989);
#7933=AXIS2_PLACEMENT_3D('',#14929,#8991,#8992);
#7934=AXIS2_PLACEMENT_3D('',#14931,#8994,#8995);
#7935=AXIS2_PLACEMENT_3D('',#14933,#8997,#8998);
#7936=AXIS2_PLACEMENT_3D('',#14935,#8999,#9000);
#7937=AXIS2_PLACEMENT_3D('',#14938,#9002,#9003);
#7938=AXIS2_PLACEMENT_3D('',#14939,#9004,#9005);
#7939=AXIS2_PLACEMENT_3D('',#14941,#9006,#9007);
#7940=AXIS2_PLACEMENT_3D('',#14942,#9008,#9009);
#7941=AXIS2_PLACEMENT_3D('',#14943,#9010,#9011);
#7942=AXIS2_PLACEMENT_3D('',#14945,#9012,#9013);
#7943=AXIS2_PLACEMENT_3D('',#14947,#9015,#9016);
#7944=AXIS2_PLACEMENT_3D('',#14949,#9017,#9018);
#7945=AXIS2_PLACEMENT_3D('',#14950,#9019,#9020);
#7946=AXIS2_PLACEMENT_3D('',#14951,#9021,#9022);
#7947=AXIS2_PLACEMENT_3D('',#14953,#9023,#9024);
#7948=AXIS2_PLACEMENT_3D('',#14955,#9026,#9027);
#7949=AXIS2_PLACEMENT_3D('',#14957,#9028,#9029);
#7950=AXIS2_PLACEMENT_3D('',#14958,#9030,#9031);
#7951=AXIS2_PLACEMENT_3D('',#14959,#9032,#9033);
#7952=AXIS2_PLACEMENT_3D('',#14961,#9034,#9035);
#7953=AXIS2_PLACEMENT_3D('',#14963,#9037,#9038);
#7954=AXIS2_PLACEMENT_3D('',#14964,#9039,#9040);
#7955=AXIS2_PLACEMENT_3D('',#14965,#9041,#9042);
#7956=AXIS2_PLACEMENT_3D('',#14968,#9045,#9046);
#7957=AXIS2_PLACEMENT_3D('',#14970,#9048,#9049);
#7958=AXIS2_PLACEMENT_3D('',#14972,#9051,#9052);
#7959=AXIS2_PLACEMENT_3D('',#14974,#9054,#9055);
#7960=AXIS2_PLACEMENT_3D('',#14976,#9056,#9057);
#7961=AXIS2_PLACEMENT_3D('',#14979,#9059,#9060);
#7962=AXIS2_PLACEMENT_3D('',#14980,#9061,#9062);
#7963=AXIS2_PLACEMENT_3D('',#14982,#9063,#9064);
#7964=AXIS2_PLACEMENT_3D('',#14983,#9065,#9066);
#7965=AXIS2_PLACEMENT_3D('',#14984,#9067,#9068);
#7966=AXIS2_PLACEMENT_3D('',#14986,#9069,#9070);
#7967=AXIS2_PLACEMENT_3D('',#14988,#9072,#9073);
#7968=AXIS2_PLACEMENT_3D('',#14990,#9074,#9075);
#7969=AXIS2_PLACEMENT_3D('',#14991,#9076,#9077);
#7970=AXIS2_PLACEMENT_3D('',#14992,#9078,#9079);
#7971=AXIS2_PLACEMENT_3D('',#14994,#9080,#9081);
#7972=AXIS2_PLACEMENT_3D('',#14996,#9083,#9084);
#7973=AXIS2_PLACEMENT_3D('',#14998,#9085,#9086);
#7974=AXIS2_PLACEMENT_3D('',#14999,#9087,#9088);
#7975=AXIS2_PLACEMENT_3D('',#15000,#9089,#9090);
#7976=AXIS2_PLACEMENT_3D('',#15002,#9091,#9092);
#7977=AXIS2_PLACEMENT_3D('',#15004,#9094,#9095);
#7978=AXIS2_PLACEMENT_3D('',#15005,#9096,#9097);
#7979=AXIS2_PLACEMENT_3D('',#15006,#9098,#9099);
#7980=AXIS2_PLACEMENT_3D('',#15009,#9102,#9103);
#7981=AXIS2_PLACEMENT_3D('',#15011,#9105,#9106);
#7982=AXIS2_PLACEMENT_3D('',#15013,#9108,#9109);
#7983=AXIS2_PLACEMENT_3D('',#15015,#9111,#9112);
#7984=AXIS2_PLACEMENT_3D('',#15017,#9113,#9114);
#7985=AXIS2_PLACEMENT_3D('',#15020,#9116,#9117);
#7986=AXIS2_PLACEMENT_3D('',#15021,#9118,#9119);
#7987=AXIS2_PLACEMENT_3D('',#15023,#9120,#9121);
#7988=AXIS2_PLACEMENT_3D('',#15024,#9122,#9123);
#7989=AXIS2_PLACEMENT_3D('',#15025,#9124,#9125);
#7990=AXIS2_PLACEMENT_3D('',#15027,#9126,#9127);
#7991=AXIS2_PLACEMENT_3D('',#15029,#9129,#9130);
#7992=AXIS2_PLACEMENT_3D('',#15031,#9131,#9132);
#7993=AXIS2_PLACEMENT_3D('',#15032,#9133,#9134);
#7994=AXIS2_PLACEMENT_3D('',#15033,#9135,#9136);
#7995=AXIS2_PLACEMENT_3D('',#15035,#9137,#9138);
#7996=AXIS2_PLACEMENT_3D('',#15037,#9140,#9141);
#7997=AXIS2_PLACEMENT_3D('',#15039,#9142,#9143);
#7998=AXIS2_PLACEMENT_3D('',#15040,#9144,#9145);
#7999=AXIS2_PLACEMENT_3D('',#15041,#9146,#9147);
#8000=AXIS2_PLACEMENT_3D('',#15043,#9148,#9149);
#8001=AXIS2_PLACEMENT_3D('',#15045,#9151,#9152);
#8002=AXIS2_PLACEMENT_3D('',#15046,#9153,#9154);
#8003=AXIS2_PLACEMENT_3D('',#15047,#9155,#9156);
#8004=AXIS2_PLACEMENT_3D('',#15050,#9159,#9160);
#8005=AXIS2_PLACEMENT_3D('',#15052,#9162,#9163);
#8006=AXIS2_PLACEMENT_3D('',#15054,#9165,#9166);
#8007=AXIS2_PLACEMENT_3D('',#15056,#9168,#9169);
#8008=AXIS2_PLACEMENT_3D('',#15058,#9170,#9171);
#8009=AXIS2_PLACEMENT_3D('',#15061,#9173,#9174);
#8010=AXIS2_PLACEMENT_3D('',#15062,#9175,#9176);
#8011=AXIS2_PLACEMENT_3D('',#15064,#9177,#9178);
#8012=AXIS2_PLACEMENT_3D('',#15065,#9179,#9180);
#8013=AXIS2_PLACEMENT_3D('',#15066,#9181,#9182);
#8014=AXIS2_PLACEMENT_3D('',#15068,#9183,#9184);
#8015=AXIS2_PLACEMENT_3D('',#15070,#9186,#9187);
#8016=AXIS2_PLACEMENT_3D('',#15072,#9188,#9189);
#8017=AXIS2_PLACEMENT_3D('',#15073,#9190,#9191);
#8018=AXIS2_PLACEMENT_3D('',#15074,#9192,#9193);
#8019=AXIS2_PLACEMENT_3D('',#15076,#9194,#9195);
#8020=AXIS2_PLACEMENT_3D('',#15078,#9197,#9198);
#8021=AXIS2_PLACEMENT_3D('',#15080,#9199,#9200);
#8022=AXIS2_PLACEMENT_3D('',#15081,#9201,#9202);
#8023=AXIS2_PLACEMENT_3D('',#15082,#9203,#9204);
#8024=AXIS2_PLACEMENT_3D('',#15084,#9205,#9206);
#8025=AXIS2_PLACEMENT_3D('',#15086,#9208,#9209);
#8026=AXIS2_PLACEMENT_3D('',#15087,#9210,#9211);
#8027=AXIS2_PLACEMENT_3D('',#15088,#9212,#9213);
#8028=AXIS2_PLACEMENT_3D('',#15091,#9216,#9217);
#8029=AXIS2_PLACEMENT_3D('',#15093,#9219,#9220);
#8030=AXIS2_PLACEMENT_3D('',#15095,#9222,#9223);
#8031=AXIS2_PLACEMENT_3D('',#15097,#9225,#9226);
#8032=AXIS2_PLACEMENT_3D('',#15099,#9227,#9228);
#8033=AXIS2_PLACEMENT_3D('',#15102,#9230,#9231);
#8034=AXIS2_PLACEMENT_3D('',#15103,#9232,#9233);
#8035=AXIS2_PLACEMENT_3D('',#15105,#9234,#9235);
#8036=AXIS2_PLACEMENT_3D('',#15106,#9236,#9237);
#8037=AXIS2_PLACEMENT_3D('',#15107,#9238,#9239);
#8038=AXIS2_PLACEMENT_3D('',#15109,#9240,#9241);
#8039=AXIS2_PLACEMENT_3D('',#15111,#9243,#9244);
#8040=AXIS2_PLACEMENT_3D('',#15113,#9245,#9246);
#8041=AXIS2_PLACEMENT_3D('',#15114,#9247,#9248);
#8042=AXIS2_PLACEMENT_3D('',#15115,#9249,#9250);
#8043=AXIS2_PLACEMENT_3D('',#15117,#9251,#9252);
#8044=AXIS2_PLACEMENT_3D('',#15119,#9254,#9255);
#8045=AXIS2_PLACEMENT_3D('',#15121,#9256,#9257);
#8046=AXIS2_PLACEMENT_3D('',#15122,#9258,#9259);
#8047=AXIS2_PLACEMENT_3D('',#15123,#9260,#9261);
#8048=AXIS2_PLACEMENT_3D('',#15125,#9262,#9263);
#8049=AXIS2_PLACEMENT_3D('',#15127,#9265,#9266);
#8050=AXIS2_PLACEMENT_3D('',#15128,#9267,#9268);
#8051=AXIS2_PLACEMENT_3D('',#15129,#9269,#9270);
#8052=AXIS2_PLACEMENT_3D('',#15132,#9273,#9274);
#8053=AXIS2_PLACEMENT_3D('',#15134,#9276,#9277);
#8054=AXIS2_PLACEMENT_3D('',#15136,#9279,#9280);
#8055=AXIS2_PLACEMENT_3D('',#15138,#9282,#9283);
#8056=AXIS2_PLACEMENT_3D('',#15140,#9284,#9285);
#8057=AXIS2_PLACEMENT_3D('',#15143,#9287,#9288);
#8058=AXIS2_PLACEMENT_3D('',#15144,#9289,#9290);
#8059=AXIS2_PLACEMENT_3D('',#15146,#9291,#9292);
#8060=AXIS2_PLACEMENT_3D('',#15147,#9293,#9294);
#8061=AXIS2_PLACEMENT_3D('',#15148,#9295,#9296);
#8062=AXIS2_PLACEMENT_3D('',#15150,#9297,#9298);
#8063=AXIS2_PLACEMENT_3D('',#15152,#9300,#9301);
#8064=AXIS2_PLACEMENT_3D('',#15154,#9302,#9303);
#8065=AXIS2_PLACEMENT_3D('',#15155,#9304,#9305);
#8066=AXIS2_PLACEMENT_3D('',#15156,#9306,#9307);
#8067=AXIS2_PLACEMENT_3D('',#15158,#9308,#9309);
#8068=AXIS2_PLACEMENT_3D('',#15160,#9311,#9312);
#8069=AXIS2_PLACEMENT_3D('',#15162,#9313,#9314);
#8070=AXIS2_PLACEMENT_3D('',#15163,#9315,#9316);
#8071=AXIS2_PLACEMENT_3D('',#15164,#9317,#9318);
#8072=AXIS2_PLACEMENT_3D('',#15166,#9319,#9320);
#8073=AXIS2_PLACEMENT_3D('',#15168,#9322,#9323);
#8074=AXIS2_PLACEMENT_3D('',#15169,#9324,#9325);
#8075=AXIS2_PLACEMENT_3D('',#15170,#9326,#9327);
#8076=AXIS2_PLACEMENT_3D('',#15173,#9330,#9331);
#8077=AXIS2_PLACEMENT_3D('',#15175,#9333,#9334);
#8078=AXIS2_PLACEMENT_3D('',#15177,#9336,#9337);
#8079=AXIS2_PLACEMENT_3D('',#15179,#9339,#9340);
#8080=AXIS2_PLACEMENT_3D('',#15181,#9341,#9342);
#8081=AXIS2_PLACEMENT_3D('',#15184,#9344,#9345);
#8082=AXIS2_PLACEMENT_3D('',#15185,#9346,#9347);
#8083=AXIS2_PLACEMENT_3D('',#15187,#9348,#9349);
#8084=AXIS2_PLACEMENT_3D('',#15188,#9350,#9351);
#8085=AXIS2_PLACEMENT_3D('',#15189,#9352,#9353);
#8086=AXIS2_PLACEMENT_3D('',#15191,#9354,#9355);
#8087=AXIS2_PLACEMENT_3D('',#15193,#9357,#9358);
#8088=AXIS2_PLACEMENT_3D('',#15195,#9359,#9360);
#8089=AXIS2_PLACEMENT_3D('',#15196,#9361,#9362);
#8090=AXIS2_PLACEMENT_3D('',#15197,#9363,#9364);
#8091=AXIS2_PLACEMENT_3D('',#15199,#9365,#9366);
#8092=AXIS2_PLACEMENT_3D('',#15201,#9368,#9369);
#8093=AXIS2_PLACEMENT_3D('',#15203,#9370,#9371);
#8094=AXIS2_PLACEMENT_3D('',#15204,#9372,#9373);
#8095=AXIS2_PLACEMENT_3D('',#15205,#9374,#9375);
#8096=AXIS2_PLACEMENT_3D('',#15207,#9376,#9377);
#8097=AXIS2_PLACEMENT_3D('',#15209,#9379,#9380);
#8098=AXIS2_PLACEMENT_3D('',#15210,#9381,#9382);
#8099=AXIS2_PLACEMENT_3D('',#15211,#9383,#9384);
#8100=AXIS2_PLACEMENT_3D('',#15214,#9387,#9388);
#8101=AXIS2_PLACEMENT_3D('',#15216,#9390,#9391);
#8102=AXIS2_PLACEMENT_3D('',#15218,#9393,#9394);
#8103=AXIS2_PLACEMENT_3D('',#15256,#9396,#9397);
#8104=AXIS2_PLACEMENT_3D('',#15257,#9398,#9399);
#8105=AXIS2_PLACEMENT_3D('',#15294,#9400,#9401);
#8106=AXIS2_PLACEMENT_3D('',#15331,#9402,#9403);
#8107=AXIS2_PLACEMENT_3D('',#15332,#9404,#9405);
#8108=AXIS2_PLACEMENT_3D('',#15334,#9407,#9408);
#8109=AXIS2_PLACEMENT_3D('',#15336,#9410,#9411);
#8110=AXIS2_PLACEMENT_3D('',#15338,#9413,#9414);
#8111=AXIS2_PLACEMENT_3D('',#15339,#9415,#9416);
#8112=AXIS2_PLACEMENT_3D('',#15341,#9418,#9419);
#8113=AXIS2_PLACEMENT_3D('',#15343,#9421,#9422);
#8114=AXIS2_PLACEMENT_3D('',#15345,#9424,#9425);
#8115=AXIS2_PLACEMENT_3D('',#15346,#9426,#9427);
#8116=AXIS2_PLACEMENT_3D('',#15348,#9429,#9430);
#8117=AXIS2_PLACEMENT_3D('',#15350,#9432,#9433);
#8118=AXIS2_PLACEMENT_3D('',#15352,#9435,#9436);
#8119=AXIS2_PLACEMENT_3D('',#15353,#9437,#9438);
#8120=AXIS2_PLACEMENT_3D('',#15355,#9440,#9441);
#8121=AXIS2_PLACEMENT_3D('',#15357,#9443,#9444);
#8122=AXIS2_PLACEMENT_3D('',#15359,#9446,#9447);
#8123=AXIS2_PLACEMENT_3D('',#15360,#9448,#9449);
#8124=AXIS2_PLACEMENT_3D('',#15362,#9451,#9452);
#8125=AXIS2_PLACEMENT_3D('',#15364,#9454,#9455);
#8126=AXIS2_PLACEMENT_3D('',#15366,#9457,#9458);
#8127=AXIS2_PLACEMENT_3D('',#15367,#9459,#9460);
#8128=AXIS2_PLACEMENT_3D('',#15369,#9462,#9463);
#8129=AXIS2_PLACEMENT_3D('',#15371,#9465,#9466);
#8130=AXIS2_PLACEMENT_3D('',#15373,#9468,#9469);
#8131=AXIS2_PLACEMENT_3D('',#15374,#9470,#9471);
#8132=AXIS2_PLACEMENT_3D('',#15376,#9473,#9474);
#8133=AXIS2_PLACEMENT_3D('',#15378,#9476,#9477);
#8134=AXIS2_PLACEMENT_3D('',#15380,#9479,#9480);
#8135=AXIS2_PLACEMENT_3D('',#15381,#9481,#9482);
#8136=AXIS2_PLACEMENT_3D('',#15383,#9484,#9485);
#8137=AXIS2_PLACEMENT_3D('',#15385,#9487,#9488);
#8138=AXIS2_PLACEMENT_3D('',#15387,#9490,#9491);
#8139=AXIS2_PLACEMENT_3D('',#15388,#9492,#9493);
#8140=AXIS2_PLACEMENT_3D('',#15390,#9495,#9496);
#8141=AXIS2_PLACEMENT_3D('',#15392,#9498,#9499);
#8142=AXIS2_PLACEMENT_3D('',#15394,#9501,#9502);
#8143=AXIS2_PLACEMENT_3D('',#15395,#9503,#9504);
#8144=AXIS2_PLACEMENT_3D('',#15397,#9506,#9507);
#8145=AXIS2_PLACEMENT_3D('',#15398,#9508,#9509);
#8146=AXIS2_PLACEMENT_3D('',#15399,#9510,#9511);
#8147=AXIS2_PLACEMENT_3D('',#15400,#9512,#9513);
#8148=AXIS2_PLACEMENT_3D('',#15401,#9514,#9515);
#8149=AXIS2_PLACEMENT_3D('',#15402,#9516,#9517);
#8150=AXIS2_PLACEMENT_3D('',#15403,#9518,#9519);
#8151=AXIS2_PLACEMENT_3D('',#15404,#9520,#9521);
#8152=AXIS2_PLACEMENT_3D('',#15405,#9522,#9523);
#8153=DIRECTION('axis',(0.,0.,1.));
#8154=DIRECTION('refdir',(1.,0.,0.));
#8155=DIRECTION('axis',(0.,0.,1.));
#8156=DIRECTION('refdir',(1.,0.,0.));
#8157=DIRECTION('',(0.,0.,1.));
#8158=DIRECTION('',(0.,0.,1.));
#8159=DIRECTION('center_axis',(0.416654710493193,0.909064822894294,0.));
#8160=DIRECTION('ref_axis',(-0.909064822894294,0.416654710493193,5.80327200921054E-16));
#8161=DIRECTION('',(0.909064822894294,-0.416654710493193,-5.80327200921054E-16));
#8162=DIRECTION('',(-0.909064822894294,0.416654710493193,5.80327200921054E-16));
#8163=DIRECTION('',(0.,0.,1.));
#8164=DIRECTION('center_axis',(0.999978641378056,-0.00653580811358074,0.));
#8165=DIRECTION('ref_axis',(0.00653580811358074,0.999978641378056,6.63942725679111E-16));
#8166=DIRECTION('',(-0.00653580811358074,-0.999978641378056,-6.63942725679111E-16));
#8167=DIRECTION('',(0.00653580811358074,0.999978641378056,6.63942725679111E-16));
#8168=DIRECTION('',(0.,0.,1.));
#8169=DIRECTION('',(0.,0.,1.));
#8170=DIRECTION('center_axis',(0.804176141466335,0.594391061083792,0.));
#8171=DIRECTION('ref_axis',(-0.594391061083792,0.804176141466335,7.33660913360067E-16));
#8172=DIRECTION('',(0.594391061083792,-0.804176141466335,-7.33660913360067E-16));
#8173=DIRECTION('',(-0.594391061083792,0.804176141466335,7.33660913360067E-16));
#8174=DIRECTION('',(0.,0.,1.));
#8175=DIRECTION('center_axis',(-0.0170188113964459,0.999855169541395,0.));
#8176=DIRECTION('ref_axis',(-0.999855169541395,-0.0170188113964459,3.21681863396152E-16));
#8177=DIRECTION('',(0.999855169541395,0.0170188113964459,-3.21681863396152E-16));
#8178=DIRECTION('',(-0.999855169541395,-0.0170188113964459,3.21681863396152E-16));
#8179=DIRECTION('',(0.,0.,1.));
#8180=DIRECTION('center_axis',(-0.0212717814905752,0.999773730057065,0.));
#8181=DIRECTION('ref_axis',(-0.999773730057065,-0.0212717814905752,3.1882169140604E-16));
#8182=DIRECTION('',(0.999773730057065,0.0212717814905752,-3.1882169140604E-16));
#8183=DIRECTION('',(-0.999773730057065,-0.0212717814905752,3.1882169140604E-16));
#8184=DIRECTION('',(0.,0.,1.));
#8185=DIRECTION('center_axis',(1.,-2.2186712959341E-31,0.));
#8186=DIRECTION('ref_axis',(2.2186712959341E-31,1.,6.66133814775094E-16));
#8187=DIRECTION('',(-2.2186712959341E-31,-1.,-6.66133814775094E-16));
#8188=DIRECTION('',(2.2186712959341E-31,1.,6.66133814775094E-16));
#8189=DIRECTION('',(0.,0.,1.));
#8190=DIRECTION('',(0.,0.,1.));
#8191=DIRECTION('',(0.,0.,1.));
#8192=DIRECTION('',(0.,0.,1.));
#8193=DIRECTION('',(0.,0.,1.));
#8194=DIRECTION('',(0.,0.,1.));
#8195=DIRECTION('',(0.,0.,1.));
#8196=DIRECTION('',(0.,0.,1.));
#8197=DIRECTION('',(0.,0.,1.));
#8198=DIRECTION('',(0.,0.,1.));
#8199=DIRECTION('',(0.,0.,1.));
#8200=DIRECTION('',(0.,0.,1.));
#8201=DIRECTION('',(0.,0.,1.));
#8202=DIRECTION('',(0.,0.,1.));
#8203=DIRECTION('',(0.,0.,1.));
#8204=DIRECTION('center_axis',(3.33066907387547E-16,-6.66133814775094E-16,
1.));
#8205=DIRECTION('ref_axis',(-1.,-2.18952885050753E-47,3.33066907387547E-16));
#8206=DIRECTION('center_axis',(3.33066907387547E-16,-6.66133814775094E-16,
1.));
#8207=DIRECTION('ref_axis',(-1.,-2.18952885050753E-47,3.33066907387547E-16));
#8208=DIRECTION('axis',(0.,0.,1.));
#8209=DIRECTION('refdir',(1.,0.,0.));
#8210=DIRECTION('',(0.,0.,1.));
#8211=DIRECTION('',(0.,0.,1.));
#8212=DIRECTION('',(0.,0.,1.));
#8213=DIRECTION('',(0.,0.,1.));
#8214=DIRECTION('',(0.,0.,1.));
#8215=DIRECTION('',(0.,0.,1.));
#8216=DIRECTION('',(0.,0.,1.));
#8217=DIRECTION('',(0.,0.,1.));
#8218=DIRECTION('',(0.,0.,1.));
#8219=DIRECTION('center_axis',(0.999954651610978,-0.00952337763439659,0.));
#8220=DIRECTION('ref_axis',(0.00952337763439659,0.999954651610978,6.62931684743148E-16));
#8221=DIRECTION('',(-0.00952337763439659,-0.999954651610978,-6.62931684743148E-16));
#8222=DIRECTION('',(0.00952337763439659,0.999954651610978,6.62931684743148E-16));
#8223=DIRECTION('',(0.,0.,1.));
#8224=DIRECTION('center_axis',(-0.0148498475485324,-0.9998897349347,0.));
#8225=DIRECTION('ref_axis',(0.9998897349347,-0.0148498475485324,-3.42922167339587E-16));
#8226=DIRECTION('',(-0.9998897349347,0.0148498475485324,3.42922167339587E-16));
#8227=DIRECTION('',(0.9998897349347,-0.0148498475485324,-3.42922167339587E-16));
#8228=DIRECTION('',(0.,0.,1.));
#8229=DIRECTION('',(0.,0.,1.));
#8230=DIRECTION('',(0.,0.,1.));
#8231=DIRECTION('',(0.,0.,1.));
#8232=DIRECTION('',(0.,0.,1.));
#8233=DIRECTION('',(0.,0.,1.));
#8234=DIRECTION('',(0.,0.,1.));
#8235=DIRECTION('',(0.,0.,1.));
#8236=DIRECTION('center_axis',(3.33066907387547E-16,-6.66133814775094E-16,
1.));
#8237=DIRECTION('ref_axis',(-1.,-2.18952885050753E-47,3.33066907387547E-16));
#8238=DIRECTION('center_axis',(3.33066907387547E-16,-6.66133814775094E-16,
1.));
#8239=DIRECTION('ref_axis',(-1.,-2.18952885050753E-47,3.33066907387547E-16));
#8240=DIRECTION('axis',(0.,0.,1.));
#8241=DIRECTION('refdir',(1.,0.,0.));
#8242=DIRECTION('',(0.,0.,1.));
#8243=DIRECTION('',(0.,0.,1.));
#8244=DIRECTION('',(0.,0.,1.));
#8245=DIRECTION('',(0.,0.,1.));
#8246=DIRECTION('',(0.,0.,1.));
#8247=DIRECTION('',(0.,0.,1.));
#8248=DIRECTION('',(0.,0.,1.));
#8249=DIRECTION('',(0.,0.,1.));
#8250=DIRECTION('center_axis',(0.110972723586675,0.993823452439997,0.));
#8251=DIRECTION('ref_axis',(-0.993823452439997,0.110972723586675,4.04932387492178E-16));
#8252=DIRECTION('',(-0.993823452439997,0.110972723586675,4.04932387492178E-16));
#8253=DIRECTION('',(0.,0.,1.));
#8254=DIRECTION('',(-0.993823452439997,0.110972723586675,4.04932387492178E-16));
#8255=DIRECTION('',(0.,0.,1.));
#8256=DIRECTION('',(0.,0.,1.));
#8257=DIRECTION('',(0.,0.,1.));
#8258=DIRECTION('',(0.,0.,1.));
#8259=DIRECTION('',(0.,0.,1.));
#8260=DIRECTION('',(0.,0.,1.));
#8261=DIRECTION('',(0.,0.,1.));
#8262=DIRECTION('',(0.,0.,1.));
#8263=DIRECTION('',(0.,0.,1.));
#8264=DIRECTION('',(0.,0.,1.));
#8265=DIRECTION('',(0.,0.,1.));
#8266=DIRECTION('',(0.,0.,1.));
#8267=DIRECTION('',(0.,0.,1.));
#8268=DIRECTION('',(0.,0.,1.));
#8269=DIRECTION('',(0.,0.,1.));
#8270=DIRECTION('',(0.,0.,1.));
#8271=DIRECTION('',(0.,0.,1.));
#8272=DIRECTION('',(0.,0.,1.));
#8273=DIRECTION('',(0.,0.,1.));
#8274=DIRECTION('',(0.,0.,1.));
#8275=DIRECTION('',(0.,0.,1.));
#8276=DIRECTION('',(0.,0.,1.));
#8277=DIRECTION('',(0.,0.,1.));
#8278=DIRECTION('',(0.,0.,1.));
#8279=DIRECTION('',(0.,0.,1.));
#8280=DIRECTION('',(0.,0.,1.));
#8281=DIRECTION('',(0.,0.,1.));
#8282=DIRECTION('',(0.,0.,1.));
#8283=DIRECTION('',(0.,0.,1.));
#8284=DIRECTION('',(0.,0.,1.));
#8285=DIRECTION('center_axis',(0.357976326249596,0.933730662367282,0.));
#8286=DIRECTION('ref_axis',(-0.933730662367282,0.357976326249596,5.49454919851413E-16));
#8287=DIRECTION('',(-0.933730662367282,0.357976326249596,5.49454919851413E-16));
#8288=DIRECTION('',(-0.933730662367282,0.357976326249596,5.49454919851413E-16));
#8289=DIRECTION('',(0.,0.,1.));
#8290=DIRECTION('',(0.,0.,1.));
#8291=DIRECTION('',(0.,0.,1.));
#8292=DIRECTION('',(0.,0.,1.));
#8293=DIRECTION('',(0.,0.,1.));
#8294=DIRECTION('',(0.,0.,1.));
#8295=DIRECTION('',(0.,0.,1.));
#8296=DIRECTION('',(0.,0.,1.));
#8297=DIRECTION('',(0.,0.,1.));
#8298=DIRECTION('',(0.,0.,1.));
#8299=DIRECTION('',(0.,0.,1.));
#8300=DIRECTION('',(0.,0.,1.));
#8301=DIRECTION('',(0.,0.,1.));
#8302=DIRECTION('center_axis',(-0.111573067741251,0.993756232964003,0.));
#8303=DIRECTION('ref_axis',(-0.993756232964003,-0.111573067741251,2.5666472196978E-16));
#8304=DIRECTION('',(-0.993756232964003,-0.111573067741251,2.5666472196978E-16));
#8305=DIRECTION('',(-0.993756232964003,-0.111573067741251,2.5666472196978E-16));
#8306=DIRECTION('',(0.,0.,1.));
#8307=DIRECTION('',(0.,0.,1.));
#8308=DIRECTION('',(0.,0.,1.));
#8309=DIRECTION('',(0.,0.,1.));
#8310=DIRECTION('',(0.,0.,1.));
#8311=DIRECTION('',(0.,0.,1.));
#8312=DIRECTION('',(0.,0.,1.));
#8313=DIRECTION('',(0.,0.,1.));
#8314=DIRECTION('',(0.,0.,1.));
#8315=DIRECTION('',(0.,0.,1.));
#8316=DIRECTION('',(0.,0.,1.));
#8317=DIRECTION('',(0.,0.,1.));
#8318=DIRECTION('',(0.,0.,1.));
#8319=DIRECTION('',(0.,0.,1.));
#8320=DIRECTION('',(0.,0.,1.));
#8321=DIRECTION('',(0.,0.,1.));
#8322=DIRECTION('',(0.,0.,1.));
#8323=DIRECTION('',(0.,0.,1.));
#8324=DIRECTION('',(0.,0.,1.));
#8325=DIRECTION('',(0.,0.,1.));
#8326=DIRECTION('',(0.,0.,1.));
#8327=DIRECTION('',(0.,0.,1.));
#8328=DIRECTION('',(0.,0.,1.));
#8329=DIRECTION('',(0.,0.,1.));
#8330=DIRECTION('',(0.,0.,1.));
#8331=DIRECTION('',(0.,0.,1.));
#8332=DIRECTION('',(0.,0.,1.));
#8333=DIRECTION('',(0.,0.,1.));
#8334=DIRECTION('',(0.,0.,1.));
#8335=DIRECTION('',(0.,0.,1.));
#8336=DIRECTION('',(0.,0.,1.));
#8337=DIRECTION('center_axis',(0.889489974895866,-0.456954685455519,0.));
#8338=DIRECTION('ref_axis',(0.456954685455519,0.889489974895866,4.40322866280666E-16));
#8339=DIRECTION('',(-0.456954685455519,-0.889489974895866,-4.40322866280666E-16));
#8340=DIRECTION('',(0.456954685455519,0.889489974895866,4.40322866280666E-16));
#8341=DIRECTION('',(0.,0.,1.));
#8342=DIRECTION('',(0.,0.,1.));
#8343=DIRECTION('',(0.,0.,1.));
#8344=DIRECTION('',(0.,0.,1.));
#8345=DIRECTION('',(0.,0.,1.));
#8346=DIRECTION('',(0.,0.,1.));
#8347=DIRECTION('',(0.,0.,1.));
#8348=DIRECTION('center_axis',(0.,0.,1.));
#8349=DIRECTION('ref_axis',(0.200861052473164,-0.979619741327916,0.));
#8350=DIRECTION('center_axis',(0.,0.,1.));
#8351=DIRECTION('ref_axis',(0.200861052473164,-0.979619741327916,0.));
#8352=DIRECTION('',(0.,0.,1.));
#8353=DIRECTION('',(0.,0.,1.));
#8354=DIRECTION('center_axis',(0.,0.,-1.));
#8355=DIRECTION('ref_axis',(0.408976513865274,0.912544909090291,0.));
#8356=DIRECTION('center_axis',(0.,0.,-1.));
#8357=DIRECTION('ref_axis',(0.408976513865274,0.912544909090291,0.));
#8358=DIRECTION('center_axis',(3.33066907387547E-16,-6.66133814775094E-16,
1.));
#8359=DIRECTION('ref_axis',(-1.,-2.18952885050753E-47,3.33066907387547E-16));
#8360=DIRECTION('center_axis',(3.33066907387547E-16,-6.66133814775094E-16,
1.));
#8361=DIRECTION('ref_axis',(-1.,-2.18952885050753E-47,3.33066907387547E-16));
#8362=DIRECTION('center_axis',(3.33066907387547E-16,-6.66133814775094E-16,
1.));
#8363=DIRECTION('ref_axis',(-1.,-2.18952885050753E-47,3.33066907387547E-16));
#8364=DIRECTION('',(-1.,-4.37905770101505E-47,3.33066907387547E-16));
#8365=DIRECTION('',(0.40026321029937,0.916400219598862,4.77130744546701E-16));
#8366=DIRECTION('',(0.273892743277608,0.961760243085493,5.49436410666196E-16));
#8367=DIRECTION('center_axis',(3.33066907387547E-16,-6.66133814775094E-16,
1.));
#8368=DIRECTION('ref_axis',(-1.,-2.18952885050753E-47,3.33066907387547E-16));
#8369=DIRECTION('',(0.273892743277608,0.961760243085493,5.49436410666196E-16));
#8370=DIRECTION('',(0.40026321029937,0.916400219598862,4.77130744546701E-16));
#8371=DIRECTION('',(1.,4.37905770101505E-47,-3.33066907387547E-16));
#8372=DIRECTION('',(0.,0.,1.));
#8373=DIRECTION('',(0.,0.,1.));
#8374=DIRECTION('',(0.,0.,1.));
#8375=DIRECTION('center_axis',(0.961760243085493,-0.273892743277608,0.));
#8376=DIRECTION('ref_axis',(0.273892743277608,0.961760243085493,5.49436410666196E-16));
#8377=DIRECTION('',(0.,0.,1.));
#8378=DIRECTION('center_axis',(0.916400219598862,-0.40026321029937,0.));
#8379=DIRECTION('ref_axis',(0.40026321029937,0.916400219598862,4.77130744546701E-16));
#8380=DIRECTION('',(0.,0.,1.));
#8381=DIRECTION('',(0.,0.,1.));
#8382=DIRECTION('',(0.,0.,1.));
#8383=DIRECTION('',(0.,0.,1.));
#8384=DIRECTION('',(0.,0.,1.));
#8385=DIRECTION('',(0.,0.,1.));
#8386=DIRECTION('',(0.,0.,1.));
#8387=DIRECTION('center_axis',(4.37905770101505E-47,-1.,0.));
#8388=DIRECTION('ref_axis',(1.,4.37905770101505E-47,-3.33066907387547E-16));
#8389=DIRECTION('',(0.,0.,1.));
#8390=DIRECTION('axis',(0.,0.,1.));
#8391=DIRECTION('refdir',(1.,0.,0.));
#8392=DIRECTION('',(0.,0.,1.));
#8393=DIRECTION('',(0.,0.,1.));
#8394=DIRECTION('center_axis',(-0.972467109517746,-0.233040170155706,0.));
#8395=DIRECTION('ref_axis',(0.,0.,1.));
#8396=DIRECTION('',(0.233040170155706,-0.972467109517746,-7.25411194177194E-16));
#8397=DIRECTION('',(0.233040170155706,-0.972467109517746,-7.25411194177194E-16));
#8398=DIRECTION('',(0.,0.,1.));
#8399=DIRECTION('center_axis',(3.33066907387547E-16,-6.66133814775094E-16,
1.));
#8400=DIRECTION('ref_axis',(-1.,-2.18952885050753E-47,3.33066907387547E-16));
#8401=DIRECTION('center_axis',(3.33066907387547E-16,-6.66133814775094E-16,
1.));
#8402=DIRECTION('ref_axis',(-1.,-2.18952885050753E-47,3.33066907387547E-16));
#8403=DIRECTION('axis',(0.,0.,1.));
#8404=DIRECTION('refdir',(1.,0.,0.));
#8405=DIRECTION('',(0.,0.,1.));
#8406=DIRECTION('',(0.,0.,1.));
#8407=DIRECTION('center_axis',(-0.168244897289453,-0.985745228005726,0.));
#8408=DIRECTION('ref_axis',(0.985745228005726,-0.168244897289453,-4.40392729811767E-16));
#8409=DIRECTION('',(0.985745228005726,-0.168244897289453,-4.40392729811767E-16));
#8410=DIRECTION('',(0.985745228005726,-0.168244897289453,-4.40392729811767E-16));
#8411=DIRECTION('',(0.,0.,1.));
#8412=DIRECTION('center_axis',(-0.824073478343987,0.56648292321132,0.));
#8413=DIRECTION('ref_axis',(-0.56648292321132,-0.824073478343987,-3.60266494462409E-16));
#8414=DIRECTION('',(-0.56648292321132,-0.824073478343987,-3.60266494462409E-16));
#8415=DIRECTION('',(-0.56648292321132,-0.824073478343987,-3.60266494462409E-16));
#8416=DIRECTION('center_axis',(3.33066907387547E-16,-6.66133814775094E-16,
1.));
#8417=DIRECTION('ref_axis',(-1.,-2.18952885050753E-47,3.33066907387547E-16));
#8418=DIRECTION('center_axis',(3.33066907387547E-16,-6.66133814775094E-16,
1.));
#8419=DIRECTION('ref_axis',(-1.,-2.18952885050753E-47,3.33066907387547E-16));
#8420=DIRECTION('axis',(0.,0.,1.));
#8421=DIRECTION('refdir',(1.,0.,0.));
#8422=DIRECTION('',(0.,0.,1.));
#8423=DIRECTION('',(0.,0.,1.));
#8424=DIRECTION('',(0.,0.,1.));
#8425=DIRECTION('',(0.,0.,1.));
#8426=DIRECTION('',(0.,0.,1.));
#8427=DIRECTION('',(0.,0.,1.));
#8428=DIRECTION('',(0.,0.,1.));
#8429=DIRECTION('',(0.,0.,1.));
#8430=DIRECTION('',(0.,0.,1.));
#8431=DIRECTION('',(0.,0.,1.));
#8432=DIRECTION('',(0.,0.,1.));
#8433=DIRECTION('',(0.,0.,1.));
#8434=DIRECTION('',(0.,0.,1.));
#8435=DIRECTION('',(0.,0.,1.));
#8436=DIRECTION('',(0.,0.,1.));
#8437=DIRECTION('',(0.,0.,1.));
#8438=DIRECTION('',(0.,0.,1.));
#8439=DIRECTION('',(0.,0.,1.));
#8440=DIRECTION('',(0.,0.,1.));
#8441=DIRECTION('',(0.,0.,1.));
#8442=DIRECTION('',(0.,0.,1.));
#8443=DIRECTION('',(0.,0.,1.));
#8444=DIRECTION('',(0.,0.,1.));
#8445=DIRECTION('',(0.,0.,1.));
#8446=DIRECTION('',(0.,0.,1.));
#8447=DIRECTION('',(0.,0.,1.));
#8448=DIRECTION('',(0.,0.,1.));
#8449=DIRECTION('',(0.,0.,1.));
#8450=DIRECTION('center_axis',(0.,0.,1.));
#8451=DIRECTION('ref_axis',(0.766911766864265,-0.641752554996964,0.));
#8452=DIRECTION('center_axis',(2.55431114576458E-9,-2.14621790960783E-9,
1.));
#8453=DIRECTION('ref_axis',(0.735445052160078,0.677584367627574,-4.24311788757305E-10));
#8454=DIRECTION('',(0.,0.,1.));
#8455=DIRECTION('center_axis',(0.,0.,-1.));
#8456=DIRECTION('ref_axis',(0.735445052109065,0.677584367682944,0.));
#8457=DIRECTION('',(0.,0.,1.));
#8458=DIRECTION('',(0.,0.,1.));
#8459=DIRECTION('',(0.,0.,1.));
#8460=DIRECTION('',(0.,0.,1.));
#8461=DIRECTION('',(0.,0.,1.));
#8462=DIRECTION('',(0.,0.,1.));
#8463=DIRECTION('',(0.,0.,1.));
#8464=DIRECTION('',(0.,0.,1.));
#8465=DIRECTION('',(0.,0.,1.));
#8466=DIRECTION('',(0.,0.,1.));
#8467=DIRECTION('',(0.,0.,1.));
#8468=DIRECTION('',(0.,0.,1.));
#8469=DIRECTION('',(0.,0.,1.));
#8470=DIRECTION('',(0.,0.,1.));
#8471=DIRECTION('',(0.,0.,1.));
#8472=DIRECTION('',(0.,0.,1.));
#8473=DIRECTION('',(0.,0.,1.));
#8474=DIRECTION('',(0.,0.,1.));
#8475=DIRECTION('',(0.,0.,1.));
#8476=DIRECTION('',(0.,0.,1.));
#8477=DIRECTION('',(0.,0.,1.));
#8478=DIRECTION('',(0.,0.,1.));
#8479=DIRECTION('center_axis',(0.,0.,1.));
#8480=DIRECTION('ref_axis',(0.73442023287083,0.678695013647482,0.));
#8481=DIRECTION('center_axis',(0.,0.,-1.));
#8482=DIRECTION('ref_axis',(0.73442023287088,0.678695013647428,0.));
#8483=DIRECTION('',(0.,0.,1.));
#8484=DIRECTION('',(0.,0.,1.));
#8485=DIRECTION('center_axis',(3.33066907387547E-16,-6.66133814775094E-16,
1.));
#8486=DIRECTION('ref_axis',(-1.,-2.18952885050753E-47,3.33066907387547E-16));
#8487=DIRECTION('center_axis',(3.33066907387547E-16,-6.66133814775094E-16,
1.));
#8488=DIRECTION('ref_axis',(-1.,-2.18952885050753E-47,3.33066907387547E-16));
#8489=DIRECTION('axis',(0.,0.,1.));
#8490=DIRECTION('refdir',(1.,0.,0.));
#8491=DIRECTION('',(0.,0.,1.));
#8492=DIRECTION('',(0.,0.,1.));
#8493=DIRECTION('',(0.,0.,1.));
#8494=DIRECTION('',(0.,0.,1.));
#8495=DIRECTION('',(0.,0.,1.));
#8496=DIRECTION('',(0.,0.,1.));
#8497=DIRECTION('center_axis',(-0.0238027779462884,-0.999716673744136,0.));
#8498=DIRECTION('ref_axis',(0.999716673744136,-0.0238027779462884,-3.4882837606333E-16));
#8499=DIRECTION('',(-0.999716673744136,0.0238027779462884,3.4882837606333E-16));
#8500=DIRECTION('',(0.999716673744136,-0.0238027779462884,-3.4882837606333E-16));
#8501=DIRECTION('',(0.,0.,1.));
#8502=DIRECTION('center_axis',(-1.,2.2186712959341E-31,0.));
#8503=DIRECTION('ref_axis',(-2.2186712959341E-31,-1.,-6.66133814775094E-16));
#8504=DIRECTION('',(2.2186712959341E-31,1.,6.66133814775094E-16));
#8505=DIRECTION('',(-2.2186712959341E-31,-1.,-6.66133814775094E-16));
#8506=DIRECTION('',(0.,0.,1.));
#8507=DIRECTION('center_axis',(3.33066907387547E-16,-6.66133814775094E-16,
1.));
#8508=DIRECTION('ref_axis',(-1.,-2.18952885050753E-47,3.33066907387547E-16));
#8509=DIRECTION('center_axis',(3.33066907387547E-16,-6.66133814775094E-16,
1.));
#8510=DIRECTION('ref_axis',(-1.,-2.18952885050753E-47,3.33066907387547E-16));
#8511=DIRECTION('axis',(0.,0.,1.));
#8512=DIRECTION('refdir',(1.,0.,0.));
#8513=DIRECTION('',(0.,0.,1.));
#8514=DIRECTION('',(0.,0.,1.));
#8515=DIRECTION('center_axis',(-0.919667806282656,-0.39269724481749,0.));
#8516=DIRECTION('ref_axis',(0.39269724481749,-0.919667806282656,-7.43416280995879E-16));
#8517=DIRECTION('',(0.39269724481749,-0.919667806282656,-7.43416280995879E-16));
#8518=DIRECTION('',(0.39269724481749,-0.919667806282656,-7.43416280995879E-16));
#8519=DIRECTION('',(0.,0.,1.));
#8520=DIRECTION('center_axis',(3.33066907387547E-16,-6.66133814775094E-16,
1.));
#8521=DIRECTION('ref_axis',(-1.,-2.18952885050753E-47,3.33066907387547E-16));
#8522=DIRECTION('center_axis',(3.33066907387547E-16,-6.66133814775094E-16,
1.));
#8523=DIRECTION('ref_axis',(-1.,-2.18952885050753E-47,3.33066907387547E-16));
#8524=DIRECTION('center_axis',(0.,1.,0.));
#8525=DIRECTION('ref_axis',(1.,0.,0.));
#8526=DIRECTION('',(1.,0.,-3.33066907387547E-16));
#8527=DIRECTION('center_axis',(0.,-1.,0.));
#8528=DIRECTION('ref_axis',(-1.,0.,4.44089209850072E-15));
#8529=DIRECTION('',(-1.,0.,0.));
#8530=DIRECTION('center_axis',(0.,-1.,0.));
#8531=DIRECTION('ref_axis',(0.,0.,1.));
#8532=DIRECTION('center_axis',(0.,1.,0.));
#8533=DIRECTION('ref_axis',(0.,0.,1.));
#8534=DIRECTION('',(0.,1.,0.));
#8535=DIRECTION('',(0.,1.,0.));
#8536=DIRECTION('center_axis',(0.,0.,1.));
#8537=DIRECTION('ref_axis',(1.,0.,0.));
#8538=DIRECTION('',(-1.,-2.21867106083523E-31,3.33066907387547E-16));
#8539=DIRECTION('',(0.,-1.,0.));
#8540=DIRECTION('center_axis',(0.,1.,0.));
#8541=DIRECTION('ref_axis',(-1.,0.,4.44089209850072E-15));
#8542=DIRECTION('',(0.,-1.,0.));
#8543=DIRECTION('center_axis',(3.33066907387547E-16,-6.66133814775094E-16,
1.));
#8544=DIRECTION('ref_axis',(1.,2.21867106083523E-31,-3.33066907387547E-16));
#8545=DIRECTION('',(-1.,-2.21867106083523E-31,3.33066907387547E-16));
#8546=DIRECTION('',(2.3509886545697E-38,1.,6.66133814775094E-16));
#8547=DIRECTION('',(1.,2.21867106083523E-31,-3.33066907387547E-16));
#8548=DIRECTION('',(-2.3509886545697E-38,-1.,-6.66133814775094E-16));
#8549=DIRECTION('',(-1.,-2.21867106083523E-31,3.33066907387547E-16));
#8550=DIRECTION('center_axis',(3.33066907387547E-16,-6.66133814775094E-16,
1.));
#8551=DIRECTION('ref_axis',(1.,0.,0.));
#8552=DIRECTION('',(-1.,2.46519056391453E-31,3.33066907387547E-16));
#8553=DIRECTION('center_axis',(3.33066907387547E-16,-6.66133814775094E-16,
1.));
#8554=DIRECTION('ref_axis',(4.68386185984863E-31,1.,6.66133814775094E-16));
#8555=DIRECTION('',(-4.68386185984863E-31,-1.,-6.66133814775094E-16));
#8556=DIRECTION('center_axis',(3.33066907387547E-16,-6.66133814775094E-16,
1.));
#8557=DIRECTION('ref_axis',(-1.,2.46519056391453E-31,3.33066907387547E-16));
#8558=DIRECTION('',(1.,-2.46519056391453E-31,-3.33066907387547E-16));
#8559=DIRECTION('center_axis',(3.33066907387547E-16,-6.66133814775094E-16,
1.));
#8560=DIRECTION('ref_axis',(-4.68386185984863E-31,-1.,-6.66133814775094E-16));
#8561=DIRECTION('',(4.68386185984863E-31,1.,6.66133814775094E-16));
#8562=DIRECTION('center_axis',(3.33066907387547E-16,-6.66133814775094E-16,
1.));
#8563=DIRECTION('ref_axis',(1.,-2.46519056391453E-31,-3.33066907387547E-16));
#8564=DIRECTION('',(-1.,2.46519056391453E-31,3.33066907387547E-16));
#8565=DIRECTION('center_axis',(3.33066907387547E-16,-6.66133814775094E-16,
1.));
#8566=DIRECTION('ref_axis',(4.68386185984863E-31,1.,6.66133814775094E-16));
#8567=DIRECTION('',(-4.68386185984863E-31,-1.,-6.66133814775094E-16));
#8568=DIRECTION('center_axis',(3.33066907387547E-16,-6.66133814775094E-16,
1.));
#8569=DIRECTION('ref_axis',(-1.,-1.77635683940026E-14,3.33066907387535E-16));
#8570=DIRECTION('',(1.,-2.46519056391453E-31,-3.33066907387547E-16));
#8571=DIRECTION('center_axis',(3.33066907387547E-16,-6.66133814775094E-16,
1.));
#8572=DIRECTION('ref_axis',(-4.68386185984863E-31,-1.,-6.66133814775094E-16));
#8573=DIRECTION('',(4.68386185984863E-31,1.,6.66133814775094E-16));
#8574=DIRECTION('center_axis',(3.33066907387547E-16,-6.66133814775094E-16,
1.));
#8575=DIRECTION('ref_axis',(1.,-2.46519056391453E-31,-3.33066907387547E-16));
#8576=DIRECTION('',(-1.,2.46519056391453E-31,3.33066907387547E-16));
#8577=DIRECTION('center_axis',(3.33066907387547E-16,-6.66133814775094E-16,
1.));
#8578=DIRECTION('ref_axis',(4.68386185984863E-31,1.,6.66133814775094E-16));
#8579=DIRECTION('',(-4.68386185984863E-31,-1.,-6.66133814775094E-16));
#8580=DIRECTION('center_axis',(3.33066907387547E-16,-6.66133814775094E-16,
1.));
#8581=DIRECTION('ref_axis',(-1.,2.46519056391453E-31,3.33066907387547E-16));
#8582=DIRECTION('',(1.,-2.46519056391453E-31,-3.33066907387547E-16));
#8583=DIRECTION('center_axis',(3.33066907387547E-16,-6.66133814775094E-16,
1.));
#8584=DIRECTION('ref_axis',(-4.68386185984863E-31,-1.,-6.66133814775094E-16));
#8585=DIRECTION('',(4.68386185984863E-31,1.,6.66133814775094E-16));
#8586=DIRECTION('center_axis',(3.33066907387547E-16,-6.66133814775094E-16,
1.));
#8587=DIRECTION('ref_axis',(1.,-2.46519056391453E-31,-3.33066907387547E-16));
#8588=DIRECTION('',(-1.,2.46519056391453E-31,3.33066907387547E-16));
#8589=DIRECTION('center_axis',(3.33066907387547E-16,-6.66133814775094E-16,
1.));
#8590=DIRECTION('ref_axis',(4.68386185984863E-31,1.,6.66133814775094E-16));
#8591=DIRECTION('',(-4.68386185984863E-31,-1.,-6.66133814775094E-16));
#8592=DIRECTION('center_axis',(3.33066907387547E-16,-6.66133814775094E-16,
1.));
#8593=DIRECTION('ref_axis',(-1.,-1.77635683940026E-14,3.33066907387535E-16));
#8594=DIRECTION('',(1.,-2.46519056391453E-31,-3.33066907387547E-16));
#8595=DIRECTION('center_axis',(3.33066907387547E-16,-6.66133814775094E-16,
1.));
#8596=DIRECTION('ref_axis',(-4.68386185984863E-31,-1.,-6.66133814775094E-16));
#8597=DIRECTION('',(4.68386185984863E-31,1.,6.66133814775094E-16));
#8598=DIRECTION('center_axis',(3.33066907387547E-16,-6.66133814775094E-16,
1.));
#8599=DIRECTION('ref_axis',(1.,-2.46519056391453E-31,-3.33066907387547E-16));
#8600=DIRECTION('',(-1.,2.46519056391453E-31,3.33066907387547E-16));
#8601=DIRECTION('center_axis',(3.33066907387547E-16,-6.66133814775094E-16,
1.));
#8602=DIRECTION('ref_axis',(4.68386185984863E-31,1.,6.66133814775094E-16));
#8603=DIRECTION('',(-4.68386185984863E-31,-1.,-6.66133814775094E-16));
#8604=DIRECTION('center_axis',(3.33066907387547E-16,-6.66133814775094E-16,
1.));
#8605=DIRECTION('ref_axis',(-1.,2.46519056391453E-31,3.33066907387547E-16));
#8606=DIRECTION('',(1.,-2.46519056391453E-31,-3.33066907387547E-16));
#8607=DIRECTION('center_axis',(3.33066907387547E-16,-6.66133814775094E-16,
1.));
#8608=DIRECTION('ref_axis',(-4.68386185984863E-31,-1.,-6.66133814775094E-16));
#8609=DIRECTION('',(4.68386185984863E-31,1.,6.66133814775094E-16));
#8610=DIRECTION('center_axis',(3.33066907387547E-16,-6.66133814775094E-16,
1.));
#8611=DIRECTION('ref_axis',(1.,-2.46519056391453E-31,-3.33066907387547E-16));
#8612=DIRECTION('',(-1.,2.46519056391453E-31,3.33066907387547E-16));
#8613=DIRECTION('center_axis',(3.33066907387547E-16,-6.66133814775094E-16,
1.));
#8614=DIRECTION('ref_axis',(4.68386185984863E-31,1.,6.66133814775094E-16));
#8615=DIRECTION('',(-4.68386185984863E-31,-1.,-6.66133814775094E-16));
#8616=DIRECTION('center_axis',(3.33066907387547E-16,-6.66133814775094E-16,
1.));
#8617=DIRECTION('ref_axis',(-1.,-1.77635683940026E-14,3.33066907387535E-16));
#8618=DIRECTION('',(1.,-2.46519056391453E-31,-3.33066907387547E-16));
#8619=DIRECTION('center_axis',(3.33066907387547E-16,-6.66133814775094E-16,
1.));
#8620=DIRECTION('ref_axis',(-4.68386185984863E-31,-1.,-6.66133814775094E-16));
#8621=DIRECTION('',(4.68386185984863E-31,1.,6.66133814775094E-16));
#8622=DIRECTION('center_axis',(3.33066907387547E-16,-6.66133814775094E-16,
1.));
#8623=DIRECTION('ref_axis',(1.,-2.46519056391453E-31,-3.33066907387547E-16));
#8624=DIRECTION('',(-1.,2.46519056391453E-31,3.33066907387547E-16));
#8625=DIRECTION('center_axis',(3.33066907387547E-16,-6.66133814775094E-16,
1.));
#8626=DIRECTION('ref_axis',(4.68386185984863E-31,1.,6.66133814775094E-16));
#8627=DIRECTION('',(-4.68386185984863E-31,-1.,-6.66133814775094E-16));
#8628=DIRECTION('center_axis',(3.33066907387547E-16,-6.66133814775094E-16,
1.));
#8629=DIRECTION('ref_axis',(-1.,2.46519056391453E-31,3.33066907387547E-16));
#8630=DIRECTION('',(1.,-2.46519056391453E-31,-3.33066907387547E-16));
#8631=DIRECTION('center_axis',(3.33066907387547E-16,-6.66133814775094E-16,
1.));
#8632=DIRECTION('ref_axis',(-4.68386185984863E-31,-1.,-6.66133814775094E-16));
#8633=DIRECTION('',(4.68386185984863E-31,1.,6.66133814775094E-16));
#8634=DIRECTION('center_axis',(3.33066907387547E-16,-6.66133814775094E-16,
1.));
#8635=DIRECTION('ref_axis',(1.,-2.46519056391453E-31,-3.33066907387547E-16));
#8636=DIRECTION('',(-1.,2.46519056391453E-31,3.33066907387547E-16));
#8637=DIRECTION('center_axis',(3.33066907387547E-16,-6.66133814775094E-16,
1.));
#8638=DIRECTION('ref_axis',(4.68386185984863E-31,1.,6.66133814775094E-16));
#8639=DIRECTION('',(-4.68386185984863E-31,-1.,-6.66133814775094E-16));
#8640=DIRECTION('center_axis',(3.33066907387547E-16,-6.66133814775094E-16,
1.));
#8641=DIRECTION('ref_axis',(-1.,2.46519056391453E-31,3.33066907387547E-16));
#8642=DIRECTION('',(1.,-2.46519056391453E-31,-3.33066907387547E-16));
#8643=DIRECTION('center_axis',(3.33066907387547E-16,-6.66133814775094E-16,
1.));
#8644=DIRECTION('ref_axis',(-4.68386185984863E-31,-1.,-6.66133814775094E-16));
#8645=DIRECTION('',(4.68386185984863E-31,1.,6.66133814775094E-16));
#8646=DIRECTION('center_axis',(3.33066907387547E-16,-6.66133814775094E-16,
1.));
#8647=DIRECTION('ref_axis',(1.,-2.46519056391453E-31,-3.33066907387547E-16));
#8648=DIRECTION('',(-1.,2.46519056391453E-31,3.33066907387547E-16));
#8649=DIRECTION('center_axis',(3.33066907387547E-16,-6.66133814775094E-16,
1.));
#8650=DIRECTION('ref_axis',(4.68386185984863E-31,1.,6.66133814775094E-16));
#8651=DIRECTION('',(-4.68386185984863E-31,-1.,-6.66133814775094E-16));
#8652=DIRECTION('center_axis',(3.33066907387547E-16,-6.66133814775094E-16,
1.));
#8653=DIRECTION('ref_axis',(-1.,2.46519056391453E-31,3.33066907387547E-16));
#8654=DIRECTION('',(1.,-2.46519056391453E-31,-3.33066907387547E-16));
#8655=DIRECTION('center_axis',(3.33066907387547E-16,-6.66133814775094E-16,
1.));
#8656=DIRECTION('ref_axis',(-4.68386185984863E-31,-1.,-6.66133814775094E-16));
#8657=DIRECTION('',(4.68386185984863E-31,1.,6.66133814775094E-16));
#8658=DIRECTION('center_axis',(3.33066907387547E-16,-6.66133814775094E-16,
1.));
#8659=DIRECTION('ref_axis',(1.,-2.46519056391453E-31,-3.33066907387547E-16));
#8660=DIRECTION('',(2.3509886545697E-38,1.,6.66133814775094E-16));
#8661=DIRECTION('',(-1.,-2.21867106083523E-31,3.33066907387547E-16));
#8662=DIRECTION('',(-2.3509886545697E-38,-1.,-6.66133814775094E-16));
#8663=DIRECTION('',(1.,2.21867106083523E-31,-3.33066907387547E-16));
#8664=DIRECTION('center_axis',(3.33066907387547E-16,-6.66133814775094E-16,
1.));
#8665=DIRECTION('ref_axis',(-1.,-2.21867106083523E-31,3.33066907387547E-16));
#8666=DIRECTION('center_axis',(3.33066907387547E-16,-6.66133814775094E-16,
1.));
#8667=DIRECTION('ref_axis',(1.,0.,0.));
#8668=DIRECTION('center_axis',(3.33066907387547E-16,-6.66133814775094E-16,
1.));
#8669=DIRECTION('ref_axis',(1.,0.,0.));
#8670=DIRECTION('center_axis',(0.,0.,1.));
#8671=DIRECTION('ref_axis',(1.,0.,0.));
#8672=DIRECTION('',(0.,0.,1.));
#8673=DIRECTION('center_axis',(0.,0.,1.));
#8674=DIRECTION('ref_axis',(1.,0.,0.));
#8675=DIRECTION('',(0.,0.,1.));
#8676=DIRECTION('center_axis',(2.3509886545697E-38,1.,6.66133814775094E-16));
#8677=DIRECTION('ref_axis',(3.33066907387547E-16,-6.66133814775094E-16,
1.));
#8678=DIRECTION('center_axis',(-3.33066907387547E-16,6.66133814775094E-16,
-1.));
#8679=DIRECTION('ref_axis',(0.707106781186547,-0.707106781186547,-7.06541606407699E-16));
#8680=DIRECTION('center_axis',(1.,2.21867106083523E-31,-3.33066907387547E-16));
#8681=DIRECTION('ref_axis',(3.33066907387547E-16,-6.66133814775094E-16,
1.));
#8682=DIRECTION('center_axis',(-3.33066907387547E-16,6.66133814775094E-16,
-1.));
#8683=DIRECTION('ref_axis',(-0.707106781186548,-0.707106781186547,-2.35513868802566E-16));
#8684=DIRECTION('center_axis',(0.,0.,1.));
#8685=DIRECTION('ref_axis',(1.,0.,0.));
#8686=DIRECTION('',(0.,0.,1.));
#8687=DIRECTION('center_axis',(-1.,-2.21867106083523E-31,3.33066907387547E-16));
#8688=DIRECTION('ref_axis',(3.33066907387547E-16,-6.66133814775094E-16,
1.));
#8689=DIRECTION('center_axis',(-3.33066907387547E-16,6.66133814775094E-16,
-1.));
#8690=DIRECTION('ref_axis',(0.707106781186549,0.707106781186546,2.35513868802565E-16));
#8691=DIRECTION('center_axis',(-1.,-2.21867106083523E-31,3.33066907387547E-16));
#8692=DIRECTION('ref_axis',(2.35513868802566E-16,0.707106781186547,0.707106781186548));
#8693=DIRECTION('center_axis',(1.,2.21867106083523E-31,-3.33066907387547E-16));
#8694=DIRECTION('ref_axis',(2.35098861734771E-38,1.,6.66133814775094E-16));
#8695=DIRECTION('center_axis',(1.,2.21867106083523E-31,-3.33066907387547E-16));
#8696=DIRECTION('ref_axis',(2.35098861734771E-38,1.,6.66133814775094E-16));
#8697=DIRECTION('',(1.,2.21867106083523E-31,-3.33066907387547E-16));
#8698=DIRECTION('center_axis',(-1.,-2.21867106083523E-31,3.33066907387547E-16));
#8699=DIRECTION('ref_axis',(3.33066907387547E-16,-6.66133814775094E-16,
1.));
#8700=DIRECTION('center_axis',(-2.3509886545697E-38,-1.,-6.66133814775094E-16));
#8701=DIRECTION('ref_axis',(3.33066907387547E-16,-6.66133814775094E-16,
1.));
#8702=DIRECTION('center_axis',(-2.3509886545697E-38,-1.,-6.66133814775094E-16));
#8703=DIRECTION('ref_axis',(-0.707106781186547,-4.71027737605133E-16,0.707106781186548));
#8704=DIRECTION('center_axis',(2.3509886545697E-38,1.,6.66133814775094E-16));
#8705=DIRECTION('ref_axis',(-1.,-2.21867106083523E-31,3.33066907387547E-16));
#8706=DIRECTION('center_axis',(2.3509886545697E-38,1.,6.66133814775094E-16));
#8707=DIRECTION('ref_axis',(-1.,-2.21867106083523E-31,3.33066907387547E-16));
#8708=DIRECTION('',(2.3509886545697E-38,1.,6.66133814775094E-16));
#8709=DIRECTION('center_axis',(-2.3509886545697E-38,-1.,-6.66133814775094E-16));
#8710=DIRECTION('ref_axis',(3.33066907387547E-16,-6.66133814775094E-16,
1.));
#8711=DIRECTION('center_axis',(1.,2.21867106083523E-31,-3.33066907387547E-16));
#8712=DIRECTION('ref_axis',(3.33066907387547E-16,-6.66133814775094E-16,
1.));
#8713=DIRECTION('center_axis',(-3.33066907387547E-16,6.66133814775094E-16,
-1.));
#8714=DIRECTION('ref_axis',(-0.707106781186547,0.707106781186548,7.06541606407699E-16));
#8715=DIRECTION('center_axis',(-3.33066907387547E-16,6.66133814775094E-16,
-1.));
#8716=DIRECTION('ref_axis',(0.707106781186549,0.707106781186546,2.35513868802565E-16));
#8717=DIRECTION('center_axis',(-2.3509886545697E-38,-1.,-6.66133814775094E-16));
#8718=DIRECTION('ref_axis',(1.,2.21867106083523E-31,-3.33066907387547E-16));
#8719=DIRECTION('center_axis',(-3.33066907387547E-16,6.66133814775094E-16,
-1.));
#8720=DIRECTION('ref_axis',(-0.707106781186548,-0.707106781186547,-2.35513868802566E-16));
#8721=DIRECTION('center_axis',(-3.33066907387547E-16,6.66133814775094E-16,
-1.));
#8722=DIRECTION('ref_axis',(0.707106781186547,-0.707106781186547,-7.06541606407699E-16));
#8723=DIRECTION('center_axis',(-1.,-2.21867106083523E-31,3.33066907387547E-16));
#8724=DIRECTION('ref_axis',(-2.35098861734771E-38,-1.,-6.66133814775094E-16));
#8725=DIRECTION('center_axis',(2.3509886545697E-38,1.,6.66133814775094E-16));
#8726=DIRECTION('ref_axis',(3.33066907387547E-16,-6.66133814775094E-16,
1.));
#8727=DIRECTION('center_axis',(-3.33066907387547E-16,6.66133814775094E-16,
-1.));
#8728=DIRECTION('ref_axis',(-1.,0.,3.73969860926368E-16));
#8729=DIRECTION('center_axis',(3.33066907387547E-16,-6.66133814775094E-16,
1.));
#8730=DIRECTION('ref_axis',(-1.,-2.21867106083523E-31,3.33066907387547E-16));
#8731=DIRECTION('center_axis',(-1.55696231293621E-31,-1.,-6.66133814775094E-16));
#8732=DIRECTION('ref_axis',(1.,0.,-2.33731163078981E-16));
#8733=DIRECTION('center_axis',(-3.33066907387547E-16,6.66133814775094E-16,
-1.));
#8734=DIRECTION('ref_axis',(-1.,-2.21867106083523E-31,3.33066907387547E-16));
#8735=DIRECTION('center_axis',(3.33066907387547E-16,-6.66133814775094E-16,
1.));
#8736=DIRECTION('ref_axis',(1.,2.21867106083523E-31,-3.33066907387547E-16));
#8737=DIRECTION('center_axis',(-3.33066907387547E-16,6.66133814775094E-16,
-1.));
#8738=DIRECTION('ref_axis',(-0.707106781186547,0.707106781186548,7.06541606407699E-16));
#8739=DIRECTION('',(-1.,-2.21867106083523E-31,3.33066907387547E-16));
#8740=DIRECTION('',(-2.3509886545697E-38,-1.,-6.66133814775094E-16));
#8741=DIRECTION('',(-2.3509886545697E-38,-1.,-6.66133814775094E-16));
#8742=DIRECTION('',(-1.,-2.21867106083523E-31,3.33066907387547E-16));
#8743=DIRECTION('',(2.3509886545697E-38,1.,6.66133814775094E-16));
#8744=DIRECTION('',(1.,2.21867106083523E-31,-3.33066907387547E-16));
#8745=DIRECTION('',(4.68386185984863E-31,1.,6.66133814775094E-16));
#8746=DIRECTION('center_axis',(3.33066907387547E-16,-6.66133814775094E-16,
1.));
#8747=DIRECTION('ref_axis',(0.707106781186548,-0.707106781186548,-7.06541606407699E-16));
#8748=DIRECTION('',(1.,-2.46519056391453E-31,-3.33066907387547E-16));
#8749=DIRECTION('center_axis',(3.33066907387547E-16,-6.66133814775094E-16,
1.));
#8750=DIRECTION('ref_axis',(-0.707106781186548,-0.707106781186548,-2.35513868802566E-16));
#8751=DIRECTION('',(-4.68386185984863E-31,-1.,-6.66133814775094E-16));
#8752=DIRECTION('center_axis',(3.33066907387547E-16,-6.66133814775094E-16,
1.));
#8753=DIRECTION('ref_axis',(-0.707106781186548,0.707106781186548,7.06541606407699E-16));
#8754=DIRECTION('',(-1.,2.46519056391453E-31,3.33066907387547E-16));
#8755=DIRECTION('center_axis',(3.33066907387547E-16,-6.66133814775094E-16,
1.));
#8756=DIRECTION('ref_axis',(0.707106781186548,0.707106781186548,2.35513868802566E-16));
#8757=DIRECTION('',(4.68386185984863E-31,1.,6.66133814775094E-16));
#8758=DIRECTION('center_axis',(3.33066907387547E-16,-6.66133814775094E-16,
1.));
#8759=DIRECTION('ref_axis',(0.707106781186548,-0.707106781186548,-7.06541606407699E-16));
#8760=DIRECTION('',(1.,-2.46519056391453E-31,-3.33066907387547E-16));
#8761=DIRECTION('center_axis',(3.33066907387547E-16,-6.66133814775094E-16,
1.));
#8762=DIRECTION('ref_axis',(-0.70710678118653,-0.707106781186565,-2.35513868802584E-16));
#8763=DIRECTION('',(-4.68386185984863E-31,-1.,-6.66133814775094E-16));
#8764=DIRECTION('center_axis',(3.33066907387547E-16,-6.66133814775094E-16,
1.));
#8765=DIRECTION('ref_axis',(-0.707106781186548,0.707106781186548,7.06541606407699E-16));
#8766=DIRECTION('',(-1.,2.46519056391453E-31,3.33066907387547E-16));
#8767=DIRECTION('center_axis',(3.33066907387547E-16,-6.66133814775094E-16,
1.));
#8768=DIRECTION('ref_axis',(0.707106781186548,0.707106781186548,2.35513868802566E-16));
#8769=DIRECTION('',(4.68386185984863E-31,1.,6.66133814775094E-16));
#8770=DIRECTION('center_axis',(3.33066907387547E-16,-6.66133814775094E-16,
1.));
#8771=DIRECTION('ref_axis',(0.707106781186543,-0.707106781186552,-7.065416064077E-16));
#8772=DIRECTION('',(1.,-2.46519056391453E-31,-3.33066907387547E-16));
#8773=DIRECTION('center_axis',(3.33066907387547E-16,-6.66133814775094E-16,
1.));
#8774=DIRECTION('ref_axis',(-0.707106781186534,-0.707106781186561,-2.3551386880258E-16));
#8775=DIRECTION('',(-4.68386185984863E-31,-1.,-6.66133814775094E-16));
#8776=DIRECTION('center_axis',(3.33066907387547E-16,-6.66133814775094E-16,
1.));
#8777=DIRECTION('ref_axis',(-0.707106781186544,0.707106781186551,7.065416064077E-16));
#8778=DIRECTION('',(-1.,2.46519056391453E-31,3.33066907387547E-16));
#8779=DIRECTION('center_axis',(3.33066907387547E-16,-6.66133814775094E-16,
1.));
#8780=DIRECTION('ref_axis',(0.707106781186548,0.707106781186548,2.35513868802566E-16));
#8781=DIRECTION('',(4.68386185984863E-31,1.,6.66133814775094E-16));
#8782=DIRECTION('center_axis',(3.33066907387547E-16,-6.66133814775094E-16,
1.));
#8783=DIRECTION('ref_axis',(0.707106781186548,-0.707106781186548,-7.06541606407699E-16));
#8784=DIRECTION('',(1.,-2.46519056391453E-31,-3.33066907387547E-16));
#8785=DIRECTION('center_axis',(3.33066907387547E-16,-6.66133814775094E-16,
1.));
#8786=DIRECTION('ref_axis',(-0.707106781186548,-0.707106781186548,-2.35513868802566E-16));
#8787=DIRECTION('',(-4.68386185984863E-31,-1.,-6.66133814775094E-16));
#8788=DIRECTION('center_axis',(3.33066907387547E-16,-6.66133814775094E-16,
1.));
#8789=DIRECTION('ref_axis',(-0.707106781186548,0.707106781186548,7.06541606407699E-16));
#8790=DIRECTION('',(-1.,2.46519056391453E-31,3.33066907387547E-16));
#8791=DIRECTION('center_axis',(3.33066907387547E-16,-6.66133814775094E-16,
1.));
#8792=DIRECTION('ref_axis',(0.707106781186548,0.707106781186548,2.35513868802566E-16));
#8793=DIRECTION('',(4.68386185984863E-31,1.,6.66133814775094E-16));
#8794=DIRECTION('center_axis',(3.33066907387547E-16,-6.66133814775094E-16,
1.));
#8795=DIRECTION('ref_axis',(0.707106781186548,-0.707106781186548,-7.06541606407699E-16));
#8796=DIRECTION('',(1.,-2.46519056391453E-31,-3.33066907387547E-16));
#8797=DIRECTION('center_axis',(3.33066907387547E-16,-6.66133814775094E-16,
1.));
#8798=DIRECTION('ref_axis',(-0.707106781186548,-0.707106781186548,-2.35513868802566E-16));
#8799=DIRECTION('',(-4.68386185984863E-31,-1.,-6.66133814775094E-16));
#8800=DIRECTION('center_axis',(3.33066907387547E-16,-6.66133814775094E-16,
1.));
#8801=DIRECTION('ref_axis',(-0.707106781186545,0.70710678118655,7.065416064077E-16));
#8802=DIRECTION('',(-1.,2.46519056391453E-31,3.33066907387547E-16));
#8803=DIRECTION('center_axis',(3.33066907387547E-16,-6.66133814775094E-16,
1.));
#8804=DIRECTION('ref_axis',(0.707106781186548,0.707106781186548,2.35513868802566E-16));
#8805=DIRECTION('',(4.68386185984863E-31,1.,6.66133814775094E-16));
#8806=DIRECTION('center_axis',(3.33066907387547E-16,-6.66133814775094E-16,
1.));
#8807=DIRECTION('ref_axis',(0.707106781186548,-0.707106781186548,-7.06541606407699E-16));
#8808=DIRECTION('',(1.,-2.46519056391453E-31,-3.33066907387547E-16));
#8809=DIRECTION('center_axis',(3.33066907387547E-16,-6.66133814775094E-16,
1.));
#8810=DIRECTION('ref_axis',(-0.707106781186548,-0.707106781186548,-2.35513868802566E-16));
#8811=DIRECTION('',(-4.68386185984863E-31,-1.,-6.66133814775094E-16));
#8812=DIRECTION('center_axis',(3.33066907387547E-16,-6.66133814775094E-16,
1.));
#8813=DIRECTION('ref_axis',(-0.707106781186543,0.707106781186552,7.065416064077E-16));
#8814=DIRECTION('',(-1.,2.46519056391453E-31,3.33066907387547E-16));
#8815=DIRECTION('center_axis',(3.33066907387547E-16,-6.66133814775094E-16,
1.));
#8816=DIRECTION('ref_axis',(0.707106781186548,0.707106781186548,2.35513868802566E-16));
#8817=DIRECTION('',(4.68386185984863E-31,1.,6.66133814775094E-16));
#8818=DIRECTION('center_axis',(3.33066907387547E-16,-6.66133814775094E-16,
1.));
#8819=DIRECTION('ref_axis',(0.707106781186548,-0.707106781186548,-7.06541606407699E-16));
#8820=DIRECTION('',(1.,-2.46519056391453E-31,-3.33066907387547E-16));
#8821=DIRECTION('center_axis',(3.33066907387547E-16,-6.66133814775094E-16,
1.));
#8822=DIRECTION('ref_axis',(-0.707106781186539,-0.707106781186556,-2.35513868802575E-16));
#8823=DIRECTION('',(-4.68386185984863E-31,-1.,-6.66133814775094E-16));
#8824=DIRECTION('center_axis',(3.33066907387547E-16,-6.66133814775094E-16,
1.));
#8825=DIRECTION('ref_axis',(-0.707106781186543,0.707106781186552,7.065416064077E-16));
#8826=DIRECTION('',(-1.,2.46519056391453E-31,3.33066907387547E-16));
#8827=DIRECTION('center_axis',(3.33066907387547E-16,-6.66133814775094E-16,
1.));
#8828=DIRECTION('ref_axis',(0.707106781186548,0.707106781186548,2.35513868802566E-16));
#8829=DIRECTION('',(4.68386185984863E-31,1.,6.66133814775094E-16));
#8830=DIRECTION('center_axis',(3.33066907387547E-16,-6.66133814775094E-16,
1.));
#8831=DIRECTION('ref_axis',(0.707106781186548,-0.707106781186548,-7.06541606407699E-16));
#8832=DIRECTION('',(1.,-2.46519056391453E-31,-3.33066907387547E-16));
#8833=DIRECTION('center_axis',(3.33066907387547E-16,-6.66133814775094E-16,
1.));
#8834=DIRECTION('ref_axis',(-0.707106781186548,-0.707106781186548,-2.35513868802566E-16));
#8835=DIRECTION('',(-4.68386185984863E-31,-1.,-6.66133814775094E-16));
#8836=DIRECTION('center_axis',(3.33066907387547E-16,-6.66133814775094E-16,
1.));
#8837=DIRECTION('ref_axis',(-0.707106781186546,0.707106781186549,7.06541606407699E-16));
#8838=DIRECTION('',(-1.,2.46519056391453E-31,3.33066907387547E-16));
#8839=DIRECTION('center_axis',(3.33066907387547E-16,-6.66133814775094E-16,
1.));
#8840=DIRECTION('ref_axis',(0.707106781186548,0.707106781186548,2.35513868802566E-16));
#8841=DIRECTION('',(4.68386185984863E-31,1.,6.66133814775094E-16));
#8842=DIRECTION('center_axis',(3.33066907387547E-16,-6.66133814775094E-16,
1.));
#8843=DIRECTION('ref_axis',(0.707106781186548,-0.707106781186548,-7.06541606407699E-16));
#8844=DIRECTION('',(1.,-2.46519056391453E-31,-3.33066907387547E-16));
#8845=DIRECTION('center_axis',(3.33066907387547E-16,-6.66133814775094E-16,
1.));
#8846=DIRECTION('ref_axis',(-0.707106781186548,-0.707106781186548,-2.35513868802566E-16));
#8847=DIRECTION('',(-4.68386185984863E-31,-1.,-6.66133814775094E-16));
#8848=DIRECTION('center_axis',(3.33066907387547E-16,-6.66133814775094E-16,
1.));
#8849=DIRECTION('ref_axis',(-0.707106781186548,0.707106781186548,7.06541606407699E-16));
#8850=DIRECTION('',(-1.,2.46519056391453E-31,3.33066907387547E-16));
#8851=DIRECTION('center_axis',(3.33066907387547E-16,-6.66133814775094E-16,
1.));
#8852=DIRECTION('ref_axis',(0.707106781186548,0.707106781186548,2.35513868802566E-16));
#8853=DIRECTION('center_axis',(-3.33066907387547E-16,6.66133814775094E-16,
-1.));
#8854=DIRECTION('ref_axis',(-1.,-2.21867106083523E-31,3.33066907387547E-16));
#8855=DIRECTION('',(-3.33066907387547E-16,6.66133814775094E-16,-1.));
#8856=DIRECTION('center_axis',(-2.3509886545697E-38,-1.,-6.66133814775094E-16));
#8857=DIRECTION('ref_axis',(-0.707106781186551,-4.71027737605131E-16,0.707106781186545));
#8858=DIRECTION('center_axis',(0.707106781186541,-0.707106781186554,-7.06541606407701E-16));
#8859=DIRECTION('ref_axis',(0.707106781186554,0.707106781186541,2.3551386880256E-16));
#8860=DIRECTION('',(-2.3509886545697E-38,-1.,-6.66133814775094E-16));
#8861=DIRECTION('center_axis',(0.707106781186541,0.707106781186554,2.35513868802572E-16));
#8862=DIRECTION('ref_axis',(-0.707106781186554,0.707106781186541,7.06541606407697E-16));
#8863=DIRECTION('center_axis',(2.3509886545697E-38,1.,6.66133814775094E-16));
#8864=DIRECTION('ref_axis',(0.707106781186538,-4.71027737605139E-16,0.707106781186557));
#8865=DIRECTION('',(2.3509886545697E-38,1.,6.66133814775094E-16));
#8866=DIRECTION('center_axis',(-0.707106781186548,-0.707106781186548,-2.35513868802566E-16));
#8867=DIRECTION('ref_axis',(0.707106781186547,-0.707106781186547,-7.06541606407699E-16));
#8868=DIRECTION('center_axis',(0.707106781186548,-0.707106781186548,-7.06541606407698E-16));
#8869=DIRECTION('ref_axis',(0.707106781186547,0.707106781186547,2.35513868802566E-16));
#8870=DIRECTION('center_axis',(1.,2.21867106083523E-31,-3.33066907387547E-16));
#8871=DIRECTION('ref_axis',(2.35513868802569E-16,-0.707106781186539,0.707106781186557));
#8872=DIRECTION('',(1.,2.21867106083523E-31,-3.33066907387547E-16));
#8873=DIRECTION('center_axis',(-1.,-2.21867106083523E-31,3.33066907387547E-16));
#8874=DIRECTION('ref_axis',(2.35513868802565E-16,0.70710678118655,0.707106781186545));
#8875=DIRECTION('',(-1.,-2.21867106083523E-31,3.33066907387547E-16));
#8876=DIRECTION('center_axis',(2.3509886545697E-38,1.,6.66133814775094E-16));
#8877=DIRECTION('ref_axis',(-1.,-2.21867106083523E-31,3.33066907387547E-16));
#8878=DIRECTION('',(3.33066907387547E-16,-6.66133814775094E-16,1.));
#8879=DIRECTION('',(3.33066907387547E-16,-6.66133814775094E-16,1.));
#8880=DIRECTION('center_axis',(-1.,-2.21867106083523E-31,3.33066907387547E-16));
#8881=DIRECTION('ref_axis',(-2.35098861734771E-38,-1.,-6.66133814775094E-16));
#8882=DIRECTION('',(3.33066907387547E-16,-6.66133814775094E-16,1.));
#8883=DIRECTION('center_axis',(-4.68386185984863E-31,-1.,-6.66133814775094E-16));
#8884=DIRECTION('ref_axis',(-0.707106781186551,-4.7102773760513E-16,0.707106781186545));
#8885=DIRECTION('center_axis',(-2.3509886545697E-38,-1.,-6.66133814775094E-16));
#8886=DIRECTION('ref_axis',(3.33066907387547E-16,-6.66133814775094E-16,
1.));
#8887=DIRECTION('',(-4.68386185984863E-31,-1.,-6.66133814775094E-16));
#8888=DIRECTION('center_axis',(2.3509886545697E-38,1.,6.66133814775094E-16));
#8889=DIRECTION('ref_axis',(-1.,-2.21867106083523E-31,3.33066907387547E-16));
#8890=DIRECTION('center_axis',(-3.33066907387547E-16,6.66133814775094E-16,
-1.));
#8891=DIRECTION('ref_axis',(-1.,0.,0.));
#8892=DIRECTION('center_axis',(1.,2.21867106083523E-31,-3.33066907387547E-16));
#8893=DIRECTION('ref_axis',(2.35098861734771E-38,1.,6.66133814775094E-16));
#8894=DIRECTION('center_axis',(-3.33066907387547E-16,6.66133814775094E-16,
-1.));
#8895=DIRECTION('ref_axis',(0.707106781186548,-0.707106781186548,-7.06541606407699E-16));
#8896=DIRECTION('center_axis',(-1.,2.46519056391453E-31,3.33066907387547E-16));
#8897=DIRECTION('ref_axis',(2.35513868802566E-16,0.70710678118655,0.707106781186545));
#8898=DIRECTION('center_axis',(1.,2.21867106083523E-31,-3.33066907387547E-16));
#8899=DIRECTION('ref_axis',(2.35098861734771E-38,1.,6.66133814775094E-16));
#8900=DIRECTION('',(-1.,2.46519056391453E-31,3.33066907387547E-16));
#8901=DIRECTION('center_axis',(-3.33066907387547E-16,6.66133814775094E-16,
-1.));
#8902=DIRECTION('ref_axis',(-1.,0.,0.));
#8903=DIRECTION('center_axis',(-2.3509886545697E-38,-1.,-6.66133814775094E-16));
#8904=DIRECTION('ref_axis',(1.,2.21867106083523E-31,-3.33066907387547E-16));
#8905=DIRECTION('center_axis',(-3.33066907387547E-16,6.66133814775094E-16,
-1.));
#8906=DIRECTION('ref_axis',(-0.707106781186548,-0.707106781186548,-2.35513868802566E-16));
#8907=DIRECTION('center_axis',(4.68386185984863E-31,1.,6.66133814775094E-16));
#8908=DIRECTION('ref_axis',(0.707106781186551,-4.71027737605131E-16,0.707106781186544));
#8909=DIRECTION('center_axis',(-2.3509886545697E-38,-1.,-6.66133814775094E-16));
#8910=DIRECTION('ref_axis',(1.,2.21867106083523E-31,-3.33066907387547E-16));
#8911=DIRECTION('',(4.68386185984863E-31,1.,6.66133814775094E-16));
#8912=DIRECTION('center_axis',(-3.33066907387547E-16,6.66133814775094E-16,
-1.));
#8913=DIRECTION('ref_axis',(-1.,0.,0.));
#8914=DIRECTION('center_axis',(-1.,-2.21867106083523E-31,3.33066907387547E-16));
#8915=DIRECTION('ref_axis',(-2.35098861734771E-38,-1.,-6.66133814775094E-16));
#8916=DIRECTION('center_axis',(-3.33066907387547E-16,6.66133814775094E-16,
-1.));
#8917=DIRECTION('ref_axis',(-0.707106781186548,0.707106781186548,7.06541606407699E-16));
#8918=DIRECTION('center_axis',(1.,-2.46519056391453E-31,-3.33066907387547E-16));
#8919=DIRECTION('ref_axis',(2.35513868802565E-16,-0.707106781186551,0.707106781186544));
#8920=DIRECTION('center_axis',(-1.,-2.21867106083523E-31,3.33066907387547E-16));
#8921=DIRECTION('ref_axis',(-2.35098861734771E-38,-1.,-6.66133814775094E-16));
#8922=DIRECTION('',(1.,-2.46519056391453E-31,-3.33066907387547E-16));
#8923=DIRECTION('center_axis',(-3.33066907387547E-16,6.66133814775094E-16,
-1.));
#8924=DIRECTION('ref_axis',(-1.,0.,0.));
#8925=DIRECTION('center_axis',(-3.33066907387547E-16,6.66133814775094E-16,
-1.));
#8926=DIRECTION('ref_axis',(0.707106781186548,0.707106781186548,2.35513868802566E-16));
#8927=DIRECTION('center_axis',(3.33066907387547E-16,-6.66133814775094E-16,
1.));
#8928=DIRECTION('ref_axis',(-1.,2.46519056391453E-31,3.33066907387547E-16));
#8929=DIRECTION('',(3.33066907387547E-16,-6.66133814775094E-16,1.));
#8930=DIRECTION('',(3.33066907387547E-16,-6.66133814775094E-16,1.));
#8931=DIRECTION('center_axis',(-4.68386185984863E-31,-1.,-6.66133814775094E-16));
#8932=DIRECTION('ref_axis',(1.,-2.46519056391453E-31,-3.33066907387547E-16));
#8933=DIRECTION('',(3.33066907387547E-16,-6.66133814775094E-16,1.));
#8934=DIRECTION('center_axis',(3.33066907387547E-16,-6.66133814775094E-16,
1.));
#8935=DIRECTION('ref_axis',(-4.68386185984863E-31,-1.,-6.66133814775094E-16));
#8936=DIRECTION('',(3.33066907387547E-16,-6.66133814775094E-16,1.));
#8937=DIRECTION('center_axis',(1.,-2.46519056391453E-31,-3.33066907387547E-16));
#8938=DIRECTION('ref_axis',(4.8687511345098E-31,1.,7.21644966006352E-16));
#8939=DIRECTION('',(3.33066907387547E-16,-6.66133814775094E-16,1.));
#8940=DIRECTION('center_axis',(-4.68386185984863E-31,-1.,-6.66133814775094E-16));
#8941=DIRECTION('ref_axis',(-0.707106781186538,-4.71027737605139E-16,0.707106781186557));
#8942=DIRECTION('center_axis',(-2.3509886545697E-38,-1.,-6.66133814775094E-16));
#8943=DIRECTION('ref_axis',(3.33066907387547E-16,-6.66133814775094E-16,
1.));
#8944=DIRECTION('',(-4.68386185984863E-31,-1.,-6.66133814775094E-16));
#8945=DIRECTION('center_axis',(2.3509886545697E-38,1.,6.66133814775094E-16));
#8946=DIRECTION('ref_axis',(-1.,-2.21867106083523E-31,3.33066907387547E-16));
#8947=DIRECTION('center_axis',(-3.33066907387547E-16,6.66133814775094E-16,
-1.));
#8948=DIRECTION('ref_axis',(-1.,0.,0.));
#8949=DIRECTION('center_axis',(1.,2.21867106083523E-31,-3.33066907387547E-16));
#8950=DIRECTION('ref_axis',(2.35098861734771E-38,1.,6.66133814775094E-16));
#8951=DIRECTION('center_axis',(-3.33066907387547E-16,6.66133814775094E-16,
-1.));
#8952=DIRECTION('ref_axis',(0.707106781186548,-0.707106781186548,-7.06541606407699E-16));
#8953=DIRECTION('center_axis',(-1.,2.46519056391453E-31,3.33066907387547E-16));
#8954=DIRECTION('ref_axis',(2.35513868802566E-16,0.70710678118655,0.707106781186545));
#8955=DIRECTION('center_axis',(1.,2.21867106083523E-31,-3.33066907387547E-16));
#8956=DIRECTION('ref_axis',(2.35098861734771E-38,1.,6.66133814775094E-16));
#8957=DIRECTION('',(-1.,2.46519056391453E-31,3.33066907387547E-16));
#8958=DIRECTION('center_axis',(-3.33066907387547E-16,6.66133814775094E-16,
-1.));
#8959=DIRECTION('ref_axis',(-1.,0.,0.));
#8960=DIRECTION('center_axis',(-2.3509886545697E-38,-1.,-6.66133814775094E-16));
#8961=DIRECTION('ref_axis',(1.,2.21867106083523E-31,-3.33066907387547E-16));
#8962=DIRECTION('center_axis',(-3.33066907387547E-16,6.66133814775094E-16,
-1.));
#8963=DIRECTION('ref_axis',(-0.707106781186548,-0.707106781186548,-2.35513868802566E-16));
#8964=DIRECTION('center_axis',(4.68386185984863E-31,1.,6.66133814775094E-16));
#8965=DIRECTION('ref_axis',(0.707106781186545,-4.71027737605135E-16,0.70710678118655));
#8966=DIRECTION('center_axis',(-2.3509886545697E-38,-1.,-6.66133814775094E-16));
#8967=DIRECTION('ref_axis',(1.,2.21867106083523E-31,-3.33066907387547E-16));
#8968=DIRECTION('',(4.68386185984863E-31,1.,6.66133814775094E-16));
#8969=DIRECTION('center_axis',(-3.33066907387547E-16,6.66133814775094E-16,
-1.));
#8970=DIRECTION('ref_axis',(-1.,0.,0.));
#8971=DIRECTION('center_axis',(-1.,-2.21867106083523E-31,3.33066907387547E-16));
#8972=DIRECTION('ref_axis',(-2.35098861734771E-38,-1.,-6.66133814775094E-16));
#8973=DIRECTION('center_axis',(-3.33066907387547E-16,6.66133814775094E-16,
-1.));
#8974=DIRECTION('ref_axis',(-0.707106781186548,0.707106781186548,7.06541606407699E-16));
#8975=DIRECTION('center_axis',(1.,-2.46519056391453E-31,-3.33066907387547E-16));
#8976=DIRECTION('ref_axis',(2.35513868802565E-16,-0.707106781186551,0.707106781186544));
#8977=DIRECTION('center_axis',(-1.,-2.21867106083523E-31,3.33066907387547E-16));
#8978=DIRECTION('ref_axis',(-2.35098861734771E-38,-1.,-6.66133814775094E-16));
#8979=DIRECTION('',(1.,-2.46519056391453E-31,-3.33066907387547E-16));
#8980=DIRECTION('center_axis',(-3.33066907387547E-16,6.66133814775094E-16,
-1.));
#8981=DIRECTION('ref_axis',(-1.,0.,0.));
#8982=DIRECTION('center_axis',(-3.33066907387547E-16,6.66133814775094E-16,
-1.));
#8983=DIRECTION('ref_axis',(0.707106781186548,0.707106781186548,2.35513868802566E-16));
#8984=DIRECTION('center_axis',(3.33066907387547E-16,-6.66133814775094E-16,
1.));
#8985=DIRECTION('ref_axis',(-1.,2.46519056391453E-31,3.33066907387547E-16));
#8986=DIRECTION('',(3.33066907387547E-16,-6.66133814775094E-16,1.));
#8987=DIRECTION('',(3.33066907387547E-16,-6.66133814775094E-16,1.));
#8988=DIRECTION('center_axis',(-4.68386185984863E-31,-1.,-6.66133814775094E-16));
#8989=DIRECTION('ref_axis',(1.,-2.46519056391453E-31,-3.33066907387547E-16));
#8990=DIRECTION('',(3.33066907387547E-16,-6.66133814775094E-16,1.));
#8991=DIRECTION('center_axis',(3.33066907387547E-16,-6.66133814775094E-16,
1.));
#8992=DIRECTION('ref_axis',(-4.68386185984863E-31,-1.,-6.66133814775094E-16));
#8993=DIRECTION('',(3.33066907387547E-16,-6.66133814775094E-16,1.));
#8994=DIRECTION('center_axis',(1.,-2.46519056391453E-31,-3.33066907387547E-16));
#8995=DIRECTION('ref_axis',(4.8687511345098E-31,1.,7.21644966006352E-16));
#8996=DIRECTION('',(3.33066907387547E-16,-6.66133814775094E-16,1.));
#8997=DIRECTION('center_axis',(-4.68386185984863E-31,-1.,-6.66133814775094E-16));
#8998=DIRECTION('ref_axis',(-0.707106781186544,-4.71027737605135E-16,0.707106781186551));
#8999=DIRECTION('center_axis',(-2.3509886545697E-38,-1.,-6.66133814775094E-16));
#9000=DIRECTION('ref_axis',(3.33066907387547E-16,-6.66133814775094E-16,
1.));
#9001=DIRECTION('',(-4.68386185984863E-31,-1.,-6.66133814775094E-16));
#9002=DIRECTION('center_axis',(2.3509886545697E-38,1.,6.66133814775094E-16));
#9003=DIRECTION('ref_axis',(-1.,-2.21867106083523E-31,3.33066907387547E-16));
#9004=DIRECTION('center_axis',(-3.33066907387547E-16,6.66133814775094E-16,
-1.));
#9005=DIRECTION('ref_axis',(-1.,0.,0.));
#9006=DIRECTION('center_axis',(1.,2.21867106083523E-31,-3.33066907387547E-16));
#9007=DIRECTION('ref_axis',(2.35098861734771E-38,1.,6.66133814775094E-16));
#9008=DIRECTION('center_axis',(-3.33066907387547E-16,6.66133814775094E-16,
-1.));
#9009=DIRECTION('ref_axis',(0.707106781186548,-0.707106781186548,-7.06541606407699E-16));
#9010=DIRECTION('center_axis',(-1.,2.46519056391453E-31,3.33066907387547E-16));
#9011=DIRECTION('ref_axis',(2.35513868802566E-16,0.70710678118655,0.707106781186545));
#9012=DIRECTION('center_axis',(1.,2.21867106083523E-31,-3.33066907387547E-16));
#9013=DIRECTION('ref_axis',(2.35098861734771E-38,1.,6.66133814775094E-16));
#9014=DIRECTION('',(-1.,2.46519056391453E-31,3.33066907387547E-16));
#9015=DIRECTION('center_axis',(-3.33066907387547E-16,6.66133814775094E-16,
-1.));
#9016=DIRECTION('ref_axis',(-1.,0.,0.));
#9017=DIRECTION('center_axis',(-2.3509886545697E-38,-1.,-6.66133814775094E-16));
#9018=DIRECTION('ref_axis',(1.,2.21867106083523E-31,-3.33066907387547E-16));
#9019=DIRECTION('center_axis',(-3.33066907387547E-16,6.66133814775094E-16,
-1.));
#9020=DIRECTION('ref_axis',(-0.707106781186548,-0.707106781186548,-2.35513868802566E-16));
#9021=DIRECTION('center_axis',(4.68386185984863E-31,1.,6.66133814775094E-16));
#9022=DIRECTION('ref_axis',(0.707106781186546,-4.71027737605134E-16,0.707106781186549));
#9023=DIRECTION('center_axis',(-2.3509886545697E-38,-1.,-6.66133814775094E-16));
#9024=DIRECTION('ref_axis',(1.,2.21867106083523E-31,-3.33066907387547E-16));
#9025=DIRECTION('',(4.68386185984863E-31,1.,6.66133814775094E-16));
#9026=DIRECTION('center_axis',(-3.33066907387547E-16,6.66133814775094E-16,
-1.));
#9027=DIRECTION('ref_axis',(-1.,0.,0.));
#9028=DIRECTION('center_axis',(-1.,-2.21867106083523E-31,3.33066907387547E-16));
#9029=DIRECTION('ref_axis',(-2.35098861734771E-38,-1.,-6.66133814775094E-16));
#9030=DIRECTION('center_axis',(-3.33066907387547E-16,6.66133814775094E-16,
-1.));
#9031=DIRECTION('ref_axis',(-0.707106781186546,0.707106781186549,7.06541606407699E-16));
#9032=DIRECTION('center_axis',(1.,-2.46519056391453E-31,-3.33066907387547E-16));
#9033=DIRECTION('ref_axis',(2.35513868802565E-16,-0.707106781186551,0.707106781186544));
#9034=DIRECTION('center_axis',(-1.,-2.21867106083523E-31,3.33066907387547E-16));
#9035=DIRECTION('ref_axis',(-2.35098861734771E-38,-1.,-6.66133814775094E-16));
#9036=DIRECTION('',(1.,-2.46519056391453E-31,-3.33066907387547E-16));
#9037=DIRECTION('center_axis',(-3.33066907387547E-16,6.66133814775094E-16,
-1.));
#9038=DIRECTION('ref_axis',(-1.,0.,0.));
#9039=DIRECTION('center_axis',(-3.33066907387547E-16,6.66133814775094E-16,
-1.));
#9040=DIRECTION('ref_axis',(0.707106781186548,0.707106781186548,2.35513868802566E-16));
#9041=DIRECTION('center_axis',(3.33066907387547E-16,-6.66133814775094E-16,
1.));
#9042=DIRECTION('ref_axis',(-1.,2.46519056391453E-31,3.33066907387547E-16));
#9043=DIRECTION('',(3.33066907387547E-16,-6.66133814775094E-16,1.));
#9044=DIRECTION('',(3.33066907387547E-16,-6.66133814775094E-16,1.));
#9045=DIRECTION('center_axis',(-4.68386185984863E-31,-1.,-6.66133814775094E-16));
#9046=DIRECTION('ref_axis',(1.,-2.46519056391453E-31,-3.33066907387547E-16));
#9047=DIRECTION('',(3.33066907387547E-16,-6.66133814775094E-16,1.));
#9048=DIRECTION('center_axis',(3.33066907387547E-16,-6.66133814775094E-16,
1.));
#9049=DIRECTION('ref_axis',(-4.68386185984863E-31,-1.,-6.66133814775094E-16));
#9050=DIRECTION('',(3.33066907387547E-16,-6.66133814775094E-16,1.));
#9051=DIRECTION('center_axis',(1.,-2.46519056391453E-31,-3.33066907387547E-16));
#9052=DIRECTION('ref_axis',(4.8687511345098E-31,1.,7.21644966006352E-16));
#9053=DIRECTION('',(3.33066907387547E-16,-6.66133814775094E-16,1.));
#9054=DIRECTION('center_axis',(-4.68386185984863E-31,-1.,-6.66133814775094E-16));
#9055=DIRECTION('ref_axis',(-0.707106781186551,-4.7102773760513E-16,0.707106781186545));
#9056=DIRECTION('center_axis',(-2.3509886545697E-38,-1.,-6.66133814775094E-16));
#9057=DIRECTION('ref_axis',(3.33066907387547E-16,-6.66133814775094E-16,
1.));
#9058=DIRECTION('',(-4.68386185984863E-31,-1.,-6.66133814775094E-16));
#9059=DIRECTION('center_axis',(2.3509886545697E-38,1.,6.66133814775094E-16));
#9060=DIRECTION('ref_axis',(-1.,-2.21867106083523E-31,3.33066907387547E-16));
#9061=DIRECTION('center_axis',(-3.33066907387547E-16,6.66133814775094E-16,
-1.));
#9062=DIRECTION('ref_axis',(-1.,0.,0.));
#9063=DIRECTION('center_axis',(1.,2.21867106083523E-31,-3.33066907387547E-16));
#9064=DIRECTION('ref_axis',(2.35098861734771E-38,1.,6.66133814775094E-16));
#9065=DIRECTION('center_axis',(-3.33066907387547E-16,6.66133814775094E-16,
-1.));
#9066=DIRECTION('ref_axis',(0.707106781186548,-0.707106781186548,-7.06541606407699E-16));
#9067=DIRECTION('center_axis',(-1.,2.46519056391453E-31,3.33066907387547E-16));
#9068=DIRECTION('ref_axis',(2.3551386880257E-16,0.707106781186538,0.707106781186557));
#9069=DIRECTION('center_axis',(1.,2.21867106083523E-31,-3.33066907387547E-16));
#9070=DIRECTION('ref_axis',(2.35098861734771E-38,1.,6.66133814775094E-16));
#9071=DIRECTION('',(-1.,2.46519056391453E-31,3.33066907387547E-16));
#9072=DIRECTION('center_axis',(-3.33066907387547E-16,6.66133814775094E-16,
-1.));
#9073=DIRECTION('ref_axis',(-1.,0.,0.));
#9074=DIRECTION('center_axis',(1.77635683940026E-14,-1.,-6.661338147751E-16));
#9075=DIRECTION('ref_axis',(1.,1.77635683940026E-14,-3.33066907387535E-16));
#9076=DIRECTION('center_axis',(-3.33066907387547E-16,6.66133814775094E-16,
-1.));
#9077=DIRECTION('ref_axis',(-0.70710678118653,-0.707106781186565,-2.35513868802584E-16));
#9078=DIRECTION('center_axis',(4.68386185984863E-31,1.,6.66133814775094E-16));
#9079=DIRECTION('ref_axis',(0.707106781186551,-4.71027737605131E-16,0.707106781186544));
#9080=DIRECTION('center_axis',(-2.3509886545697E-38,-1.,-6.66133814775094E-16));
#9081=DIRECTION('ref_axis',(1.,2.21867106083523E-31,-3.33066907387547E-16));
#9082=DIRECTION('',(4.68386185984863E-31,1.,6.66133814775094E-16));
#9083=DIRECTION('center_axis',(-3.33066907387547E-16,6.66133814775094E-16,
-1.));
#9084=DIRECTION('ref_axis',(-1.,0.,0.));
#9085=DIRECTION('center_axis',(-1.,-2.21867106083523E-31,3.33066907387547E-16));
#9086=DIRECTION('ref_axis',(-2.35098861734771E-38,-1.,-6.66133814775094E-16));
#9087=DIRECTION('center_axis',(-3.33066907387547E-16,6.66133814775094E-16,
-1.));
#9088=DIRECTION('ref_axis',(-0.707106781186548,0.707106781186548,7.06541606407699E-16));
#9089=DIRECTION('center_axis',(1.,-2.46519056391453E-31,-3.33066907387547E-16));
#9090=DIRECTION('ref_axis',(2.35513868802569E-16,-0.707106781186539,0.707106781186557));
#9091=DIRECTION('center_axis',(-1.,-2.21867106083523E-31,3.33066907387547E-16));
#9092=DIRECTION('ref_axis',(-2.35098861734771E-38,-1.,-6.66133814775094E-16));
#9093=DIRECTION('',(1.,-2.46519056391453E-31,-3.33066907387547E-16));
#9094=DIRECTION('center_axis',(-3.33066907387547E-16,6.66133814775094E-16,
-1.));
#9095=DIRECTION('ref_axis',(-1.,0.,0.));
#9096=DIRECTION('center_axis',(-3.33066907387547E-16,6.66133814775094E-16,
-1.));
#9097=DIRECTION('ref_axis',(0.707106781186548,0.707106781186548,2.35513868802566E-16));
#9098=DIRECTION('center_axis',(3.33066907387547E-16,-6.66133814775094E-16,
1.));
#9099=DIRECTION('ref_axis',(-1.,-1.77635683940026E-14,3.33066907387535E-16));
#9100=DIRECTION('',(3.33066907387547E-16,-6.66133814775094E-16,1.));
#9101=DIRECTION('',(3.33066907387547E-16,-6.66133814775094E-16,1.));
#9102=DIRECTION('center_axis',(-4.68386185984863E-31,-1.,-6.66133814775094E-16));
#9103=DIRECTION('ref_axis',(1.,-2.46519056391453E-31,-3.33066907387547E-16));
#9104=DIRECTION('',(3.33066907387547E-16,-6.66133814775094E-16,1.));
#9105=DIRECTION('center_axis',(3.33066907387547E-16,-6.66133814775094E-16,
1.));
#9106=DIRECTION('ref_axis',(-4.68386185984863E-31,-1.,-6.66133814775094E-16));
#9107=DIRECTION('',(3.33066907387547E-16,-6.66133814775094E-16,1.));
#9108=DIRECTION('center_axis',(1.,-2.46519056391453E-31,-3.33066907387547E-16));
#9109=DIRECTION('ref_axis',(4.8687511345098E-31,1.,7.21644966006352E-16));
#9110=DIRECTION('',(3.33066907387547E-16,-6.66133814775094E-16,1.));
#9111=DIRECTION('center_axis',(-4.68386185984863E-31,-1.,-6.66133814775094E-16));
#9112=DIRECTION('ref_axis',(-0.707106781186538,-4.71027737605139E-16,0.707106781186557));
#9113=DIRECTION('center_axis',(-2.3509886545697E-38,-1.,-6.66133814775094E-16));
#9114=DIRECTION('ref_axis',(3.33066907387547E-16,-6.66133814775094E-16,
1.));
#9115=DIRECTION('',(-4.68386185984863E-31,-1.,-6.66133814775094E-16));
#9116=DIRECTION('center_axis',(2.3509886545697E-38,1.,6.66133814775094E-16));
#9117=DIRECTION('ref_axis',(-1.,-2.21867106083523E-31,3.33066907387547E-16));
#9118=DIRECTION('center_axis',(-3.33066907387547E-16,6.66133814775094E-16,
-1.));
#9119=DIRECTION('ref_axis',(-1.,0.,0.));
#9120=DIRECTION('center_axis',(1.,2.21867106083523E-31,-3.33066907387547E-16));
#9121=DIRECTION('ref_axis',(2.35098861734771E-38,1.,6.66133814775094E-16));
#9122=DIRECTION('center_axis',(-3.33066907387547E-16,6.66133814775094E-16,
-1.));
#9123=DIRECTION('ref_axis',(0.707106781186548,-0.707106781186548,-7.06541606407699E-16));
#9124=DIRECTION('center_axis',(-1.,2.46519056391453E-31,3.33066907387547E-16));
#9125=DIRECTION('ref_axis',(2.3551386880257E-16,0.707106781186538,0.707106781186557));
#9126=DIRECTION('center_axis',(1.,2.21867106083523E-31,-3.33066907387547E-16));
#9127=DIRECTION('ref_axis',(2.35098861734771E-38,1.,6.66133814775094E-16));
#9128=DIRECTION('',(-1.,2.46519056391453E-31,3.33066907387547E-16));
#9129=DIRECTION('center_axis',(-3.33066907387547E-16,6.66133814775094E-16,
-1.));
#9130=DIRECTION('ref_axis',(-1.,0.,0.));
#9131=DIRECTION('center_axis',(1.77635683940026E-14,-1.,-6.661338147751E-16));
#9132=DIRECTION('ref_axis',(1.,1.77635683940026E-14,-3.33066907387535E-16));
#9133=DIRECTION('center_axis',(-3.33066907387547E-16,6.66133814775094E-16,
-1.));
#9134=DIRECTION('ref_axis',(-0.707106781186539,-0.707106781186556,-2.35513868802575E-16));
#9135=DIRECTION('center_axis',(4.68386185984863E-31,1.,6.66133814775094E-16));
#9136=DIRECTION('ref_axis',(0.707106781186545,-4.71027737605135E-16,0.70710678118655));
#9137=DIRECTION('center_axis',(-2.3509886545697E-38,-1.,-6.66133814775094E-16));
#9138=DIRECTION('ref_axis',(1.,2.21867106083523E-31,-3.33066907387547E-16));
#9139=DIRECTION('',(4.68386185984863E-31,1.,6.66133814775094E-16));
#9140=DIRECTION('center_axis',(-3.33066907387547E-16,6.66133814775094E-16,
-1.));
#9141=DIRECTION('ref_axis',(-1.,0.,0.));
#9142=DIRECTION('center_axis',(-1.,-2.21867106083523E-31,3.33066907387547E-16));
#9143=DIRECTION('ref_axis',(-2.35098861734771E-38,-1.,-6.66133814775094E-16));
#9144=DIRECTION('center_axis',(-3.33066907387547E-16,6.66133814775094E-16,
-1.));
#9145=DIRECTION('ref_axis',(-0.707106781186543,0.707106781186552,7.065416064077E-16));
#9146=DIRECTION('center_axis',(1.,-2.46519056391453E-31,-3.33066907387547E-16));
#9147=DIRECTION('ref_axis',(2.35513868802569E-16,-0.707106781186539,0.707106781186557));
#9148=DIRECTION('center_axis',(-1.,-2.21867106083523E-31,3.33066907387547E-16));
#9149=DIRECTION('ref_axis',(-2.35098861734771E-38,-1.,-6.66133814775094E-16));
#9150=DIRECTION('',(1.,-2.46519056391453E-31,-3.33066907387547E-16));
#9151=DIRECTION('center_axis',(-3.33066907387547E-16,6.66133814775094E-16,
-1.));
#9152=DIRECTION('ref_axis',(-1.,0.,0.));
#9153=DIRECTION('center_axis',(-3.33066907387547E-16,6.66133814775094E-16,
-1.));
#9154=DIRECTION('ref_axis',(0.707106781186548,0.707106781186548,2.35513868802566E-16));
#9155=DIRECTION('center_axis',(3.33066907387547E-16,-6.66133814775094E-16,
1.));
#9156=DIRECTION('ref_axis',(-1.,-1.77635683940026E-14,3.33066907387535E-16));
#9157=DIRECTION('',(3.33066907387547E-16,-6.66133814775094E-16,1.));
#9158=DIRECTION('',(3.33066907387547E-16,-6.66133814775094E-16,1.));
#9159=DIRECTION('center_axis',(-4.68386185984863E-31,-1.,-6.66133814775094E-16));
#9160=DIRECTION('ref_axis',(1.,-2.46519056391453E-31,-3.33066907387547E-16));
#9161=DIRECTION('',(3.33066907387547E-16,-6.66133814775094E-16,1.));
#9162=DIRECTION('center_axis',(3.33066907387547E-16,-6.66133814775094E-16,
1.));
#9163=DIRECTION('ref_axis',(-4.68386185984863E-31,-1.,-6.66133814775094E-16));
#9164=DIRECTION('',(3.33066907387547E-16,-6.66133814775094E-16,1.));
#9165=DIRECTION('center_axis',(1.,-2.46519056391453E-31,-3.33066907387547E-16));
#9166=DIRECTION('ref_axis',(4.8687511345098E-31,1.,7.21644966006352E-16));
#9167=DIRECTION('',(3.33066907387547E-16,-6.66133814775094E-16,1.));
#9168=DIRECTION('center_axis',(-4.68386185984863E-31,-1.,-6.66133814775094E-16));
#9169=DIRECTION('ref_axis',(-0.707106781186544,-4.71027737605135E-16,0.707106781186551));
#9170=DIRECTION('center_axis',(-2.3509886545697E-38,-1.,-6.66133814775094E-16));
#9171=DIRECTION('ref_axis',(3.33066907387547E-16,-6.66133814775094E-16,
1.));
#9172=DIRECTION('',(-4.68386185984863E-31,-1.,-6.66133814775094E-16));
#9173=DIRECTION('center_axis',(2.3509886545697E-38,1.,6.66133814775094E-16));
#9174=DIRECTION('ref_axis',(-1.,-2.21867106083523E-31,3.33066907387547E-16));
#9175=DIRECTION('center_axis',(-3.33066907387547E-16,6.66133814775094E-16,
-1.));
#9176=DIRECTION('ref_axis',(-1.,0.,0.));
#9177=DIRECTION('center_axis',(1.,2.21867106083523E-31,-3.33066907387547E-16));
#9178=DIRECTION('ref_axis',(2.35098861734771E-38,1.,6.66133814775094E-16));
#9179=DIRECTION('center_axis',(-3.33066907387547E-16,6.66133814775094E-16,
-1.));
#9180=DIRECTION('ref_axis',(0.707106781186543,-0.707106781186552,-7.065416064077E-16));
#9181=DIRECTION('center_axis',(-1.,2.46519056391453E-31,3.33066907387547E-16));
#9182=DIRECTION('ref_axis',(2.3551386880257E-16,0.707106781186538,0.707106781186557));
#9183=DIRECTION('center_axis',(1.,2.21867106083523E-31,-3.33066907387547E-16));
#9184=DIRECTION('ref_axis',(2.35098861734771E-38,1.,6.66133814775094E-16));
#9185=DIRECTION('',(-1.,2.46519056391453E-31,3.33066907387547E-16));
#9186=DIRECTION('center_axis',(-3.33066907387547E-16,6.66133814775094E-16,
-1.));
#9187=DIRECTION('ref_axis',(-1.,0.,0.));
#9188=DIRECTION('center_axis',(1.77635683940025E-14,-1.,-6.661338147751E-16));
#9189=DIRECTION('ref_axis',(1.,1.77635683940025E-14,-3.33066907387535E-16));
#9190=DIRECTION('center_axis',(-3.33066907387547E-16,6.66133814775094E-16,
-1.));
#9191=DIRECTION('ref_axis',(-0.707106781186534,-0.707106781186561,-2.3551386880258E-16));
#9192=DIRECTION('center_axis',(4.68386185984863E-31,1.,6.66133814775094E-16));
#9193=DIRECTION('ref_axis',(0.707106781186546,-4.71027737605134E-16,0.707106781186549));
#9194=DIRECTION('center_axis',(-2.3509886545697E-38,-1.,-6.66133814775094E-16));
#9195=DIRECTION('ref_axis',(1.,2.21867106083523E-31,-3.33066907387547E-16));
#9196=DIRECTION('',(4.68386185984863E-31,1.,6.66133814775094E-16));
#9197=DIRECTION('center_axis',(-3.33066907387547E-16,6.66133814775094E-16,
-1.));
#9198=DIRECTION('ref_axis',(-1.,0.,0.));
#9199=DIRECTION('center_axis',(-1.,-2.21867106083523E-31,3.33066907387547E-16));
#9200=DIRECTION('ref_axis',(-2.35098861734771E-38,-1.,-6.66133814775094E-16));
#9201=DIRECTION('center_axis',(-3.33066907387547E-16,6.66133814775094E-16,
-1.));
#9202=DIRECTION('ref_axis',(-0.707106781186544,0.707106781186551,7.065416064077E-16));
#9203=DIRECTION('center_axis',(1.,-2.46519056391453E-31,-3.33066907387547E-16));
#9204=DIRECTION('ref_axis',(2.35513868802569E-16,-0.707106781186539,0.707106781186557));
#9205=DIRECTION('center_axis',(-1.,-2.21867106083523E-31,3.33066907387547E-16));
#9206=DIRECTION('ref_axis',(-2.35098861734771E-38,-1.,-6.66133814775094E-16));
#9207=DIRECTION('',(1.,-2.46519056391453E-31,-3.33066907387547E-16));
#9208=DIRECTION('center_axis',(-3.33066907387547E-16,6.66133814775094E-16,
-1.));
#9209=DIRECTION('ref_axis',(-1.,0.,0.));
#9210=DIRECTION('center_axis',(-3.33066907387547E-16,6.66133814775094E-16,
-1.));
#9211=DIRECTION('ref_axis',(0.707106781186548,0.707106781186548,2.35513868802566E-16));
#9212=DIRECTION('center_axis',(3.33066907387547E-16,-6.66133814775094E-16,
1.));
#9213=DIRECTION('ref_axis',(-1.,-1.77635683940026E-14,3.33066907387535E-16));
#9214=DIRECTION('',(3.33066907387547E-16,-6.66133814775094E-16,1.));
#9215=DIRECTION('',(3.33066907387547E-16,-6.66133814775094E-16,1.));
#9216=DIRECTION('center_axis',(-4.68386185984863E-31,-1.,-6.66133814775094E-16));
#9217=DIRECTION('ref_axis',(1.,-2.46519056391453E-31,-3.33066907387547E-16));
#9218=DIRECTION('',(3.33066907387547E-16,-6.66133814775094E-16,1.));
#9219=DIRECTION('center_axis',(3.33066907387547E-16,-6.66133814775094E-16,
1.));
#9220=DIRECTION('ref_axis',(-4.68386185984863E-31,-1.,-6.66133814775094E-16));
#9221=DIRECTION('',(3.33066907387547E-16,-6.66133814775094E-16,1.));
#9222=DIRECTION('center_axis',(1.,-2.46519056391453E-31,-3.33066907387547E-16));
#9223=DIRECTION('ref_axis',(4.8687511345098E-31,1.,7.21644966006352E-16));
#9224=DIRECTION('',(3.33066907387547E-16,-6.66133814775094E-16,1.));
#9225=DIRECTION('center_axis',(-4.68386185984863E-31,-1.,-6.66133814775094E-16));
#9226=DIRECTION('ref_axis',(-0.707106781186553,-4.71027737605129E-16,0.707106781186542));
#9227=DIRECTION('center_axis',(-2.3509886545697E-38,-1.,-6.66133814775094E-16));
#9228=DIRECTION('ref_axis',(3.33066907387547E-16,-6.66133814775094E-16,
1.));
#9229=DIRECTION('',(-4.68386185984863E-31,-1.,-6.66133814775094E-16));
#9230=DIRECTION('center_axis',(2.3509886545697E-38,1.,6.66133814775094E-16));
#9231=DIRECTION('ref_axis',(-1.,-2.21867106083523E-31,3.33066907387547E-16));
#9232=DIRECTION('center_axis',(-3.33066907387547E-16,6.66133814775094E-16,
-1.));
#9233=DIRECTION('ref_axis',(-1.,0.,0.));
#9234=DIRECTION('center_axis',(1.,2.21867106083523E-31,-3.33066907387547E-16));
#9235=DIRECTION('ref_axis',(2.35098861734771E-38,1.,6.66133814775094E-16));
#9236=DIRECTION('center_axis',(-3.33066907387547E-16,6.66133814775094E-16,
-1.));
#9237=DIRECTION('ref_axis',(0.707106781186548,-0.707106781186548,-7.06541606407699E-16));
#9238=DIRECTION('center_axis',(-1.,2.46519056391453E-31,3.33066907387547E-16));
#9239=DIRECTION('ref_axis',(2.35513868802567E-16,0.707106781186547,0.707106781186548));
#9240=DIRECTION('center_axis',(1.,2.21867106083523E-31,-3.33066907387547E-16));
#9241=DIRECTION('ref_axis',(2.35098861734771E-38,1.,6.66133814775094E-16));
#9242=DIRECTION('',(-1.,2.46519056391453E-31,3.33066907387547E-16));
#9243=DIRECTION('center_axis',(-3.33066907387547E-16,6.66133814775094E-16,
-1.));
#9244=DIRECTION('ref_axis',(-1.,0.,0.));
#9245=DIRECTION('center_axis',(-2.3509886545697E-38,-1.,-6.66133814775094E-16));
#9246=DIRECTION('ref_axis',(1.,2.21867106083523E-31,-3.33066907387547E-16));
#9247=DIRECTION('center_axis',(-3.33066907387547E-16,6.66133814775094E-16,
-1.));
#9248=DIRECTION('ref_axis',(-0.707106781186548,-0.707106781186548,-2.35513868802566E-16));
#9249=DIRECTION('center_axis',(4.68386185984863E-31,1.,6.66133814775094E-16));
#9250=DIRECTION('ref_axis',(0.707106781186554,-4.71027737605129E-16,0.707106781186541));
#9251=DIRECTION('center_axis',(-2.3509886545697E-38,-1.,-6.66133814775094E-16));
#9252=DIRECTION('ref_axis',(1.,2.21867106083523E-31,-3.33066907387547E-16));
#9253=DIRECTION('',(4.68386185984863E-31,1.,6.66133814775094E-16));
#9254=DIRECTION('center_axis',(-3.33066907387547E-16,6.66133814775094E-16,
-1.));
#9255=DIRECTION('ref_axis',(-1.,0.,0.));
#9256=DIRECTION('center_axis',(-1.,-2.21867106083523E-31,3.33066907387547E-16));
#9257=DIRECTION('ref_axis',(-2.35098861734771E-38,-1.,-6.66133814775094E-16));
#9258=DIRECTION('center_axis',(-3.33066907387547E-16,6.66133814775094E-16,
-1.));
#9259=DIRECTION('ref_axis',(-0.707106781186543,0.707106781186552,7.065416064077E-16));
#9260=DIRECTION('center_axis',(1.,-2.46519056391453E-31,-3.33066907387547E-16));
#9261=DIRECTION('ref_axis',(2.35513868802566E-16,-0.707106781186548,0.707106781186547));
#9262=DIRECTION('center_axis',(-1.,-2.21867106083523E-31,3.33066907387547E-16));
#9263=DIRECTION('ref_axis',(-2.35098861734771E-38,-1.,-6.66133814775094E-16));
#9264=DIRECTION('',(1.,-2.46519056391453E-31,-3.33066907387547E-16));
#9265=DIRECTION('center_axis',(-3.33066907387547E-16,6.66133814775094E-16,
-1.));
#9266=DIRECTION('ref_axis',(-1.,0.,0.));
#9267=DIRECTION('center_axis',(-3.33066907387547E-16,6.66133814775094E-16,
-1.));
#9268=DIRECTION('ref_axis',(0.707106781186548,0.707106781186548,2.35513868802566E-16));
#9269=DIRECTION('center_axis',(3.33066907387547E-16,-6.66133814775094E-16,
1.));
#9270=DIRECTION('ref_axis',(-1.,2.46519056391453E-31,3.33066907387547E-16));
#9271=DIRECTION('',(3.33066907387547E-16,-6.66133814775094E-16,1.));
#9272=DIRECTION('',(3.33066907387547E-16,-6.66133814775094E-16,1.));
#9273=DIRECTION('center_axis',(-4.68386185984863E-31,-1.,-6.66133814775094E-16));
#9274=DIRECTION('ref_axis',(1.,-2.46519056391453E-31,-3.33066907387547E-16));
#9275=DIRECTION('',(3.33066907387547E-16,-6.66133814775094E-16,1.));
#9276=DIRECTION('center_axis',(3.33066907387547E-16,-6.66133814775094E-16,
1.));
#9277=DIRECTION('ref_axis',(-4.68386185984863E-31,-1.,-6.66133814775094E-16));
#9278=DIRECTION('',(3.33066907387547E-16,-6.66133814775094E-16,1.));
#9279=DIRECTION('center_axis',(1.,-2.46519056391453E-31,-3.33066907387547E-16));
#9280=DIRECTION('ref_axis',(4.8687511345098E-31,1.,7.21644966006352E-16));
#9281=DIRECTION('',(3.33066907387547E-16,-6.66133814775094E-16,1.));
#9282=DIRECTION('center_axis',(-4.68386185984863E-31,-1.,-6.66133814775094E-16));
#9283=DIRECTION('ref_axis',(-0.707106781186541,-4.71027737605137E-16,0.707106781186554));
#9284=DIRECTION('center_axis',(-2.3509886545697E-38,-1.,-6.66133814775094E-16));
#9285=DIRECTION('ref_axis',(3.33066907387547E-16,-6.66133814775094E-16,
1.));
#9286=DIRECTION('',(-4.68386185984863E-31,-1.,-6.66133814775094E-16));
#9287=DIRECTION('center_axis',(2.3509886545697E-38,1.,6.66133814775094E-16));
#9288=DIRECTION('ref_axis',(-1.,-2.21867106083523E-31,3.33066907387547E-16));
#9289=DIRECTION('center_axis',(-3.33066907387547E-16,6.66133814775094E-16,
-1.));
#9290=DIRECTION('ref_axis',(-1.,0.,0.));
#9291=DIRECTION('center_axis',(1.,2.21867106083523E-31,-3.33066907387547E-16));
#9292=DIRECTION('ref_axis',(2.35098861734771E-38,1.,6.66133814775094E-16));
#9293=DIRECTION('center_axis',(-3.33066907387547E-16,6.66133814775094E-16,
-1.));
#9294=DIRECTION('ref_axis',(0.707106781186548,-0.707106781186548,-7.06541606407699E-16));
#9295=DIRECTION('center_axis',(-1.,2.46519056391453E-31,3.33066907387547E-16));
#9296=DIRECTION('ref_axis',(2.35513868802567E-16,0.707106781186547,0.707106781186548));
#9297=DIRECTION('center_axis',(1.,2.21867106083523E-31,-3.33066907387547E-16));
#9298=DIRECTION('ref_axis',(2.35098861734771E-38,1.,6.66133814775094E-16));
#9299=DIRECTION('',(-1.,2.46519056391453E-31,3.33066907387547E-16));
#9300=DIRECTION('center_axis',(-3.33066907387547E-16,6.66133814775094E-16,
-1.));
#9301=DIRECTION('ref_axis',(-1.,0.,0.));
#9302=DIRECTION('center_axis',(-2.3509886545697E-38,-1.,-6.66133814775094E-16));
#9303=DIRECTION('ref_axis',(1.,2.21867106083523E-31,-3.33066907387547E-16));
#9304=DIRECTION('center_axis',(-3.33066907387547E-16,6.66133814775094E-16,
-1.));
#9305=DIRECTION('ref_axis',(-0.707106781186548,-0.707106781186548,-2.35513868802566E-16));
#9306=DIRECTION('center_axis',(4.68386185984863E-31,1.,6.66133814775094E-16));
#9307=DIRECTION('ref_axis',(0.707106781186548,-4.71027737605133E-16,0.707106781186547));
#9308=DIRECTION('center_axis',(-2.3509886545697E-38,-1.,-6.66133814775094E-16));
#9309=DIRECTION('ref_axis',(1.,2.21867106083523E-31,-3.33066907387547E-16));
#9310=DIRECTION('',(4.68386185984863E-31,1.,6.66133814775094E-16));
#9311=DIRECTION('center_axis',(-3.33066907387547E-16,6.66133814775094E-16,
-1.));
#9312=DIRECTION('ref_axis',(-1.,0.,0.));
#9313=DIRECTION('center_axis',(-1.,-2.21867106083523E-31,3.33066907387547E-16));
#9314=DIRECTION('ref_axis',(-2.35098861734771E-38,-1.,-6.66133814775094E-16));
#9315=DIRECTION('center_axis',(-3.33066907387547E-16,6.66133814775094E-16,
-1.));
#9316=DIRECTION('ref_axis',(-0.707106781186548,0.707106781186548,7.06541606407699E-16));
#9317=DIRECTION('center_axis',(1.,-2.46519056391453E-31,-3.33066907387547E-16));
#9318=DIRECTION('ref_axis',(2.35513868802566E-16,-0.707106781186548,0.707106781186547));
#9319=DIRECTION('center_axis',(-1.,-2.21867106083523E-31,3.33066907387547E-16));
#9320=DIRECTION('ref_axis',(-2.35098861734771E-38,-1.,-6.66133814775094E-16));
#9321=DIRECTION('',(1.,-2.46519056391453E-31,-3.33066907387547E-16));
#9322=DIRECTION('center_axis',(-3.33066907387547E-16,6.66133814775094E-16,
-1.));
#9323=DIRECTION('ref_axis',(-1.,0.,0.));
#9324=DIRECTION('center_axis',(-3.33066907387547E-16,6.66133814775094E-16,
-1.));
#9325=DIRECTION('ref_axis',(0.707106781186548,0.707106781186548,2.35513868802566E-16));
#9326=DIRECTION('center_axis',(3.33066907387547E-16,-6.66133814775094E-16,
1.));
#9327=DIRECTION('ref_axis',(-1.,2.46519056391453E-31,3.33066907387547E-16));
#9328=DIRECTION('',(3.33066907387547E-16,-6.66133814775094E-16,1.));
#9329=DIRECTION('',(3.33066907387547E-16,-6.66133814775094E-16,1.));
#9330=DIRECTION('center_axis',(-4.68386185984863E-31,-1.,-6.66133814775094E-16));
#9331=DIRECTION('ref_axis',(1.,-2.46519056391453E-31,-3.33066907387547E-16));
#9332=DIRECTION('',(3.33066907387547E-16,-6.66133814775094E-16,1.));
#9333=DIRECTION('center_axis',(3.33066907387547E-16,-6.66133814775094E-16,
1.));
#9334=DIRECTION('ref_axis',(-4.68386185984863E-31,-1.,-6.66133814775094E-16));
#9335=DIRECTION('',(3.33066907387547E-16,-6.66133814775094E-16,1.));
#9336=DIRECTION('center_axis',(1.,-2.46519056391453E-31,-3.33066907387547E-16));
#9337=DIRECTION('ref_axis',(4.8687511345098E-31,1.,7.21644966006352E-16));
#9338=DIRECTION('',(3.33066907387547E-16,-6.66133814775094E-16,1.));
#9339=DIRECTION('center_axis',(-4.68386185984863E-31,-1.,-6.66133814775094E-16));
#9340=DIRECTION('ref_axis',(-0.707106781186547,-4.71027737605133E-16,0.707106781186548));
#9341=DIRECTION('center_axis',(-2.3509886545697E-38,-1.,-6.66133814775094E-16));
#9342=DIRECTION('ref_axis',(3.33066907387547E-16,-6.66133814775094E-16,
1.));
#9343=DIRECTION('',(-4.68386185984863E-31,-1.,-6.66133814775094E-16));
#9344=DIRECTION('center_axis',(2.3509886545697E-38,1.,6.66133814775094E-16));
#9345=DIRECTION('ref_axis',(-1.,-2.21867106083523E-31,3.33066907387547E-16));
#9346=DIRECTION('center_axis',(-3.33066907387547E-16,6.66133814775094E-16,
-1.));
#9347=DIRECTION('ref_axis',(-1.,0.,0.));
#9348=DIRECTION('center_axis',(1.,2.21867106083523E-31,-3.33066907387547E-16));
#9349=DIRECTION('ref_axis',(2.35098861734771E-38,1.,6.66133814775094E-16));
#9350=DIRECTION('center_axis',(-3.33066907387547E-16,6.66133814775094E-16,
-1.));
#9351=DIRECTION('ref_axis',(0.707106781186548,-0.707106781186548,-7.06541606407699E-16));
#9352=DIRECTION('center_axis',(-1.,2.46519056391453E-31,3.33066907387547E-16));
#9353=DIRECTION('ref_axis',(2.35513868802567E-16,0.707106781186547,0.707106781186548));
#9354=DIRECTION('center_axis',(1.,2.21867106083523E-31,-3.33066907387547E-16));
#9355=DIRECTION('ref_axis',(2.35098861734771E-38,1.,6.66133814775094E-16));
#9356=DIRECTION('',(-1.,2.46519056391453E-31,3.33066907387547E-16));
#9357=DIRECTION('center_axis',(-3.33066907387547E-16,6.66133814775094E-16,
-1.));
#9358=DIRECTION('ref_axis',(-1.,0.,0.));
#9359=DIRECTION('center_axis',(-2.3509886545697E-38,-1.,-6.66133814775094E-16));
#9360=DIRECTION('ref_axis',(1.,2.21867106083523E-31,-3.33066907387547E-16));
#9361=DIRECTION('center_axis',(-3.33066907387547E-16,6.66133814775094E-16,
-1.));
#9362=DIRECTION('ref_axis',(-0.707106781186548,-0.707106781186548,-2.35513868802566E-16));
#9363=DIRECTION('center_axis',(4.68386185984863E-31,1.,6.66133814775094E-16));
#9364=DIRECTION('ref_axis',(0.707106781186549,-4.71027737605132E-16,0.707106781186546));
#9365=DIRECTION('center_axis',(-2.3509886545697E-38,-1.,-6.66133814775094E-16));
#9366=DIRECTION('ref_axis',(1.,2.21867106083523E-31,-3.33066907387547E-16));
#9367=DIRECTION('',(4.68386185984863E-31,1.,6.66133814775094E-16));
#9368=DIRECTION('center_axis',(-3.33066907387547E-16,6.66133814775094E-16,
-1.));
#9369=DIRECTION('ref_axis',(-1.,0.,0.));
#9370=DIRECTION('center_axis',(-1.,-2.21867106083523E-31,3.33066907387547E-16));
#9371=DIRECTION('ref_axis',(-2.35098861734771E-38,-1.,-6.66133814775094E-16));
#9372=DIRECTION('center_axis',(-3.33066907387547E-16,6.66133814775094E-16,
-1.));
#9373=DIRECTION('ref_axis',(-0.707106781186545,0.70710678118655,7.065416064077E-16));
#9374=DIRECTION('center_axis',(1.,-2.46519056391453E-31,-3.33066907387547E-16));
#9375=DIRECTION('ref_axis',(2.35513868802566E-16,-0.707106781186548,0.707106781186547));
#9376=DIRECTION('center_axis',(-1.,-2.21867106083523E-31,3.33066907387547E-16));
#9377=DIRECTION('ref_axis',(-2.35098861734771E-38,-1.,-6.66133814775094E-16));
#9378=DIRECTION('',(1.,-2.46519056391453E-31,-3.33066907387547E-16));
#9379=DIRECTION('center_axis',(-3.33066907387547E-16,6.66133814775094E-16,
-1.));
#9380=DIRECTION('ref_axis',(-1.,0.,0.));
#9381=DIRECTION('center_axis',(-3.33066907387547E-16,6.66133814775094E-16,
-1.));
#9382=DIRECTION('ref_axis',(0.707106781186548,0.707106781186548,2.35513868802566E-16));
#9383=DIRECTION('center_axis',(3.33066907387547E-16,-6.66133814775094E-16,
1.));
#9384=DIRECTION('ref_axis',(-1.,2.46519056391453E-31,3.33066907387547E-16));
#9385=DIRECTION('',(3.33066907387547E-16,-6.66133814775094E-16,1.));
#9386=DIRECTION('',(3.33066907387547E-16,-6.66133814775094E-16,1.));
#9387=DIRECTION('center_axis',(-4.68386185984863E-31,-1.,-6.66133814775094E-16));
#9388=DIRECTION('ref_axis',(1.,-2.46519056391453E-31,-3.33066907387547E-16));
#9389=DIRECTION('',(3.33066907387547E-16,-6.66133814775094E-16,1.));
#9390=DIRECTION('center_axis',(3.33066907387547E-16,-6.66133814775094E-16,
1.));
#9391=DIRECTION('ref_axis',(-4.68386185984863E-31,-1.,-6.66133814775094E-16));
#9392=DIRECTION('',(3.33066907387547E-16,-6.66133814775094E-16,1.));
#9393=DIRECTION('center_axis',(1.,-2.46519056391453E-31,-3.33066907387547E-16));
#9394=DIRECTION('ref_axis',(4.8687511345098E-31,1.,7.21644966006352E-16));
#9395=DIRECTION('',(3.33066907387547E-16,-6.66133814775094E-16,1.));
#9396=DIRECTION('center_axis',(-1.,-2.21867106083523E-31,3.33066907387547E-16));
#9397=DIRECTION('ref_axis',(-2.35098861734771E-38,-1.,-6.66133814775094E-16));
#9398=DIRECTION('center_axis',(1.,2.21867106083523E-31,-3.33066907387547E-16));
#9399=DIRECTION('ref_axis',(2.35513868802566E-16,-0.707106781186548,0.707106781186547));
#9400=DIRECTION('center_axis',(-2.3509886545697E-38,-1.,-6.66133814775094E-16));
#9401=DIRECTION('ref_axis',(1.,2.21867106083523E-31,-3.33066907387547E-16));
#9402=DIRECTION('center_axis',(2.3509886545697E-38,1.,6.66133814775094E-16));
#9403=DIRECTION('ref_axis',(0.707106781186548,-4.71027737605132E-16,0.707106781186547));
#9404=DIRECTION('center_axis',(-1.,2.46519056391453E-31,3.33066907387547E-16));
#9405=DIRECTION('ref_axis',(-4.8687511345098E-31,-1.,-7.21644966006352E-16));
#9406=DIRECTION('',(3.33066907387547E-16,-6.66133814775094E-16,1.));
#9407=DIRECTION('center_axis',(3.33066907387547E-16,-6.66133814775094E-16,
1.));
#9408=DIRECTION('ref_axis',(4.68386185984863E-31,1.,6.66133814775094E-16));
#9409=DIRECTION('',(3.33066907387547E-16,-6.66133814775094E-16,1.));
#9410=DIRECTION('center_axis',(4.68386185984863E-31,1.,6.66133814775094E-16));
#9411=DIRECTION('ref_axis',(-1.,2.46519056391453E-31,3.33066907387547E-16));
#9412=DIRECTION('',(3.33066907387547E-16,-6.66133814775094E-16,1.));
#9413=DIRECTION('center_axis',(3.33066907387547E-16,-6.66133814775094E-16,
1.));
#9414=DIRECTION('ref_axis',(1.,-2.46519056391453E-31,-3.33066907387547E-16));
#9415=DIRECTION('center_axis',(-1.,2.46519056391453E-31,3.33066907387547E-16));
#9416=DIRECTION('ref_axis',(-4.8687511345098E-31,-1.,-7.21644966006352E-16));
#9417=DIRECTION('',(3.33066907387547E-16,-6.66133814775094E-16,1.));
#9418=DIRECTION('center_axis',(3.33066907387547E-16,-6.66133814775094E-16,
1.));
#9419=DIRECTION('ref_axis',(4.68386185984863E-31,1.,6.66133814775094E-16));
#9420=DIRECTION('',(3.33066907387547E-16,-6.66133814775094E-16,1.));
#9421=DIRECTION('center_axis',(4.68386185984863E-31,1.,6.66133814775094E-16));
#9422=DIRECTION('ref_axis',(-1.,2.46519056391453E-31,3.33066907387547E-16));
#9423=DIRECTION('',(3.33066907387547E-16,-6.66133814775094E-16,1.));
#9424=DIRECTION('center_axis',(3.33066907387547E-16,-6.66133814775094E-16,
1.));
#9425=DIRECTION('ref_axis',(1.,-2.46519056391453E-31,-3.33066907387547E-16));
#9426=DIRECTION('center_axis',(-1.,2.46519056391453E-31,3.33066907387547E-16));
#9427=DIRECTION('ref_axis',(-4.8687511345098E-31,-1.,-7.21644966006352E-16));
#9428=DIRECTION('',(3.33066907387547E-16,-6.66133814775094E-16,1.));
#9429=DIRECTION('center_axis',(3.33066907387547E-16,-6.66133814775094E-16,
1.));
#9430=DIRECTION('ref_axis',(4.68386185984863E-31,1.,6.66133814775094E-16));
#9431=DIRECTION('',(3.33066907387547E-16,-6.66133814775094E-16,1.));
#9432=DIRECTION('center_axis',(4.68386185984863E-31,1.,6.66133814775094E-16));
#9433=DIRECTION('ref_axis',(-1.,2.46519056391453E-31,3.33066907387547E-16));
#9434=DIRECTION('',(3.33066907387547E-16,-6.66133814775094E-16,1.));
#9435=DIRECTION('center_axis',(3.33066907387547E-16,-6.66133814775094E-16,
1.));
#9436=DIRECTION('ref_axis',(1.,-2.46519056391453E-31,-3.33066907387547E-16));
#9437=DIRECTION('center_axis',(-1.,2.46519056391453E-31,3.33066907387547E-16));
#9438=DIRECTION('ref_axis',(-4.8687511345098E-31,-1.,-7.21644966006352E-16));
#9439=DIRECTION('',(3.33066907387547E-16,-6.66133814775094E-16,1.));
#9440=DIRECTION('center_axis',(3.33066907387547E-16,-6.66133814775094E-16,
1.));
#9441=DIRECTION('ref_axis',(4.68386185984863E-31,1.,6.66133814775094E-16));
#9442=DIRECTION('',(3.33066907387547E-16,-6.66133814775094E-16,1.));
#9443=DIRECTION('center_axis',(4.68386185984863E-31,1.,6.66133814775094E-16));
#9444=DIRECTION('ref_axis',(-1.,2.46519056391453E-31,3.33066907387547E-16));
#9445=DIRECTION('',(3.33066907387547E-16,-6.66133814775094E-16,1.));
#9446=DIRECTION('center_axis',(3.33066907387547E-16,-6.66133814775094E-16,
1.));
#9447=DIRECTION('ref_axis',(1.,-2.46519056391453E-31,-3.33066907387547E-16));
#9448=DIRECTION('center_axis',(-1.,2.46519056391453E-31,3.33066907387547E-16));
#9449=DIRECTION('ref_axis',(-4.8687511345098E-31,-1.,-7.21644966006352E-16));
#9450=DIRECTION('',(3.33066907387547E-16,-6.66133814775094E-16,1.));
#9451=DIRECTION('center_axis',(3.33066907387547E-16,-6.66133814775094E-16,
1.));
#9452=DIRECTION('ref_axis',(4.68386185984863E-31,1.,6.66133814775094E-16));
#9453=DIRECTION('',(3.33066907387547E-16,-6.66133814775094E-16,1.));
#9454=DIRECTION('center_axis',(4.68386185984863E-31,1.,6.66133814775094E-16));
#9455=DIRECTION('ref_axis',(-1.,2.46519056391453E-31,3.33066907387547E-16));
#9456=DIRECTION('',(3.33066907387547E-16,-6.66133814775094E-16,1.));
#9457=DIRECTION('center_axis',(3.33066907387547E-16,-6.66133814775094E-16,
1.));
#9458=DIRECTION('ref_axis',(1.,-2.46519056391453E-31,-3.33066907387547E-16));
#9459=DIRECTION('center_axis',(-1.,2.46519056391453E-31,3.33066907387547E-16));
#9460=DIRECTION('ref_axis',(-4.8687511345098E-31,-1.,-7.21644966006352E-16));
#9461=DIRECTION('',(3.33066907387547E-16,-6.66133814775094E-16,1.));
#9462=DIRECTION('center_axis',(3.33066907387547E-16,-6.66133814775094E-16,
1.));
#9463=DIRECTION('ref_axis',(4.68386185984863E-31,1.,6.66133814775094E-16));
#9464=DIRECTION('',(3.33066907387547E-16,-6.66133814775094E-16,1.));
#9465=DIRECTION('center_axis',(4.68386185984863E-31,1.,6.66133814775094E-16));
#9466=DIRECTION('ref_axis',(-1.,2.46519056391453E-31,3.33066907387547E-16));
#9467=DIRECTION('',(3.33066907387547E-16,-6.66133814775094E-16,1.));
#9468=DIRECTION('center_axis',(3.33066907387547E-16,-6.66133814775094E-16,
1.));
#9469=DIRECTION('ref_axis',(1.,-2.46519056391453E-31,-3.33066907387547E-16));
#9470=DIRECTION('center_axis',(-1.,2.46519056391453E-31,3.33066907387547E-16));
#9471=DIRECTION('ref_axis',(-4.8687511345098E-31,-1.,-7.21644966006352E-16));
#9472=DIRECTION('',(3.33066907387547E-16,-6.66133814775094E-16,1.));
#9473=DIRECTION('center_axis',(3.33066907387547E-16,-6.66133814775094E-16,
1.));
#9474=DIRECTION('ref_axis',(4.68386185984863E-31,1.,6.66133814775094E-16));
#9475=DIRECTION('',(3.33066907387547E-16,-6.66133814775094E-16,1.));
#9476=DIRECTION('center_axis',(4.68386185984863E-31,1.,6.66133814775094E-16));
#9477=DIRECTION('ref_axis',(-1.,2.46519056391453E-31,3.33066907387547E-16));
#9478=DIRECTION('',(3.33066907387547E-16,-6.66133814775094E-16,1.));
#9479=DIRECTION('center_axis',(3.33066907387547E-16,-6.66133814775094E-16,
1.));
#9480=DIRECTION('ref_axis',(1.,-2.46519056391453E-31,-3.33066907387547E-16));
#9481=DIRECTION('center_axis',(-1.,2.46519056391453E-31,3.33066907387547E-16));
#9482=DIRECTION('ref_axis',(-4.8687511345098E-31,-1.,-7.21644966006352E-16));
#9483=DIRECTION('',(3.33066907387547E-16,-6.66133814775094E-16,1.));
#9484=DIRECTION('center_axis',(3.33066907387547E-16,-6.66133814775094E-16,
1.));
#9485=DIRECTION('ref_axis',(4.68386185984863E-31,1.,6.66133814775094E-16));
#9486=DIRECTION('',(3.33066907387547E-16,-6.66133814775094E-16,1.));
#9487=DIRECTION('center_axis',(4.68386185984863E-31,1.,6.66133814775094E-16));
#9488=DIRECTION('ref_axis',(-1.,2.46519056391453E-31,3.33066907387547E-16));
#9489=DIRECTION('',(3.33066907387547E-16,-6.66133814775094E-16,1.));
#9490=DIRECTION('center_axis',(3.33066907387547E-16,-6.66133814775094E-16,
1.));
#9491=DIRECTION('ref_axis',(1.,-2.46519056391453E-31,-3.33066907387547E-16));
#9492=DIRECTION('center_axis',(-1.,2.46519056391453E-31,3.33066907387547E-16));
#9493=DIRECTION('ref_axis',(-4.8687511345098E-31,-1.,-7.21644966006352E-16));
#9494=DIRECTION('',(3.33066907387547E-16,-6.66133814775094E-16,1.));
#9495=DIRECTION('center_axis',(3.33066907387547E-16,-6.66133814775094E-16,
1.));
#9496=DIRECTION('ref_axis',(4.68386185984863E-31,1.,6.66133814775094E-16));
#9497=DIRECTION('',(3.33066907387547E-16,-6.66133814775094E-16,1.));
#9498=DIRECTION('center_axis',(4.68386185984863E-31,1.,6.66133814775094E-16));
#9499=DIRECTION('ref_axis',(-1.,2.46519056391453E-31,3.33066907387547E-16));
#9500=DIRECTION('',(3.33066907387547E-16,-6.66133814775094E-16,1.));
#9501=DIRECTION('center_axis',(3.33066907387547E-16,-6.66133814775094E-16,
1.));
#9502=DIRECTION('ref_axis',(1.,-2.46519056391453E-31,-3.33066907387547E-16));
#9503=DIRECTION('center_axis',(1.,2.21867106083523E-31,-3.33066907387547E-16));
#9504=DIRECTION('ref_axis',(2.35098861734771E-38,1.,6.66133814775094E-16));
#9505=DIRECTION('',(3.33066907387547E-16,-6.66133814775094E-16,1.));
#9506=DIRECTION('center_axis',(-2.3509886545697E-38,-1.,-6.66133814775094E-16));
#9507=DIRECTION('ref_axis',(1.,2.21867106083523E-31,-3.33066907387547E-16));
#9508=DIRECTION('',(0.,-1.38777878078144E-17,0.999999999999997));
#9509=DIRECTION('',(1.,0.,0.));
#9510=DIRECTION('',(0.,-1.38777878078144E-17,0.999999999999997));
#9511=DIRECTION('',(1.,0.,0.));
#9512=DIRECTION('',(0.,-1.38777878078144E-17,0.999999999999997));
#9513=DIRECTION('',(1.,0.,0.));
#9514=DIRECTION('',(0.,-1.38777878078144E-17,0.999999999999997));
#9515=DIRECTION('',(1.,0.,0.));
#9516=DIRECTION('',(0.,-1.38777878078144E-17,0.999999999999997));
#9517=DIRECTION('',(1.,0.,0.));
#9518=DIRECTION('',(0.,-1.38777878078144E-17,0.999999999999997));
#9519=DIRECTION('',(1.,0.,0.));
#9520=DIRECTION('',(0.,-1.38777878078144E-17,0.999999999999997));
#9521=DIRECTION('',(1.,0.,0.));
#9522=DIRECTION('',(0.,-1.38777878078144E-17,0.999999999999997));
#9523=DIRECTION('',(1.,0.,0.));
#9524=CARTESIAN_POINT('',(0.,0.,0.));
#9525=CARTESIAN_POINT('',(0.,0.,0.));
#9526=CARTESIAN_POINT('Ctrl Pts',(104.382313667132,-47.3529003715934,11.));
#9527=CARTESIAN_POINT('Ctrl Pts',(104.382313667132,-47.3529003715934,13.4));
#9528=CARTESIAN_POINT('Ctrl Pts',(104.144982417132,-47.2497128715935,11.));
#9529=CARTESIAN_POINT('Ctrl Pts',(104.144982417132,-47.2497128715935,13.4));
#9530=CARTESIAN_POINT('Ctrl Pts',(100.450869917132,-47.2187566215934,11.));
#9531=CARTESIAN_POINT('Ctrl Pts',(100.450869917132,-47.2187566215934,13.4));
#9532=CARTESIAN_POINT('Ctrl Pts',(100.172263667132,-47.3219441215934,11.));
#9533=CARTESIAN_POINT('Ctrl Pts',(100.172263667132,-47.3219441215934,13.4));
#9534=CARTESIAN_POINT('',(100.172263667132,-47.3219441215934,11.));
#9535=CARTESIAN_POINT('',(104.382313667132,-47.3529003715934,11.));
#9536=CARTESIAN_POINT('Ctrl Pts',(100.172263667132,-47.3219441215934,11.));
#9537=CARTESIAN_POINT('Ctrl Pts',(100.450869917132,-47.2187566215934,11.));
#9538=CARTESIAN_POINT('Ctrl Pts',(104.144982417132,-47.2497128715935,11.));
#9539=CARTESIAN_POINT('Ctrl Pts',(104.382313667132,-47.3529003715934,11.));
#9540=CARTESIAN_POINT('',(100.172263667132,-47.3219441215934,13.));
#9541=CARTESIAN_POINT('',(100.172263667132,-47.3219441215934,11.));
#9542=CARTESIAN_POINT('',(104.382313667132,-47.3529003715934,13.));
#9543=CARTESIAN_POINT('Ctrl Pts',(104.382313667132,-47.3529003715934,13.));
#9544=CARTESIAN_POINT('Ctrl Pts',(104.144982417132,-47.2497128715935,13.));
#9545=CARTESIAN_POINT('Ctrl Pts',(100.450869917132,-47.2187566215934,13.));
#9546=CARTESIAN_POINT('Ctrl Pts',(100.172263667132,-47.3219441215934,13.));
#9547=CARTESIAN_POINT('',(104.382313667132,-47.3529003715934,11.));
#9548=CARTESIAN_POINT('Origin',(104.629963667132,-47.4664066215934,11.));
#9549=CARTESIAN_POINT('',(104.629963667132,-47.4664066215934,11.));
#9550=CARTESIAN_POINT('',(104.382313667132,-47.3529003715934,11.));
#9551=CARTESIAN_POINT('',(104.629963667132,-47.4664066215934,13.));
#9552=CARTESIAN_POINT('',(104.382313667132,-47.3529003715934,13.));
#9553=CARTESIAN_POINT('',(104.629963667132,-47.4664066215934,11.));
#9554=CARTESIAN_POINT('Origin',(104.609326167132,-50.6239441215935,11.));
#9555=CARTESIAN_POINT('',(104.609326167132,-50.6239441215935,11.));
#9556=CARTESIAN_POINT('',(104.629963667132,-47.4664066215934,11.));
#9557=CARTESIAN_POINT('',(104.609326167132,-50.6239441215935,13.));
#9558=CARTESIAN_POINT('',(104.629963667132,-47.4664066215934,13.));
#9559=CARTESIAN_POINT('',(104.609326167132,-50.6239441215935,11.));
#9560=CARTESIAN_POINT('Ctrl Pts',(104.764107417132,-54.0188128715934,11.));
#9561=CARTESIAN_POINT('Ctrl Pts',(104.764107417132,-54.0188128715934,13.4));
#9562=CARTESIAN_POINT('Ctrl Pts',(104.609326167132,-53.8124378715935,11.));
#9563=CARTESIAN_POINT('Ctrl Pts',(104.609326167132,-53.8124378715935,13.4));
#9564=CARTESIAN_POINT('Ctrl Pts',(104.599007417132,-53.4306441215934,11.));
#9565=CARTESIAN_POINT('Ctrl Pts',(104.599007417132,-53.4306441215934,13.4));
#9566=CARTESIAN_POINT('Ctrl Pts',(104.609326167132,-50.6239441215935,11.));
#9567=CARTESIAN_POINT('Ctrl Pts',(104.609326167132,-50.6239441215935,13.4));
#9568=CARTESIAN_POINT('',(104.764107417132,-54.0188128715934,11.));
#9569=CARTESIAN_POINT('Ctrl Pts',(104.609326167132,-50.6239441215935,11.));
#9570=CARTESIAN_POINT('Ctrl Pts',(104.599007417132,-53.4306441215934,11.));
#9571=CARTESIAN_POINT('Ctrl Pts',(104.609326167132,-53.8124378715935,11.));
#9572=CARTESIAN_POINT('Ctrl Pts',(104.764107417132,-54.0188128715934,11.));
#9573=CARTESIAN_POINT('',(104.764107417132,-54.0188128715934,13.));
#9574=CARTESIAN_POINT('Ctrl Pts',(104.764107417132,-54.0188128715934,13.));
#9575=CARTESIAN_POINT('Ctrl Pts',(104.609326167132,-53.8124378715935,13.));
#9576=CARTESIAN_POINT('Ctrl Pts',(104.599007417132,-53.4306441215934,13.));
#9577=CARTESIAN_POINT('Ctrl Pts',(104.609326167132,-50.6239441215935,13.));
#9578=CARTESIAN_POINT('',(104.764107417132,-54.0188128715934,11.));
#9579=CARTESIAN_POINT('Origin',(104.939526167132,-54.2561441215934,11.));
#9580=CARTESIAN_POINT('',(104.939526167132,-54.2561441215934,11.));
#9581=CARTESIAN_POINT('',(104.764107417132,-54.0188128715934,11.));
#9582=CARTESIAN_POINT('',(104.939526167132,-54.2561441215934,13.));
#9583=CARTESIAN_POINT('',(104.764107417132,-54.0188128715934,13.));
#9584=CARTESIAN_POINT('',(104.939526167132,-54.2561441215934,11.));
#9585=CARTESIAN_POINT('Origin',(107.364432417132,-54.2148691215935,11.));
#9586=CARTESIAN_POINT('',(107.364432417132,-54.2148691215935,11.));
#9587=CARTESIAN_POINT('',(104.939526167132,-54.2561441215934,11.));
#9588=CARTESIAN_POINT('',(107.364432417132,-54.2148691215935,13.));
#9589=CARTESIAN_POINT('',(104.939526167132,-54.2561441215934,13.));
#9590=CARTESIAN_POINT('',(107.364432417132,-54.2148691215935,11.));
#9591=CARTESIAN_POINT('Origin',(109.789338667132,-54.1632753715935,11.));
#9592=CARTESIAN_POINT('',(109.789338667132,-54.1632753715935,11.));
#9593=CARTESIAN_POINT('',(107.364432417132,-54.2148691215935,11.));
#9594=CARTESIAN_POINT('',(109.789338667132,-54.1632753715935,13.));
#9595=CARTESIAN_POINT('',(107.364432417132,-54.2148691215935,13.));
#9596=CARTESIAN_POINT('',(109.789338667132,-54.1632753715935,11.));
#9597=CARTESIAN_POINT('Origin',(109.789338667132,-55.8968253715935,11.));
#9598=CARTESIAN_POINT('',(109.789338667132,-55.8968253715935,11.));
#9599=CARTESIAN_POINT('',(109.789338667132,-54.1632753715935,11.));
#9600=CARTESIAN_POINT('',(109.789338667132,-55.8968253715935,13.));
#9601=CARTESIAN_POINT('',(109.789338667132,-54.1632753715935,13.));
#9602=CARTESIAN_POINT('',(109.789338667132,-55.8968253715935,11.));
#9603=CARTESIAN_POINT('Ctrl Pts',(109.686151167132,-57.6922878715935,11.));
#9604=CARTESIAN_POINT('Ctrl Pts',(109.686151167132,-57.6922878715935,13.4));
#9605=CARTESIAN_POINT('Ctrl Pts',(109.748063667132,-57.6510128715935,11.));
#9606=CARTESIAN_POINT('Ctrl Pts',(109.748063667132,-57.6510128715935,13.4));
#9607=CARTESIAN_POINT('Ctrl Pts',(109.789338667132,-56.9287003715935,11.));
#9608=CARTESIAN_POINT('Ctrl Pts',(109.789338667132,-56.9287003715935,13.4));
#9609=CARTESIAN_POINT('Ctrl Pts',(109.789338667132,-55.8968253715935,11.));
#9610=CARTESIAN_POINT('Ctrl Pts',(109.789338667132,-55.8968253715935,13.4));
#9611=CARTESIAN_POINT('',(109.686151167132,-57.6922878715935,11.));
#9612=CARTESIAN_POINT('Ctrl Pts',(109.789338667132,-55.8968253715935,11.));
#9613=CARTESIAN_POINT('Ctrl Pts',(109.789338667132,-56.9287003715935,11.));
#9614=CARTESIAN_POINT('Ctrl Pts',(109.748063667132,-57.6510128715935,11.));
#9615=CARTESIAN_POINT('Ctrl Pts',(109.686151167132,-57.6922878715935,11.));
#9616=CARTESIAN_POINT('',(109.686151167132,-57.6922878715935,13.));
#9617=CARTESIAN_POINT('Ctrl Pts',(109.686151167132,-57.6922878715935,13.));
#9618=CARTESIAN_POINT('Ctrl Pts',(109.748063667132,-57.6510128715935,13.));
#9619=CARTESIAN_POINT('Ctrl Pts',(109.789338667132,-56.9287003715935,13.));
#9620=CARTESIAN_POINT('Ctrl Pts',(109.789338667132,-55.8968253715935,13.));
#9621=CARTESIAN_POINT('',(109.686151167132,-57.6922878715935,11.));
#9622=CARTESIAN_POINT('Ctrl Pts',(109.717107417132,-57.7748378715935,11.));
#9623=CARTESIAN_POINT('Ctrl Pts',(109.717107417132,-57.7748378715935,13.4));
#9624=CARTESIAN_POINT('Ctrl Pts',(109.634557417132,-57.7748378715935,11.));
#9625=CARTESIAN_POINT('Ctrl Pts',(109.634557417132,-57.7748378715935,13.4));
#9626=CARTESIAN_POINT('Ctrl Pts',(109.624238667132,-57.7438816215935,11.));
#9627=CARTESIAN_POINT('Ctrl Pts',(109.624238667132,-57.7438816215935,13.4));
#9628=CARTESIAN_POINT('Ctrl Pts',(109.686151167132,-57.6922878715935,11.));
#9629=CARTESIAN_POINT('Ctrl Pts',(109.686151167132,-57.6922878715935,13.4));
#9630=CARTESIAN_POINT('',(109.717107417132,-57.7748378715935,11.));
#9631=CARTESIAN_POINT('Ctrl Pts',(109.686151167132,-57.6922878715935,11.));
#9632=CARTESIAN_POINT('Ctrl Pts',(109.624238667132,-57.7438816215935,11.));
#9633=CARTESIAN_POINT('Ctrl Pts',(109.634557417132,-57.7748378715935,11.));
#9634=CARTESIAN_POINT('Ctrl Pts',(109.717107417132,-57.7748378715935,11.));
#9635=CARTESIAN_POINT('',(109.717107417132,-57.7748378715935,13.));
#9636=CARTESIAN_POINT('Ctrl Pts',(109.717107417132,-57.7748378715935,13.));
#9637=CARTESIAN_POINT('Ctrl Pts',(109.634557417132,-57.7748378715935,13.));
#9638=CARTESIAN_POINT('Ctrl Pts',(109.624238667132,-57.7438816215935,13.));
#9639=CARTESIAN_POINT('Ctrl Pts',(109.686151167132,-57.6922878715935,13.));
#9640=CARTESIAN_POINT('',(109.717107417132,-57.7748378715935,11.));
#9641=CARTESIAN_POINT('Ctrl Pts',(109.840932417132,-57.8573878715935,11.));
#9642=CARTESIAN_POINT('Ctrl Pts',(109.840932417132,-57.8573878715935,13.4));
#9643=CARTESIAN_POINT('Ctrl Pts',(109.840932417132,-57.8161128715934,11.));
#9644=CARTESIAN_POINT('Ctrl Pts',(109.840932417132,-57.8161128715934,13.4));
#9645=CARTESIAN_POINT('Ctrl Pts',(109.779019917132,-57.7748378715935,11.));
#9646=CARTESIAN_POINT('Ctrl Pts',(109.779019917132,-57.7748378715935,13.4));
#9647=CARTESIAN_POINT('Ctrl Pts',(109.717107417132,-57.7748378715935,11.));
#9648=CARTESIAN_POINT('Ctrl Pts',(109.717107417132,-57.7748378715935,13.4));
#9649=CARTESIAN_POINT('',(109.840932417132,-57.8573878715935,11.));
#9650=CARTESIAN_POINT('Ctrl Pts',(109.717107417132,-57.7748378715935,11.));
#9651=CARTESIAN_POINT('Ctrl Pts',(109.779019917132,-57.7748378715935,11.));
#9652=CARTESIAN_POINT('Ctrl Pts',(109.840932417132,-57.8161128715934,11.));
#9653=CARTESIAN_POINT('Ctrl Pts',(109.840932417132,-57.8573878715935,11.));
#9654=CARTESIAN_POINT('',(109.840932417132,-57.8573878715935,13.));
#9655=CARTESIAN_POINT('Ctrl Pts',(109.840932417132,-57.8573878715935,13.));
#9656=CARTESIAN_POINT('Ctrl Pts',(109.840932417132,-57.8161128715934,13.));
#9657=CARTESIAN_POINT('Ctrl Pts',(109.779019917132,-57.7748378715935,13.));
#9658=CARTESIAN_POINT('Ctrl Pts',(109.717107417132,-57.7748378715935,13.));
#9659=CARTESIAN_POINT('',(109.840932417132,-57.8573878715935,11.));
#9660=CARTESIAN_POINT('Ctrl Pts',(106.239688667132,-57.9399378715935,11.));
#9661=CARTESIAN_POINT('Ctrl Pts',(106.239688667132,-57.9399378715935,13.4));
#9662=CARTESIAN_POINT('Ctrl Pts',(108.220888667132,-57.9399378715935,11.));
#9663=CARTESIAN_POINT('Ctrl Pts',(108.220888667132,-57.9399378715935,13.4));
#9664=CARTESIAN_POINT('Ctrl Pts',(109.840932417132,-57.9089816215935,11.));
#9665=CARTESIAN_POINT('Ctrl Pts',(109.840932417132,-57.9089816215935,13.4));
#9666=CARTESIAN_POINT('Ctrl Pts',(109.840932417132,-57.8573878715935,11.));
#9667=CARTESIAN_POINT('Ctrl Pts',(109.840932417132,-57.8573878715935,13.4));
#9668=CARTESIAN_POINT('',(106.239688667132,-57.9399378715935,11.));
#9669=CARTESIAN_POINT('Ctrl Pts',(109.840932417132,-57.8573878715935,11.));
#9670=CARTESIAN_POINT('Ctrl Pts',(109.840932417132,-57.9089816215935,11.));
#9671=CARTESIAN_POINT('Ctrl Pts',(108.220888667132,-57.9399378715935,11.));
#9672=CARTESIAN_POINT('Ctrl Pts',(106.239688667132,-57.9399378715935,11.));
#9673=CARTESIAN_POINT('',(106.239688667132,-57.9399378715935,13.));
#9674=CARTESIAN_POINT('Ctrl Pts',(106.239688667132,-57.9399378715935,13.));
#9675=CARTESIAN_POINT('Ctrl Pts',(108.220888667132,-57.9399378715935,13.));
#9676=CARTESIAN_POINT('Ctrl Pts',(109.840932417132,-57.9089816215935,13.));
#9677=CARTESIAN_POINT('Ctrl Pts',(109.840932417132,-57.8573878715935,13.));
#9678=CARTESIAN_POINT('',(106.239688667132,-57.9399378715935,11.));
#9679=CARTESIAN_POINT('Ctrl Pts',(102.690038667132,-57.8367503715934,11.));
#9680=CARTESIAN_POINT('Ctrl Pts',(102.690038667132,-57.8367503715934,13.4));
#9681=CARTESIAN_POINT('Ctrl Pts',(102.648763667132,-57.9089816215935,11.));
#9682=CARTESIAN_POINT('Ctrl Pts',(102.648763667132,-57.9089816215935,13.4));
#9683=CARTESIAN_POINT('Ctrl Pts',(103.897332417132,-57.9399378715935,11.));
#9684=CARTESIAN_POINT('Ctrl Pts',(103.897332417132,-57.9399378715935,13.4));
#9685=CARTESIAN_POINT('Ctrl Pts',(106.239688667132,-57.9399378715935,11.));
#9686=CARTESIAN_POINT('Ctrl Pts',(106.239688667132,-57.9399378715935,13.4));
#9687=CARTESIAN_POINT('',(102.690038667132,-57.8367503715934,11.));
#9688=CARTESIAN_POINT('Ctrl Pts',(106.239688667132,-57.9399378715935,11.));
#9689=CARTESIAN_POINT('Ctrl Pts',(103.897332417132,-57.9399378715935,11.));
#9690=CARTESIAN_POINT('Ctrl Pts',(102.648763667132,-57.9089816215935,11.));
#9691=CARTESIAN_POINT('Ctrl Pts',(102.690038667132,-57.8367503715934,11.));
#9692=CARTESIAN_POINT('',(102.690038667132,-57.8367503715934,13.));
#9693=CARTESIAN_POINT('Ctrl Pts',(102.690038667132,-57.8367503715934,13.));
#9694=CARTESIAN_POINT('Ctrl Pts',(102.648763667132,-57.9089816215935,13.));
#9695=CARTESIAN_POINT('Ctrl Pts',(103.897332417132,-57.9399378715935,13.));
#9696=CARTESIAN_POINT('Ctrl Pts',(106.239688667132,-57.9399378715935,13.));
#9697=CARTESIAN_POINT('',(102.690038667132,-57.8367503715934,11.));
#9698=CARTESIAN_POINT('Ctrl Pts',(102.555894917132,-57.8264316215935,11.));
#9699=CARTESIAN_POINT('Ctrl Pts',(102.555894917132,-57.8264316215935,13.4));
#9700=CARTESIAN_POINT('Ctrl Pts',(102.679719917132,-57.7748378715935,11.));
#9701=CARTESIAN_POINT('Ctrl Pts',(102.679719917132,-57.7748378715935,13.4));
#9702=CARTESIAN_POINT('Ctrl Pts',(102.731313667132,-57.7748378715935,11.));
#9703=CARTESIAN_POINT('Ctrl Pts',(102.731313667132,-57.7748378715935,13.4));
#9704=CARTESIAN_POINT('Ctrl Pts',(102.690038667132,-57.8367503715934,11.));
#9705=CARTESIAN_POINT('Ctrl Pts',(102.690038667132,-57.8367503715934,13.4));
#9706=CARTESIAN_POINT('',(102.555894917132,-57.8264316215935,11.));
#9707=CARTESIAN_POINT('Ctrl Pts',(102.690038667132,-57.8367503715934,11.));
#9708=CARTESIAN_POINT('Ctrl Pts',(102.731313667132,-57.7748378715935,11.));
#9709=CARTESIAN_POINT('Ctrl Pts',(102.679719917132,-57.7748378715935,11.));
#9710=CARTESIAN_POINT('Ctrl Pts',(102.555894917132,-57.8264316215935,11.));
#9711=CARTESIAN_POINT('',(102.555894917132,-57.8264316215935,13.));
#9712=CARTESIAN_POINT('Ctrl Pts',(102.555894917132,-57.8264316215935,13.));
#9713=CARTESIAN_POINT('Ctrl Pts',(102.679719917132,-57.7748378715935,13.));
#9714=CARTESIAN_POINT('Ctrl Pts',(102.731313667132,-57.7748378715935,13.));
#9715=CARTESIAN_POINT('Ctrl Pts',(102.690038667132,-57.8367503715934,13.));
#9716=CARTESIAN_POINT('',(102.555894917132,-57.8264316215935,11.));
#9717=CARTESIAN_POINT('Ctrl Pts',(101.451788667132,-57.9605753715935,11.));
#9718=CARTESIAN_POINT('Ctrl Pts',(101.451788667132,-57.9605753715935,13.4));
#9719=CARTESIAN_POINT('Ctrl Pts',(101.947088667132,-57.9296191215935,11.));
#9720=CARTESIAN_POINT('Ctrl Pts',(101.947088667132,-57.9296191215935,13.4));
#9721=CARTESIAN_POINT('Ctrl Pts',(102.452707417132,-57.8780253715935,11.));
#9722=CARTESIAN_POINT('Ctrl Pts',(102.452707417132,-57.8780253715935,13.4));
#9723=CARTESIAN_POINT('Ctrl Pts',(102.555894917132,-57.8264316215935,11.));
#9724=CARTESIAN_POINT('Ctrl Pts',(102.555894917132,-57.8264316215935,13.4));
#9725=CARTESIAN_POINT('',(101.451788667132,-57.9605753715935,11.));
#9726=CARTESIAN_POINT('Ctrl Pts',(102.555894917132,-57.8264316215935,11.));
#9727=CARTESIAN_POINT('Ctrl Pts',(102.452707417132,-57.8780253715935,11.));
#9728=CARTESIAN_POINT('Ctrl Pts',(101.947088667132,-57.9296191215935,11.));
#9729=CARTESIAN_POINT('Ctrl Pts',(101.451788667132,-57.9605753715935,11.));
#9730=CARTESIAN_POINT('',(101.451788667132,-57.9605753715935,13.));
#9731=CARTESIAN_POINT('Ctrl Pts',(101.451788667132,-57.9605753715935,13.));
#9732=CARTESIAN_POINT('Ctrl Pts',(101.947088667132,-57.9296191215935,13.));
#9733=CARTESIAN_POINT('Ctrl Pts',(102.452707417132,-57.8780253715935,13.));
#9734=CARTESIAN_POINT('Ctrl Pts',(102.555894917132,-57.8264316215935,13.));
#9735=CARTESIAN_POINT('',(101.451788667132,-57.9605753715935,11.));
#9736=CARTESIAN_POINT('Ctrl Pts',(100.316726167132,-57.8161128715934,11.));
#9737=CARTESIAN_POINT('Ctrl Pts',(100.316726167132,-57.8161128715934,13.4));
#9738=CARTESIAN_POINT('Ctrl Pts',(100.512782417132,-57.9708941215934,11.));
#9739=CARTESIAN_POINT('Ctrl Pts',(100.512782417132,-57.9708941215934,13.4));
#9740=CARTESIAN_POINT('Ctrl Pts',(100.677882417132,-57.9915316215935,11.));
#9741=CARTESIAN_POINT('Ctrl Pts',(100.677882417132,-57.9915316215935,13.4));
#9742=CARTESIAN_POINT('Ctrl Pts',(101.451788667132,-57.9605753715935,11.));
#9743=CARTESIAN_POINT('Ctrl Pts',(101.451788667132,-57.9605753715935,13.4));
#9744=CARTESIAN_POINT('',(100.316726167132,-57.8161128715934,11.));
#9745=CARTESIAN_POINT('Ctrl Pts',(101.451788667132,-57.9605753715935,11.));
#9746=CARTESIAN_POINT('Ctrl Pts',(100.677882417132,-57.9915316215935,11.));
#9747=CARTESIAN_POINT('Ctrl Pts',(100.512782417132,-57.9708941215934,11.));
#9748=CARTESIAN_POINT('Ctrl Pts',(100.316726167132,-57.8161128715934,11.));
#9749=CARTESIAN_POINT('',(100.316726167132,-57.8161128715934,13.));
#9750=CARTESIAN_POINT('Ctrl Pts',(100.316726167132,-57.8161128715934,13.));
#9751=CARTESIAN_POINT('Ctrl Pts',(100.512782417132,-57.9708941215934,13.));
#9752=CARTESIAN_POINT('Ctrl Pts',(100.677882417132,-57.9915316215935,13.));
#9753=CARTESIAN_POINT('Ctrl Pts',(101.451788667132,-57.9605753715935,13.));
#9754=CARTESIAN_POINT('',(100.316726167132,-57.8161128715934,11.));
#9755=CARTESIAN_POINT('Ctrl Pts',(100.234176167132,-57.8057941215935,11.));
#9756=CARTESIAN_POINT('Ctrl Pts',(100.234176167132,-57.8057941215935,13.4));
#9757=CARTESIAN_POINT('Ctrl Pts',(100.110351167132,-57.6406941215934,11.));
#9758=CARTESIAN_POINT('Ctrl Pts',(100.110351167132,-57.6406941215934,13.4));
#9759=CARTESIAN_POINT('Ctrl Pts',(100.120669917132,-57.6406941215934,11.));
#9760=CARTESIAN_POINT('Ctrl Pts',(100.120669917132,-57.6406941215934,13.4));
#9761=CARTESIAN_POINT('Ctrl Pts',(100.316726167132,-57.8161128715934,11.));
#9762=CARTESIAN_POINT('Ctrl Pts',(100.316726167132,-57.8161128715934,13.4));
#9763=CARTESIAN_POINT('',(100.234176167132,-57.8057941215935,11.));
#9764=CARTESIAN_POINT('Ctrl Pts',(100.316726167132,-57.8161128715934,11.));
#9765=CARTESIAN_POINT('Ctrl Pts',(100.120669917132,-57.6406941215934,11.));
#9766=CARTESIAN_POINT('Ctrl Pts',(100.110351167132,-57.6406941215934,11.));
#9767=CARTESIAN_POINT('Ctrl Pts',(100.234176167132,-57.8057941215935,11.));
#9768=CARTESIAN_POINT('',(100.234176167132,-57.8057941215935,13.));
#9769=CARTESIAN_POINT('Ctrl Pts',(100.234176167132,-57.8057941215935,13.));
#9770=CARTESIAN_POINT('Ctrl Pts',(100.110351167132,-57.6406941215934,13.));
#9771=CARTESIAN_POINT('Ctrl Pts',(100.120669917132,-57.6406941215934,13.));
#9772=CARTESIAN_POINT('Ctrl Pts',(100.316726167132,-57.8161128715934,13.));
#9773=CARTESIAN_POINT('',(100.234176167132,-57.8057941215935,11.));
#9774=CARTESIAN_POINT('Ctrl Pts',(100.203219917132,-57.9193003715935,11.));
#9775=CARTESIAN_POINT('Ctrl Pts',(100.203219917132,-57.9193003715935,13.4));
#9776=CARTESIAN_POINT('Ctrl Pts',(100.358001167132,-57.9812128715935,11.));
#9777=CARTESIAN_POINT('Ctrl Pts',(100.358001167132,-57.9812128715935,13.4));
#9778=CARTESIAN_POINT('Ctrl Pts',(100.358001167132,-57.9605753715935,11.));
#9779=CARTESIAN_POINT('Ctrl Pts',(100.358001167132,-57.9605753715935,13.4));
#9780=CARTESIAN_POINT('Ctrl Pts',(100.234176167132,-57.8057941215935,11.));
#9781=CARTESIAN_POINT('Ctrl Pts',(100.234176167132,-57.8057941215935,13.4));
#9782=CARTESIAN_POINT('',(100.203219917132,-57.9193003715935,11.));
#9783=CARTESIAN_POINT('Ctrl Pts',(100.234176167132,-57.8057941215935,11.));
#9784=CARTESIAN_POINT('Ctrl Pts',(100.358001167132,-57.9605753715935,11.));
#9785=CARTESIAN_POINT('Ctrl Pts',(100.358001167132,-57.9812128715935,11.));
#9786=CARTESIAN_POINT('Ctrl Pts',(100.203219917132,-57.9193003715935,11.));
#9787=CARTESIAN_POINT('',(100.203219917132,-57.9193003715935,13.));
#9788=CARTESIAN_POINT('Ctrl Pts',(100.203219917132,-57.9193003715935,13.));
#9789=CARTESIAN_POINT('Ctrl Pts',(100.358001167132,-57.9812128715935,13.));
#9790=CARTESIAN_POINT('Ctrl Pts',(100.358001167132,-57.9605753715935,13.));
#9791=CARTESIAN_POINT('Ctrl Pts',(100.234176167132,-57.8057941215935,13.));
#9792=CARTESIAN_POINT('',(100.203219917132,-57.9193003715935,11.));
#9793=CARTESIAN_POINT('Ctrl Pts',(100.038119917132,-52.7908816215935,11.));
#9794=CARTESIAN_POINT('Ctrl Pts',(100.038119917132,-52.7908816215935,13.4));
#9795=CARTESIAN_POINT('Ctrl Pts',(100.038119917132,-57.3930441215935,11.));
#9796=CARTESIAN_POINT('Ctrl Pts',(100.038119917132,-57.3930441215935,13.4));
#9797=CARTESIAN_POINT('Ctrl Pts',(100.058757417132,-57.8573878715935,11.));
#9798=CARTESIAN_POINT('Ctrl Pts',(100.058757417132,-57.8573878715935,13.4));
#9799=CARTESIAN_POINT('Ctrl Pts',(100.203219917132,-57.9193003715935,11.));
#9800=CARTESIAN_POINT('Ctrl Pts',(100.203219917132,-57.9193003715935,13.4));
#9801=CARTESIAN_POINT('',(100.038119917132,-52.7908816215935,11.));
#9802=CARTESIAN_POINT('Ctrl Pts',(100.203219917132,-57.9193003715935,11.));
#9803=CARTESIAN_POINT('Ctrl Pts',(100.058757417132,-57.8573878715935,11.));
#9804=CARTESIAN_POINT('Ctrl Pts',(100.038119917132,-57.3930441215935,11.));
#9805=CARTESIAN_POINT('Ctrl Pts',(100.038119917132,-52.7908816215935,11.));
#9806=CARTESIAN_POINT('',(100.038119917132,-52.7908816215935,13.));
#9807=CARTESIAN_POINT('Ctrl Pts',(100.038119917132,-52.7908816215935,13.));
#9808=CARTESIAN_POINT('Ctrl Pts',(100.038119917132,-57.3930441215935,13.));
#9809=CARTESIAN_POINT('Ctrl Pts',(100.058757417132,-57.8573878715935,13.));
#9810=CARTESIAN_POINT('Ctrl Pts',(100.203219917132,-57.9193003715935,13.));
#9811=CARTESIAN_POINT('',(100.038119917132,-52.7908816215935,11.));
#9812=CARTESIAN_POINT('Ctrl Pts',(100.223857417132,-47.5180003715935,11.));
#9813=CARTESIAN_POINT('Ctrl Pts',(100.223857417132,-47.5180003715935,13.4));
#9814=CARTESIAN_POINT('Ctrl Pts',(100.048438667132,-47.7140566215934,11.));
#9815=CARTESIAN_POINT('Ctrl Pts',(100.048438667132,-47.7140566215934,13.4));
#9816=CARTESIAN_POINT('Ctrl Pts',(100.038119917132,-48.1164878715934,11.));
#9817=CARTESIAN_POINT('Ctrl Pts',(100.038119917132,-48.1164878715934,13.4));
#9818=CARTESIAN_POINT('Ctrl Pts',(100.038119917132,-52.7908816215935,11.));
#9819=CARTESIAN_POINT('Ctrl Pts',(100.038119917132,-52.7908816215935,13.4));
#9820=CARTESIAN_POINT('',(100.223857417132,-47.5180003715935,11.));
#9821=CARTESIAN_POINT('Ctrl Pts',(100.038119917132,-52.7908816215935,11.));
#9822=CARTESIAN_POINT('Ctrl Pts',(100.038119917132,-48.1164878715934,11.));
#9823=CARTESIAN_POINT('Ctrl Pts',(100.048438667132,-47.7140566215934,11.));
#9824=CARTESIAN_POINT('Ctrl Pts',(100.223857417132,-47.5180003715935,11.));
#9825=CARTESIAN_POINT('',(100.223857417132,-47.5180003715935,13.));
#9826=CARTESIAN_POINT('Ctrl Pts',(100.223857417132,-47.5180003715935,13.));
#9827=CARTESIAN_POINT('Ctrl Pts',(100.048438667132,-47.7140566215934,13.));
#9828=CARTESIAN_POINT('Ctrl Pts',(100.038119917132,-48.1164878715934,13.));
#9829=CARTESIAN_POINT('Ctrl Pts',(100.038119917132,-52.7908816215935,13.));
#9830=CARTESIAN_POINT('',(100.223857417132,-47.5180003715935,11.));
#9831=CARTESIAN_POINT('Ctrl Pts',(100.223857417132,-47.4457691215935,11.));
#9832=CARTESIAN_POINT('Ctrl Pts',(100.223857417132,-47.4457691215935,13.4));
#9833=CARTESIAN_POINT('Ctrl Pts',(100.388957417132,-47.3116253715935,11.));
#9834=CARTESIAN_POINT('Ctrl Pts',(100.388957417132,-47.3116253715935,13.4));
#9835=CARTESIAN_POINT('Ctrl Pts',(100.388957417132,-47.3116253715935,11.));
#9836=CARTESIAN_POINT('Ctrl Pts',(100.388957417132,-47.3116253715935,13.4));
#9837=CARTESIAN_POINT('Ctrl Pts',(100.223857417132,-47.5180003715935,11.));
#9838=CARTESIAN_POINT('Ctrl Pts',(100.223857417132,-47.5180003715935,13.4));
#9839=CARTESIAN_POINT('',(100.223857417132,-47.4457691215935,11.));
#9840=CARTESIAN_POINT('Ctrl Pts',(100.223857417132,-47.5180003715935,11.));
#9841=CARTESIAN_POINT('Ctrl Pts',(100.388957417132,-47.3116253715935,11.));
#9842=CARTESIAN_POINT('Ctrl Pts',(100.388957417132,-47.3116253715935,11.));
#9843=CARTESIAN_POINT('Ctrl Pts',(100.223857417132,-47.4457691215935,11.));
#9844=CARTESIAN_POINT('',(100.223857417132,-47.4457691215935,13.));
#9845=CARTESIAN_POINT('Ctrl Pts',(100.223857417132,-47.4457691215935,13.));
#9846=CARTESIAN_POINT('Ctrl Pts',(100.388957417132,-47.3116253715935,13.));
#9847=CARTESIAN_POINT('Ctrl Pts',(100.388957417132,-47.3116253715935,13.));
#9848=CARTESIAN_POINT('Ctrl Pts',(100.223857417132,-47.5180003715935,13.));
#9849=CARTESIAN_POINT('',(100.223857417132,-47.4457691215935,11.));
#9850=CARTESIAN_POINT('Ctrl Pts',(100.038119917132,-47.4767253715935,11.));
#9851=CARTESIAN_POINT('Ctrl Pts',(100.038119917132,-47.4767253715935,13.4));
#9852=CARTESIAN_POINT('Ctrl Pts',(100.038119917132,-47.5386378715935,11.));
#9853=CARTESIAN_POINT('Ctrl Pts',(100.038119917132,-47.5386378715935,13.4));
#9854=CARTESIAN_POINT('Ctrl Pts',(100.110351167132,-47.5283191215934,11.));
#9855=CARTESIAN_POINT('Ctrl Pts',(100.110351167132,-47.5283191215934,13.4));
#9856=CARTESIAN_POINT('Ctrl Pts',(100.223857417132,-47.4457691215935,11.));
#9857=CARTESIAN_POINT('Ctrl Pts',(100.223857417132,-47.4457691215935,13.4));
#9858=CARTESIAN_POINT('',(100.038119917132,-47.4767253715935,11.));
#9859=CARTESIAN_POINT('Ctrl Pts',(100.223857417132,-47.4457691215935,11.));
#9860=CARTESIAN_POINT('Ctrl Pts',(100.110351167132,-47.5283191215934,11.));
#9861=CARTESIAN_POINT('Ctrl Pts',(100.038119917132,-47.5386378715935,11.));
#9862=CARTESIAN_POINT('Ctrl Pts',(100.038119917132,-47.4767253715935,11.));
#9863=CARTESIAN_POINT('',(100.038119917132,-47.4767253715935,13.));
#9864=CARTESIAN_POINT('Ctrl Pts',(100.038119917132,-47.4767253715935,13.));
#9865=CARTESIAN_POINT('Ctrl Pts',(100.038119917132,-47.5386378715935,13.));
#9866=CARTESIAN_POINT('Ctrl Pts',(100.110351167132,-47.5283191215934,13.));
#9867=CARTESIAN_POINT('Ctrl Pts',(100.223857417132,-47.4457691215935,13.));
#9868=CARTESIAN_POINT('',(100.038119917132,-47.4767253715935,11.));
#9869=CARTESIAN_POINT('Ctrl Pts',(100.172263667132,-47.3219441215934,11.));
#9870=CARTESIAN_POINT('Ctrl Pts',(100.172263667132,-47.3219441215934,13.4));
#9871=CARTESIAN_POINT('Ctrl Pts',(100.100032417132,-47.3529003715934,11.));
#9872=CARTESIAN_POINT('Ctrl Pts',(100.100032417132,-47.3529003715934,13.4));
#9873=CARTESIAN_POINT('Ctrl Pts',(100.038119917132,-47.4148128715935,11.));
#9874=CARTESIAN_POINT('Ctrl Pts',(100.038119917132,-47.4148128715935,13.4));
#9875=CARTESIAN_POINT('Ctrl Pts',(100.038119917132,-47.4767253715935,11.));
#9876=CARTESIAN_POINT('Ctrl Pts',(100.038119917132,-47.4767253715935,13.4));
#9877=CARTESIAN_POINT('Ctrl Pts',(100.038119917132,-47.4767253715935,11.));
#9878=CARTESIAN_POINT('Ctrl Pts',(100.038119917132,-47.4148128715935,11.));
#9879=CARTESIAN_POINT('Ctrl Pts',(100.100032417132,-47.3529003715934,11.));
#9880=CARTESIAN_POINT('Ctrl Pts',(100.172263667132,-47.3219441215934,11.));
#9881=CARTESIAN_POINT('Ctrl Pts',(100.172263667132,-47.3219441215934,13.));
#9882=CARTESIAN_POINT('Ctrl Pts',(100.100032417132,-47.3529003715934,13.));
#9883=CARTESIAN_POINT('Ctrl Pts',(100.038119917132,-47.4148128715935,13.));
#9884=CARTESIAN_POINT('Ctrl Pts',(100.038119917132,-47.4767253715935,13.));
#9885=CARTESIAN_POINT('Origin',(104.939526167132,-52.6051441215935,13.));
#9886=CARTESIAN_POINT('Origin',(104.939526167132,-52.6051441215935,11.));
#9887=CARTESIAN_POINT('',(0.,0.,0.));
#9888=CARTESIAN_POINT('Ctrl Pts',(88.6771761671321,-57.8161128715934,11.));
#9889=CARTESIAN_POINT('Ctrl Pts',(88.6771761671321,-57.8161128715934,13.4));
#9890=CARTESIAN_POINT('Ctrl Pts',(88.6255824171321,-57.7851566215934,11.));
#9891=CARTESIAN_POINT('Ctrl Pts',(88.6255824171321,-57.7851566215934,13.4));
#9892=CARTESIAN_POINT('Ctrl Pts',(88.6049449171321,-57.7129253715935,11.));
#9893=CARTESIAN_POINT('Ctrl Pts',(88.6049449171321,-57.7129253715935,13.4));
#9894=CARTESIAN_POINT('Ctrl Pts',(88.6462199171321,-57.6613316215935,11.));
#9895=CARTESIAN_POINT('Ctrl Pts',(88.6462199171321,-57.6613316215935,13.4));
#9896=CARTESIAN_POINT('',(88.6771761671321,-57.8161128715934,11.));
#9897=CARTESIAN_POINT('',(88.6462199171321,-57.6613316215935,11.));
#9898=CARTESIAN_POINT('Ctrl Pts',(88.6771761671321,-57.8161128715934,11.));
#9899=CARTESIAN_POINT('Ctrl Pts',(88.6255824171321,-57.7851566215934,11.));
#9900=CARTESIAN_POINT('Ctrl Pts',(88.6049449171321,-57.7129253715935,11.));
#9901=CARTESIAN_POINT('Ctrl Pts',(88.6462199171321,-57.6613316215935,11.));
#9902=CARTESIAN_POINT('',(88.6462199171321,-57.6613316215935,13.));
#9903=CARTESIAN_POINT('',(88.6462199171321,-57.6613316215935,11.));
#9904=CARTESIAN_POINT('',(88.6771761671321,-57.8161128715934,13.));
#9905=CARTESIAN_POINT('Ctrl Pts',(88.6771761671321,-57.8161128715934,13.));
#9906=CARTESIAN_POINT('Ctrl Pts',(88.6255824171321,-57.7851566215934,13.));
#9907=CARTESIAN_POINT('Ctrl Pts',(88.6049449171321,-57.7129253715935,13.));
#9908=CARTESIAN_POINT('Ctrl Pts',(88.6462199171321,-57.6613316215935,13.));
#9909=CARTESIAN_POINT('',(88.6771761671321,-57.8161128715934,11.));
#9910=CARTESIAN_POINT('Ctrl Pts',(88.8319574171321,-57.7851566215934,11.));
#9911=CARTESIAN_POINT('Ctrl Pts',(88.8319574171321,-57.7851566215934,13.4));
#9912=CARTESIAN_POINT('Ctrl Pts',(88.8010011671321,-57.8367503715934,11.));
#9913=CARTESIAN_POINT('Ctrl Pts',(88.8010011671321,-57.8367503715934,13.4));
#9914=CARTESIAN_POINT('Ctrl Pts',(88.7287699171321,-57.8573878715935,11.));
#9915=CARTESIAN_POINT('Ctrl Pts',(88.7287699171321,-57.8573878715935,13.4));
#9916=CARTESIAN_POINT('Ctrl Pts',(88.6771761671321,-57.8161128715934,11.));
#9917=CARTESIAN_POINT('Ctrl Pts',(88.6771761671321,-57.8161128715934,13.4));
#9918=CARTESIAN_POINT('',(88.8319574171321,-57.7851566215934,11.));
#9919=CARTESIAN_POINT('Ctrl Pts',(88.8319574171321,-57.7851566215934,11.));
#9920=CARTESIAN_POINT('Ctrl Pts',(88.8010011671321,-57.8367503715934,11.));
#9921=CARTESIAN_POINT('Ctrl Pts',(88.7287699171321,-57.8573878715935,11.));
#9922=CARTESIAN_POINT('Ctrl Pts',(88.6771761671321,-57.8161128715934,11.));
#9923=CARTESIAN_POINT('',(88.8319574171321,-57.7851566215934,13.));
#9924=CARTESIAN_POINT('Ctrl Pts',(88.8319574171321,-57.7851566215934,13.));
#9925=CARTESIAN_POINT('Ctrl Pts',(88.8010011671321,-57.8367503715934,13.));
#9926=CARTESIAN_POINT('Ctrl Pts',(88.7287699171321,-57.8573878715935,13.));
#9927=CARTESIAN_POINT('Ctrl Pts',(88.6771761671321,-57.8161128715934,13.));
#9928=CARTESIAN_POINT('',(88.8319574171321,-57.7851566215934,11.));
#9929=CARTESIAN_POINT('Ctrl Pts',(88.8010011671321,-57.6303753715935,11.));
#9930=CARTESIAN_POINT('Ctrl Pts',(88.8010011671321,-57.6303753715935,13.4));
#9931=CARTESIAN_POINT('Ctrl Pts',(88.8525949171321,-57.6613316215935,11.));
#9932=CARTESIAN_POINT('Ctrl Pts',(88.8525949171321,-57.6613316215935,13.4));
#9933=CARTESIAN_POINT('Ctrl Pts',(88.8732324171321,-57.7335628715934,11.));
#9934=CARTESIAN_POINT('Ctrl Pts',(88.8732324171321,-57.7335628715934,13.4));
#9935=CARTESIAN_POINT('Ctrl Pts',(88.8319574171321,-57.7851566215934,11.));
#9936=CARTESIAN_POINT('Ctrl Pts',(88.8319574171321,-57.7851566215934,13.4));
#9937=CARTESIAN_POINT('',(88.8010011671321,-57.6303753715935,11.));
#9938=CARTESIAN_POINT('Ctrl Pts',(88.8010011671321,-57.6303753715935,11.));
#9939=CARTESIAN_POINT('Ctrl Pts',(88.8525949171321,-57.6613316215935,11.));
#9940=CARTESIAN_POINT('Ctrl Pts',(88.8732324171321,-57.7335628715934,11.));
#9941=CARTESIAN_POINT('Ctrl Pts',(88.8319574171321,-57.7851566215934,11.));
#9942=CARTESIAN_POINT('',(88.8010011671321,-57.6303753715935,13.));
#9943=CARTESIAN_POINT('Ctrl Pts',(88.8010011671321,-57.6303753715935,13.));
#9944=CARTESIAN_POINT('Ctrl Pts',(88.8525949171321,-57.6613316215935,13.));
#9945=CARTESIAN_POINT('Ctrl Pts',(88.8732324171321,-57.7335628715934,13.));
#9946=CARTESIAN_POINT('Ctrl Pts',(88.8319574171321,-57.7851566215934,13.));
#9947=CARTESIAN_POINT('',(88.8010011671321,-57.6303753715935,11.));
#9948=CARTESIAN_POINT('Ctrl Pts',(88.6462199171321,-57.6613316215935,11.));
#9949=CARTESIAN_POINT('Ctrl Pts',(88.6462199171321,-57.6613316215935,13.4));
#9950=CARTESIAN_POINT('Ctrl Pts',(88.6771761671321,-57.6097378715935,11.));
#9951=CARTESIAN_POINT('Ctrl Pts',(88.6771761671321,-57.6097378715935,13.4));
#9952=CARTESIAN_POINT('Ctrl Pts',(88.7494074171321,-57.5891003715935,11.));
#9953=CARTESIAN_POINT('Ctrl Pts',(88.7494074171321,-57.5891003715935,13.4));
#9954=CARTESIAN_POINT('Ctrl Pts',(88.8010011671321,-57.6303753715935,11.));
#9955=CARTESIAN_POINT('Ctrl Pts',(88.8010011671321,-57.6303753715935,13.4));
#9956=CARTESIAN_POINT('Ctrl Pts',(88.6462199171321,-57.6613316215935,11.));
#9957=CARTESIAN_POINT('Ctrl Pts',(88.6771761671321,-57.6097378715935,11.));
#9958=CARTESIAN_POINT('Ctrl Pts',(88.7494074171321,-57.5891003715935,11.));
#9959=CARTESIAN_POINT('Ctrl Pts',(88.8010011671321,-57.6303753715935,11.));
#9960=CARTESIAN_POINT('Ctrl Pts',(88.6462199171321,-57.6613316215935,13.));
#9961=CARTESIAN_POINT('Ctrl Pts',(88.6771761671321,-57.6097378715935,13.));
#9962=CARTESIAN_POINT('Ctrl Pts',(88.7494074171321,-57.5891003715935,13.));
#9963=CARTESIAN_POINT('Ctrl Pts',(88.8010011671321,-57.6303753715935,13.));
#9964=CARTESIAN_POINT('Ctrl Pts',(97.2830136671321,-47.4767253715935,11.));
#9965=CARTESIAN_POINT('Ctrl Pts',(97.2830136671321,-47.4767253715935,13.4));
#9966=CARTESIAN_POINT('Ctrl Pts',(97.3346074171321,-47.4148128715935,11.));
#9967=CARTESIAN_POINT('Ctrl Pts',(97.3346074171321,-47.4148128715935,13.4));
#9968=CARTESIAN_POINT('Ctrl Pts',(88.8113199171322,-47.3632191215934,11.));
#9969=CARTESIAN_POINT('Ctrl Pts',(88.8113199171322,-47.3632191215934,13.4));
#9970=CARTESIAN_POINT('Ctrl Pts',(88.6152636671321,-47.4251316215935,11.));
#9971=CARTESIAN_POINT('Ctrl Pts',(88.6152636671321,-47.4251316215935,13.4));
#9972=CARTESIAN_POINT('',(88.6152636671321,-47.4251316215935,11.));
#9973=CARTESIAN_POINT('',(97.2830136671321,-47.4767253715935,11.));
#9974=CARTESIAN_POINT('Ctrl Pts',(88.6152636671321,-47.4251316215935,11.));
#9975=CARTESIAN_POINT('Ctrl Pts',(88.8113199171322,-47.3632191215934,11.));
#9976=CARTESIAN_POINT('Ctrl Pts',(97.3346074171321,-47.4148128715935,11.));
#9977=CARTESIAN_POINT('Ctrl Pts',(97.2830136671321,-47.4767253715935,11.));
#9978=CARTESIAN_POINT('',(88.6152636671321,-47.4251316215935,13.));
#9979=CARTESIAN_POINT('',(88.6152636671321,-47.4251316215935,11.));
#9980=CARTESIAN_POINT('',(97.2830136671321,-47.4767253715935,13.));
#9981=CARTESIAN_POINT('Ctrl Pts',(97.2830136671321,-47.4767253715935,13.));
#9982=CARTESIAN_POINT('Ctrl Pts',(97.3346074171321,-47.4148128715935,13.));
#9983=CARTESIAN_POINT('Ctrl Pts',(88.8113199171322,-47.3632191215934,13.));
#9984=CARTESIAN_POINT('Ctrl Pts',(88.6152636671321,-47.4251316215935,13.));
#9985=CARTESIAN_POINT('',(97.2830136671321,-47.4767253715935,11.));
#9986=CARTESIAN_POINT('Ctrl Pts',(97.3655636671321,-47.5592753715935,11.));
#9987=CARTESIAN_POINT('Ctrl Pts',(97.3655636671321,-47.5592753715935,13.4));
#9988=CARTESIAN_POINT('Ctrl Pts',(97.2933324171321,-47.5592753715935,11.));
#9989=CARTESIAN_POINT('Ctrl Pts',(97.2933324171321,-47.5592753715935,13.4));
#9990=CARTESIAN_POINT('Ctrl Pts',(97.2623761671321,-47.5283191215934,11.));
#9991=CARTESIAN_POINT('Ctrl Pts',(97.2623761671321,-47.5283191215934,13.4));
#9992=CARTESIAN_POINT('Ctrl Pts',(97.2830136671321,-47.4767253715935,11.));
#9993=CARTESIAN_POINT('Ctrl Pts',(97.2830136671321,-47.4767253715935,13.4));
#9994=CARTESIAN_POINT('',(97.3655636671321,-47.5592753715935,11.));
#9995=CARTESIAN_POINT('Ctrl Pts',(97.2830136671321,-47.4767253715935,11.));
#9996=CARTESIAN_POINT('Ctrl Pts',(97.2623761671321,-47.5283191215934,11.));
#9997=CARTESIAN_POINT('Ctrl Pts',(97.2933324171321,-47.5592753715935,11.));
#9998=CARTESIAN_POINT('Ctrl Pts',(97.3655636671321,-47.5592753715935,11.));
#9999=CARTESIAN_POINT('',(97.3655636671321,-47.5592753715935,13.));
#10000=CARTESIAN_POINT('Ctrl Pts',(97.3655636671321,-47.5592753715935,13.));
#10001=CARTESIAN_POINT('Ctrl Pts',(97.2933324171321,-47.5592753715935,13.));
#10002=CARTESIAN_POINT('Ctrl Pts',(97.2623761671321,-47.5283191215934,13.));
#10003=CARTESIAN_POINT('Ctrl Pts',(97.2830136671321,-47.4767253715935,13.));
#10004=CARTESIAN_POINT('',(97.3655636671321,-47.5592753715935,11.));
#10005=CARTESIAN_POINT('Ctrl Pts',(97.4171574171321,-49.4888816215934,11.));
#10006=CARTESIAN_POINT('Ctrl Pts',(97.4171574171321,-49.4888816215934,13.4));
#10007=CARTESIAN_POINT('Ctrl Pts',(97.4687511671321,-48.0133003715935,11.));
#10008=CARTESIAN_POINT('Ctrl Pts',(97.4687511671321,-48.0133003715935,13.4));
#10009=CARTESIAN_POINT('Ctrl Pts',(97.4584324171321,-47.5592753715935,11.));
#10010=CARTESIAN_POINT('Ctrl Pts',(97.4584324171321,-47.5592753715935,13.4));
#10011=CARTESIAN_POINT('Ctrl Pts',(97.3655636671321,-47.5592753715935,11.));
#10012=CARTESIAN_POINT('Ctrl Pts',(97.3655636671321,-47.5592753715935,13.4));
#10013=CARTESIAN_POINT('',(97.4171574171321,-49.4888816215934,11.));
#10014=CARTESIAN_POINT('Ctrl Pts',(97.3655636671321,-47.5592753715935,11.));
#10015=CARTESIAN_POINT('Ctrl Pts',(97.4584324171321,-47.5592753715935,11.));
#10016=CARTESIAN_POINT('Ctrl Pts',(97.4687511671321,-48.0133003715935,11.));
#10017=CARTESIAN_POINT('Ctrl Pts',(97.4171574171321,-49.4888816215934,11.));
#10018=CARTESIAN_POINT('',(97.4171574171321,-49.4888816215934,13.));
#10019=CARTESIAN_POINT('Ctrl Pts',(97.4171574171321,-49.4888816215934,13.));
#10020=CARTESIAN_POINT('Ctrl Pts',(97.4687511671321,-48.0133003715935,13.));
#10021=CARTESIAN_POINT('Ctrl Pts',(97.4584324171321,-47.5592753715935,13.));
#10022=CARTESIAN_POINT('Ctrl Pts',(97.3655636671321,-47.5592753715935,13.));
#10023=CARTESIAN_POINT('',(97.4171574171321,-49.4888816215934,11.));
#10024=CARTESIAN_POINT('Ctrl Pts',(97.3449261671321,-52.5122753715934,11.));
#10025=CARTESIAN_POINT('Ctrl Pts',(97.3449261671321,-52.5122753715934,13.4));
#10026=CARTESIAN_POINT('Ctrl Pts',(97.3449261671321,-51.9137878715934,11.));
#10027=CARTESIAN_POINT('Ctrl Pts',(97.3449261671321,-51.9137878715934,13.4));
#10028=CARTESIAN_POINT('Ctrl Pts',(97.3862011671321,-50.5620316215935,11.));
#10029=CARTESIAN_POINT('Ctrl Pts',(97.3862011671321,-50.5620316215935,13.4));
#10030=CARTESIAN_POINT('Ctrl Pts',(97.4171574171321,-49.4888816215934,11.));
#10031=CARTESIAN_POINT('Ctrl Pts',(97.4171574171321,-49.4888816215934,13.4));
#10032=CARTESIAN_POINT('',(97.3449261671321,-52.5122753715934,11.));
#10033=CARTESIAN_POINT('Ctrl Pts',(97.4171574171321,-49.4888816215934,11.));
#10034=CARTESIAN_POINT('Ctrl Pts',(97.3862011671321,-50.5620316215935,11.));
#10035=CARTESIAN_POINT('Ctrl Pts',(97.3449261671321,-51.9137878715934,11.));
#10036=CARTESIAN_POINT('Ctrl Pts',(97.3449261671321,-52.5122753715934,11.));
#10037=CARTESIAN_POINT('',(97.3449261671321,-52.5122753715934,13.));
#10038=CARTESIAN_POINT('Ctrl Pts',(97.3449261671321,-52.5122753715934,13.));
#10039=CARTESIAN_POINT('Ctrl Pts',(97.3449261671321,-51.9137878715934,13.));
#10040=CARTESIAN_POINT('Ctrl Pts',(97.3862011671321,-50.5620316215935,13.));
#10041=CARTESIAN_POINT('Ctrl Pts',(97.4171574171321,-49.4888816215934,13.));
#10042=CARTESIAN_POINT('',(97.3449261671321,-52.5122753715934,11.));
#10043=CARTESIAN_POINT('Origin',(97.3346074171321,-53.5957441215934,11.));
#10044=CARTESIAN_POINT('',(97.3346074171321,-53.5957441215934,11.));
#10045=CARTESIAN_POINT('',(97.3449261671321,-52.5122753715934,11.));
#10046=CARTESIAN_POINT('',(97.3346074171321,-53.5957441215934,13.));
#10047=CARTESIAN_POINT('',(97.3449261671321,-52.5122753715934,13.));
#10048=CARTESIAN_POINT('',(97.3346074171321,-53.5957441215934,11.));
#10049=CARTESIAN_POINT('Origin',(95.2502199171322,-53.5647878715935,11.));
#10050=CARTESIAN_POINT('',(95.2502199171321,-53.5647878715935,11.));
#10051=CARTESIAN_POINT('',(97.3346074171321,-53.5957441215934,11.));
#10052=CARTESIAN_POINT('',(95.2502199171321,-53.5647878715935,13.));
#10053=CARTESIAN_POINT('',(97.3346074171321,-53.5957441215934,13.));
#10054=CARTESIAN_POINT('',(95.2502199171321,-53.5647878715935,11.));
#10055=CARTESIAN_POINT('Ctrl Pts',(92.9388199171321,-53.7195691215935,11.));
#10056=CARTESIAN_POINT('Ctrl Pts',(92.9388199171321,-53.7195691215935,13.4));
#10057=CARTESIAN_POINT('Ctrl Pts',(93.1451949171321,-53.5544691215934,11.));
#10058=CARTESIAN_POINT('Ctrl Pts',(93.1451949171321,-53.5544691215934,13.4));
#10059=CARTESIAN_POINT('Ctrl Pts',(93.3618886671321,-53.5338316215935,11.));
#10060=CARTESIAN_POINT('Ctrl Pts',(93.3618886671321,-53.5338316215935,13.4));
#10061=CARTESIAN_POINT('Ctrl Pts',(95.2502199171321,-53.5647878715935,11.));
#10062=CARTESIAN_POINT('Ctrl Pts',(95.2502199171321,-53.5647878715935,13.4));
#10063=CARTESIAN_POINT('',(92.9388199171321,-53.7195691215935,11.));
#10064=CARTESIAN_POINT('Ctrl Pts',(95.2502199171321,-53.5647878715935,11.));
#10065=CARTESIAN_POINT('Ctrl Pts',(93.3618886671321,-53.5338316215935,11.));
#10066=CARTESIAN_POINT('Ctrl Pts',(93.1451949171321,-53.5544691215934,11.));
#10067=CARTESIAN_POINT('Ctrl Pts',(92.9388199171321,-53.7195691215935,11.));
#10068=CARTESIAN_POINT('',(92.9388199171321,-53.7195691215935,13.));
#10069=CARTESIAN_POINT('Ctrl Pts',(92.9388199171321,-53.7195691215935,13.));
#10070=CARTESIAN_POINT('Ctrl Pts',(93.1451949171321,-53.5544691215934,13.));
#10071=CARTESIAN_POINT('Ctrl Pts',(93.3618886671321,-53.5338316215935,13.));
#10072=CARTESIAN_POINT('Ctrl Pts',(95.2502199171321,-53.5647878715935,13.));
#10073=CARTESIAN_POINT('',(92.9388199171321,-53.7195691215935,11.));
#10074=CARTESIAN_POINT('Ctrl Pts',(92.7014886671321,-55.9174628715935,11.));
#10075=CARTESIAN_POINT('Ctrl Pts',(92.7014886671321,-55.9174628715935,13.4));
#10076=CARTESIAN_POINT('Ctrl Pts',(92.7118074171321,-53.9878566215935,11.));
#10077=CARTESIAN_POINT('Ctrl Pts',(92.7118074171321,-53.9878566215935,13.4));
#10078=CARTESIAN_POINT('Ctrl Pts',(92.7221261671321,-53.8949878715935,11.));
#10079=CARTESIAN_POINT('Ctrl Pts',(92.7221261671321,-53.8949878715935,13.4));
#10080=CARTESIAN_POINT('Ctrl Pts',(92.9388199171321,-53.7195691215935,11.));
#10081=CARTESIAN_POINT('Ctrl Pts',(92.9388199171321,-53.7195691215935,13.4));
#10082=CARTESIAN_POINT('',(92.7014886671321,-55.9174628715935,11.));
#10083=CARTESIAN_POINT('Ctrl Pts',(92.9388199171321,-53.7195691215935,11.));
#10084=CARTESIAN_POINT('Ctrl Pts',(92.7221261671321,-53.8949878715935,11.));
#10085=CARTESIAN_POINT('Ctrl Pts',(92.7118074171321,-53.9878566215935,11.));
#10086=CARTESIAN_POINT('Ctrl Pts',(92.7014886671321,-55.9174628715935,11.));
#10087=CARTESIAN_POINT('',(92.7014886671321,-55.9174628715935,13.));
#10088=CARTESIAN_POINT('Ctrl Pts',(92.7014886671321,-55.9174628715935,13.));
#10089=CARTESIAN_POINT('Ctrl Pts',(92.7118074171321,-53.9878566215935,13.));
#10090=CARTESIAN_POINT('Ctrl Pts',(92.7221261671321,-53.8949878715935,13.));
#10091=CARTESIAN_POINT('Ctrl Pts',(92.9388199171321,-53.7195691215935,13.));
#10092=CARTESIAN_POINT('',(92.7014886671321,-55.9174628715935,11.));
#10093=CARTESIAN_POINT('Ctrl Pts',(92.4847949171321,-57.9502566215935,11.));
#10094=CARTESIAN_POINT('Ctrl Pts',(92.4847949171321,-57.9502566215935,13.4));
#10095=CARTESIAN_POINT('Ctrl Pts',(92.6808511671321,-57.9399378715935,11.));
#10096=CARTESIAN_POINT('Ctrl Pts',(92.6808511671321,-57.9399378715935,13.4));
#10097=CARTESIAN_POINT('Ctrl Pts',(92.6911699171321,-57.8470691215934,11.));
#10098=CARTESIAN_POINT('Ctrl Pts',(92.6911699171321,-57.8470691215934,13.4));
#10099=CARTESIAN_POINT('Ctrl Pts',(92.7014886671321,-55.9174628715935,11.));
#10100=CARTESIAN_POINT('Ctrl Pts',(92.7014886671321,-55.9174628715935,13.4));
#10101=CARTESIAN_POINT('',(92.4847949171321,-57.9502566215935,11.));
#10102=CARTESIAN_POINT('Ctrl Pts',(92.7014886671321,-55.9174628715935,11.));
#10103=CARTESIAN_POINT('Ctrl Pts',(92.6911699171321,-57.8470691215934,11.));
#10104=CARTESIAN_POINT('Ctrl Pts',(92.6808511671321,-57.9399378715935,11.));
#10105=CARTESIAN_POINT('Ctrl Pts',(92.4847949171321,-57.9502566215935,11.));
#10106=CARTESIAN_POINT('',(92.4847949171321,-57.9502566215935,13.));
#10107=CARTESIAN_POINT('Ctrl Pts',(92.4847949171321,-57.9502566215935,13.));
#10108=CARTESIAN_POINT('Ctrl Pts',(92.6808511671321,-57.9399378715935,13.));
#10109=CARTESIAN_POINT('Ctrl Pts',(92.6911699171321,-57.8470691215934,13.));
#10110=CARTESIAN_POINT('Ctrl Pts',(92.7014886671321,-55.9174628715935,13.));
#10111=CARTESIAN_POINT('',(92.4847949171321,-57.9502566215935,11.));
#10112=CARTESIAN_POINT('Ctrl Pts',(92.3919261671321,-57.8367503715934,11.));
#10113=CARTESIAN_POINT('Ctrl Pts',(92.3919261671321,-57.8367503715934,13.4));
#10114=CARTESIAN_POINT('Ctrl Pts',(92.3093761671321,-57.9399378715935,11.));
#10115=CARTESIAN_POINT('Ctrl Pts',(92.3093761671321,-57.9399378715935,13.4));
#10116=CARTESIAN_POINT('Ctrl Pts',(92.3300136671321,-57.9708941215934,11.));
#10117=CARTESIAN_POINT('Ctrl Pts',(92.3300136671321,-57.9708941215934,13.4));
#10118=CARTESIAN_POINT('Ctrl Pts',(92.4847949171321,-57.9502566215935,11.));
#10119=CARTESIAN_POINT('Ctrl Pts',(92.4847949171321,-57.9502566215935,13.4));
#10120=CARTESIAN_POINT('',(92.3919261671321,-57.8367503715934,11.));
#10121=CARTESIAN_POINT('Ctrl Pts',(92.4847949171321,-57.9502566215935,11.));
#10122=CARTESIAN_POINT('Ctrl Pts',(92.3300136671321,-57.9708941215934,11.));
#10123=CARTESIAN_POINT('Ctrl Pts',(92.3093761671321,-57.9399378715935,11.));
#10124=CARTESIAN_POINT('Ctrl Pts',(92.3919261671321,-57.8367503715934,11.));
#10125=CARTESIAN_POINT('',(92.3919261671321,-57.8367503715934,13.));
#10126=CARTESIAN_POINT('Ctrl Pts',(92.3919261671321,-57.8367503715934,13.));
#10127=CARTESIAN_POINT('Ctrl Pts',(92.3093761671321,-57.9399378715935,13.));
#10128=CARTESIAN_POINT('Ctrl Pts',(92.3300136671321,-57.9708941215934,13.));
#10129=CARTESIAN_POINT('Ctrl Pts',(92.4847949171321,-57.9502566215935,13.));
#10130=CARTESIAN_POINT('',(92.3919261671321,-57.8367503715934,11.));
#10131=CARTESIAN_POINT('Ctrl Pts',(92.3506511671321,-57.7026066215935,11.));
#10132=CARTESIAN_POINT('Ctrl Pts',(92.3506511671321,-57.7026066215935,13.4));
#10133=CARTESIAN_POINT('Ctrl Pts',(92.4641574171321,-57.7026066215935,11.));
#10134=CARTESIAN_POINT('Ctrl Pts',(92.4641574171321,-57.7026066215935,13.4));
#10135=CARTESIAN_POINT('Ctrl Pts',(92.4744761671321,-57.7438816215935,11.));
#10136=CARTESIAN_POINT('Ctrl Pts',(92.4744761671321,-57.7438816215935,13.4));
#10137=CARTESIAN_POINT('Ctrl Pts',(92.3919261671321,-57.8367503715934,11.));
#10138=CARTESIAN_POINT('Ctrl Pts',(92.3919261671321,-57.8367503715934,13.4));
#10139=CARTESIAN_POINT('',(92.3506511671321,-57.7026066215935,11.));
#10140=CARTESIAN_POINT('Ctrl Pts',(92.3919261671321,-57.8367503715934,11.));
#10141=CARTESIAN_POINT('Ctrl Pts',(92.4744761671321,-57.7438816215935,11.));
#10142=CARTESIAN_POINT('Ctrl Pts',(92.4641574171321,-57.7026066215935,11.));
#10143=CARTESIAN_POINT('Ctrl Pts',(92.3506511671321,-57.7026066215935,11.));
#10144=CARTESIAN_POINT('',(92.3506511671321,-57.7026066215935,13.));
#10145=CARTESIAN_POINT('Ctrl Pts',(92.3506511671321,-57.7026066215935,13.));
#10146=CARTESIAN_POINT('Ctrl Pts',(92.4641574171321,-57.7026066215935,13.));
#10147=CARTESIAN_POINT('Ctrl Pts',(92.4744761671321,-57.7438816215935,13.));
#10148=CARTESIAN_POINT('Ctrl Pts',(92.3919261671321,-57.8367503715934,13.));
#10149=CARTESIAN_POINT('',(92.3506511671321,-57.7026066215935,11.));
#10150=CARTESIAN_POINT('Ctrl Pts',(92.2268261671321,-57.8161128715934,11.));
#10151=CARTESIAN_POINT('Ctrl Pts',(92.2268261671321,-57.8161128715934,13.4));
#10152=CARTESIAN_POINT('Ctrl Pts',(92.2165074171321,-57.7542003715935,11.));
#10153=CARTESIAN_POINT('Ctrl Pts',(92.2165074171321,-57.7542003715935,13.4));
#10154=CARTESIAN_POINT('Ctrl Pts',(92.2784199171321,-57.7026066215935,11.));
#10155=CARTESIAN_POINT('Ctrl Pts',(92.2784199171321,-57.7026066215935,13.4));
#10156=CARTESIAN_POINT('Ctrl Pts',(92.3506511671321,-57.7026066215935,11.));
#10157=CARTESIAN_POINT('Ctrl Pts',(92.3506511671321,-57.7026066215935,13.4));
#10158=CARTESIAN_POINT('',(92.2268261671321,-57.8161128715934,11.));
#10159=CARTESIAN_POINT('Ctrl Pts',(92.3506511671321,-57.7026066215935,11.));
#10160=CARTESIAN_POINT('Ctrl Pts',(92.2784199171321,-57.7026066215935,11.));
#10161=CARTESIAN_POINT('Ctrl Pts',(92.2165074171321,-57.7542003715935,11.));
#10162=CARTESIAN_POINT('Ctrl Pts',(92.2268261671321,-57.8161128715934,11.));
#10163=CARTESIAN_POINT('',(92.2268261671321,-57.8161128715934,13.));
#10164=CARTESIAN_POINT('Ctrl Pts',(92.2268261671321,-57.8161128715934,13.));
#10165=CARTESIAN_POINT('Ctrl Pts',(92.2165074171321,-57.7542003715935,13.));
#10166=CARTESIAN_POINT('Ctrl Pts',(92.2784199171321,-57.7026066215935,13.));
#10167=CARTESIAN_POINT('Ctrl Pts',(92.3506511671321,-57.7026066215935,13.));
#10168=CARTESIAN_POINT('',(92.2268261671321,-57.8161128715934,11.));
#10169=CARTESIAN_POINT('Ctrl Pts',(88.6359011671321,-57.8780253715935,11.));
#10170=CARTESIAN_POINT('Ctrl Pts',(88.6359011671321,-57.8780253715935,13.4));
#10171=CARTESIAN_POINT('Ctrl Pts',(88.7184511671321,-58.0121691215935,11.));
#10172=CARTESIAN_POINT('Ctrl Pts',(88.7184511671321,-58.0121691215935,13.4));
#10173=CARTESIAN_POINT('Ctrl Pts',(92.2474636671321,-57.9502566215935,11.));
#10174=CARTESIAN_POINT('Ctrl Pts',(92.2474636671321,-57.9502566215935,13.4));
#10175=CARTESIAN_POINT('Ctrl Pts',(92.2268261671321,-57.8161128715934,11.));
#10176=CARTESIAN_POINT('Ctrl Pts',(92.2268261671321,-57.8161128715934,13.4));
#10177=CARTESIAN_POINT('',(88.6359011671321,-57.8780253715935,11.));
#10178=CARTESIAN_POINT('Ctrl Pts',(92.2268261671321,-57.8161128715934,11.));
#10179=CARTESIAN_POINT('Ctrl Pts',(92.2474636671321,-57.9502566215935,11.));
#10180=CARTESIAN_POINT('Ctrl Pts',(88.7184511671321,-58.0121691215935,11.));
#10181=CARTESIAN_POINT('Ctrl Pts',(88.6359011671321,-57.8780253715935,11.));
#10182=CARTESIAN_POINT('',(88.6359011671321,-57.8780253715935,13.));
#10183=CARTESIAN_POINT('Ctrl Pts',(88.6359011671321,-57.8780253715935,13.));
#10184=CARTESIAN_POINT('Ctrl Pts',(88.7184511671321,-58.0121691215935,13.));
#10185=CARTESIAN_POINT('Ctrl Pts',(92.2474636671321,-57.9502566215935,13.));
#10186=CARTESIAN_POINT('Ctrl Pts',(92.2268261671321,-57.8161128715934,13.));
#10187=CARTESIAN_POINT('',(88.6359011671321,-57.8780253715935,11.));
#10188=CARTESIAN_POINT('Ctrl Pts',(88.6152636671321,-47.4251316215935,11.));
#10189=CARTESIAN_POINT('Ctrl Pts',(88.6152636671321,-47.4251316215935,13.4));
#10190=CARTESIAN_POINT('Ctrl Pts',(88.5223949171321,-47.4560878715934,11.));
#10191=CARTESIAN_POINT('Ctrl Pts',(88.5223949171321,-47.4560878715934,13.4));
#10192=CARTESIAN_POINT('Ctrl Pts',(88.5533511671321,-57.7335628715934,11.));
#10193=CARTESIAN_POINT('Ctrl Pts',(88.5533511671321,-57.7335628715934,13.4));
#10194=CARTESIAN_POINT('Ctrl Pts',(88.6359011671321,-57.8780253715935,11.));
#10195=CARTESIAN_POINT('Ctrl Pts',(88.6359011671321,-57.8780253715935,13.4));
#10196=CARTESIAN_POINT('Ctrl Pts',(88.6359011671321,-57.8780253715935,11.));
#10197=CARTESIAN_POINT('Ctrl Pts',(88.5533511671321,-57.7335628715934,11.));
#10198=CARTESIAN_POINT('Ctrl Pts',(88.5223949171321,-47.4560878715934,11.));
#10199=CARTESIAN_POINT('Ctrl Pts',(88.6152636671321,-47.4251316215935,11.));
#10200=CARTESIAN_POINT('Ctrl Pts',(88.6152636671321,-47.4251316215935,13.));
#10201=CARTESIAN_POINT('Ctrl Pts',(88.5223949171321,-47.4560878715934,13.));
#10202=CARTESIAN_POINT('Ctrl Pts',(88.5533511671321,-57.7335628715934,13.));
#10203=CARTESIAN_POINT('Ctrl Pts',(88.6359011671321,-57.8780253715935,13.));
#10204=CARTESIAN_POINT('Origin',(92.9955730421321,-52.6876941215935,13.));
#10205=CARTESIAN_POINT('Origin',(92.9955730421321,-52.6876941215935,11.));
#10206=CARTESIAN_POINT('',(0.,0.,0.));
#10207=CARTESIAN_POINT('Ctrl Pts',(73.0042023207995,-54.0357264792929,11.));
#10208=CARTESIAN_POINT('Ctrl Pts',(73.0042023207995,-54.0357264792929,12.2));
#10209=CARTESIAN_POINT('Ctrl Pts',(72.9638171889636,-54.0600467002401,11.));
#10210=CARTESIAN_POINT('Ctrl Pts',(72.9638171889636,-54.0600467002401,12.2));
#10211=CARTESIAN_POINT('Ctrl Pts',(71.2670971114489,-54.5630305335531,11.));
#10212=CARTESIAN_POINT('Ctrl Pts',(71.2670971114489,-54.5630305335531,12.2));
#10213=CARTESIAN_POINT('Ctrl Pts',(71.2041048323962,-54.2281953513632,11.));
#10214=CARTESIAN_POINT('Ctrl Pts',(71.2041048323962,-54.2281953513632,12.2));
#10215=CARTESIAN_POINT('',(73.0042023207995,-54.0357264792929,11.));
#10216=CARTESIAN_POINT('',(71.2041048323962,-54.2281953513632,11.));
#10217=CARTESIAN_POINT('Ctrl Pts',(73.0042023207995,-54.0357264792929,11.));
#10218=CARTESIAN_POINT('Ctrl Pts',(72.9638171889636,-54.0600467002401,11.));
#10219=CARTESIAN_POINT('Ctrl Pts',(71.2670971114489,-54.5630305335531,11.));
#10220=CARTESIAN_POINT('Ctrl Pts',(71.2041048323962,-54.2281953513632,11.));
#10221=CARTESIAN_POINT('',(71.2041048323962,-54.2281953513632,12.));
#10222=CARTESIAN_POINT('',(71.2041048323962,-54.2281953513632,11.));
#10223=CARTESIAN_POINT('',(73.0042023207995,-54.0357264792929,12.));
#10224=CARTESIAN_POINT('Ctrl Pts',(73.0042023207995,-54.0357264792929,12.));
#10225=CARTESIAN_POINT('Ctrl Pts',(72.9638171889636,-54.0600467002401,12.));
#10226=CARTESIAN_POINT('Ctrl Pts',(71.2670971114489,-54.5630305335531,12.));
#10227=CARTESIAN_POINT('Ctrl Pts',(71.2041048323962,-54.2281953513632,12.));
#10228=CARTESIAN_POINT('',(73.0042023207995,-54.0357264792929,11.));
#10229=CARTESIAN_POINT('Ctrl Pts',(73.3067807509753,-53.7838857467184,11.));
#10230=CARTESIAN_POINT('Ctrl Pts',(73.3067807509753,-53.7838857467184,12.2));
#10231=CARTESIAN_POINT('Ctrl Pts',(73.2382636153552,-53.9915944831381,11.));
#10232=CARTESIAN_POINT('Ctrl Pts',(73.2382636153552,-53.9915944831381,12.2));
#10233=CARTESIAN_POINT('Ctrl Pts',(73.0445254409167,-54.0113423087606,11.));
#10234=CARTESIAN_POINT('Ctrl Pts',(73.0445254409167,-54.0113423087606,12.2));
#10235=CARTESIAN_POINT('Ctrl Pts',(73.0042023207995,-54.0357264792929,11.));
#10236=CARTESIAN_POINT('Ctrl Pts',(73.0042023207995,-54.0357264792929,12.2));
#10237=CARTESIAN_POINT('',(73.3067807509753,-53.7838857467184,11.));
#10238=CARTESIAN_POINT('Ctrl Pts',(73.3067807509753,-53.7838857467184,11.));
#10239=CARTESIAN_POINT('Ctrl Pts',(73.2382636153552,-53.9915944831381,11.));
#10240=CARTESIAN_POINT('Ctrl Pts',(73.0445254409167,-54.0113423087606,11.));
#10241=CARTESIAN_POINT('Ctrl Pts',(73.0042023207995,-54.0357264792929,11.));
#10242=CARTESIAN_POINT('',(73.3067807509753,-53.7838857467184,12.));
#10243=CARTESIAN_POINT('Ctrl Pts',(73.3067807509753,-53.7838857467184,12.));
#10244=CARTESIAN_POINT('Ctrl Pts',(73.2382636153552,-53.9915944831381,12.));
#10245=CARTESIAN_POINT('Ctrl Pts',(73.0445254409167,-54.0113423087606,12.));
#10246=CARTESIAN_POINT('Ctrl Pts',(73.0042023207995,-54.0357264792929,12.));
#10247=CARTESIAN_POINT('',(73.3067807509753,-53.7838857467184,11.));
#10248=CARTESIAN_POINT('Ctrl Pts',(72.8137023207995,-53.5589052932272,11.));
#10249=CARTESIAN_POINT('Ctrl Pts',(72.8137023207995,-53.5589052932272,12.2));
#10250=CARTESIAN_POINT('Ctrl Pts',(73.016903095946,-53.4905155723104,11.));
#10251=CARTESIAN_POINT('Ctrl Pts',(73.016903095946,-53.4905155723104,12.2));
#10252=CARTESIAN_POINT('Ctrl Pts',(73.3914248092029,-53.580304665328,11.));
#10253=CARTESIAN_POINT('Ctrl Pts',(73.3914248092029,-53.580304665328,12.2));
#10254=CARTESIAN_POINT('Ctrl Pts',(73.3067807509753,-53.7838857467184,11.));
#10255=CARTESIAN_POINT('Ctrl Pts',(73.3067807509753,-53.7838857467184,12.2));
#10256=CARTESIAN_POINT('',(72.8137023207995,-53.5589052932272,11.));
#10257=CARTESIAN_POINT('Ctrl Pts',(72.8137023207995,-53.5589052932272,11.));
#10258=CARTESIAN_POINT('Ctrl Pts',(73.016903095946,-53.4905155723104,11.));
#10259=CARTESIAN_POINT('Ctrl Pts',(73.3914248092029,-53.580304665328,11.));
#10260=CARTESIAN_POINT('Ctrl Pts',(73.3067807509753,-53.7838857467184,11.));
#10261=CARTESIAN_POINT('',(72.8137023207995,-53.5589052932272,12.));
#10262=CARTESIAN_POINT('Ctrl Pts',(72.8137023207995,-53.5589052932272,12.));
#10263=CARTESIAN_POINT('Ctrl Pts',(73.016903095946,-53.4905155723104,12.));
#10264=CARTESIAN_POINT('Ctrl Pts',(73.3914248092029,-53.580304665328,12.));
#10265=CARTESIAN_POINT('Ctrl Pts',(73.3067807509753,-53.7838857467184,12.));
#10266=CARTESIAN_POINT('',(72.8137023207995,-53.5589052932272,11.));
#10267=CARTESIAN_POINT('Ctrl Pts',(71.7589043013904,-53.6753008048544,11.));
#10268=CARTESIAN_POINT('Ctrl Pts',(71.7589043013904,-53.6753008048544,12.2));
#10269=CARTESIAN_POINT('Ctrl Pts',(71.8597431075427,-53.7965860373983,11.));
#10270=CARTESIAN_POINT('Ctrl Pts',(71.8597431075427,-53.7965860373983,12.2));
#10271=CARTESIAN_POINT('Ctrl Pts',(72.6104395339343,-53.6272950141439,11.));
#10272=CARTESIAN_POINT('Ctrl Pts',(72.6104395339343,-53.6272950141439,12.2));
#10273=CARTESIAN_POINT('Ctrl Pts',(72.8137023207995,-53.5589052932272,11.));
#10274=CARTESIAN_POINT('Ctrl Pts',(72.8137023207995,-53.5589052932272,12.2));
#10275=CARTESIAN_POINT('',(71.7589043013904,-53.6753008048544,11.));
#10276=CARTESIAN_POINT('Ctrl Pts',(71.7589043013904,-53.6753008048544,11.));
#10277=CARTESIAN_POINT('Ctrl Pts',(71.8597431075427,-53.7965860373983,11.));
#10278=CARTESIAN_POINT('Ctrl Pts',(72.6104395339343,-53.6272950141439,11.));
#10279=CARTESIAN_POINT('Ctrl Pts',(72.8137023207995,-53.5589052932272,11.));
#10280=CARTESIAN_POINT('',(71.7589043013904,-53.6753008048544,12.));
#10281=CARTESIAN_POINT('Ctrl Pts',(71.7589043013904,-53.6753008048544,12.));
#10282=CARTESIAN_POINT('Ctrl Pts',(71.8597431075427,-53.7965860373983,12.));
#10283=CARTESIAN_POINT('Ctrl Pts',(72.6104395339343,-53.6272950141439,12.));
#10284=CARTESIAN_POINT('Ctrl Pts',(72.8137023207995,-53.5589052932272,12.));
#10285=CARTESIAN_POINT('',(71.7589043013904,-53.6753008048544,11.));
#10286=CARTESIAN_POINT('Ctrl Pts',(71.5013483168933,-51.566719723464,11.));
#10287=CARTESIAN_POINT('Ctrl Pts',(71.5013483168933,-51.566719723464,12.2));
#10288=CARTESIAN_POINT('Ctrl Pts',(71.711533161864,-52.2441376769552,11.));
#10289=CARTESIAN_POINT('Ctrl Pts',(71.711533161864,-52.2441376769552,12.2));
#10290=CARTESIAN_POINT('Ctrl Pts',(71.658065495238,-53.5540155723104,11.));
#10291=CARTESIAN_POINT('Ctrl Pts',(71.658065495238,-53.5540155723104,12.2));
#10292=CARTESIAN_POINT('Ctrl Pts',(71.7589043013904,-53.6753008048544,11.));
#10293=CARTESIAN_POINT('Ctrl Pts',(71.7589043013904,-53.6753008048544,12.2));
#10294=CARTESIAN_POINT('',(71.5013483168933,-51.566719723464,11.));
#10295=CARTESIAN_POINT('Ctrl Pts',(71.5013483168933,-51.566719723464,11.));
#10296=CARTESIAN_POINT('Ctrl Pts',(71.711533161864,-52.2441376769552,11.));
#10297=CARTESIAN_POINT('Ctrl Pts',(71.658065495238,-53.5540155723104,11.));
#10298=CARTESIAN_POINT('Ctrl Pts',(71.7589043013904,-53.6753008048544,11.));
#10299=CARTESIAN_POINT('',(71.5013483168933,-51.566719723464,12.));
#10300=CARTESIAN_POINT('Ctrl Pts',(71.5013483168933,-51.566719723464,12.));
#10301=CARTESIAN_POINT('Ctrl Pts',(71.711533161864,-52.2441376769552,12.));
#10302=CARTESIAN_POINT('Ctrl Pts',(71.658065495238,-53.5540155723104,12.));
#10303=CARTESIAN_POINT('Ctrl Pts',(71.7589043013904,-53.6753008048544,12.));
#10304=CARTESIAN_POINT('',(71.5013483168933,-51.566719723464,11.));
#10305=CARTESIAN_POINT('Ctrl Pts',(70.8513627974841,-51.3486099746237,11.));
#10306=CARTESIAN_POINT('Ctrl Pts',(70.8513627974841,-51.3486099746237,12.2));
#10307=CARTESIAN_POINT('Ctrl Pts',(70.8471091811511,-50.8797703750143,11.));
#10308=CARTESIAN_POINT('Ctrl Pts',(70.8471091811511,-50.8797703750143,12.2));
#10309=CARTESIAN_POINT('Ctrl Pts',(71.3311687819812,-50.5183476684103,11.));
#10310=CARTESIAN_POINT('Ctrl Pts',(71.3311687819812,-50.5183476684103,12.2));
#10311=CARTESIAN_POINT('Ctrl Pts',(71.5013483168933,-51.566719723464,11.));
#10312=CARTESIAN_POINT('Ctrl Pts',(71.5013483168933,-51.566719723464,12.2));
#10313=CARTESIAN_POINT('',(70.8513627974841,-51.3486099746237,11.));
#10314=CARTESIAN_POINT('Ctrl Pts',(70.8513627974841,-51.3486099746237,11.));
#10315=CARTESIAN_POINT('Ctrl Pts',(70.8471091811511,-50.8797703750143,11.));
#10316=CARTESIAN_POINT('Ctrl Pts',(71.3311687819812,-50.5183476684103,11.));
#10317=CARTESIAN_POINT('Ctrl Pts',(71.5013483168933,-51.566719723464,11.));
#10318=CARTESIAN_POINT('',(70.8513627974841,-51.3486099746237,12.));
#10319=CARTESIAN_POINT('Ctrl Pts',(70.8513627974841,-51.3486099746237,12.));
#10320=CARTESIAN_POINT('Ctrl Pts',(70.8471091811511,-50.8797703750143,12.));
#10321=CARTESIAN_POINT('Ctrl Pts',(71.3311687819812,-50.5183476684103,12.));
#10322=CARTESIAN_POINT('Ctrl Pts',(71.5013483168933,-51.566719723464,12.));
#10323=CARTESIAN_POINT('',(70.8513627974841,-51.3486099746237,11.));
#10324=CARTESIAN_POINT('Ctrl Pts',(71.0736127974841,-53.1688884017477,11.));
#10325=CARTESIAN_POINT('Ctrl Pts',(71.0736127974841,-53.1688884017477,12.2));
#10326=CARTESIAN_POINT('Ctrl Pts',(71.0101127974841,-52.5985312583456,11.));
#10327=CARTESIAN_POINT('Ctrl Pts',(71.0101127974841,-52.5985312583456,12.2));
#10328=CARTESIAN_POINT('Ctrl Pts',(70.8556803634021,-51.8175193374166,11.));
#10329=CARTESIAN_POINT('Ctrl Pts',(70.8556803634021,-51.8175193374166,12.2));
#10330=CARTESIAN_POINT('Ctrl Pts',(70.8513627974841,-51.3486099746237,11.));
#10331=CARTESIAN_POINT('Ctrl Pts',(70.8513627974841,-51.3486099746237,12.2));
#10332=CARTESIAN_POINT('',(71.0736127974841,-53.1688884017477,11.));
#10333=CARTESIAN_POINT('Ctrl Pts',(71.0736127974841,-53.1688884017477,11.));
#10334=CARTESIAN_POINT('Ctrl Pts',(71.0101127974841,-52.5985312583456,11.));
#10335=CARTESIAN_POINT('Ctrl Pts',(70.8556803634021,-51.8175193374166,11.));
#10336=CARTESIAN_POINT('Ctrl Pts',(70.8513627974841,-51.3486099746237,11.));
#10337=CARTESIAN_POINT('',(71.0736127974841,-53.1688884017477,12.));
#10338=CARTESIAN_POINT('Ctrl Pts',(71.0736127974841,-53.1688884017477,12.));
#10339=CARTESIAN_POINT('Ctrl Pts',(71.0101127974841,-52.5985312583456,12.));
#10340=CARTESIAN_POINT('Ctrl Pts',(70.8556803634021,-51.8175193374166,12.));
#10341=CARTESIAN_POINT('Ctrl Pts',(70.8513627974841,-51.3486099746237,12.));
#10342=CARTESIAN_POINT('',(71.0736127974841,-53.1688884017477,11.));
#10343=CARTESIAN_POINT('Ctrl Pts',(71.2041048323962,-54.2281953513632,11.));
#10344=CARTESIAN_POINT('Ctrl Pts',(71.2041048323962,-54.2281953513632,12.2));
#10345=CARTESIAN_POINT('Ctrl Pts',(71.1411125533435,-53.8932962195883,11.));
#10346=CARTESIAN_POINT('Ctrl Pts',(71.1411125533435,-53.8932962195883,12.2));
#10347=CARTESIAN_POINT('Ctrl Pts',(71.1371127974841,-53.7391815955648,11.));
#10348=CARTESIAN_POINT('Ctrl Pts',(71.1371127974841,-53.7391815955648,12.2));
#10349=CARTESIAN_POINT('Ctrl Pts',(71.0736127974841,-53.1688884017477,11.));
#10350=CARTESIAN_POINT('Ctrl Pts',(71.0736127974841,-53.1688884017477,12.2));
#10351=CARTESIAN_POINT('Ctrl Pts',(71.2041048323962,-54.2281953513632,11.));
#10352=CARTESIAN_POINT('Ctrl Pts',(71.1411125533435,-53.8932962195883,11.));
#10353=CARTESIAN_POINT('Ctrl Pts',(71.1371127974841,-53.7391815955648,11.));
#10354=CARTESIAN_POINT('Ctrl Pts',(71.0736127974841,-53.1688884017477,11.));
#10355=CARTESIAN_POINT('Ctrl Pts',(71.2041048323962,-54.2281953513632,12.));
#10356=CARTESIAN_POINT('Ctrl Pts',(71.1411125533435,-53.8932962195883,12.));
#10357=CARTESIAN_POINT('Ctrl Pts',(71.1371127974841,-53.7391815955648,12.));
#10358=CARTESIAN_POINT('Ctrl Pts',(71.0736127974841,-53.1688884017477,12.));
#10359=CARTESIAN_POINT('Origin',(59.5957329680774,-51.7100966308126,11.));
#10360=CARTESIAN_POINT('',(59.5957329680774,-51.7100966308126,11.));
#10361=CARTESIAN_POINT('',(58.738736828551,-51.6144023749838,11.));
#10362=CARTESIAN_POINT('',(59.5957329680774,-51.7100966308126,11.));
#10363=CARTESIAN_POINT('',(58.738736828551,-51.6144023749838,12.));
#10364=CARTESIAN_POINT('',(58.738736828551,-51.6144023749838,11.));
#10365=CARTESIAN_POINT('',(59.5957329680774,-51.7100966308126,12.));
#10366=CARTESIAN_POINT('',(59.5957329680774,-51.7100966308126,12.));
#10367=CARTESIAN_POINT('',(59.5957329680774,-51.7100966308126,11.));
#10368=CARTESIAN_POINT('Ctrl Pts',(59.3524648711535,-52.4736905257711,11.));
#10369=CARTESIAN_POINT('Ctrl Pts',(59.3524648711535,-52.4736905257711,12.2));
#10370=CARTESIAN_POINT('Ctrl Pts',(59.4699402587268,-52.0737037971029,11.));
#10371=CARTESIAN_POINT('Ctrl Pts',(59.4699402587268,-52.0737037971029,12.2));
#10372=CARTESIAN_POINT('Ctrl Pts',(59.5957329680774,-51.7100966308126,11.));
#10373=CARTESIAN_POINT('Ctrl Pts',(59.5957329680774,-51.7100966308126,12.2));
#10374=CARTESIAN_POINT('',(59.3524648711535,-52.4736905257711,11.));
#10375=CARTESIAN_POINT('Ctrl Pts',(59.3524648711535,-52.4736905257711,11.));
#10376=CARTESIAN_POINT('Ctrl Pts',(59.4699402587268,-52.0737037971029,11.));
#10377=CARTESIAN_POINT('Ctrl Pts',(59.5957329680774,-51.7100966308126,11.));
#10378=CARTESIAN_POINT('',(59.3524648711535,-52.4736905257711,12.));
#10379=CARTESIAN_POINT('Ctrl Pts',(59.3524648711535,-52.4736905257711,12.));
#10380=CARTESIAN_POINT('Ctrl Pts',(59.4699402587268,-52.0737037971029,12.));
#10381=CARTESIAN_POINT('Ctrl Pts',(59.5957329680774,-51.7100966308126,12.));
#10382=CARTESIAN_POINT('',(59.3524648711535,-52.4736905257711,11.));
#10383=CARTESIAN_POINT('Ctrl Pts',(60.1403731734607,-52.6379014327535,11.));
#10384=CARTESIAN_POINT('Ctrl Pts',(60.1403731734607,-52.6379014327535,12.2));
#10385=CARTESIAN_POINT('Ctrl Pts',(59.7630560881946,-53.2473744056234,11.));
#10386=CARTESIAN_POINT('Ctrl Pts',(59.7630560881946,-53.2473744056234,12.2));
#10387=CARTESIAN_POINT('Ctrl Pts',(59.1010054137561,-53.1321217505941,11.));
#10388=CARTESIAN_POINT('Ctrl Pts',(59.1010054137561,-53.1321217505941,12.2));
#10389=CARTESIAN_POINT('Ctrl Pts',(59.3524648711535,-52.4736905257711,11.));
#10390=CARTESIAN_POINT('Ctrl Pts',(59.3524648711535,-52.4736905257711,12.2));
#10391=CARTESIAN_POINT('',(60.1403731734607,-52.6379014327535,11.));
#10392=CARTESIAN_POINT('Ctrl Pts',(60.1403731734607,-52.6379014327535,11.));
#10393=CARTESIAN_POINT('Ctrl Pts',(59.7630560881946,-53.2473744056234,11.));
#10394=CARTESIAN_POINT('Ctrl Pts',(59.1010054137561,-53.1321217505941,11.));
#10395=CARTESIAN_POINT('Ctrl Pts',(59.3524648711535,-52.4736905257711,11.));
#10396=CARTESIAN_POINT('',(60.1403731734607,-52.6379014327535,12.));
#10397=CARTESIAN_POINT('Ctrl Pts',(60.1403731734607,-52.6379014327535,12.));
#10398=CARTESIAN_POINT('Ctrl Pts',(59.7630560881946,-53.2473744056234,12.));
#10399=CARTESIAN_POINT('Ctrl Pts',(59.1010054137561,-53.1321217505941,12.));
#10400=CARTESIAN_POINT('Ctrl Pts',(59.3524648711535,-52.4736905257711,12.));
#10401=CARTESIAN_POINT('',(60.1403731734607,-52.6379014327535,11.));
#10402=CARTESIAN_POINT('Ctrl Pts',(60.5239766967151,-48.76469986415,11.));
#10403=CARTESIAN_POINT('Ctrl Pts',(60.5239766967151,-48.76469986415,12.2));
#10404=CARTESIAN_POINT('Ctrl Pts',(60.8699245726916,-50.0720188071737,11.));
#10405=CARTESIAN_POINT('Ctrl Pts',(60.8699245726916,-50.0720188071737,12.2));
#10406=CARTESIAN_POINT('Ctrl Pts',(60.2499740416858,-52.4764209792623,11.));
#10407=CARTESIAN_POINT('Ctrl Pts',(60.2499740416858,-52.4764209792623,12.2));
#10408=CARTESIAN_POINT('Ctrl Pts',(60.1403731734607,-52.6379014327535,11.));
#10409=CARTESIAN_POINT('Ctrl Pts',(60.1403731734607,-52.6379014327535,12.2));
#10410=CARTESIAN_POINT('',(60.5239766967151,-48.76469986415,11.));
#10411=CARTESIAN_POINT('Ctrl Pts',(60.5239766967151,-48.76469986415,11.));
#10412=CARTESIAN_POINT('Ctrl Pts',(60.8699245726916,-50.0720188071737,11.));
#10413=CARTESIAN_POINT('Ctrl Pts',(60.2499740416858,-52.4764209792623,11.));
#10414=CARTESIAN_POINT('Ctrl Pts',(60.1403731734607,-52.6379014327535,11.));
#10415=CARTESIAN_POINT('',(60.5239766967151,-48.76469986415,12.));
#10416=CARTESIAN_POINT('Ctrl Pts',(60.5239766967151,-48.76469986415,12.));
#10417=CARTESIAN_POINT('Ctrl Pts',(60.8699245726916,-50.0720188071737,12.));
#10418=CARTESIAN_POINT('Ctrl Pts',(60.2499740416858,-52.4764209792623,12.));
#10419=CARTESIAN_POINT('Ctrl Pts',(60.1403731734607,-52.6379014327535,12.));
#10420=CARTESIAN_POINT('',(60.5239766967151,-48.76469986415,11.));
#10421=CARTESIAN_POINT('Ctrl Pts',(60.1785365416858,-48.3511306312094,11.));
#10422=CARTESIAN_POINT('Ctrl Pts',(60.1785365416858,-48.3511306312094,12.2));
#10423=CARTESIAN_POINT('Ctrl Pts',(60.280136929259,-48.3595380637655,11.));
#10424=CARTESIAN_POINT('Ctrl Pts',(60.280136929259,-48.3595380637655,12.2));
#10425=CARTESIAN_POINT('Ctrl Pts',(60.4183126036975,-48.5661923587332,11.));
#10426=CARTESIAN_POINT('Ctrl Pts',(60.4183126036975,-48.5661923587332,12.2));
#10427=CARTESIAN_POINT('Ctrl Pts',(60.5239766967151,-48.76469986415,11.));
#10428=CARTESIAN_POINT('Ctrl Pts',(60.5239766967151,-48.76469986415,12.2));
#10429=CARTESIAN_POINT('',(60.1785365416858,-48.3511306312094,11.));
#10430=CARTESIAN_POINT('Ctrl Pts',(60.1785365416858,-48.3511306312094,11.));
#10431=CARTESIAN_POINT('Ctrl Pts',(60.280136929259,-48.3595380637655,11.));
#10432=CARTESIAN_POINT('Ctrl Pts',(60.4183126036975,-48.5661923587332,11.));
#10433=CARTESIAN_POINT('Ctrl Pts',(60.5239766967151,-48.76469986415,11.));
#10434=CARTESIAN_POINT('',(60.1785365416858,-48.3511306312094,12.));
#10435=CARTESIAN_POINT('Ctrl Pts',(60.1785365416858,-48.3511306312094,12.));
#10436=CARTESIAN_POINT('Ctrl Pts',(60.280136929259,-48.3595380637655,12.));
#10437=CARTESIAN_POINT('Ctrl Pts',(60.4183126036975,-48.5661923587332,12.));
#10438=CARTESIAN_POINT('Ctrl Pts',(60.5239766967151,-48.76469986415,12.));
#10439=CARTESIAN_POINT('',(60.1785365416858,-48.3511306312094,11.));
#10440=CARTESIAN_POINT('Ctrl Pts',(59.3504330184314,-48.9673536765585,11.));
#10441=CARTESIAN_POINT('Ctrl Pts',(59.3504330184314,-48.9673536765585,12.2));
#10442=CARTESIAN_POINT('Ctrl Pts',(59.6262766463611,-48.4182057521353,11.));
#10443=CARTESIAN_POINT('Ctrl Pts',(59.6262766463611,-48.4182057521353,12.2));
#10444=CARTESIAN_POINT('Ctrl Pts',(59.9430150649402,-48.3261052691946,11.));
#10445=CARTESIAN_POINT('Ctrl Pts',(59.9430150649402,-48.3261052691946,12.2));
#10446=CARTESIAN_POINT('Ctrl Pts',(60.1785365416858,-48.3511306312094,11.));
#10447=CARTESIAN_POINT('Ctrl Pts',(60.1785365416858,-48.3511306312094,12.2));
#10448=CARTESIAN_POINT('',(59.3504330184314,-48.9673536765585,11.));
#10449=CARTESIAN_POINT('Ctrl Pts',(59.3504330184314,-48.9673536765585,11.));
#10450=CARTESIAN_POINT('Ctrl Pts',(59.6262766463611,-48.4182057521353,11.));
#10451=CARTESIAN_POINT('Ctrl Pts',(59.9430150649402,-48.3261052691946,11.));
#10452=CARTESIAN_POINT('Ctrl Pts',(60.1785365416858,-48.3511306312094,11.));
#10453=CARTESIAN_POINT('',(59.3504330184314,-48.9673536765585,12.));
#10454=CARTESIAN_POINT('Ctrl Pts',(59.3504330184314,-48.9673536765585,12.));
#10455=CARTESIAN_POINT('Ctrl Pts',(59.6262766463611,-48.4182057521353,12.));
#10456=CARTESIAN_POINT('Ctrl Pts',(59.9430150649402,-48.3261052691946,12.));
#10457=CARTESIAN_POINT('Ctrl Pts',(60.1785365416858,-48.3511306312094,12.));
#10458=CARTESIAN_POINT('',(59.3504330184314,-48.9673536765585,11.));
#10459=CARTESIAN_POINT('Ctrl Pts',(57.8087790572497,-51.8097281463156,11.));
#10460=CARTESIAN_POINT('Ctrl Pts',(57.8087790572497,-51.8097281463156,12.2));
#10461=CARTESIAN_POINT('Ctrl Pts',(58.1820324370715,-51.147658093215,11.));
#10462=CARTESIAN_POINT('Ctrl Pts',(58.1820324370715,-51.147658093215,12.2));
#10463=CARTESIAN_POINT('Ctrl Pts',(58.9772426192614,-49.6981879432211,11.));
#10464=CARTESIAN_POINT('Ctrl Pts',(58.9772426192614,-49.6981879432211,12.2));
#10465=CARTESIAN_POINT('Ctrl Pts',(59.3504330184314,-48.9673536765585,11.));
#10466=CARTESIAN_POINT('Ctrl Pts',(59.3504330184314,-48.9673536765585,12.2));
#10467=CARTESIAN_POINT('',(57.8087790572497,-51.8097281463156,11.));
#10468=CARTESIAN_POINT('Ctrl Pts',(57.8087790572497,-51.8097281463156,11.));
#10469=CARTESIAN_POINT('Ctrl Pts',(58.1820324370715,-51.147658093215,11.));
#10470=CARTESIAN_POINT('Ctrl Pts',(58.9772426192614,-49.6981879432211,11.));
#10471=CARTESIAN_POINT('Ctrl Pts',(59.3504330184314,-48.9673536765585,11.));
#10472=CARTESIAN_POINT('',(57.8087790572497,-51.8097281463156,12.));
#10473=CARTESIAN_POINT('Ctrl Pts',(57.8087790572497,-51.8097281463156,12.));
#10474=CARTESIAN_POINT('Ctrl Pts',(58.1820324370715,-51.147658093215,12.));
#10475=CARTESIAN_POINT('Ctrl Pts',(58.9772426192614,-49.6981879432211,12.));
#10476=CARTESIAN_POINT('Ctrl Pts',(59.3504330184314,-48.9673536765585,12.));
#10477=CARTESIAN_POINT('',(57.8087790572497,-51.8097281463156,11.));
#10478=CARTESIAN_POINT('Ctrl Pts',(58.738736828551,-51.6144023749838,11.));
#10479=CARTESIAN_POINT('Ctrl Pts',(58.738736828551,-51.6144023749838,12.2));
#10480=CARTESIAN_POINT('Ctrl Pts',(58.0653195998523,-52.9226355063925,11.));
#10481=CARTESIAN_POINT('Ctrl Pts',(58.0653195998523,-52.9226355063925,12.2));
#10482=CARTESIAN_POINT('Ctrl Pts',(57.4598468673083,-52.3748845412741,11.));
#10483=CARTESIAN_POINT('Ctrl Pts',(57.4598468673083,-52.3748845412741,12.2));
#10484=CARTESIAN_POINT('Ctrl Pts',(57.8087790572497,-51.8097281463156,11.));
#10485=CARTESIAN_POINT('Ctrl Pts',(57.8087790572497,-51.8097281463156,12.2));
#10486=CARTESIAN_POINT('Ctrl Pts',(58.738736828551,-51.6144023749838,11.));
#10487=CARTESIAN_POINT('Ctrl Pts',(58.0653195998523,-52.9226355063925,11.));
#10488=CARTESIAN_POINT('Ctrl Pts',(57.4598468673083,-52.3748845412741,11.));
#10489=CARTESIAN_POINT('Ctrl Pts',(57.8087790572497,-51.8097281463156,11.));
#10490=CARTESIAN_POINT('Ctrl Pts',(58.738736828551,-51.6144023749838,12.));
#10491=CARTESIAN_POINT('Ctrl Pts',(58.0653195998523,-52.9226355063925,12.));
#10492=CARTESIAN_POINT('Ctrl Pts',(57.4598468673083,-52.3748845412741,12.));
#10493=CARTESIAN_POINT('Ctrl Pts',(57.8087790572497,-51.8097281463156,12.));
#10494=CARTESIAN_POINT('Ctrl Pts',(62.7802585494372,-49.3766872184286,11.));
#10495=CARTESIAN_POINT('Ctrl Pts',(62.7802585494372,-49.3766872184286,12.2));
#10496=CARTESIAN_POINT('Ctrl Pts',(63.5924240920398,-49.257872280837,11.));
#10497=CARTESIAN_POINT('Ctrl Pts',(63.5924240920398,-49.257872280837,12.2));
#10498=CARTESIAN_POINT('Ctrl Pts',(63.8248973052356,-49.9703360602865,11.));
#10499=CARTESIAN_POINT('Ctrl Pts',(63.8248973052356,-49.9703360602865,12.2));
#10500=CARTESIAN_POINT('Ctrl Pts',(63.7130737044665,-50.2854040381918,11.));
#10501=CARTESIAN_POINT('Ctrl Pts',(63.7130737044665,-50.2854040381918,12.2));
#10502=CARTESIAN_POINT('',(62.7802585494372,-49.3766872184286,11.));
#10503=CARTESIAN_POINT('',(63.7130737044665,-50.2854040381918,11.));
#10504=CARTESIAN_POINT('Ctrl Pts',(62.7802585494372,-49.3766872184286,11.));
#10505=CARTESIAN_POINT('Ctrl Pts',(63.5924240920398,-49.257872280837,11.));
#10506=CARTESIAN_POINT('Ctrl Pts',(63.8248973052356,-49.9703360602865,11.));
#10507=CARTESIAN_POINT('Ctrl Pts',(63.7130737044665,-50.2854040381918,11.));
#10508=CARTESIAN_POINT('',(63.7130737044665,-50.2854040381918,12.));
#10509=CARTESIAN_POINT('',(63.7130737044665,-50.2854040381918,11.));
#10510=CARTESIAN_POINT('',(62.7802585494372,-49.3766872184286,12.));
#10511=CARTESIAN_POINT('Ctrl Pts',(62.7802585494372,-49.3766872184286,12.));
#10512=CARTESIAN_POINT('Ctrl Pts',(63.5924240920398,-49.257872280837,12.));
#10513=CARTESIAN_POINT('Ctrl Pts',(63.8248973052356,-49.9703360602865,12.));
#10514=CARTESIAN_POINT('Ctrl Pts',(63.7130737044665,-50.2854040381918,12.));
#10515=CARTESIAN_POINT('',(62.7802585494372,-49.3766872184286,11.));
#10516=CARTESIAN_POINT('Ctrl Pts',(61.1969491851184,-51.4462605063925,11.));
#10517=CARTESIAN_POINT('Ctrl Pts',(61.1969491851184,-51.4462605063925,12.2));
#10518=CARTESIAN_POINT('Ctrl Pts',(61.6039214370105,-49.3851644141683,11.));
#10519=CARTESIAN_POINT('Ctrl Pts',(61.6039214370105,-49.3851644141683,12.2));
#10520=CARTESIAN_POINT('Ctrl Pts',(62.7802585494372,-49.3766872184286,11.));
#10521=CARTESIAN_POINT('Ctrl Pts',(62.7802585494372,-49.3766872184286,12.2));
#10522=CARTESIAN_POINT('',(61.1969491851184,-51.4462605063925,11.));
#10523=CARTESIAN_POINT('Ctrl Pts',(61.1969491851184,-51.4462605063925,11.));
#10524=CARTESIAN_POINT('Ctrl Pts',(61.6039214370105,-49.3851644141683,11.));
#10525=CARTESIAN_POINT('Ctrl Pts',(62.7802585494372,-49.3766872184286,11.));
#10526=CARTESIAN_POINT('',(61.1969491851184,-51.4462605063925,12.));
#10527=CARTESIAN_POINT('Ctrl Pts',(61.1969491851184,-51.4462605063925,12.));
#10528=CARTESIAN_POINT('Ctrl Pts',(61.6039214370105,-49.3851644141683,12.));
#10529=CARTESIAN_POINT('Ctrl Pts',(62.7802585494372,-49.3766872184286,12.));
#10530=CARTESIAN_POINT('',(61.1969491851184,-51.4462605063925,11.));
#10531=CARTESIAN_POINT('Ctrl Pts',(61.3099791076037,-53.1248193862448,11.));
#10532=CARTESIAN_POINT('Ctrl Pts',(61.3099791076037,-53.1248193862448,12.2));
#10533=CARTESIAN_POINT('Ctrl Pts',(61.0014330184314,-52.4444805839071,11.));
#10534=CARTESIAN_POINT('Ctrl Pts',(61.0014330184314,-52.4444805839071,12.2));
#10535=CARTESIAN_POINT('Ctrl Pts',(61.1969491851184,-51.4462605063925,11.));
#10536=CARTESIAN_POINT('Ctrl Pts',(61.1969491851184,-51.4462605063925,12.2));
#10537=CARTESIAN_POINT('',(61.3099791076037,-53.1248193862448,11.));
#10538=CARTESIAN_POINT('Ctrl Pts',(61.3099791076037,-53.1248193862448,11.));
#10539=CARTESIAN_POINT('Ctrl Pts',(61.0014330184314,-52.4444805839071,11.));
#10540=CARTESIAN_POINT('Ctrl Pts',(61.1969491851184,-51.4462605063925,11.));
#10541=CARTESIAN_POINT('',(61.3099791076037,-53.1248193862448,12.));
#10542=CARTESIAN_POINT('Ctrl Pts',(61.3099791076037,-53.1248193862448,12.));
#10543=CARTESIAN_POINT('Ctrl Pts',(61.0014330184314,-52.4444805839071,12.));
#10544=CARTESIAN_POINT('Ctrl Pts',(61.1969491851184,-51.4462605063925,12.));
#10545=CARTESIAN_POINT('',(61.3099791076037,-53.1248193862448,11.));
#10546=CARTESIAN_POINT('Ctrl Pts',(62.4026866347644,-53.7995068862448,11.));
#10547=CARTESIAN_POINT('Ctrl Pts',(62.4026866347644,-53.7995068862448,12.2));
#10548=CARTESIAN_POINT('Ctrl Pts',(62.2706074874255,-53.7828698203573,11.));
#10549=CARTESIAN_POINT('Ctrl Pts',(62.2706074874255,-53.7828698203573,12.2));
#10550=CARTESIAN_POINT('Ctrl Pts',(61.5903951308581,-53.7807745025167,11.));
#10551=CARTESIAN_POINT('Ctrl Pts',(61.5903951308581,-53.7807745025167,12.2));
#10552=CARTESIAN_POINT('Ctrl Pts',(61.3099791076037,-53.1248193862448,11.));
#10553=CARTESIAN_POINT('Ctrl Pts',(61.3099791076037,-53.1248193862448,12.2));
#10554=CARTESIAN_POINT('',(62.4026866347644,-53.7995068862448,11.));
#10555=CARTESIAN_POINT('Ctrl Pts',(62.4026866347644,-53.7995068862448,11.));
#10556=CARTESIAN_POINT('Ctrl Pts',(62.2706074874255,-53.7828698203573,11.));
#10557=CARTESIAN_POINT('Ctrl Pts',(61.5903951308581,-53.7807745025167,11.));
#10558=CARTESIAN_POINT('Ctrl Pts',(61.3099791076037,-53.1248193862448,11.));
#10559=CARTESIAN_POINT('',(62.4026866347644,-53.7995068862448,12.));
#10560=CARTESIAN_POINT('Ctrl Pts',(62.4026866347644,-53.7995068862448,12.));
#10561=CARTESIAN_POINT('Ctrl Pts',(62.2706074874255,-53.7828698203573,12.));
#10562=CARTESIAN_POINT('Ctrl Pts',(61.5903951308581,-53.7807745025167,12.));
#10563=CARTESIAN_POINT('Ctrl Pts',(61.3099791076037,-53.1248193862448,12.));
#10564=CARTESIAN_POINT('',(62.4026866347644,-53.7995068862448,11.));
#10565=CARTESIAN_POINT('Ctrl Pts',(62.7783526580188,-53.0363640296469,11.));
#10566=CARTESIAN_POINT('Ctrl Pts',(62.7783526580188,-53.0363640296469,12.2));
#10567=CARTESIAN_POINT('Ctrl Pts',(62.9103688247058,-53.0529376304159,11.));
#10568=CARTESIAN_POINT('Ctrl Pts',(62.9103688247058,-53.0529376304159,12.2));
#10569=CARTESIAN_POINT('Ctrl Pts',(63.1747829177234,-53.567350998641,11.));
#10570=CARTESIAN_POINT('Ctrl Pts',(63.1747829177234,-53.567350998641,12.2));
#10571=CARTESIAN_POINT('Ctrl Pts',(62.4026866347644,-53.7995068862448,11.));
#10572=CARTESIAN_POINT('Ctrl Pts',(62.4026866347644,-53.7995068862448,12.2));
#10573=CARTESIAN_POINT('',(62.7783526580188,-53.0363640296469,11.));
#10574=CARTESIAN_POINT('Ctrl Pts',(62.7783526580188,-53.0363640296469,11.));
#10575=CARTESIAN_POINT('Ctrl Pts',(62.9103688247058,-53.0529376304159,11.));
#10576=CARTESIAN_POINT('Ctrl Pts',(63.1747829177234,-53.567350998641,11.));
#10577=CARTESIAN_POINT('Ctrl Pts',(62.4026866347644,-53.7995068862448,11.));
#10578=CARTESIAN_POINT('',(62.7783526580188,-53.0363640296469,12.));
#10579=CARTESIAN_POINT('Ctrl Pts',(62.7783526580188,-53.0363640296469,12.));
#10580=CARTESIAN_POINT('Ctrl Pts',(62.9103688247058,-53.0529376304159,12.));
#10581=CARTESIAN_POINT('Ctrl Pts',(63.1747829177234,-53.567350998641,12.));
#10582=CARTESIAN_POINT('Ctrl Pts',(62.4026866347644,-53.7995068862448,12.));
#10583=CARTESIAN_POINT('',(62.7783526580188,-53.0363640296469,11.));
#10584=CARTESIAN_POINT('Ctrl Pts',(62.1980896270129,-52.9051729094992,11.));
#10585=CARTESIAN_POINT('Ctrl Pts',(62.1980896270129,-52.9051729094992,12.2));
#10586=CARTESIAN_POINT('Ctrl Pts',(62.3822392394397,-53.0553507583151,11.));
#10587=CARTESIAN_POINT('Ctrl Pts',(62.3822392394397,-53.0553507583151,12.2));
#10588=CARTESIAN_POINT('Ctrl Pts',(62.6102679564807,-53.0277913939962,11.));
#10589=CARTESIAN_POINT('Ctrl Pts',(62.6102679564807,-53.0277913939962,12.2));
#10590=CARTESIAN_POINT('Ctrl Pts',(62.7783526580188,-53.0363640296469,11.));
#10591=CARTESIAN_POINT('Ctrl Pts',(62.7783526580188,-53.0363640296469,12.2));
#10592=CARTESIAN_POINT('',(62.1980896270129,-52.9051729094992,11.));
#10593=CARTESIAN_POINT('Ctrl Pts',(62.1980896270129,-52.9051729094992,11.));
#10594=CARTESIAN_POINT('Ctrl Pts',(62.3822392394397,-53.0553507583151,11.));
#10595=CARTESIAN_POINT('Ctrl Pts',(62.6102679564807,-53.0277913939962,11.));
#10596=CARTESIAN_POINT('Ctrl Pts',(62.7783526580188,-53.0363640296469,11.));
#10597=CARTESIAN_POINT('',(62.1980896270129,-52.9051729094992,12.));
#10598=CARTESIAN_POINT('Ctrl Pts',(62.1980896270129,-52.9051729094992,12.));
#10599=CARTESIAN_POINT('Ctrl Pts',(62.3822392394397,-53.0553507583151,12.));
#10600=CARTESIAN_POINT('Ctrl Pts',(62.6102679564807,-53.0277913939962,12.));
#10601=CARTESIAN_POINT('Ctrl Pts',(62.7783526580188,-53.0363640296469,12.));
#10602=CARTESIAN_POINT('',(62.1980896270129,-52.9051729094992,11.));
#10603=CARTESIAN_POINT('Ctrl Pts',(62.0093036696765,-51.671202687026,11.));
#10604=CARTESIAN_POINT('Ctrl Pts',(62.0093036696765,-51.671202687026,12.2));
#10605=CARTESIAN_POINT('Ctrl Pts',(61.9414861037585,-52.0147568137655,11.));
#10606=CARTESIAN_POINT('Ctrl Pts',(61.9414861037585,-52.0147568137655,12.2));
#10607=CARTESIAN_POINT('Ctrl Pts',(61.8858596541736,-52.6535225722799,11.));
#10608=CARTESIAN_POINT('Ctrl Pts',(61.8858596541736,-52.6535225722799,12.2));
#10609=CARTESIAN_POINT('Ctrl Pts',(62.1980896270129,-52.9051729094992,11.));
#10610=CARTESIAN_POINT('Ctrl Pts',(62.1980896270129,-52.9051729094992,12.2));
#10611=CARTESIAN_POINT('',(62.0093036696765,-51.671202687026,11.));
#10612=CARTESIAN_POINT('Ctrl Pts',(62.0093036696765,-51.671202687026,11.));
#10613=CARTESIAN_POINT('Ctrl Pts',(61.9414861037585,-52.0147568137655,11.));
#10614=CARTESIAN_POINT('Ctrl Pts',(61.8858596541736,-52.6535225722799,11.));
#10615=CARTESIAN_POINT('Ctrl Pts',(62.1980896270129,-52.9051729094992,11.));
#10616=CARTESIAN_POINT('',(62.0093036696765,-51.671202687026,12.));
#10617=CARTESIAN_POINT('Ctrl Pts',(62.0093036696765,-51.671202687026,12.));
#10618=CARTESIAN_POINT('Ctrl Pts',(61.9414861037585,-52.0147568137655,12.));
#10619=CARTESIAN_POINT('Ctrl Pts',(61.8858596541736,-52.6535225722799,12.));
#10620=CARTESIAN_POINT('Ctrl Pts',(62.1980896270129,-52.9051729094992,12.));
#10621=CARTESIAN_POINT('',(62.0093036696765,-51.671202687026,11.));
#10622=CARTESIAN_POINT('Ctrl Pts',(63.0808661696765,-50.2268126533041,11.));
#10623=CARTESIAN_POINT('Ctrl Pts',(63.0808661696765,-50.2268126533041,12.2));
#10624=CARTESIAN_POINT('Ctrl Pts',(62.5204788634631,-49.9460599257955,11.));
#10625=CARTESIAN_POINT('Ctrl Pts',(62.5204788634631,-49.9460599257955,12.2));
#10626=CARTESIAN_POINT('Ctrl Pts',(62.1690061309192,-51.0934225471029,11.));
#10627=CARTESIAN_POINT('Ctrl Pts',(62.1690061309192,-51.0934225471029,12.2));
#10628=CARTESIAN_POINT('Ctrl Pts',(62.0093036696765,-51.671202687026,11.));
#10629=CARTESIAN_POINT('Ctrl Pts',(62.0093036696765,-51.671202687026,12.2));
#10630=CARTESIAN_POINT('',(63.0808661696765,-50.2268126533041,11.));
#10631=CARTESIAN_POINT('Ctrl Pts',(63.0808661696765,-50.2268126533041,11.));
#10632=CARTESIAN_POINT('Ctrl Pts',(62.5204788634631,-49.9460599257955,11.));
#10633=CARTESIAN_POINT('Ctrl Pts',(62.1690061309192,-51.0934225471029,11.));
#10634=CARTESIAN_POINT('Ctrl Pts',(62.0093036696765,-51.671202687026,11.));
#10635=CARTESIAN_POINT('',(63.0808661696765,-50.2268126533041,12.));
#10636=CARTESIAN_POINT('Ctrl Pts',(63.0808661696765,-50.2268126533041,12.));
#10637=CARTESIAN_POINT('Ctrl Pts',(62.5204788634631,-49.9460599257955,12.));
#10638=CARTESIAN_POINT('Ctrl Pts',(62.1690061309192,-51.0934225471029,12.));
#10639=CARTESIAN_POINT('Ctrl Pts',(62.0093036696765,-51.671202687026,12.));
#10640=CARTESIAN_POINT('',(63.0808661696765,-50.2268126533041,11.));
#10641=CARTESIAN_POINT('Ctrl Pts',(63.7130737044665,-50.2854040381918,11.));
#10642=CARTESIAN_POINT('Ctrl Pts',(63.7130737044665,-50.2854040381918,12.2));
#10643=CARTESIAN_POINT('Ctrl Pts',(63.6531277510974,-50.4591463401327,11.));
#10644=CARTESIAN_POINT('Ctrl Pts',(63.6531277510974,-50.4591463401327,12.2));
#10645=CARTESIAN_POINT('Ctrl Pts',(63.4171625029895,-50.6565553176412,11.));
#10646=CARTESIAN_POINT('Ctrl Pts',(63.4171625029895,-50.6565553176412,12.2));
#10647=CARTESIAN_POINT('Ctrl Pts',(63.0808661696765,-50.2268126533041,11.));
#10648=CARTESIAN_POINT('Ctrl Pts',(63.0808661696765,-50.2268126533041,12.2));
#10649=CARTESIAN_POINT('Ctrl Pts',(63.7130737044665,-50.2854040381918,11.));
#10650=CARTESIAN_POINT('Ctrl Pts',(63.6531277510974,-50.4591463401327,11.));
#10651=CARTESIAN_POINT('Ctrl Pts',(63.4171625029895,-50.6565553176412,11.));
#10652=CARTESIAN_POINT('Ctrl Pts',(63.0808661696765,-50.2268126533041,11.));
#10653=CARTESIAN_POINT('Ctrl Pts',(63.7130737044665,-50.2854040381918,12.));
#10654=CARTESIAN_POINT('Ctrl Pts',(63.6531277510974,-50.4591463401327,12.));
#10655=CARTESIAN_POINT('Ctrl Pts',(63.4171625029895,-50.6565553176412,12.));
#10656=CARTESIAN_POINT('Ctrl Pts',(63.0808661696765,-50.2268126533041,12.));
#10657=CARTESIAN_POINT('Ctrl Pts',(75.2662638594958,-52.626408432723,11.));
#10658=CARTESIAN_POINT('Ctrl Pts',(75.2662638594958,-52.626408432723,12.2));
#10659=CARTESIAN_POINT('Ctrl Pts',(75.1851098983142,-52.9526714637289,11.));
#10660=CARTESIAN_POINT('Ctrl Pts',(75.1851098983142,-52.9526714637289,12.2));
#10661=CARTESIAN_POINT('Ctrl Pts',(75.0998941695544,-53.3647228629599,11.));
#10662=CARTESIAN_POINT('Ctrl Pts',(75.0998941695544,-53.3647228629599,12.2));
#10663=CARTESIAN_POINT('Ctrl Pts',(74.6769839370105,-53.4654972350607,11.));
#10664=CARTESIAN_POINT('Ctrl Pts',(74.6769839370105,-53.4654972350607,12.2));
#10665=CARTESIAN_POINT('',(75.2662638594958,-52.626408432723,11.));
#10666=CARTESIAN_POINT('',(74.6769839370105,-53.4654972350607,11.));
#10667=CARTESIAN_POINT('Ctrl Pts',(75.2662638594958,-52.626408432723,11.));
#10668=CARTESIAN_POINT('Ctrl Pts',(75.1851098983142,-52.9526714637289,11.));
#10669=CARTESIAN_POINT('Ctrl Pts',(75.0998941695544,-53.3647228629599,11.));
#10670=CARTESIAN_POINT('Ctrl Pts',(74.6769839370105,-53.4654972350607,11.));
#10671=CARTESIAN_POINT('',(74.6769839370105,-53.4654972350607,12.));
#10672=CARTESIAN_POINT('',(74.6769839370105,-53.4654972350607,11.));
#10673=CARTESIAN_POINT('',(75.2662638594958,-52.626408432723,12.));
#10674=CARTESIAN_POINT('Ctrl Pts',(75.2662638594958,-52.626408432723,12.));
#10675=CARTESIAN_POINT('Ctrl Pts',(75.1851098983142,-52.9526714637289,12.));
#10676=CARTESIAN_POINT('Ctrl Pts',(75.0998941695544,-53.3647228629599,12.));
#10677=CARTESIAN_POINT('Ctrl Pts',(74.6769839370105,-53.4654972350607,12.));
#10678=CARTESIAN_POINT('',(75.2662638594958,-52.626408432723,11.));
#10679=CARTESIAN_POINT('Ctrl Pts',(75.018678196654,-50.7234528815756,11.));
#10680=CARTESIAN_POINT('Ctrl Pts',(75.018678196654,-50.7234528815756,12.2));
#10681=CARTESIAN_POINT('Ctrl Pts',(75.1816198012683,-51.3200036780844,11.));
#10682=CARTESIAN_POINT('Ctrl Pts',(75.1816198012683,-51.3200036780844,12.2));
#10683=CARTESIAN_POINT('Ctrl Pts',(75.3514175765368,-52.2837621963033,11.));
#10684=CARTESIAN_POINT('Ctrl Pts',(75.3514175765368,-52.2837621963033,12.2));
#10685=CARTESIAN_POINT('Ctrl Pts',(75.2662638594958,-52.626408432723,11.));
#10686=CARTESIAN_POINT('Ctrl Pts',(75.2662638594958,-52.626408432723,12.2));
#10687=CARTESIAN_POINT('',(75.018678196654,-50.7234528815756,11.));
#10688=CARTESIAN_POINT('Ctrl Pts',(75.018678196654,-50.7234528815756,11.));
#10689=CARTESIAN_POINT('Ctrl Pts',(75.1816198012683,-51.3200036780844,11.));
#10690=CARTESIAN_POINT('Ctrl Pts',(75.3514175765368,-52.2837621963033,11.));
#10691=CARTESIAN_POINT('Ctrl Pts',(75.2662638594958,-52.626408432723,11.));
#10692=CARTESIAN_POINT('',(75.018678196654,-50.7234528815756,12.));
#10693=CARTESIAN_POINT('Ctrl Pts',(75.018678196654,-50.7234528815756,12.));
#10694=CARTESIAN_POINT('Ctrl Pts',(75.1816198012683,-51.3200036780844,12.));
#10695=CARTESIAN_POINT('Ctrl Pts',(75.3514175765368,-52.2837621963033,12.));
#10696=CARTESIAN_POINT('Ctrl Pts',(75.2662638594958,-52.626408432723,12.));
#10697=CARTESIAN_POINT('',(75.018678196654,-50.7234528815756,11.));
#10698=CARTESIAN_POINT('Ctrl Pts',(74.3434829757068,-50.5866676261434,11.));
#10699=CARTESIAN_POINT('Ctrl Pts',(74.3434829757068,-50.5866676261434,12.2));
#10700=CARTESIAN_POINT('Ctrl Pts',(74.4041885726306,-50.0643230559835,11.));
#10701=CARTESIAN_POINT('Ctrl Pts',(74.4041885726306,-50.0643230559835,12.2));
#10702=CARTESIAN_POINT('Ctrl Pts',(74.8231610610339,-50.1880969932089,11.));
#10703=CARTESIAN_POINT('Ctrl Pts',(74.8231610610339,-50.1880969932089,12.2));
#10704=CARTESIAN_POINT('Ctrl Pts',(75.018678196654,-50.7234528815756,11.));
#10705=CARTESIAN_POINT('Ctrl Pts',(75.018678196654,-50.7234528815756,12.2));
#10706=CARTESIAN_POINT('',(74.3434829757068,-50.5866676261434,11.));
#10707=CARTESIAN_POINT('Ctrl Pts',(74.3434829757068,-50.5866676261434,11.));
#10708=CARTESIAN_POINT('Ctrl Pts',(74.4041885726306,-50.0643230559835,11.));
#10709=CARTESIAN_POINT('Ctrl Pts',(74.8231610610339,-50.1880969932089,11.));
#10710=CARTESIAN_POINT('Ctrl Pts',(75.018678196654,-50.7234528815756,11.));
#10711=CARTESIAN_POINT('',(74.3434829757068,-50.5866676261434,12.));
#10712=CARTESIAN_POINT('Ctrl Pts',(74.3434829757068,-50.5866676261434,12.));
#10713=CARTESIAN_POINT('Ctrl Pts',(74.4041885726306,-50.0643230559835,12.));
#10714=CARTESIAN_POINT('Ctrl Pts',(74.8231610610339,-50.1880969932089,12.));
#10715=CARTESIAN_POINT('Ctrl Pts',(75.018678196654,-50.7234528815756,12.));
#10716=CARTESIAN_POINT('',(74.3434829757068,-50.5866676261434,11.));
#10717=CARTESIAN_POINT('Ctrl Pts',(74.4887066695544,-51.2319673850546,11.));
#10718=CARTESIAN_POINT('Ctrl Pts',(74.4887066695544,-51.2319673850546,12.2));
#10719=CARTESIAN_POINT('Ctrl Pts',(74.4193640029284,-50.9541548850546,11.));
#10720=CARTESIAN_POINT('Ctrl Pts',(74.4193640029284,-50.9541548850546,12.2));
#10721=CARTESIAN_POINT('Ctrl Pts',(74.3394812819812,-50.741798176528,11.));
#10722=CARTESIAN_POINT('Ctrl Pts',(74.3394812819812,-50.741798176528,12.2));
#10723=CARTESIAN_POINT('Ctrl Pts',(74.3434829757068,-50.5866676261434,11.));
#10724=CARTESIAN_POINT('Ctrl Pts',(74.3434829757068,-50.5866676261434,12.2));
#10725=CARTESIAN_POINT('',(74.4887066695544,-51.2319673850546,11.));
#10726=CARTESIAN_POINT('Ctrl Pts',(74.4887066695544,-51.2319673850546,11.));
#10727=CARTESIAN_POINT('Ctrl Pts',(74.4193640029284,-50.9541548850546,11.));
#10728=CARTESIAN_POINT('Ctrl Pts',(74.3394812819812,-50.741798176528,11.));
#10729=CARTESIAN_POINT('Ctrl Pts',(74.3434829757068,-50.5866676261434,11.));
#10730=CARTESIAN_POINT('',(74.4887066695544,-51.2319673850546,12.));
#10731=CARTESIAN_POINT('Ctrl Pts',(74.4887066695544,-51.2319673850546,12.));
#10732=CARTESIAN_POINT('Ctrl Pts',(74.4193640029284,-50.9541548850546,12.));
#10733=CARTESIAN_POINT('Ctrl Pts',(74.3394812819812,-50.741798176528,12.));
#10734=CARTESIAN_POINT('Ctrl Pts',(74.3434829757068,-50.5866676261434,12.));
#10735=CARTESIAN_POINT('',(74.4887066695544,-51.2319673850546,11.));
#10736=CARTESIAN_POINT('Ctrl Pts',(74.5424902083728,-52.8242107970724,11.));
#10737=CARTESIAN_POINT('Ctrl Pts',(74.5424902083728,-52.8242107970724,12.2));
#10738=CARTESIAN_POINT('Ctrl Pts',(74.7009223983142,-52.5348413474569,11.));
#10739=CARTESIAN_POINT('Ctrl Pts',(74.7009223983142,-52.5348413474569,12.2));
#10740=CARTESIAN_POINT('Ctrl Pts',(74.5866231734607,-51.8119508788595,11.));
#10741=CARTESIAN_POINT('Ctrl Pts',(74.5866231734607,-51.8119508788595,12.2));
#10742=CARTESIAN_POINT('Ctrl Pts',(74.4887066695544,-51.2319673850546,11.));
#10743=CARTESIAN_POINT('Ctrl Pts',(74.4887066695544,-51.2319673850546,12.2));
#10744=CARTESIAN_POINT('',(74.5424902083728,-52.8242107970724,11.));
#10745=CARTESIAN_POINT('Ctrl Pts',(74.5424902083728,-52.8242107970724,11.));
#10746=CARTESIAN_POINT('Ctrl Pts',(74.7009223983142,-52.5348413474569,11.));
#10747=CARTESIAN_POINT('Ctrl Pts',(74.5866231734607,-51.8119508788595,11.));
#10748=CARTESIAN_POINT('Ctrl Pts',(74.4887066695544,-51.2319673850546,11.));
#10749=CARTESIAN_POINT('',(74.5424902083728,-52.8242107970724,12.));
#10750=CARTESIAN_POINT('Ctrl Pts',(74.5424902083728,-52.8242107970724,12.));
#10751=CARTESIAN_POINT('Ctrl Pts',(74.7009223983142,-52.5348413474569,12.));
#10752=CARTESIAN_POINT('Ctrl Pts',(74.5866231734607,-51.8119508788595,12.));
#10753=CARTESIAN_POINT('Ctrl Pts',(74.4887066695544,-51.2319673850546,12.));
#10754=CARTESIAN_POINT('',(74.5424902083728,-52.8242107970724,11.));
#10755=CARTESIAN_POINT('Ctrl Pts',(73.9852141463611,-52.7694103629598,11.));
#10756=CARTESIAN_POINT('Ctrl Pts',(73.9852141463611,-52.7694103629598,12.2));
#10757=CARTESIAN_POINT('Ctrl Pts',(74.1236436812732,-52.9780080955038,11.));
#10758=CARTESIAN_POINT('Ctrl Pts',(74.1236436812732,-52.9780080955038,12.2));
#10759=CARTESIAN_POINT('Ctrl Pts',(74.4083142897937,-53.0155997931967,11.));
#10760=CARTESIAN_POINT('Ctrl Pts',(74.4083142897937,-53.0155997931967,12.2));
#10761=CARTESIAN_POINT('Ctrl Pts',(74.5424902083728,-52.8242107970724,11.));
#10762=CARTESIAN_POINT('Ctrl Pts',(74.5424902083728,-52.8242107970724,12.2));
#10763=CARTESIAN_POINT('',(73.9852141463611,-52.7694103629598,11.));
#10764=CARTESIAN_POINT('Ctrl Pts',(73.9852141463611,-52.7694103629598,11.));
#10765=CARTESIAN_POINT('Ctrl Pts',(74.1236436812732,-52.9780080955038,11.));
#10766=CARTESIAN_POINT('Ctrl Pts',(74.4083142897937,-53.0155997931967,11.));
#10767=CARTESIAN_POINT('Ctrl Pts',(74.5424902083728,-52.8242107970724,11.));
#10768=CARTESIAN_POINT('',(73.9852141463611,-52.7694103629598,12.));
#10769=CARTESIAN_POINT('Ctrl Pts',(73.9852141463611,-52.7694103629598,12.));
#10770=CARTESIAN_POINT('Ctrl Pts',(74.1236436812732,-52.9780080955038,12.));
#10771=CARTESIAN_POINT('Ctrl Pts',(74.4083142897937,-53.0155997931967,12.));
#10772=CARTESIAN_POINT('Ctrl Pts',(74.5424902083728,-52.8242107970724,12.));
#10773=CARTESIAN_POINT('',(73.9852141463611,-52.7694103629598,11.));
#10774=CARTESIAN_POINT('Ctrl Pts',(73.3984747664782,-50.746865212203,11.));
#10775=CARTESIAN_POINT('Ctrl Pts',(73.3984747664782,-50.746865212203,12.2));
#10776=CARTESIAN_POINT('Ctrl Pts',(73.5530971114489,-51.0289831664572,11.));
#10777=CARTESIAN_POINT('Ctrl Pts',(73.5530971114489,-51.0289831664572,12.2));
#10778=CARTESIAN_POINT('Ctrl Pts',(73.7327392470691,-52.2542344443807,11.));
#10779=CARTESIAN_POINT('Ctrl Pts',(73.7327392470691,-52.2542344443807,12.2));
#10780=CARTESIAN_POINT('Ctrl Pts',(73.9852141463611,-52.7694103629598,11.));
#10781=CARTESIAN_POINT('Ctrl Pts',(73.9852141463611,-52.7694103629598,12.2));
#10782=CARTESIAN_POINT('',(73.3984747664782,-50.746865212203,11.));
#10783=CARTESIAN_POINT('Ctrl Pts',(73.3984747664782,-50.746865212203,11.));
#10784=CARTESIAN_POINT('Ctrl Pts',(73.5530971114489,-51.0289831664572,11.));
#10785=CARTESIAN_POINT('Ctrl Pts',(73.7327392470691,-52.2542344443807,11.));
#10786=CARTESIAN_POINT('Ctrl Pts',(73.9852141463611,-52.7694103629598,11.));
#10787=CARTESIAN_POINT('',(73.3984747664782,-50.746865212203,12.));
#10788=CARTESIAN_POINT('Ctrl Pts',(73.3984747664782,-50.746865212203,12.));
#10789=CARTESIAN_POINT('Ctrl Pts',(73.5530971114489,-51.0289831664572,12.));
#10790=CARTESIAN_POINT('Ctrl Pts',(73.7327392470691,-52.2542344443807,12.));
#10791=CARTESIAN_POINT('Ctrl Pts',(73.9852141463611,-52.7694103629598,12.));
#10792=CARTESIAN_POINT('',(73.3984747664782,-50.746865212203,11.));
#10793=CARTESIAN_POINT('Ctrl Pts',(72.8860932509753,-50.9289640777121,11.));
#10794=CARTESIAN_POINT('Ctrl Pts',(72.8860932509753,-50.9289640777121,12.2));
#10795=CARTESIAN_POINT('Ctrl Pts',(72.8492641036364,-50.5900201346884,11.));
#10796=CARTESIAN_POINT('Ctrl Pts',(72.8492641036364,-50.5900201346884,12.2));
#10797=CARTESIAN_POINT('Ctrl Pts',(73.1948941695544,-50.3829339377889,11.));
#10798=CARTESIAN_POINT('Ctrl Pts',(73.1948941695544,-50.3829339377889,12.2));
#10799=CARTESIAN_POINT('Ctrl Pts',(73.3984747664782,-50.746865212203,11.));
#10800=CARTESIAN_POINT('Ctrl Pts',(73.3984747664782,-50.746865212203,12.2));
#10801=CARTESIAN_POINT('',(72.8860932509753,-50.9289640777121,11.));
#10802=CARTESIAN_POINT('Ctrl Pts',(72.8860932509753,-50.9289640777121,11.));
#10803=CARTESIAN_POINT('Ctrl Pts',(72.8492641036364,-50.5900201346884,11.));
#10804=CARTESIAN_POINT('Ctrl Pts',(73.1948941695544,-50.3829339377889,11.));
#10805=CARTESIAN_POINT('Ctrl Pts',(73.3984747664782,-50.746865212203,11.));
#10806=CARTESIAN_POINT('',(72.8860932509753,-50.9289640777121,12.));
#10807=CARTESIAN_POINT('Ctrl Pts',(72.8860932509753,-50.9289640777121,12.));
#10808=CARTESIAN_POINT('Ctrl Pts',(72.8492641036364,-50.5900201346884,12.));
#10809=CARTESIAN_POINT('Ctrl Pts',(73.1948941695544,-50.3829339377889,12.));
#10810=CARTESIAN_POINT('Ctrl Pts',(73.3984747664782,-50.746865212203,12.));
#10811=CARTESIAN_POINT('',(72.8860932509753,-50.9289640777121,11.));
#10812=CARTESIAN_POINT('Ctrl Pts',(73.3304033400866,-52.6203758552084,11.));
#10813=CARTESIAN_POINT('Ctrl Pts',(73.3304033400866,-52.6203758552084,12.2));
#10814=CARTESIAN_POINT('Ctrl Pts',(73.020650929198,-51.570288788558,11.));
#10815=CARTESIAN_POINT('Ctrl Pts',(73.020650929198,-51.570288788558,12.2));
#10816=CARTESIAN_POINT('Ctrl Pts',(72.9229243361804,-51.2679085052023,11.));
#10817=CARTESIAN_POINT('Ctrl Pts',(72.9229243361804,-51.2679085052023,12.2));
#10818=CARTESIAN_POINT('Ctrl Pts',(72.8860932509753,-50.9289640777121,11.));
#10819=CARTESIAN_POINT('Ctrl Pts',(72.8860932509753,-50.9289640777121,12.2));
#10820=CARTESIAN_POINT('',(73.3304033400866,-52.6203758552084,11.));
#10821=CARTESIAN_POINT('Ctrl Pts',(73.3304033400866,-52.6203758552084,11.));
#10822=CARTESIAN_POINT('Ctrl Pts',(73.020650929198,-51.570288788558,11.));
#10823=CARTESIAN_POINT('Ctrl Pts',(72.9229243361804,-51.2679085052023,11.));
#10824=CARTESIAN_POINT('Ctrl Pts',(72.8860932509753,-50.9289640777121,11.));
#10825=CARTESIAN_POINT('',(73.3304033400866,-52.6203758552084,12.));
#10826=CARTESIAN_POINT('Ctrl Pts',(73.3304033400866,-52.6203758552084,12.));
#10827=CARTESIAN_POINT('Ctrl Pts',(73.020650929198,-51.570288788558,12.));
#10828=CARTESIAN_POINT('Ctrl Pts',(72.9229243361804,-51.2679085052023,12.));
#10829=CARTESIAN_POINT('Ctrl Pts',(72.8860932509753,-50.9289640777121,12.));
#10830=CARTESIAN_POINT('',(73.3304033400866,-52.6203758552084,11.));
#10831=CARTESIAN_POINT('Ctrl Pts',(74.6769839370105,-53.4654972350607,11.));
#10832=CARTESIAN_POINT('Ctrl Pts',(74.6769839370105,-53.4654972350607,12.2));
#10833=CARTESIAN_POINT('Ctrl Pts',(74.5671921889636,-53.4896905257711,11.));
#10834=CARTESIAN_POINT('Ctrl Pts',(74.5671921889636,-53.4896905257711,12.2));
#10835=CARTESIAN_POINT('Ctrl Pts',(73.6522209060046,-53.6215167815695,11.));
#10836=CARTESIAN_POINT('Ctrl Pts',(73.6522209060046,-53.6215167815695,12.2));
#10837=CARTESIAN_POINT('Ctrl Pts',(73.3304033400866,-52.6203758552084,11.));
#10838=CARTESIAN_POINT('Ctrl Pts',(73.3304033400866,-52.6203758552084,12.2));
#10839=CARTESIAN_POINT('Ctrl Pts',(74.6769839370105,-53.4654972350607,11.));
#10840=CARTESIAN_POINT('Ctrl Pts',(74.5671921889636,-53.4896905257711,11.));
#10841=CARTESIAN_POINT('Ctrl Pts',(73.6522209060046,-53.6215167815695,11.));
#10842=CARTESIAN_POINT('Ctrl Pts',(73.3304033400866,-52.6203758552084,11.));
#10843=CARTESIAN_POINT('Ctrl Pts',(74.6769839370105,-53.4654972350607,12.));
#10844=CARTESIAN_POINT('Ctrl Pts',(74.5671921889636,-53.4896905257711,12.));
#10845=CARTESIAN_POINT('Ctrl Pts',(73.6522209060046,-53.6215167815695,12.));
#10846=CARTESIAN_POINT('Ctrl Pts',(73.3304033400866,-52.6203758552084,12.));
#10847=CARTESIAN_POINT('Ctrl Pts',(53.9883218467089,-50.1390428168783,11.));
#10848=CARTESIAN_POINT('Ctrl Pts',(53.9883218467089,-50.1390428168783,12.2));
#10849=CARTESIAN_POINT('Ctrl Pts',(54.3287705428454,-49.0798884742269,11.));
#10850=CARTESIAN_POINT('Ctrl Pts',(54.3287705428454,-49.0798884742269,12.2));
#10851=CARTESIAN_POINT('Ctrl Pts',(54.4907277114245,-48.2602875812063,11.));
#10852=CARTESIAN_POINT('Ctrl Pts',(54.4907277114245,-48.2602875812063,12.2));
#10853=CARTESIAN_POINT('Ctrl Pts',(54.5751062819812,-47.7831611812124,11.));
#10854=CARTESIAN_POINT('Ctrl Pts',(54.5751062819812,-47.7831611812124,12.2));
#10855=CARTESIAN_POINT('',(53.9883218467089,-50.1390428168783,11.));
#10856=CARTESIAN_POINT('',(54.5751062819812,-47.7831611812124,11.));
#10857=CARTESIAN_POINT('Ctrl Pts',(53.9883218467089,-50.1390428168783,11.));
#10858=CARTESIAN_POINT('Ctrl Pts',(54.3287705428454,-49.0798884742269,11.));
#10859=CARTESIAN_POINT('Ctrl Pts',(54.4907277114245,-48.2602875812063,11.));
#10860=CARTESIAN_POINT('Ctrl Pts',(54.5751062819812,-47.7831611812124,11.));
#10861=CARTESIAN_POINT('',(54.5751062819812,-47.7831611812124,12.));
#10862=CARTESIAN_POINT('',(54.5751062819812,-47.7831611812124,11.));
#10863=CARTESIAN_POINT('',(53.9883218467089,-50.1390428168783,12.));
#10864=CARTESIAN_POINT('Ctrl Pts',(53.9883218467089,-50.1390428168783,12.));
#10865=CARTESIAN_POINT('Ctrl Pts',(54.3287705428454,-49.0798884742269,12.));
#10866=CARTESIAN_POINT('Ctrl Pts',(54.4907277114245,-48.2602875812063,12.));
#10867=CARTESIAN_POINT('Ctrl Pts',(54.5751062819812,-47.7831611812124,12.));
#10868=CARTESIAN_POINT('',(53.9883218467089,-50.1390428168783,11.));
#10869=CARTESIAN_POINT('Ctrl Pts',(54.8325101439807,-50.8509349257955,11.));
#10870=CARTESIAN_POINT('Ctrl Pts',(54.8325101439807,-50.8509349257955,12.2));
#10871=CARTESIAN_POINT('Ctrl Pts',(54.4871780249926,-51.5527753226766,11.));
#10872=CARTESIAN_POINT('Ctrl Pts',(54.4871780249926,-51.5527753226766,12.2));
#10873=CARTESIAN_POINT('Ctrl Pts',(53.2811857459399,-51.8283079230795,11.));
#10874=CARTESIAN_POINT('Ctrl Pts',(53.2811857459399,-51.8283079230795,12.2));
#10875=CARTESIAN_POINT('Ctrl Pts',(53.9883218467089,-50.1390428168783,11.));
#10876=CARTESIAN_POINT('Ctrl Pts',(53.9883218467089,-50.1390428168783,12.2));
#10877=CARTESIAN_POINT('',(54.8325101439807,-50.8509349257955,11.));
#10878=CARTESIAN_POINT('Ctrl Pts',(54.8325101439807,-50.8509349257955,11.));
#10879=CARTESIAN_POINT('Ctrl Pts',(54.4871780249926,-51.5527753226766,11.));
#10880=CARTESIAN_POINT('Ctrl Pts',(53.2811857459399,-51.8283079230795,11.));
#10881=CARTESIAN_POINT('Ctrl Pts',(53.9883218467089,-50.1390428168783,11.));
#10882=CARTESIAN_POINT('',(54.8325101439807,-50.8509349257955,12.));
#10883=CARTESIAN_POINT('Ctrl Pts',(54.8325101439807,-50.8509349257955,12.));
#10884=CARTESIAN_POINT('Ctrl Pts',(54.4871780249926,-51.5527753226766,12.));
#10885=CARTESIAN_POINT('Ctrl Pts',(53.2811857459399,-51.8283079230795,12.));
#10886=CARTESIAN_POINT('Ctrl Pts',(53.9883218467089,-50.1390428168783,12.));
#10887=CARTESIAN_POINT('',(54.8325101439807,-50.8509349257955,11.));
#10888=CARTESIAN_POINT('Ctrl Pts',(55.247711060271,-50.0428340575704,11.));
#10889=CARTESIAN_POINT('Ctrl Pts',(55.247711060271,-50.0428340575704,12.2));
#10890=CARTESIAN_POINT('Ctrl Pts',(55.0371962935778,-50.4633815467367,11.));
#10891=CARTESIAN_POINT('Ctrl Pts',(55.0371962935778,-50.4633815467367,12.2));
#10892=CARTESIAN_POINT('Ctrl Pts',(54.8325101439807,-50.8509349257955,11.));
#10893=CARTESIAN_POINT('Ctrl Pts',(54.8325101439807,-50.8509349257955,12.2));
#10894=CARTESIAN_POINT('',(55.247711060271,-50.0428340575704,11.));
#10895=CARTESIAN_POINT('Ctrl Pts',(55.247711060271,-50.0428340575704,11.));
#10896=CARTESIAN_POINT('Ctrl Pts',(55.0371962935778,-50.4633815467367,11.));
#10897=CARTESIAN_POINT('Ctrl Pts',(54.8325101439807,-50.8509349257955,11.));
#10898=CARTESIAN_POINT('',(55.247711060271,-50.0428340575704,12.));
#10899=CARTESIAN_POINT('Ctrl Pts',(55.247711060271,-50.0428340575704,12.));
#10900=CARTESIAN_POINT('Ctrl Pts',(55.0371962935778,-50.4633815467367,12.));
#10901=CARTESIAN_POINT('Ctrl Pts',(54.8325101439807,-50.8509349257955,12.));
#10902=CARTESIAN_POINT('',(55.247711060271,-50.0428340575704,11.));
#10903=CARTESIAN_POINT('Origin',(56.3315165145251,-50.4583464858541,11.));
#10904=CARTESIAN_POINT('',(56.3315165145251,-50.4583464858541,11.));
#10905=CARTESIAN_POINT('',(55.247711060271,-50.0428340575704,11.));
#10906=CARTESIAN_POINT('',(56.3315165145251,-50.4583464858541,12.));
#10907=CARTESIAN_POINT('',(55.247711060271,-50.0428340575704,12.));
#10908=CARTESIAN_POINT('',(56.3315165145251,-50.4583464858541,11.));
#10909=CARTESIAN_POINT('Ctrl Pts',(56.1550500571582,-51.3602308738241,11.));
#10910=CARTESIAN_POINT('Ctrl Pts',(56.1550500571582,-51.3602308738241,12.2));
#10911=CARTESIAN_POINT('Ctrl Pts',(56.2442674796435,-50.951893879653,11.));
#10912=CARTESIAN_POINT('Ctrl Pts',(56.2442674796435,-50.951893879653,12.2));
#10913=CARTESIAN_POINT('Ctrl Pts',(56.3315165145251,-50.4583464858541,11.));
#10914=CARTESIAN_POINT('Ctrl Pts',(56.3315165145251,-50.4583464858541,12.2));
#10915=CARTESIAN_POINT('',(56.1550500571582,-51.3602308738241,11.));
#10916=CARTESIAN_POINT('Ctrl Pts',(56.1550500571582,-51.3602308738241,11.));
#10917=CARTESIAN_POINT('Ctrl Pts',(56.2442674796435,-50.951893879653,11.));
#10918=CARTESIAN_POINT('Ctrl Pts',(56.3315165145251,-50.4583464858541,11.));
#10919=CARTESIAN_POINT('',(56.1550500571582,-51.3602308738241,12.));
#10920=CARTESIAN_POINT('Ctrl Pts',(56.1550500571582,-51.3602308738241,12.));
#10921=CARTESIAN_POINT('Ctrl Pts',(56.2442674796435,-50.951893879653,12.));
#10922=CARTESIAN_POINT('Ctrl Pts',(56.3315165145251,-50.4583464858541,12.));
#10923=CARTESIAN_POINT('',(56.1550500571582,-51.3602308738241,11.));
#10924=CARTESIAN_POINT('Ctrl Pts',(57.0816422393176,-51.5097735869894,11.));
#10925=CARTESIAN_POINT('Ctrl Pts',(57.0816422393176,-51.5097735869894,12.2));
#10926=CARTESIAN_POINT('Ctrl Pts',(56.8071313788745,-52.2922079017172,11.));
#10927=CARTESIAN_POINT('Ctrl Pts',(56.8071313788745,-52.2922079017172,12.2));
#10928=CARTESIAN_POINT('Ctrl Pts',(55.814563088164,-52.4193982970724,11.));
#10929=CARTESIAN_POINT('Ctrl Pts',(55.814563088164,-52.4193982970724,12.2));
#10930=CARTESIAN_POINT('Ctrl Pts',(56.1550500571582,-51.3602308738241,11.));
#10931=CARTESIAN_POINT('Ctrl Pts',(56.1550500571582,-51.3602308738241,12.2));
#10932=CARTESIAN_POINT('',(57.0816422393176,-51.5097735869894,11.));
#10933=CARTESIAN_POINT('Ctrl Pts',(57.0816422393176,-51.5097735869894,11.));
#10934=CARTESIAN_POINT('Ctrl Pts',(56.8071313788745,-52.2922079017172,11.));
#10935=CARTESIAN_POINT('Ctrl Pts',(55.814563088164,-52.4193982970724,11.));
#10936=CARTESIAN_POINT('Ctrl Pts',(56.1550500571582,-51.3602308738241,11.));
#10937=CARTESIAN_POINT('',(57.0816422393176,-51.5097735869894,12.));
#10938=CARTESIAN_POINT('Ctrl Pts',(57.0816422393176,-51.5097735869894,12.));
#10939=CARTESIAN_POINT('Ctrl Pts',(56.8071313788745,-52.2922079017172,12.));
#10940=CARTESIAN_POINT('Ctrl Pts',(55.814563088164,-52.4193982970724,12.));
#10941=CARTESIAN_POINT('Ctrl Pts',(56.1550500571582,-51.3602308738241,12.));
#10942=CARTESIAN_POINT('',(57.0816422393176,-51.5097735869894,11.));
#10943=CARTESIAN_POINT('Ctrl Pts',(57.9302561385486,-48.5388752276907,11.));
#10944=CARTESIAN_POINT('Ctrl Pts',(57.9302561385486,-48.5388752276907,12.2));
#10945=CARTESIAN_POINT('Ctrl Pts',(57.7732211501452,-49.4273292338858,11.));
#10946=CARTESIAN_POINT('Ctrl Pts',(57.7732211501452,-49.4273292338858,12.2));
#10947=CARTESIAN_POINT('Ctrl Pts',(57.2038164679858,-51.1073931090841,11.));
#10948=CARTESIAN_POINT('Ctrl Pts',(57.2038164679858,-51.1073931090841,12.2));
#10949=CARTESIAN_POINT('Ctrl Pts',(57.0816422393176,-51.5097735869894,11.));
#10950=CARTESIAN_POINT('Ctrl Pts',(57.0816422393176,-51.5097735869894,12.2));
#10951=CARTESIAN_POINT('',(57.9302561385486,-48.5388752276907,11.));
#10952=CARTESIAN_POINT('Ctrl Pts',(57.9302561385486,-48.5388752276907,11.));
#10953=CARTESIAN_POINT('Ctrl Pts',(57.7732211501452,-49.4273292338858,11.));
#10954=CARTESIAN_POINT('Ctrl Pts',(57.2038164679858,-51.1073931090841,11.));
#10955=CARTESIAN_POINT('Ctrl Pts',(57.0816422393176,-51.5097735869894,11.));
#10956=CARTESIAN_POINT('',(57.9302561385486,-48.5388752276907,12.));
#10957=CARTESIAN_POINT('Ctrl Pts',(57.9302561385486,-48.5388752276907,12.));
#10958=CARTESIAN_POINT('Ctrl Pts',(57.7732211501452,-49.4273292338858,12.));
#10959=CARTESIAN_POINT('Ctrl Pts',(57.2038164679858,-51.1073931090841,12.));
#10960=CARTESIAN_POINT('Ctrl Pts',(57.0816422393176,-51.5097735869894,12.));
#10961=CARTESIAN_POINT('',(57.9302561385486,-48.5388752276907,11.));
#10962=CARTESIAN_POINT('Ctrl Pts',(56.9901386191699,-48.3699526412496,11.));
#10963=CARTESIAN_POINT('Ctrl Pts',(56.9901386191699,-48.3699526412496,12.2));
#10964=CARTESIAN_POINT('Ctrl Pts',(57.3567242858264,-47.4512599284658,11.));
#10965=CARTESIAN_POINT('Ctrl Pts',(57.3567242858264,-47.4512599284658,12.2));
#10966=CARTESIAN_POINT('Ctrl Pts',(58.1669839370105,-47.9703280513296,11.));
#10967=CARTESIAN_POINT('Ctrl Pts',(58.1669839370105,-47.9703280513296,12.2));
#10968=CARTESIAN_POINT('Ctrl Pts',(57.9302561385486,-48.5388752276907,11.));
#10969=CARTESIAN_POINT('Ctrl Pts',(57.9302561385486,-48.5388752276907,12.2));
#10970=CARTESIAN_POINT('',(56.9901386191699,-48.3699526412496,11.));
#10971=CARTESIAN_POINT('Ctrl Pts',(56.9901386191699,-48.3699526412496,11.));
#10972=CARTESIAN_POINT('Ctrl Pts',(57.3567242858264,-47.4512599284658,11.));
#10973=CARTESIAN_POINT('Ctrl Pts',(58.1669839370105,-47.9703280513296,11.));
#10974=CARTESIAN_POINT('Ctrl Pts',(57.9302561385486,-48.5388752276907,11.));
#10975=CARTESIAN_POINT('',(56.9901386191699,-48.3699526412496,12.));
#10976=CARTESIAN_POINT('Ctrl Pts',(56.9901386191699,-48.3699526412496,12.));
#10977=CARTESIAN_POINT('Ctrl Pts',(57.3567242858264,-47.4512599284658,12.));
#10978=CARTESIAN_POINT('Ctrl Pts',(58.1669839370105,-47.9703280513296,12.));
#10979=CARTESIAN_POINT('Ctrl Pts',(57.9302561385486,-48.5388752276907,12.));
#10980=CARTESIAN_POINT('',(56.9901386191699,-48.3699526412496,11.));
#10981=CARTESIAN_POINT('Ctrl Pts',(56.4759791114184,-49.4487986114034,11.));
#10982=CARTESIAN_POINT('Ctrl Pts',(56.4759791114184,-49.4487986114034,12.2));
#10983=CARTESIAN_POINT('Ctrl Pts',(56.7941777121875,-48.7081473567495,11.));
#10984=CARTESIAN_POINT('Ctrl Pts',(56.7941777121875,-48.7081473567495,12.2));
#10985=CARTESIAN_POINT('Ctrl Pts',(56.9901386191699,-48.3699526412496,11.));
#10986=CARTESIAN_POINT('Ctrl Pts',(56.9901386191699,-48.3699526412496,12.2));
#10987=CARTESIAN_POINT('',(56.4759791114184,-49.4487986114034,11.));
#10988=CARTESIAN_POINT('Ctrl Pts',(56.4759791114184,-49.4487986114034,11.));
#10989=CARTESIAN_POINT('Ctrl Pts',(56.7941777121875,-48.7081473567495,11.));
#10990=CARTESIAN_POINT('Ctrl Pts',(56.9901386191699,-48.3699526412496,11.));
#10991=CARTESIAN_POINT('',(56.4759791114184,-49.4487986114034,12.));
#10992=CARTESIAN_POINT('Ctrl Pts',(56.4759791114184,-49.4487986114034,12.));
#10993=CARTESIAN_POINT('Ctrl Pts',(56.7941777121875,-48.7081473567495,12.));
#10994=CARTESIAN_POINT('Ctrl Pts',(56.9901386191699,-48.3699526412496,12.));
#10995=CARTESIAN_POINT('',(56.4759791114184,-49.4487986114034,11.));
#10996=CARTESIAN_POINT('Ctrl Pts',(55.5707296187732,-49.0823909862051,11.));
#10997=CARTESIAN_POINT('Ctrl Pts',(55.5707296187732,-49.0823909862051,12.2));
#10998=CARTESIAN_POINT('Ctrl Pts',(55.5813781936023,-49.1182621009359,11.));
#10999=CARTESIAN_POINT('Ctrl Pts',(55.5813781936023,-49.1182621009359,12.2));
#11000=CARTESIAN_POINT('Ctrl Pts',(56.4759791114184,-49.4487986114034,11.));
#11001=CARTESIAN_POINT('Ctrl Pts',(56.4759791114184,-49.4487986114034,12.2));
#11002=CARTESIAN_POINT('',(55.5707296187732,-49.0823909862051,11.));
#11003=CARTESIAN_POINT('Ctrl Pts',(55.5707296187732,-49.0823909862051,11.));
#11004=CARTESIAN_POINT('Ctrl Pts',(55.5813781936023,-49.1182621009359,11.));
#11005=CARTESIAN_POINT('Ctrl Pts',(56.4759791114184,-49.4487986114034,11.));
#11006=CARTESIAN_POINT('',(55.5707296187732,-49.0823909862051,12.));
#11007=CARTESIAN_POINT('Ctrl Pts',(55.5707296187732,-49.0823909862051,12.));
#11008=CARTESIAN_POINT('Ctrl Pts',(55.5813781936023,-49.1182621009359,12.));
#11009=CARTESIAN_POINT('Ctrl Pts',(56.4759791114184,-49.4487986114034,12.));
#11010=CARTESIAN_POINT('',(55.5707296187732,-49.0823909862051,11.));
#11011=CARTESIAN_POINT('Ctrl Pts',(55.6502252509448,-48.536544943572,11.));
#11012=CARTESIAN_POINT('Ctrl Pts',(55.6502252509448,-48.536544943572,12.2));
#11013=CARTESIAN_POINT('Ctrl Pts',(55.645399479613,-48.7563437850485,11.));
#11014=CARTESIAN_POINT('Ctrl Pts',(55.645399479613,-48.7563437850485,12.2));
#11015=CARTESIAN_POINT('Ctrl Pts',(55.5357981269214,-48.9912938334951,11.));
#11016=CARTESIAN_POINT('Ctrl Pts',(55.5357981269214,-48.9912938334951,12.2));
#11017=CARTESIAN_POINT('Ctrl Pts',(55.5707296187732,-49.0823909862051,11.));
#11018=CARTESIAN_POINT('Ctrl Pts',(55.5707296187732,-49.0823909862051,12.2));
#11019=CARTESIAN_POINT('',(55.6502252509448,-48.536544943572,11.));
#11020=CARTESIAN_POINT('Ctrl Pts',(55.6502252509448,-48.536544943572,11.));
#11021=CARTESIAN_POINT('Ctrl Pts',(55.645399479613,-48.7563437850485,11.));
#11022=CARTESIAN_POINT('Ctrl Pts',(55.5357981269214,-48.9912938334951,11.));
#11023=CARTESIAN_POINT('Ctrl Pts',(55.5707296187732,-49.0823909862051,11.));
#11024=CARTESIAN_POINT('',(55.6502252509448,-48.536544943572,12.));
#11025=CARTESIAN_POINT('Ctrl Pts',(55.6502252509448,-48.536544943572,12.));
#11026=CARTESIAN_POINT('Ctrl Pts',(55.645399479613,-48.7563437850485,12.));
#11027=CARTESIAN_POINT('Ctrl Pts',(55.5357981269214,-48.9912938334951,12.));
#11028=CARTESIAN_POINT('Ctrl Pts',(55.5707296187732,-49.0823909862051,12.));
#11029=CARTESIAN_POINT('',(55.6502252509448,-48.536544943572,11.));
#11030=CARTESIAN_POINT('Ctrl Pts',(54.5751062819812,-47.7831611812124,11.));
#11031=CARTESIAN_POINT('Ctrl Pts',(54.5751062819812,-47.7831611812124,12.2));
#11032=CARTESIAN_POINT('Ctrl Pts',(54.688549454436,-47.1414753005514,11.));
#11033=CARTESIAN_POINT('Ctrl Pts',(54.688549454436,-47.1414753005514,12.2));
#11034=CARTESIAN_POINT('Ctrl Pts',(55.5957358443591,-47.0159930131445,11.));
#11035=CARTESIAN_POINT('Ctrl Pts',(55.5957358443591,-47.0159930131445,12.2));
#11036=CARTESIAN_POINT('Ctrl Pts',(55.6502252509448,-48.536544943572,11.));
#11037=CARTESIAN_POINT('Ctrl Pts',(55.6502252509448,-48.536544943572,12.2));
#11038=CARTESIAN_POINT('Ctrl Pts',(54.5751062819812,-47.7831611812124,11.));
#11039=CARTESIAN_POINT('Ctrl Pts',(54.688549454436,-47.1414753005514,11.));
#11040=CARTESIAN_POINT('Ctrl Pts',(55.5957358443591,-47.0159930131445,11.));
#11041=CARTESIAN_POINT('Ctrl Pts',(55.6502252509448,-48.536544943572,11.));
#11042=CARTESIAN_POINT('Ctrl Pts',(54.5751062819812,-47.7831611812124,12.));
#11043=CARTESIAN_POINT('Ctrl Pts',(54.688549454436,-47.1414753005514,12.));
#11044=CARTESIAN_POINT('Ctrl Pts',(55.5957358443591,-47.0159930131445,12.));
#11045=CARTESIAN_POINT('Ctrl Pts',(55.6502252509448,-48.536544943572,12.));
#11046=CARTESIAN_POINT('Ctrl Pts',(64.0220015532824,-52.731754715682,11.));
#11047=CARTESIAN_POINT('Ctrl Pts',(64.0220015532824,-52.731754715682,12.2));
#11048=CARTESIAN_POINT('Ctrl Pts',(64.5392083556506,-51.5293436133871,11.));
#11049=CARTESIAN_POINT('Ctrl Pts',(64.5392083556506,-51.5293436133871,12.2));
#11050=CARTESIAN_POINT('Ctrl Pts',(64.279874378905,-50.8640731742391,11.));
#11051=CARTESIAN_POINT('Ctrl Pts',(64.279874378905,-50.8640731742391,12.2));
#11052=CARTESIAN_POINT('Ctrl Pts',(64.4866941192004,-50.2324324653158,11.));
#11053=CARTESIAN_POINT('Ctrl Pts',(64.4866941192004,-50.2324324653158,12.2));
#11054=CARTESIAN_POINT('',(64.0220015532824,-52.731754715682,11.));
#11055=CARTESIAN_POINT('',(64.4866941192004,-50.2324324653158,11.));
#11056=CARTESIAN_POINT('Ctrl Pts',(64.0220015532824,-52.731754715682,11.));
#11057=CARTESIAN_POINT('Ctrl Pts',(64.5392083556506,-51.5293436133871,11.));
#11058=CARTESIAN_POINT('Ctrl Pts',(64.279874378905,-50.8640731742391,11.));
#11059=CARTESIAN_POINT('Ctrl Pts',(64.4866941192004,-50.2324324653158,11.));
#11060=CARTESIAN_POINT('',(64.4866941192004,-50.2324324653158,12.));
#11061=CARTESIAN_POINT('',(64.4866941192004,-50.2324324653158,11.));
#11062=CARTESIAN_POINT('',(64.0220015532824,-52.731754715682,12.));
#11063=CARTESIAN_POINT('Ctrl Pts',(64.0220015532824,-52.731754715682,12.));
#11064=CARTESIAN_POINT('Ctrl Pts',(64.5392083556506,-51.5293436133871,12.));
#11065=CARTESIAN_POINT('Ctrl Pts',(64.279874378905,-50.8640731742391,12.));
#11066=CARTESIAN_POINT('Ctrl Pts',(64.4866941192004,-50.2324324653158,12.));
#11067=CARTESIAN_POINT('',(64.0220015532824,-52.731754715682,11.));
#11068=CARTESIAN_POINT('Ctrl Pts',(63.5604202315661,-53.6405030257711,11.));
#11069=CARTESIAN_POINT('Ctrl Pts',(63.5604202315661,-53.6405030257711,12.2));
#11070=CARTESIAN_POINT('Ctrl Pts',(63.5962339370105,-53.5640493590841,11.));
#11071=CARTESIAN_POINT('Ctrl Pts',(63.5962339370105,-53.5640493590841,12.2));
#11072=CARTESIAN_POINT('Ctrl Pts',(63.8986844680163,-53.025442215682,11.));
#11073=CARTESIAN_POINT('Ctrl Pts',(63.8986844680163,-53.025442215682,12.2));
#11074=CARTESIAN_POINT('Ctrl Pts',(64.0220015532824,-52.731754715682,11.));
#11075=CARTESIAN_POINT('Ctrl Pts',(64.0220015532824,-52.731754715682,12.2));
#11076=CARTESIAN_POINT('',(63.5604202315661,-53.6405030257711,11.));
#11077=CARTESIAN_POINT('Ctrl Pts',(63.5604202315661,-53.6405030257711,11.));
#11078=CARTESIAN_POINT('Ctrl Pts',(63.5962339370105,-53.5640493590841,11.));
#11079=CARTESIAN_POINT('Ctrl Pts',(63.8986844680163,-53.025442215682,11.));
#11080=CARTESIAN_POINT('Ctrl Pts',(64.0220015532824,-52.731754715682,11.));
#11081=CARTESIAN_POINT('',(63.5604202315661,-53.6405030257711,12.));
#11082=CARTESIAN_POINT('Ctrl Pts',(63.5604202315661,-53.6405030257711,12.));
#11083=CARTESIAN_POINT('Ctrl Pts',(63.5962339370105,-53.5640493590841,12.));
#11084=CARTESIAN_POINT('Ctrl Pts',(63.8986844680163,-53.025442215682,12.));
#11085=CARTESIAN_POINT('Ctrl Pts',(64.0220015532824,-52.731754715682,12.));
#11086=CARTESIAN_POINT('',(63.5604202315661,-53.6405030257711,11.));
#11087=CARTESIAN_POINT('Ctrl Pts',(64.4965375106189,-53.5548415877828,11.));
#11088=CARTESIAN_POINT('Ctrl Pts',(64.4965375106189,-53.5548415877828,12.2));
#11089=CARTESIAN_POINT('Ctrl Pts',(63.8556948439929,-54.5032144172201,11.));
#11090=CARTESIAN_POINT('Ctrl Pts',(63.8556948439929,-54.5032144172201,12.2));
#11091=CARTESIAN_POINT('Ctrl Pts',(63.2739086501452,-54.1833008048544,11.));
#11092=CARTESIAN_POINT('Ctrl Pts',(63.2739086501452,-54.1833008048544,12.2));
#11093=CARTESIAN_POINT('Ctrl Pts',(63.5604202315661,-53.6405030257711,11.));
#11094=CARTESIAN_POINT('Ctrl Pts',(63.5604202315661,-53.6405030257711,12.2));
#11095=CARTESIAN_POINT('',(64.4965375106189,-53.5548415877828,11.));
#11096=CARTESIAN_POINT('Ctrl Pts',(64.4965375106189,-53.5548415877828,11.));
#11097=CARTESIAN_POINT('Ctrl Pts',(63.8556948439929,-54.5032144172201,11.));
#11098=CARTESIAN_POINT('Ctrl Pts',(63.2739086501452,-54.1833008048544,11.));
#11099=CARTESIAN_POINT('Ctrl Pts',(63.5604202315661,-53.6405030257711,11.));
#11100=CARTESIAN_POINT('',(64.4965375106189,-53.5548415877828,12.));
#11101=CARTESIAN_POINT('Ctrl Pts',(64.4965375106189,-53.5548415877828,12.));
#11102=CARTESIAN_POINT('Ctrl Pts',(63.8556948439929,-54.5032144172201,12.));
#11103=CARTESIAN_POINT('Ctrl Pts',(63.2739086501452,-54.1833008048544,12.));
#11104=CARTESIAN_POINT('Ctrl Pts',(63.5604202315661,-53.6405030257711,12.));
#11105=CARTESIAN_POINT('',(64.4965375106189,-53.5548415877828,11.));
#11106=CARTESIAN_POINT('Ctrl Pts',(64.8228005416247,-52.7826178901205,11.));
#11107=CARTESIAN_POINT('Ctrl Pts',(64.8228005416247,-52.7826178901205,12.2));
#11108=CARTESIAN_POINT('Ctrl Pts',(64.6517954757068,-53.3377986342916,11.));
#11109=CARTESIAN_POINT('Ctrl Pts',(64.6517954757068,-53.3377986342916,12.2));
#11110=CARTESIAN_POINT('Ctrl Pts',(64.4965375106189,-53.5548415877828,11.));
#11111=CARTESIAN_POINT('Ctrl Pts',(64.4965375106189,-53.5548415877828,12.2));
#11112=CARTESIAN_POINT('',(64.8228005416247,-52.7826178901205,11.));
#11113=CARTESIAN_POINT('Ctrl Pts',(64.8228005416247,-52.7826178901205,11.));
#11114=CARTESIAN_POINT('Ctrl Pts',(64.6517954757068,-53.3377986342916,11.));
#11115=CARTESIAN_POINT('Ctrl Pts',(64.4965375106189,-53.5548415877828,11.));
#11116=CARTESIAN_POINT('',(64.8228005416247,-52.7826178901205,12.));
#11117=CARTESIAN_POINT('Ctrl Pts',(64.8228005416247,-52.7826178901205,12.));
#11118=CARTESIAN_POINT('Ctrl Pts',(64.6517954757068,-53.3377986342916,12.));
#11119=CARTESIAN_POINT('Ctrl Pts',(64.4965375106189,-53.5548415877828,12.));
#11120=CARTESIAN_POINT('',(64.8228005416247,-52.7826178901205,11.));
#11121=CARTESIAN_POINT('Origin',(65.1016294524524,-52.7513126304159,11.));
#11122=CARTESIAN_POINT('',(65.1016294524524,-52.7513126304159,11.));
#11123=CARTESIAN_POINT('',(64.8228005416247,-52.7826178901205,11.));
#11124=CARTESIAN_POINT('',(65.1016294524524,-52.7513126304159,12.));
#11125=CARTESIAN_POINT('',(64.8228005416247,-52.7826178901205,12.));
#11126=CARTESIAN_POINT('',(65.1016294524524,-52.7513126304159,11.));
#11127=CARTESIAN_POINT('Ctrl Pts',(65.4012855803821,-54.282488548995,11.));
#11128=CARTESIAN_POINT('Ctrl Pts',(65.4012855803821,-54.282488548995,12.2));
#11129=CARTESIAN_POINT('Ctrl Pts',(65.3452153594348,-53.8232559211264,11.));
#11130=CARTESIAN_POINT('Ctrl Pts',(65.3452153594348,-53.8232559211264,12.2));
#11131=CARTESIAN_POINT('Ctrl Pts',(65.1016294524524,-52.7513126304159,11.));
#11132=CARTESIAN_POINT('Ctrl Pts',(65.1016294524524,-52.7513126304159,12.2));
#11133=CARTESIAN_POINT('',(65.4012855803821,-54.282488548995,11.));
#11134=CARTESIAN_POINT('Ctrl Pts',(65.4012855803821,-54.282488548995,11.));
#11135=CARTESIAN_POINT('Ctrl Pts',(65.3452153594348,-53.8232559211264,11.));
#11136=CARTESIAN_POINT('Ctrl Pts',(65.1016294524524,-52.7513126304159,11.));
#11137=CARTESIAN_POINT('',(65.4012855803821,-54.282488548995,12.));
#11138=CARTESIAN_POINT('Ctrl Pts',(65.4012855803821,-54.282488548995,12.));
#11139=CARTESIAN_POINT('Ctrl Pts',(65.3452153594348,-53.8232559211264,12.));
#11140=CARTESIAN_POINT('Ctrl Pts',(65.1016294524524,-52.7513126304159,12.));
#11141=CARTESIAN_POINT('',(65.4012855803821,-54.282488548995,11.));
#11142=CARTESIAN_POINT('Ctrl Pts',(66.2576470687243,-54.1079904792318,11.));
#11143=CARTESIAN_POINT('Ctrl Pts',(66.2576470687243,-54.1079904792318,12.2));
#11144=CARTESIAN_POINT('Ctrl Pts',(66.2462175338122,-54.9777503745565,11.));
#11145=CARTESIAN_POINT('Ctrl Pts',(66.2462175338122,-54.9777503745565,12.2));
#11146=CARTESIAN_POINT('Ctrl Pts',(65.461229595885,-54.7256552970419,11.));
#11147=CARTESIAN_POINT('Ctrl Pts',(65.461229595885,-54.7256552970419,12.2));
#11148=CARTESIAN_POINT('Ctrl Pts',(65.4012855803821,-54.282488548995,11.));
#11149=CARTESIAN_POINT('Ctrl Pts',(65.4012855803821,-54.282488548995,12.2));
#11150=CARTESIAN_POINT('',(66.2576470687243,-54.1079904792318,11.));
#11151=CARTESIAN_POINT('Ctrl Pts',(66.2576470687243,-54.1079904792318,11.));
#11152=CARTESIAN_POINT('Ctrl Pts',(66.2462175338122,-54.9777503745565,11.));
#11153=CARTESIAN_POINT('Ctrl Pts',(65.461229595885,-54.7256552970419,11.));
#11154=CARTESIAN_POINT('Ctrl Pts',(65.4012855803821,-54.282488548995,11.));
#11155=CARTESIAN_POINT('',(66.2576470687243,-54.1079904792318,12.));
#11156=CARTESIAN_POINT('Ctrl Pts',(66.2576470687243,-54.1079904792318,12.));
#11157=CARTESIAN_POINT('Ctrl Pts',(66.2462175338122,-54.9777503745565,12.));
#11158=CARTESIAN_POINT('Ctrl Pts',(65.461229595885,-54.7256552970419,12.));
#11159=CARTESIAN_POINT('Ctrl Pts',(65.4012855803821,-54.282488548995,12.));
#11160=CARTESIAN_POINT('',(66.2576470687243,-54.1079904792318,11.));
#11161=CARTESIAN_POINT('Ctrl Pts',(65.930304646239,-52.8948232505331,11.));
#11162=CARTESIAN_POINT('Ctrl Pts',(65.930304646239,-52.8948232505331,12.2));
#11163=CARTESIAN_POINT('Ctrl Pts',(66.1257578322741,-53.406823490859,11.));
#11164=CARTESIAN_POINT('Ctrl Pts',(66.1257578322741,-53.406823490859,12.2));
#11165=CARTESIAN_POINT('Ctrl Pts',(66.2296429641101,-53.8098575141439,11.));
#11166=CARTESIAN_POINT('Ctrl Pts',(66.2296429641101,-53.8098575141439,12.2));
#11167=CARTESIAN_POINT('Ctrl Pts',(66.2576470687243,-54.1079904792318,11.));
#11168=CARTESIAN_POINT('Ctrl Pts',(66.2576470687243,-54.1079904792318,12.2));
#11169=CARTESIAN_POINT('',(65.930304646239,-52.8948232505331,11.));
#11170=CARTESIAN_POINT('Ctrl Pts',(65.930304646239,-52.8948232505331,11.));
#11171=CARTESIAN_POINT('Ctrl Pts',(66.1257578322741,-53.406823490859,11.));
#11172=CARTESIAN_POINT('Ctrl Pts',(66.2296429641101,-53.8098575141439,11.));
#11173=CARTESIAN_POINT('Ctrl Pts',(66.2576470687243,-54.1079904792318,11.));
#11174=CARTESIAN_POINT('',(65.930304646239,-52.8948232505331,12.));
#11175=CARTESIAN_POINT('Ctrl Pts',(65.930304646239,-52.8948232505331,12.));
#11176=CARTESIAN_POINT('Ctrl Pts',(66.1257578322741,-53.406823490859,12.));
#11177=CARTESIAN_POINT('Ctrl Pts',(66.2296429641101,-53.8098575141439,12.));
#11178=CARTESIAN_POINT('Ctrl Pts',(66.2576470687243,-54.1079904792318,12.));
#11179=CARTESIAN_POINT('',(65.930304646239,-52.8948232505331,11.));
#11180=CARTESIAN_POINT('Ctrl Pts',(65.6790990493152,-52.4711514365682,11.));
#11181=CARTESIAN_POINT('Ctrl Pts',(65.6790990493152,-52.4711514365682,12.2));
#11182=CARTESIAN_POINT('Ctrl Pts',(65.8026070144031,-52.5198558280477,11.));
#11183=CARTESIAN_POINT('Ctrl Pts',(65.8026070144031,-52.5198558280477,12.2));
#11184=CARTESIAN_POINT('Ctrl Pts',(65.930304646239,-52.8948232505331,11.));
#11185=CARTESIAN_POINT('Ctrl Pts',(65.930304646239,-52.8948232505331,12.2));
#11186=CARTESIAN_POINT('',(65.6790990493152,-52.4711514365682,11.));
#11187=CARTESIAN_POINT('Ctrl Pts',(65.6790990493152,-52.4711514365682,11.));
#11188=CARTESIAN_POINT('Ctrl Pts',(65.8026070144031,-52.5198558280477,11.));
#11189=CARTESIAN_POINT('Ctrl Pts',(65.930304646239,-52.8948232505331,11.));
#11190=CARTESIAN_POINT('',(65.6790990493152,-52.4711514365682,12.));
#11191=CARTESIAN_POINT('Ctrl Pts',(65.6790990493152,-52.4711514365682,12.));
#11192=CARTESIAN_POINT('Ctrl Pts',(65.8026070144031,-52.5198558280477,12.));
#11193=CARTESIAN_POINT('Ctrl Pts',(65.930304646239,-52.8948232505331,12.));
#11194=CARTESIAN_POINT('',(65.6790990493152,-52.4711514365682,11.));
#11195=CARTESIAN_POINT('Ctrl Pts',(66.6385211074206,-51.2619781501303,11.));
#11196=CARTESIAN_POINT('Ctrl Pts',(66.6385211074206,-51.2619781501303,12.2));
#11197=CARTESIAN_POINT('Ctrl Pts',(66.5550184523913,-51.6000519912252,11.));
#11198=CARTESIAN_POINT('Ctrl Pts',(66.5550184523913,-51.6000519912252,12.2));
#11199=CARTESIAN_POINT('Ctrl Pts',(65.6790990493152,-52.4711514365682,11.));
#11200=CARTESIAN_POINT('Ctrl Pts',(65.6790990493152,-52.4711514365682,12.2));
#11201=CARTESIAN_POINT('',(66.6385211074206,-51.2619781501303,11.));
#11202=CARTESIAN_POINT('Ctrl Pts',(66.6385211074206,-51.2619781501303,11.));
#11203=CARTESIAN_POINT('Ctrl Pts',(66.5550184523913,-51.6000519912252,11.));
#11204=CARTESIAN_POINT('Ctrl Pts',(65.6790990493152,-52.4711514365682,11.));
#11205=CARTESIAN_POINT('',(66.6385211074206,-51.2619781501303,12.));
#11206=CARTESIAN_POINT('Ctrl Pts',(66.6385211074206,-51.2619781501303,12.));
#11207=CARTESIAN_POINT('Ctrl Pts',(66.5550184523913,-51.6000519912252,12.));
#11208=CARTESIAN_POINT('Ctrl Pts',(65.6790990493152,-52.4711514365682,12.));
#11209=CARTESIAN_POINT('',(66.6385211074206,-51.2619781501303,11.));
#11210=CARTESIAN_POINT('Ctrl Pts',(65.8815382430408,-51.2394926040182,11.));
#11211=CARTESIAN_POINT('Ctrl Pts',(65.8815382430408,-51.2394926040182,12.2));
#11212=CARTESIAN_POINT('Ctrl Pts',(66.5664479873034,-50.6617444388876,11.));
#11213=CARTESIAN_POINT('Ctrl Pts',(66.5664479873034,-50.6617444388876,12.2));
#11214=CARTESIAN_POINT('Ctrl Pts',(66.7259615065906,-50.9079018943319,11.));
#11215=CARTESIAN_POINT('Ctrl Pts',(66.7259615065906,-50.9079018943319,12.2));
#11216=CARTESIAN_POINT('Ctrl Pts',(66.6385211074206,-51.2619781501303,11.));
#11217=CARTESIAN_POINT('Ctrl Pts',(66.6385211074206,-51.2619781501303,12.2));
#11218=CARTESIAN_POINT('',(65.8815382430408,-51.2394926040182,11.));
#11219=CARTESIAN_POINT('Ctrl Pts',(65.8815382430408,-51.2394926040182,11.));
#11220=CARTESIAN_POINT('Ctrl Pts',(66.5664479873034,-50.6617444388876,11.));
#11221=CARTESIAN_POINT('Ctrl Pts',(66.7259615065906,-50.9079018943319,11.));
#11222=CARTESIAN_POINT('Ctrl Pts',(66.6385211074206,-51.2619781501303,11.));
#11223=CARTESIAN_POINT('',(65.8815382430408,-51.2394926040182,12.));
#11224=CARTESIAN_POINT('Ctrl Pts',(65.8815382430408,-51.2394926040182,12.));
#11225=CARTESIAN_POINT('Ctrl Pts',(66.5664479873034,-50.6617444388876,12.));
#11226=CARTESIAN_POINT('Ctrl Pts',(66.7259615065906,-50.9079018943319,12.));
#11227=CARTESIAN_POINT('Ctrl Pts',(66.6385211074206,-51.2619781501303,12.));
#11228=CARTESIAN_POINT('',(65.8815382430408,-51.2394926040182,11.));
#11229=CARTESIAN_POINT('Ctrl Pts',(65.1171255996081,-52.0022798621664,11.));
#11230=CARTESIAN_POINT('Ctrl Pts',(65.1171255996081,-52.0022798621664,12.2));
#11231=CARTESIAN_POINT('Ctrl Pts',(65.1966905104968,-51.817311016799,11.));
#11232=CARTESIAN_POINT('Ctrl Pts',(65.1966905104968,-51.817311016799,12.2));
#11233=CARTESIAN_POINT('Ctrl Pts',(65.8815382430408,-51.2394926040182,11.));
#11234=CARTESIAN_POINT('Ctrl Pts',(65.8815382430408,-51.2394926040182,12.2));
#11235=CARTESIAN_POINT('',(65.1171255996081,-52.0022798621664,11.));
#11236=CARTESIAN_POINT('Ctrl Pts',(65.1171255996081,-52.0022798621664,11.));
#11237=CARTESIAN_POINT('Ctrl Pts',(65.1966905104968,-51.817311016799,11.));
#11238=CARTESIAN_POINT('Ctrl Pts',(65.8815382430408,-51.2394926040182,11.));
#11239=CARTESIAN_POINT('',(65.1171255996081,-52.0022798621664,12.));
#11240=CARTESIAN_POINT('Ctrl Pts',(65.1171255996081,-52.0022798621664,12.));
#11241=CARTESIAN_POINT('Ctrl Pts',(65.1966905104968,-51.817311016799,12.));
#11242=CARTESIAN_POINT('Ctrl Pts',(65.8815382430408,-51.2394926040182,12.));
#11243=CARTESIAN_POINT('',(65.1171255996081,-52.0022798621664,11.));
#11244=CARTESIAN_POINT('Ctrl Pts',(65.263747463927,-50.7221133315573,11.));
#11245=CARTESIAN_POINT('Ctrl Pts',(65.263747463927,-50.7221133315573,12.2));
#11246=CARTESIAN_POINT('Ctrl Pts',(65.2800032546374,-51.2738650214681,11.));
#11247=CARTESIAN_POINT('Ctrl Pts',(65.2800032546374,-51.2738650214681,12.2));
#11248=CARTESIAN_POINT('Ctrl Pts',(65.1171255996081,-52.0022798621664,11.));
#11249=CARTESIAN_POINT('Ctrl Pts',(65.1171255996081,-52.0022798621664,12.2));
#11250=CARTESIAN_POINT('',(65.263747463927,-50.7221133315573,11.));
#11251=CARTESIAN_POINT('Ctrl Pts',(65.263747463927,-50.7221133315573,11.));
#11252=CARTESIAN_POINT('Ctrl Pts',(65.2800032546374,-51.2738650214681,11.));
#11253=CARTESIAN_POINT('Ctrl Pts',(65.1171255996081,-52.0022798621664,11.));
#11254=CARTESIAN_POINT('',(65.263747463927,-50.7221133315573,12.));
#11255=CARTESIAN_POINT('Ctrl Pts',(65.263747463927,-50.7221133315573,12.));
#11256=CARTESIAN_POINT('Ctrl Pts',(65.2800032546374,-51.2738650214681,12.));
#11257=CARTESIAN_POINT('Ctrl Pts',(65.1171255996081,-52.0022798621664,12.));
#11258=CARTESIAN_POINT('',(65.263747463927,-50.7221133315573,11.));
#11259=CARTESIAN_POINT('Ctrl Pts',(64.4866941192004,-50.2324324653158,11.));
#11260=CARTESIAN_POINT('Ctrl Pts',(64.4866941192004,-50.2324324653158,12.2));
#11261=CARTESIAN_POINT('Ctrl Pts',(64.6656405608508,-49.7135048377523,11.));
#11262=CARTESIAN_POINT('Ctrl Pts',(64.6656405608508,-49.7135048377523,12.2));
#11263=CARTESIAN_POINT('Ctrl Pts',(65.3232467391345,-50.1384212462911,11.));
#11264=CARTESIAN_POINT('Ctrl Pts',(65.3232467391345,-50.1384212462911,12.2));
#11265=CARTESIAN_POINT('Ctrl Pts',(65.263747463927,-50.7221133315573,11.));
#11266=CARTESIAN_POINT('Ctrl Pts',(65.263747463927,-50.7221133315573,12.2));
#11267=CARTESIAN_POINT('Ctrl Pts',(64.4866941192004,-50.2324324653158,11.));
#11268=CARTESIAN_POINT('Ctrl Pts',(64.6656405608508,-49.7135048377523,11.));
#11269=CARTESIAN_POINT('Ctrl Pts',(65.3232467391345,-50.1384212462911,11.));
#11270=CARTESIAN_POINT('Ctrl Pts',(65.263747463927,-50.7221133315573,11.));
#11271=CARTESIAN_POINT('Ctrl Pts',(64.4866941192004,-50.2324324653158,12.));
#11272=CARTESIAN_POINT('Ctrl Pts',(64.6656405608508,-49.7135048377523,12.));
#11273=CARTESIAN_POINT('Ctrl Pts',(65.3232467391345,-50.1384212462911,12.));
#11274=CARTESIAN_POINT('Ctrl Pts',(65.263747463927,-50.7221133315573,12.));
#11275=CARTESIAN_POINT('Ctrl Pts',(68.4399499099109,-52.9956601188192,11.));
#11276=CARTESIAN_POINT('Ctrl Pts',(68.4399499099109,-52.9956601188192,12.2));
#11277=CARTESIAN_POINT('Ctrl Pts',(68.4193116347644,-52.1681917312155,11.));
#11278=CARTESIAN_POINT('Ctrl Pts',(68.4193116347644,-52.1681917312155,12.2));
#11279=CARTESIAN_POINT('Ctrl Pts',(68.6042247664782,-51.6212851912985,11.));
#11280=CARTESIAN_POINT('Ctrl Pts',(68.6042247664782,-51.6212851912985,12.2));
#11281=CARTESIAN_POINT('Ctrl Pts',(68.8981021773669,-51.3299599502096,11.));
#11282=CARTESIAN_POINT('Ctrl Pts',(68.8981021773669,-51.3299599502096,12.2));
#11283=CARTESIAN_POINT('',(68.4399499099109,-52.9956601188192,11.));
#11284=CARTESIAN_POINT('',(68.8981021773669,-51.3299599502096,11.));
#11285=CARTESIAN_POINT('Ctrl Pts',(68.4399499099109,-52.9956601188192,11.));
#11286=CARTESIAN_POINT('Ctrl Pts',(68.4193116347644,-52.1681917312155,11.));
#11287=CARTESIAN_POINT('Ctrl Pts',(68.6042247664782,-51.6212851912985,11.));
#11288=CARTESIAN_POINT('Ctrl Pts',(68.8981021773669,-51.3299599502096,11.));
#11289=CARTESIAN_POINT('',(68.8981021773669,-51.3299599502096,12.));
#11290=CARTESIAN_POINT('',(68.8981021773669,-51.3299599502096,11.));
#11291=CARTESIAN_POINT('',(68.4399499099109,-52.9956601188192,12.));
#11292=CARTESIAN_POINT('Ctrl Pts',(68.4399499099109,-52.9956601188192,12.));
#11293=CARTESIAN_POINT('Ctrl Pts',(68.4193116347644,-52.1681917312155,12.));
#11294=CARTESIAN_POINT('Ctrl Pts',(68.6042247664782,-51.6212851912985,12.));
#11295=CARTESIAN_POINT('Ctrl Pts',(68.8981021773669,-51.3299599502096,12.));
#11296=CARTESIAN_POINT('',(68.4399499099109,-52.9956601188192,11.));
#11297=CARTESIAN_POINT('Ctrl Pts',(69.866413227782,-54.7991236808309,11.));
#11298=CARTESIAN_POINT('Ctrl Pts',(69.866413227782,-54.7991236808309,12.2));
#11299=CARTESIAN_POINT('Ctrl Pts',(68.992654545531,-54.9404105994711,11.));
#11300=CARTESIAN_POINT('Ctrl Pts',(68.992654545531,-54.9404105994711,12.2));
#11301=CARTESIAN_POINT('Ctrl Pts',(68.480906712279,-54.2307988746176,11.));
#11302=CARTESIAN_POINT('Ctrl Pts',(68.480906712279,-54.2307988746176,12.2));
#11303=CARTESIAN_POINT('Ctrl Pts',(68.4399499099109,-52.9956601188192,11.));
#11304=CARTESIAN_POINT('Ctrl Pts',(68.4399499099109,-52.9956601188192,12.2));
#11305=CARTESIAN_POINT('',(69.866413227782,-54.7991236808309,11.));
#11306=CARTESIAN_POINT('Ctrl Pts',(69.866413227782,-54.7991236808309,11.));
#11307=CARTESIAN_POINT('Ctrl Pts',(68.992654545531,-54.9404105994711,11.));
#11308=CARTESIAN_POINT('Ctrl Pts',(68.480906712279,-54.2307988746176,11.));
#11309=CARTESIAN_POINT('Ctrl Pts',(68.4399499099109,-52.9956601188192,11.));
#11310=CARTESIAN_POINT('',(69.866413227782,-54.7991236808309,12.));
#11311=CARTESIAN_POINT('Ctrl Pts',(69.866413227782,-54.7991236808309,12.));
#11312=CARTESIAN_POINT('Ctrl Pts',(68.992654545531,-54.9404105994711,12.));
#11313=CARTESIAN_POINT('Ctrl Pts',(68.480906712279,-54.2307988746176,12.));
#11314=CARTESIAN_POINT('Ctrl Pts',(68.4399499099109,-52.9956601188192,12.));
#11315=CARTESIAN_POINT('',(69.866413227782,-54.7991236808309,11.));
#11316=CARTESIAN_POINT('Ctrl Pts',(70.4539161269519,-54.0064530723104,11.));
#11317=CARTESIAN_POINT('Ctrl Pts',(70.4539161269519,-54.0064530723104,12.2));
#11318=CARTESIAN_POINT('Ctrl Pts',(70.5344325301501,-54.0273442389974,11.));
#11319=CARTESIAN_POINT('Ctrl Pts',(70.5344325301501,-54.0273442389974,12.2));
#11320=CARTESIAN_POINT('Ctrl Pts',(70.7401738478991,-54.6577728126058,11.));
#11321=CARTESIAN_POINT('Ctrl Pts',(70.7401738478991,-54.6577728126058,12.2));
#11322=CARTESIAN_POINT('Ctrl Pts',(69.866413227782,-54.7991236808309,11.));
#11323=CARTESIAN_POINT('Ctrl Pts',(69.866413227782,-54.7991236808309,12.2));
#11324=CARTESIAN_POINT('',(70.4539161269519,-54.0064530723104,11.));
#11325=CARTESIAN_POINT('Ctrl Pts',(70.4539161269519,-54.0064530723104,11.));
#11326=CARTESIAN_POINT('Ctrl Pts',(70.5344325301501,-54.0273442389974,11.));
#11327=CARTESIAN_POINT('Ctrl Pts',(70.7401738478991,-54.6577728126058,11.));
#11328=CARTESIAN_POINT('Ctrl Pts',(69.866413227782,-54.7991236808309,11.));
#11329=CARTESIAN_POINT('',(70.4539161269519,-54.0064530723104,12.));
#11330=CARTESIAN_POINT('Ctrl Pts',(70.4539161269519,-54.0064530723104,12.));
#11331=CARTESIAN_POINT('Ctrl Pts',(70.5344325301501,-54.0273442389974,12.));
#11332=CARTESIAN_POINT('Ctrl Pts',(70.7401738478991,-54.6577728126058,12.));
#11333=CARTESIAN_POINT('Ctrl Pts',(69.866413227782,-54.7991236808309,12.));
#11334=CARTESIAN_POINT('',(70.4539161269519,-54.0064530723104,11.));
#11335=CARTESIAN_POINT('Ctrl Pts',(70.015066944823,-54.0503951575765,11.));
#11336=CARTESIAN_POINT('Ctrl Pts',(70.015066944823,-54.0503951575765,12.2));
#11337=CARTESIAN_POINT('Ctrl Pts',(70.3733338363025,-53.9156485373983,11.));
#11338=CARTESIAN_POINT('Ctrl Pts',(70.3733338363025,-53.9156485373983,12.2));
#11339=CARTESIAN_POINT('Ctrl Pts',(70.389526646361,-53.9897525413046,11.));
#11340=CARTESIAN_POINT('Ctrl Pts',(70.389526646361,-53.9897525413046,12.2));
#11341=CARTESIAN_POINT('Ctrl Pts',(70.4539161269519,-54.0064530723104,11.));
#11342=CARTESIAN_POINT('Ctrl Pts',(70.4539161269519,-54.0064530723104,12.2));
#11343=CARTESIAN_POINT('',(70.015066944823,-54.0503951575765,11.));
#11344=CARTESIAN_POINT('Ctrl Pts',(70.015066944823,-54.0503951575765,11.));
#11345=CARTESIAN_POINT('Ctrl Pts',(70.3733338363025,-53.9156485373983,11.));
#11346=CARTESIAN_POINT('Ctrl Pts',(70.389526646361,-53.9897525413046,11.));
#11347=CARTESIAN_POINT('Ctrl Pts',(70.4539161269519,-54.0064530723104,11.));
#11348=CARTESIAN_POINT('',(70.015066944823,-54.0503951575765,12.));
#11349=CARTESIAN_POINT('Ctrl Pts',(70.015066944823,-54.0503951575765,12.));
#11350=CARTESIAN_POINT('Ctrl Pts',(70.3733338363025,-53.9156485373983,12.));
#11351=CARTESIAN_POINT('Ctrl Pts',(70.389526646361,-53.9897525413046,12.));
#11352=CARTESIAN_POINT('Ctrl Pts',(70.4539161269519,-54.0064530723104,12.));
#11353=CARTESIAN_POINT('',(70.015066944823,-54.0503951575765,11.));
#11354=CARTESIAN_POINT('Ctrl Pts',(69.1609911696765,-53.4795937583456,11.));
#11355=CARTESIAN_POINT('Ctrl Pts',(69.1609911696765,-53.4795937583456,12.2));
#11356=CARTESIAN_POINT('Ctrl Pts',(69.3868611037585,-54.0277889792929,11.));
#11357=CARTESIAN_POINT('Ctrl Pts',(69.3868611037585,-54.0277889792929,12.2));
#11358=CARTESIAN_POINT('Ctrl Pts',(69.6566721541736,-54.1850787971029,11.));
#11359=CARTESIAN_POINT('Ctrl Pts',(69.6566721541736,-54.1850787971029,12.2));
#11360=CARTESIAN_POINT('Ctrl Pts',(70.015066944823,-54.0503951575765,11.));
#11361=CARTESIAN_POINT('Ctrl Pts',(70.015066944823,-54.0503951575765,12.2));
#11362=CARTESIAN_POINT('',(69.1609911696765,-53.4795937583456,11.));
#11363=CARTESIAN_POINT('Ctrl Pts',(69.1609911696765,-53.4795937583456,11.));
#11364=CARTESIAN_POINT('Ctrl Pts',(69.3868611037585,-54.0277889792929,11.));
#11365=CARTESIAN_POINT('Ctrl Pts',(69.6566721541736,-54.1850787971029,11.));
#11366=CARTESIAN_POINT('Ctrl Pts',(70.015066944823,-54.0503951575765,11.));
#11367=CARTESIAN_POINT('',(69.1609911696765,-53.4795937583456,12.));
#11368=CARTESIAN_POINT('Ctrl Pts',(69.1609911696765,-53.4795937583456,12.));
#11369=CARTESIAN_POINT('Ctrl Pts',(69.3868611037585,-54.0277889792929,12.));
#11370=CARTESIAN_POINT('Ctrl Pts',(69.6566721541736,-54.1850787971029,12.));
#11371=CARTESIAN_POINT('Ctrl Pts',(70.015066944823,-54.0503951575765,12.));
#11372=CARTESIAN_POINT('',(69.1609911696765,-53.4795937583456,11.));
#11373=CARTESIAN_POINT('Ctrl Pts',(69.2004248092029,-51.9854388358602,11.));
#11374=CARTESIAN_POINT('Ctrl Pts',(69.2004248092029,-51.9854388358602,12.2));
#11375=CARTESIAN_POINT('Ctrl Pts',(68.9308676192614,-52.3879651381979,11.));
#11376=CARTESIAN_POINT('Ctrl Pts',(68.9308676192614,-52.3879651381979,12.2));
#11377=CARTESIAN_POINT('Ctrl Pts',(69.0117657821032,-53.1086265761862,11.));
#11378=CARTESIAN_POINT('Ctrl Pts',(69.0117657821032,-53.1086265761862,12.2));
#11379=CARTESIAN_POINT('Ctrl Pts',(69.1609911696765,-53.4795937583456,11.));
#11380=CARTESIAN_POINT('Ctrl Pts',(69.1609911696765,-53.4795937583456,12.2));
#11381=CARTESIAN_POINT('',(69.2004248092029,-51.9854388358602,11.));
#11382=CARTESIAN_POINT('Ctrl Pts',(69.2004248092029,-51.9854388358602,11.));
#11383=CARTESIAN_POINT('Ctrl Pts',(68.9308676192614,-52.3879651381979,11.));
#11384=CARTESIAN_POINT('Ctrl Pts',(69.0117657821032,-53.1086265761862,11.));
#11385=CARTESIAN_POINT('Ctrl Pts',(69.1609911696765,-53.4795937583456,11.));
#11386=CARTESIAN_POINT('',(69.2004248092029,-51.9854388358602,12.));
#11387=CARTESIAN_POINT('Ctrl Pts',(69.2004248092029,-51.9854388358602,12.));
#11388=CARTESIAN_POINT('Ctrl Pts',(68.9308676192614,-52.3879651381979,12.));
#11389=CARTESIAN_POINT('Ctrl Pts',(69.0117657821032,-53.1086265761862,12.));
#11390=CARTESIAN_POINT('Ctrl Pts',(69.1609911696765,-53.4795937583456,12.));
#11391=CARTESIAN_POINT('',(69.2004248092029,-51.9854388358602,11.));
#11392=CARTESIAN_POINT('Ctrl Pts',(69.3976550185535,-51.8089849746237,11.));
#11393=CARTESIAN_POINT('Ctrl Pts',(69.3976550185535,-51.8089849746237,12.2));
#11394=CARTESIAN_POINT('Ctrl Pts',(69.3573958480212,-51.8335658385763,11.));
#11395=CARTESIAN_POINT('Ctrl Pts',(69.3573958480212,-51.8335658385763,12.2));
#11396=CARTESIAN_POINT('Ctrl Pts',(69.2809431502673,-51.8662871940145,11.));
#11397=CARTESIAN_POINT('Ctrl Pts',(69.2809431502673,-51.8662871940145,12.2));
#11398=CARTESIAN_POINT('Ctrl Pts',(69.2004248092029,-51.9854388358602,11.));
#11399=CARTESIAN_POINT('Ctrl Pts',(69.2004248092029,-51.9854388358602,12.2));
#11400=CARTESIAN_POINT('',(69.3976550185535,-51.8089849746237,11.));
#11401=CARTESIAN_POINT('Ctrl Pts',(69.3976550185535,-51.8089849746237,11.));
#11402=CARTESIAN_POINT('Ctrl Pts',(69.3573958480212,-51.8335658385763,11.));
#11403=CARTESIAN_POINT('Ctrl Pts',(69.2809431502673,-51.8662871940145,11.));
#11404=CARTESIAN_POINT('Ctrl Pts',(69.2004248092029,-51.9854388358602,11.));
#11405=CARTESIAN_POINT('',(69.3976550185535,-51.8089849746237,12.));
#11406=CARTESIAN_POINT('Ctrl Pts',(69.3976550185535,-51.8089849746237,12.));
#11407=CARTESIAN_POINT('Ctrl Pts',(69.3573958480212,-51.8335658385763,12.));
#11408=CARTESIAN_POINT('Ctrl Pts',(69.2809431502673,-51.8662871940145,12.));
#11409=CARTESIAN_POINT('Ctrl Pts',(69.2004248092029,-51.9854388358602,12.));
#11410=CARTESIAN_POINT('',(69.3976550185535,-51.8089849746237,11.));
#11411=CARTESIAN_POINT('Ctrl Pts',(69.7520481154773,-51.830733647109,11.));
#11412=CARTESIAN_POINT('Ctrl Pts',(69.7520481154773,-51.830733647109,12.2));
#11413=CARTESIAN_POINT('Ctrl Pts',(69.7237901503894,-51.8059497916708,11.));
#11414=CARTESIAN_POINT('Ctrl Pts',(69.7237901503894,-51.8059497916708,12.2));
#11415=CARTESIAN_POINT('Ctrl Pts',(69.5586917006823,-51.7107506606588,11.));
#11416=CARTESIAN_POINT('Ctrl Pts',(69.5586917006823,-51.7107506606588,12.2));
#11417=CARTESIAN_POINT('Ctrl Pts',(69.3976550185535,-51.8089849746237,11.));
#11418=CARTESIAN_POINT('Ctrl Pts',(69.3976550185535,-51.8089849746237,12.2));
#11419=CARTESIAN_POINT('',(69.7520481154773,-51.830733647109,11.));
#11420=CARTESIAN_POINT('Ctrl Pts',(69.7520481154773,-51.830733647109,11.));
#11421=CARTESIAN_POINT('Ctrl Pts',(69.7237901503894,-51.8059497916708,11.));
#11422=CARTESIAN_POINT('Ctrl Pts',(69.5586917006823,-51.7107506606588,11.));
#11423=CARTESIAN_POINT('Ctrl Pts',(69.3976550185535,-51.8089849746237,11.));
#11424=CARTESIAN_POINT('',(69.7520481154773,-51.830733647109,12.));
#11425=CARTESIAN_POINT('Ctrl Pts',(69.7520481154773,-51.830733647109,12.));
#11426=CARTESIAN_POINT('Ctrl Pts',(69.7237901503894,-51.8059497916708,12.));
#11427=CARTESIAN_POINT('Ctrl Pts',(69.5586917006823,-51.7107506606588,12.));
#11428=CARTESIAN_POINT('Ctrl Pts',(69.3976550185535,-51.8089849746237,12.));
#11429=CARTESIAN_POINT('',(69.7520481154773,-51.830733647109,11.));
#11430=CARTESIAN_POINT('Ctrl Pts',(70.1303176619861,-51.4737559211263,11.));
#11431=CARTESIAN_POINT('Ctrl Pts',(70.1303176619861,-51.4737559211263,12.2));
#11432=CARTESIAN_POINT('Ctrl Pts',(70.2916082045886,-51.7953893897543,11.));
#11433=CARTESIAN_POINT('Ctrl Pts',(70.2916082045886,-51.7953893897543,12.2));
#11434=CARTESIAN_POINT('Ctrl Pts',(70.2032783248279,-52.157333382369,11.));
#11435=CARTESIAN_POINT('Ctrl Pts',(70.2032783248279,-52.157333382369,12.2));
#11436=CARTESIAN_POINT('Ctrl Pts',(69.7520481154773,-51.830733647109,11.));
#11437=CARTESIAN_POINT('Ctrl Pts',(69.7520481154773,-51.830733647109,12.2));
#11438=CARTESIAN_POINT('',(70.1303176619861,-51.4737559211263,11.));
#11439=CARTESIAN_POINT('Ctrl Pts',(70.1303176619861,-51.4737559211263,11.));
#11440=CARTESIAN_POINT('Ctrl Pts',(70.2916082045886,-51.7953893897543,11.));
#11441=CARTESIAN_POINT('Ctrl Pts',(70.2032783248279,-52.157333382369,11.));
#11442=CARTESIAN_POINT('Ctrl Pts',(69.7520481154773,-51.830733647109,11.));
#11443=CARTESIAN_POINT('',(70.1303176619861,-51.4737559211263,12.));
#11444=CARTESIAN_POINT('Ctrl Pts',(70.1303176619861,-51.4737559211263,12.));
#11445=CARTESIAN_POINT('Ctrl Pts',(70.2916082045886,-51.7953893897543,12.));
#11446=CARTESIAN_POINT('Ctrl Pts',(70.2032783248279,-52.157333382369,12.));
#11447=CARTESIAN_POINT('Ctrl Pts',(69.7520481154773,-51.830733647109,12.));
#11448=CARTESIAN_POINT('',(70.1303176619861,-51.4737559211263,11.));
#11449=CARTESIAN_POINT('Ctrl Pts',(68.8981021773669,-51.3299599502096,11.));
#11450=CARTESIAN_POINT('Ctrl Pts',(68.8981021773669,-51.3299599502096,12.2));
#11451=CARTESIAN_POINT('Ctrl Pts',(69.3891458480212,-50.9321896560201,11.));
#11452=CARTESIAN_POINT('Ctrl Pts',(69.3891458480212,-50.9321896560201,12.2));
#11453=CARTESIAN_POINT('Ctrl Pts',(69.8119921309802,-51.0240677688131,11.));
#11454=CARTESIAN_POINT('Ctrl Pts',(69.8119921309802,-51.0240677688131,12.2));
#11455=CARTESIAN_POINT('Ctrl Pts',(70.1303176619861,-51.4737559211263,11.));
#11456=CARTESIAN_POINT('Ctrl Pts',(70.1303176619861,-51.4737559211263,12.2));
#11457=CARTESIAN_POINT('Ctrl Pts',(68.8981021773669,-51.3299599502096,11.));
#11458=CARTESIAN_POINT('Ctrl Pts',(69.3891458480212,-50.9321896560201,11.));
#11459=CARTESIAN_POINT('Ctrl Pts',(69.8119921309802,-51.0240677688131,11.));
#11460=CARTESIAN_POINT('Ctrl Pts',(70.1303176619861,-51.4737559211263,11.));
#11461=CARTESIAN_POINT('Ctrl Pts',(68.8981021773669,-51.3299599502096,12.));
#11462=CARTESIAN_POINT('Ctrl Pts',(69.3891458480212,-50.9321896560201,12.));
#11463=CARTESIAN_POINT('Ctrl Pts',(69.8119921309802,-51.0240677688131,12.));
#11464=CARTESIAN_POINT('Ctrl Pts',(70.1303176619861,-51.4737559211263,12.));
#11465=CARTESIAN_POINT('Ctrl Pts',(76.705809712157,-52.5436038939962,11.));
#11466=CARTESIAN_POINT('Ctrl Pts',(76.705809712157,-52.5436038939962,12.2));
#11467=CARTESIAN_POINT('Ctrl Pts',(76.4485075881335,-52.6160573203573,11.));
#11468=CARTESIAN_POINT('Ctrl Pts',(76.4485075881335,-52.6160573203573,12.2));
#11469=CARTESIAN_POINT('Ctrl Pts',(76.1751405532214,-52.615168324233,11.));
#11470=CARTESIAN_POINT('Ctrl Pts',(76.1751405532214,-52.615168324233,12.2));
#11471=CARTESIAN_POINT('Ctrl Pts',(76.1630114486072,-52.5256335761556,11.));
#11472=CARTESIAN_POINT('Ctrl Pts',(76.1630114486072,-52.5256335761556,12.2));
#11473=CARTESIAN_POINT('',(76.705809712157,-52.5436038939962,11.));
#11474=CARTESIAN_POINT('',(76.1630114486072,-52.5256335761556,11.));
#11475=CARTESIAN_POINT('Ctrl Pts',(76.705809712157,-52.5436038939962,11.));
#11476=CARTESIAN_POINT('Ctrl Pts',(76.4485075881335,-52.6160573203573,11.));
#11477=CARTESIAN_POINT('Ctrl Pts',(76.1751405532214,-52.615168324233,11.));
#11478=CARTESIAN_POINT('Ctrl Pts',(76.1630114486072,-52.5256335761556,11.));
#11479=CARTESIAN_POINT('',(76.1630114486072,-52.5256335761556,12.));
#11480=CARTESIAN_POINT('',(76.1630114486072,-52.5256335761556,11.));
#11481=CARTESIAN_POINT('',(76.705809712157,-52.5436038939962,12.));
#11482=CARTESIAN_POINT('Ctrl Pts',(76.705809712157,-52.5436038939962,12.));
#11483=CARTESIAN_POINT('Ctrl Pts',(76.4485075881335,-52.6160573203573,12.));
#11484=CARTESIAN_POINT('Ctrl Pts',(76.1751405532214,-52.615168324233,12.));
#11485=CARTESIAN_POINT('Ctrl Pts',(76.1630114486072,-52.5256335761556,12.));
#11486=CARTESIAN_POINT('',(76.705809712157,-52.5436038939962,11.));
#11487=CARTESIAN_POINT('Ctrl Pts',(77.8168058516833,-51.4432568137655,11.));
#11488=CARTESIAN_POINT('Ctrl Pts',(77.8168058516833,-51.4432568137655,12.2));
#11489=CARTESIAN_POINT('Ctrl Pts',(77.8803058516833,-51.8792539412985,11.));
#11490=CARTESIAN_POINT('Ctrl Pts',(77.8803058516833,-51.8792539412985,12.2));
#11491=CARTESIAN_POINT('Ctrl Pts',(77.4695886733386,-52.2896038939962,11.));
#11492=CARTESIAN_POINT('Ctrl Pts',(77.4695886733386,-52.2896038939962,12.2));
#11493=CARTESIAN_POINT('Ctrl Pts',(76.705809712157,-52.5436038939962,11.));
#11494=CARTESIAN_POINT('Ctrl Pts',(76.705809712157,-52.5436038939962,12.2));
#11495=CARTESIAN_POINT('',(77.8168058516833,-51.4432568137655,11.));
#11496=CARTESIAN_POINT('Ctrl Pts',(77.8168058516833,-51.4432568137655,11.));
#11497=CARTESIAN_POINT('Ctrl Pts',(77.8803058516833,-51.8792539412985,11.));
#11498=CARTESIAN_POINT('Ctrl Pts',(77.4695886733386,-52.2896038939962,11.));
#11499=CARTESIAN_POINT('Ctrl Pts',(76.705809712157,-52.5436038939962,11.));
#11500=CARTESIAN_POINT('',(77.8168058516833,-51.4432568137655,12.));
#11501=CARTESIAN_POINT('Ctrl Pts',(77.8168058516833,-51.4432568137655,12.));
#11502=CARTESIAN_POINT('Ctrl Pts',(77.8803058516833,-51.8792539412985,12.));
#11503=CARTESIAN_POINT('Ctrl Pts',(77.4695886733386,-52.2896038939962,12.));
#11504=CARTESIAN_POINT('Ctrl Pts',(76.705809712157,-52.5436038939962,12.));
#11505=CARTESIAN_POINT('',(77.8168058516833,-51.4432568137655,11.));
#11506=CARTESIAN_POINT('Ctrl Pts',(77.1751376540515,-50.6404962203512,11.));
#11507=CARTESIAN_POINT('Ctrl Pts',(77.1751376540515,-50.6404962203512,12.2));
#11508=CARTESIAN_POINT('Ctrl Pts',(77.508894413695,-50.6741385467062,11.));
#11509=CARTESIAN_POINT('Ctrl Pts',(77.508894413695,-50.6741385467062,12.2));
#11510=CARTESIAN_POINT('Ctrl Pts',(77.7533058516833,-51.0072659842977,11.));
#11511=CARTESIAN_POINT('Ctrl Pts',(77.7533058516833,-51.0072659842977,12.2));
#11512=CARTESIAN_POINT('Ctrl Pts',(77.8168058516833,-51.4432568137655,11.));
#11513=CARTESIAN_POINT('Ctrl Pts',(77.8168058516833,-51.4432568137655,12.2));
#11514=CARTESIAN_POINT('',(77.1751376540515,-50.6404962203512,11.));
#11515=CARTESIAN_POINT('Ctrl Pts',(77.1751376540515,-50.6404962203512,11.));
#11516=CARTESIAN_POINT('Ctrl Pts',(77.508894413695,-50.6741385467062,11.));
#11517=CARTESIAN_POINT('Ctrl Pts',(77.7533058516833,-51.0072659842977,11.));
#11518=CARTESIAN_POINT('Ctrl Pts',(77.8168058516833,-51.4432568137655,11.));
#11519=CARTESIAN_POINT('',(77.1751376540515,-50.6404962203512,12.));
#11520=CARTESIAN_POINT('Ctrl Pts',(77.1751376540515,-50.6404962203512,12.));
#11521=CARTESIAN_POINT('Ctrl Pts',(77.508894413695,-50.6741385467062,12.));
#11522=CARTESIAN_POINT('Ctrl Pts',(77.7533058516833,-51.0072659842977,12.));
#11523=CARTESIAN_POINT('Ctrl Pts',(77.8168058516833,-51.4432568137655,12.));
#11524=CARTESIAN_POINT('',(77.1751376540515,-50.6404962203512,11.));
#11525=CARTESIAN_POINT('Ctrl Pts',(77.3357286269519,-50.1974438064108,11.));
#11526=CARTESIAN_POINT('Ctrl Pts',(77.3357286269519,-50.1974438064108,12.2));
#11527=CARTESIAN_POINT('Ctrl Pts',(77.2755947005603,-50.4414235847006,11.));
#11528=CARTESIAN_POINT('Ctrl Pts',(77.2755947005603,-50.4414235847006,12.2));
#11529=CARTESIAN_POINT('Ctrl Pts',(77.1751376540515,-50.6404962203512,11.));
#11530=CARTESIAN_POINT('Ctrl Pts',(77.1751376540515,-50.6404962203512,12.2));
#11531=CARTESIAN_POINT('',(77.3357286269519,-50.1974438064108,11.));
#11532=CARTESIAN_POINT('Ctrl Pts',(77.3357286269519,-50.1974438064108,11.));
#11533=CARTESIAN_POINT('Ctrl Pts',(77.2755947005603,-50.4414235847006,11.));
#11534=CARTESIAN_POINT('Ctrl Pts',(77.1751376540515,-50.6404962203512,11.));
#11535=CARTESIAN_POINT('',(77.3357286269519,-50.1974438064108,12.));
#11536=CARTESIAN_POINT('Ctrl Pts',(77.3357286269519,-50.1974438064108,12.));
#11537=CARTESIAN_POINT('Ctrl Pts',(77.2755947005603,-50.4414235847006,12.));
#11538=CARTESIAN_POINT('Ctrl Pts',(77.1751376540515,-50.6404962203512,12.));
#11539=CARTESIAN_POINT('',(77.3357286269519,-50.1974438064108,11.));
#11540=CARTESIAN_POINT('Ctrl Pts',(77.0699173323962,-49.4722739226827,11.));
#11541=CARTESIAN_POINT('Ctrl Pts',(77.0699173323962,-49.4722739226827,12.2));
#11542=CARTESIAN_POINT('Ctrl Pts',(77.2629578749988,-49.5908793284902,11.));
#11543=CARTESIAN_POINT('Ctrl Pts',(77.2629578749988,-49.5908793284902,12.2));
#11544=CARTESIAN_POINT('Ctrl Pts',(77.3877990920398,-49.9168184936056,11.));
#11545=CARTESIAN_POINT('Ctrl Pts',(77.3877990920398,-49.9168184936056,12.2));
#11546=CARTESIAN_POINT('Ctrl Pts',(77.3357286269519,-50.1974438064108,11.));
#11547=CARTESIAN_POINT('Ctrl Pts',(77.3357286269519,-50.1974438064108,12.2));
#11548=CARTESIAN_POINT('',(77.0699173323962,-49.4722739226827,11.));
#11549=CARTESIAN_POINT('Ctrl Pts',(77.0699173323962,-49.4722739226827,11.));
#11550=CARTESIAN_POINT('Ctrl Pts',(77.2629578749988,-49.5908793284902,11.));
#11551=CARTESIAN_POINT('Ctrl Pts',(77.3877990920398,-49.9168184936056,11.));
#11552=CARTESIAN_POINT('Ctrl Pts',(77.3357286269519,-50.1974438064108,11.));
#11553=CARTESIAN_POINT('',(77.0699173323962,-49.4722739226827,12.));
#11554=CARTESIAN_POINT('Ctrl Pts',(77.0699173323962,-49.4722739226827,12.));
#11555=CARTESIAN_POINT('Ctrl Pts',(77.2629578749988,-49.5908793284902,12.));
#11556=CARTESIAN_POINT('Ctrl Pts',(77.3877990920398,-49.9168184936056,12.));
#11557=CARTESIAN_POINT('Ctrl Pts',(77.3357286269519,-50.1974438064108,12.));
#11558=CARTESIAN_POINT('',(77.0699173323962,-49.4722739226827,11.));
#11559=CARTESIAN_POINT('Ctrl Pts',(75.755340595946,-49.8100178420553,11.));
#11560=CARTESIAN_POINT('Ctrl Pts',(75.755340595946,-49.8100178420553,12.2));
#11561=CARTESIAN_POINT('Ctrl Pts',(76.3180136153552,-49.4698801734457,11.));
#11562=CARTESIAN_POINT('Ctrl Pts',(76.3180136153552,-49.4698801734457,12.2));
#11563=CARTESIAN_POINT('Ctrl Pts',(76.7401622664783,-49.353186230422,11.));
#11564=CARTESIAN_POINT('Ctrl Pts',(76.7401622664783,-49.353186230422,12.2));
#11565=CARTESIAN_POINT('Ctrl Pts',(77.0699173323962,-49.4722739226827,11.));
#11566=CARTESIAN_POINT('Ctrl Pts',(77.0699173323962,-49.4722739226827,12.2));
#11567=CARTESIAN_POINT('',(75.755340595946,-49.8100178420553,11.));
#11568=CARTESIAN_POINT('Ctrl Pts',(75.755340595946,-49.8100178420553,11.));
#11569=CARTESIAN_POINT('Ctrl Pts',(76.3180136153552,-49.4698801734457,11.));
#11570=CARTESIAN_POINT('Ctrl Pts',(76.7401622664783,-49.353186230422,11.));
#11571=CARTESIAN_POINT('Ctrl Pts',(77.0699173323962,-49.4722739226827,11.));
#11572=CARTESIAN_POINT('',(75.755340595946,-49.8100178420553,12.));
#11573=CARTESIAN_POINT('Ctrl Pts',(75.755340595946,-49.8100178420553,12.));
#11574=CARTESIAN_POINT('Ctrl Pts',(76.3180136153552,-49.4698801734457,12.));
#11575=CARTESIAN_POINT('Ctrl Pts',(76.7401622664783,-49.353186230422,12.));
#11576=CARTESIAN_POINT('Ctrl Pts',(77.0699173323962,-49.4722739226827,12.));
#11577=CARTESIAN_POINT('',(75.755340595946,-49.8100178420553,11.));
#11578=CARTESIAN_POINT('Ctrl Pts',(75.5063577315661,-50.2650079963217,11.));
#11579=CARTESIAN_POINT('Ctrl Pts',(75.5063577315661,-50.2650079963217,12.2));
#11580=CARTESIAN_POINT('Ctrl Pts',(75.4861012160632,-50.1387574660787,11.));
#11581=CARTESIAN_POINT('Ctrl Pts',(75.4861012160632,-50.1387574660787,12.2));
#11582=CARTESIAN_POINT('Ctrl Pts',(75.417711979613,-50.0002194106588,11.));
#11583=CARTESIAN_POINT('Ctrl Pts',(75.417711979613,-50.0002194106588,12.2));
#11584=CARTESIAN_POINT('Ctrl Pts',(75.755340595946,-49.8100178420553,11.));
#11585=CARTESIAN_POINT('Ctrl Pts',(75.755340595946,-49.8100178420553,12.2));
#11586=CARTESIAN_POINT('',(75.5063577315661,-50.2650079963217,11.));
#11587=CARTESIAN_POINT('Ctrl Pts',(75.5063577315661,-50.2650079963217,11.));
#11588=CARTESIAN_POINT('Ctrl Pts',(75.4861012160632,-50.1387574660787,11.));
#11589=CARTESIAN_POINT('Ctrl Pts',(75.417711979613,-50.0002194106588,11.));
#11590=CARTESIAN_POINT('Ctrl Pts',(75.755340595946,-49.8100178420553,11.));
#11591=CARTESIAN_POINT('',(75.5063577315661,-50.2650079963217,12.));
#11592=CARTESIAN_POINT('Ctrl Pts',(75.5063577315661,-50.2650079963217,12.));
#11593=CARTESIAN_POINT('Ctrl Pts',(75.4861012160632,-50.1387574660787,12.));
#11594=CARTESIAN_POINT('Ctrl Pts',(75.417711979613,-50.0002194106588,12.));
#11595=CARTESIAN_POINT('Ctrl Pts',(75.755340595946,-49.8100178420553,12.));
#11596=CARTESIAN_POINT('',(75.5063577315661,-50.2650079963217,11.));
#11597=CARTESIAN_POINT('Ctrl Pts',(76.1630114486072,-52.5256335761556,11.));
#11598=CARTESIAN_POINT('Ctrl Pts',(76.1630114486072,-52.5256335761556,12.2));
#11599=CARTESIAN_POINT('Ctrl Pts',(76.1548200881335,-52.3505638358602,11.));
#11600=CARTESIAN_POINT('Ctrl Pts',(76.1548200881335,-52.3505638358602,12.2));
#11601=CARTESIAN_POINT('Ctrl Pts',(75.5063577315661,-50.2650079963217,11.));
#11602=CARTESIAN_POINT('Ctrl Pts',(75.5063577315661,-50.2650079963217,12.2));
#11603=CARTESIAN_POINT('Ctrl Pts',(76.1630114486072,-52.5256335761556,11.));
#11604=CARTESIAN_POINT('Ctrl Pts',(76.1548200881335,-52.3505638358602,11.));
#11605=CARTESIAN_POINT('Ctrl Pts',(75.5063577315661,-50.2650079963217,11.));
#11606=CARTESIAN_POINT('Ctrl Pts',(76.1630114486072,-52.5256335761556,12.));
#11607=CARTESIAN_POINT('Ctrl Pts',(76.1548200881335,-52.3505638358602,12.));
#11608=CARTESIAN_POINT('Ctrl Pts',(75.5063577315661,-50.2650079963217,12.));
#11609=CARTESIAN_POINT('Ctrl Pts',(64.3379134719226,-47.9417079474935,11.));
#11610=CARTESIAN_POINT('Ctrl Pts',(64.3379134719226,-47.9417079474935,12.2));
#11611=CARTESIAN_POINT('Ctrl Pts',(57.4794445416007,-44.6531313355095,11.));
#11612=CARTESIAN_POINT('Ctrl Pts',(57.4794445416007,-44.6531313355095,12.2));
#11613=CARTESIAN_POINT('Ctrl Pts',(54.0487402176934,-45.7849874144325,11.));
#11614=CARTESIAN_POINT('Ctrl Pts',(54.0487402176934,-45.7849874144325,12.2));
#11615=CARTESIAN_POINT('Ctrl Pts',(53.0978841049409,-46.2520100545011,11.));
#11616=CARTESIAN_POINT('Ctrl Pts',(53.0978841049409,-46.2520100545011,12.2));
#11617=CARTESIAN_POINT('',(53.0978841049409,-46.2520100545011,11.));
#11618=CARTESIAN_POINT('',(64.3379134719226,-47.9417079474935,11.));
#11619=CARTESIAN_POINT('Ctrl Pts',(53.0978841049409,-46.2520100545011,11.));
#11620=CARTESIAN_POINT('Ctrl Pts',(54.0487402176934,-45.7849874144325,11.));
#11621=CARTESIAN_POINT('Ctrl Pts',(57.4794445416007,-44.6531313355095,11.));
#11622=CARTESIAN_POINT('Ctrl Pts',(64.3379134719226,-47.9417079474935,11.));
#11623=CARTESIAN_POINT('',(53.0978841049409,-46.2520100545011,12.));
#11624=CARTESIAN_POINT('',(53.0978841049409,-46.2520100545011,11.));
#11625=CARTESIAN_POINT('',(64.3379134719226,-47.9417079474935,12.));
#11626=CARTESIAN_POINT('Ctrl Pts',(64.3379134719226,-47.9417079474935,12.));
#11627=CARTESIAN_POINT('Ctrl Pts',(57.4794445416007,-44.6531313355095,12.));
#11628=CARTESIAN_POINT('Ctrl Pts',(54.0487402176934,-45.7849874144325,12.));
#11629=CARTESIAN_POINT('Ctrl Pts',(53.0978841049409,-46.2520100545011,12.));
#11630=CARTESIAN_POINT('',(64.3379134719226,-47.9417079474935,11.));
#11631=CARTESIAN_POINT('Ctrl Pts',(80.7383755843493,-46.4899201095114,11.));
#11632=CARTESIAN_POINT('Ctrl Pts',(80.7383755843493,-46.4899201095114,12.2));
#11633=CARTESIAN_POINT('Ctrl Pts',(79.3811909835193,-47.3302283141622,11.));
#11634=CARTESIAN_POINT('Ctrl Pts',(79.3811909835193,-47.3302283141622,12.2));
#11635=CARTESIAN_POINT('Ctrl Pts',(71.8282469680163,-51.5333123633871,11.));
#11636=CARTESIAN_POINT('Ctrl Pts',(71.8282469680163,-51.5333123633871,12.2));
#11637=CARTESIAN_POINT('Ctrl Pts',(64.3379134719226,-47.9417079474935,11.));
#11638=CARTESIAN_POINT('Ctrl Pts',(64.3379134719226,-47.9417079474935,12.2));
#11639=CARTESIAN_POINT('',(80.7383755843493,-46.4899201095114,11.));
#11640=CARTESIAN_POINT('Ctrl Pts',(64.3379134719226,-47.9417079474935,11.));
#11641=CARTESIAN_POINT('Ctrl Pts',(71.8282469680163,-51.5333123633871,11.));
#11642=CARTESIAN_POINT('Ctrl Pts',(79.3811909835193,-47.3302283141622,11.));
#11643=CARTESIAN_POINT('Ctrl Pts',(80.7383755843493,-46.4899201095114,11.));
#11644=CARTESIAN_POINT('',(80.7383755843493,-46.4899201095114,12.));
#11645=CARTESIAN_POINT('Ctrl Pts',(80.7383755843493,-46.4899201095114,12.));
#11646=CARTESIAN_POINT('Ctrl Pts',(79.3811909835193,-47.3302283141622,12.));
#11647=CARTESIAN_POINT('Ctrl Pts',(71.8282469680163,-51.5333123633871,12.));
#11648=CARTESIAN_POINT('Ctrl Pts',(64.3379134719226,-47.9417079474935,12.));
#11649=CARTESIAN_POINT('',(80.7383755843493,-46.4899201095114,11.));
#11650=CARTESIAN_POINT('Ctrl Pts',(80.8346410262439,-46.5807758767614,11.));
#11651=CARTESIAN_POINT('Ctrl Pts',(80.8346410262439,-46.5807758767614,12.2));
#11652=CARTESIAN_POINT('Ctrl Pts',(80.8587713363025,-46.5337287848005,11.));
#11653=CARTESIAN_POINT('Ctrl Pts',(80.8587713363025,-46.5337287848005,12.2));
#11654=CARTESIAN_POINT('Ctrl Pts',(80.7833980300281,-46.4620753338346,11.));
#11655=CARTESIAN_POINT('Ctrl Pts',(80.7833980300281,-46.4620753338346,12.2));
#11656=CARTESIAN_POINT('Ctrl Pts',(80.7383755843493,-46.4899201095114,11.));
#11657=CARTESIAN_POINT('Ctrl Pts',(80.7383755843493,-46.4899201095114,12.2));
#11658=CARTESIAN_POINT('',(80.8346410262439,-46.5807758767614,11.));
#11659=CARTESIAN_POINT('Ctrl Pts',(80.7383755843493,-46.4899201095114,11.));
#11660=CARTESIAN_POINT('Ctrl Pts',(80.7833980300281,-46.4620753338346,11.));
#11661=CARTESIAN_POINT('Ctrl Pts',(80.8587713363025,-46.5337287848005,11.));
#11662=CARTESIAN_POINT('Ctrl Pts',(80.8346410262439,-46.5807758767614,11.));
#11663=CARTESIAN_POINT('',(80.8346410262439,-46.5807758767614,12.));
#11664=CARTESIAN_POINT('Ctrl Pts',(80.8346410262439,-46.5807758767614,12.));
#11665=CARTESIAN_POINT('Ctrl Pts',(80.8587713363025,-46.5337287848005,12.));
#11666=CARTESIAN_POINT('Ctrl Pts',(80.7833980300281,-46.4620753338346,12.));
#11667=CARTESIAN_POINT('Ctrl Pts',(80.7383755843493,-46.4899201095114,12.));
#11668=CARTESIAN_POINT('',(80.8346410262439,-46.5807758767614,11.));
#11669=CARTESIAN_POINT('Origin',(79.4705343673083,-49.2360921180258,11.));
#11670=CARTESIAN_POINT('',(79.4705343673083,-49.2360921180258,11.));
#11671=CARTESIAN_POINT('',(80.8346410262439,-46.5807758767614,11.));
#11672=CARTESIAN_POINT('',(79.4705343673083,-49.2360921180258,12.));
#11673=CARTESIAN_POINT('',(80.8346410262439,-46.5807758767614,12.));
#11674=CARTESIAN_POINT('',(79.4705343673083,-49.2360921180258,11.));
#11675=CARTESIAN_POINT('Ctrl Pts',(79.5254612471911,-49.3283958346853,11.));
#11676=CARTESIAN_POINT('Ctrl Pts',(79.5254612471911,-49.3283958346853,12.2));
#11677=CARTESIAN_POINT('Ctrl Pts',(79.4784718673083,-49.3277481029043,11.));
#11678=CARTESIAN_POINT('Ctrl Pts',(79.4784718673083,-49.3277481029043,12.2));
#11679=CARTESIAN_POINT('Ctrl Pts',(79.4490085494372,-49.2779323451528,11.));
#11680=CARTESIAN_POINT('Ctrl Pts',(79.4490085494372,-49.2779323451528,12.2));
#11681=CARTESIAN_POINT('Ctrl Pts',(79.4705343673083,-49.2360921180258,11.));
#11682=CARTESIAN_POINT('Ctrl Pts',(79.4705343673083,-49.2360921180258,12.2));
#11683=CARTESIAN_POINT('',(79.5254612471911,-49.3283958346853,11.));
#11684=CARTESIAN_POINT('Ctrl Pts',(79.4705343673083,-49.2360921180258,11.));
#11685=CARTESIAN_POINT('Ctrl Pts',(79.4490085494372,-49.2779323451528,11.));
#11686=CARTESIAN_POINT('Ctrl Pts',(79.4784718673083,-49.3277481029043,11.));
#11687=CARTESIAN_POINT('Ctrl Pts',(79.5254612471911,-49.3283958346853,11.));
#11688=CARTESIAN_POINT('',(79.5254612471911,-49.3283958346853,12.));
#11689=CARTESIAN_POINT('Ctrl Pts',(79.5254612471911,-49.3283958346853,12.));
#11690=CARTESIAN_POINT('Ctrl Pts',(79.4784718673083,-49.3277481029043,12.));
#11691=CARTESIAN_POINT('Ctrl Pts',(79.4490085494372,-49.2779323451528,12.));
#11692=CARTESIAN_POINT('Ctrl Pts',(79.4705343673083,-49.2360921180258,12.));
#11693=CARTESIAN_POINT('',(79.5254612471911,-49.3283958346853,11.));
#11694=CARTESIAN_POINT('Ctrl Pts',(82.5025314681384,-49.3291450622091,11.));
#11695=CARTESIAN_POINT('Ctrl Pts',(82.5025314681384,-49.3291450622091,12.2));
#11696=CARTESIAN_POINT('Ctrl Pts',(81.1172788131091,-49.3475346858511,11.));
#11697=CARTESIAN_POINT('Ctrl Pts',(81.1172788131091,-49.3475346858511,12.2));
#11698=CARTESIAN_POINT('Ctrl Pts',(79.8802361037585,-49.3333233439932,11.));
#11699=CARTESIAN_POINT('Ctrl Pts',(79.8802361037585,-49.3333233439932,12.2));
#11700=CARTESIAN_POINT('Ctrl Pts',(79.5254612471911,-49.3283958346853,11.));
#11701=CARTESIAN_POINT('Ctrl Pts',(79.5254612471911,-49.3283958346853,12.2));
#11702=CARTESIAN_POINT('',(82.5025314681384,-49.3291450622091,11.));
#11703=CARTESIAN_POINT('Ctrl Pts',(79.5254612471911,-49.3283958346853,11.));
#11704=CARTESIAN_POINT('Ctrl Pts',(79.8802361037585,-49.3333233439932,11.));
#11705=CARTESIAN_POINT('Ctrl Pts',(81.1172788131091,-49.3475346858511,11.));
#11706=CARTESIAN_POINT('Ctrl Pts',(82.5025314681384,-49.3291450622091,11.));
#11707=CARTESIAN_POINT('',(82.5025314681384,-49.3291450622091,12.));
#11708=CARTESIAN_POINT('Ctrl Pts',(82.5025314681384,-49.3291450622091,12.));
#11709=CARTESIAN_POINT('Ctrl Pts',(81.1172788131091,-49.3475346858511,12.));
#11710=CARTESIAN_POINT('Ctrl Pts',(79.8802361037585,-49.3333233439932,12.));
#11711=CARTESIAN_POINT('Ctrl Pts',(79.5254612471911,-49.3283958346853,12.));
#11712=CARTESIAN_POINT('',(82.5025314681384,-49.3291450622091,11.));
#11713=CARTESIAN_POINT('Ctrl Pts',(82.5508540999743,-49.4332152602682,11.));
#11714=CARTESIAN_POINT('Ctrl Pts',(82.5508540999743,-49.4332152602682,12.2));
#11715=CARTESIAN_POINT('Ctrl Pts',(82.5926383712146,-49.3937753226766,11.));
#11716=CARTESIAN_POINT('Ctrl Pts',(82.5926383712146,-49.3937753226766,12.2));
#11717=CARTESIAN_POINT('Ctrl Pts',(82.56000082849,-49.3283829963217,11.));
#11718=CARTESIAN_POINT('Ctrl Pts',(82.56000082849,-49.3283829963217,12.2));
#11719=CARTESIAN_POINT('Ctrl Pts',(82.5025314681384,-49.3291450622091,11.));
#11720=CARTESIAN_POINT('Ctrl Pts',(82.5025314681384,-49.3291450622091,12.2));
#11721=CARTESIAN_POINT('',(82.5508540999743,-49.4332152602682,11.));
#11722=CARTESIAN_POINT('Ctrl Pts',(82.5025314681384,-49.3291450622091,11.));
#11723=CARTESIAN_POINT('Ctrl Pts',(82.56000082849,-49.3283829963217,11.));
#11724=CARTESIAN_POINT('Ctrl Pts',(82.5926383712146,-49.3937753226766,11.));
#11725=CARTESIAN_POINT('Ctrl Pts',(82.5508540999743,-49.4332152602682,11.));
#11726=CARTESIAN_POINT('',(82.5508540999743,-49.4332152602682,12.));
#11727=CARTESIAN_POINT('Ctrl Pts',(82.5508540999743,-49.4332152602682,12.));
#11728=CARTESIAN_POINT('Ctrl Pts',(82.5926383712146,-49.3937753226766,12.));
#11729=CARTESIAN_POINT('Ctrl Pts',(82.56000082849,-49.3283829963217,12.));
#11730=CARTESIAN_POINT('Ctrl Pts',(82.5025314681384,-49.3291450622091,12.));
#11731=CARTESIAN_POINT('',(82.5508540999743,-49.4332152602682,11.));
#11732=CARTESIAN_POINT('Ctrl Pts',(69.8988589217517,-56.3292831885824,11.));
#11733=CARTESIAN_POINT('Ctrl Pts',(69.8988589217517,-56.3292831885824,12.2));
#11734=CARTESIAN_POINT('Ctrl Pts',(75.0541721541736,-56.3292831885824,11.));
#11735=CARTESIAN_POINT('Ctrl Pts',(75.0541721541736,-56.3292831885824,12.2));
#11736=CARTESIAN_POINT('Ctrl Pts',(81.6203876387927,-50.3111471374044,11.));
#11737=CARTESIAN_POINT('Ctrl Pts',(81.6203876387927,-50.3111471374044,12.2));
#11738=CARTESIAN_POINT('Ctrl Pts',(82.5508540999743,-49.4332152602682,11.));
#11739=CARTESIAN_POINT('Ctrl Pts',(82.5508540999743,-49.4332152602682,12.2));
#11740=CARTESIAN_POINT('',(69.8988589217517,-56.3292831885824,11.));
#11741=CARTESIAN_POINT('Ctrl Pts',(82.5508540999743,-49.4332152602682,11.));
#11742=CARTESIAN_POINT('Ctrl Pts',(81.6203876387927,-50.3111471374044,11.));
#11743=CARTESIAN_POINT('Ctrl Pts',(75.0541721541736,-56.3292831885824,11.));
#11744=CARTESIAN_POINT('Ctrl Pts',(69.8988589217517,-56.3292831885824,11.));
#11745=CARTESIAN_POINT('',(69.8988589217517,-56.3292831885824,12.));
#11746=CARTESIAN_POINT('Ctrl Pts',(69.8988589217517,-56.3292831885824,12.));
#11747=CARTESIAN_POINT('Ctrl Pts',(75.0541721541736,-56.3292831885824,12.));
#11748=CARTESIAN_POINT('Ctrl Pts',(81.6203876387927,-50.3111471374044,12.));
#11749=CARTESIAN_POINT('Ctrl Pts',(82.5508540999743,-49.4332152602682,12.));
#11750=CARTESIAN_POINT('',(69.8988589217517,-56.3292831885824,11.));
#11751=CARTESIAN_POINT('Ctrl Pts',(57.7703589217517,-54.0481094443807,11.));
#11752=CARTESIAN_POINT('Ctrl Pts',(57.7703589217517,-54.0481094443807,12.2));
#11753=CARTESIAN_POINT('Ctrl Pts',(61.3263589217517,-55.0303905723104,11.));
#11754=CARTESIAN_POINT('Ctrl Pts',(61.3263589217517,-55.0303905723104,12.2));
#11755=CARTESIAN_POINT('Ctrl Pts',(64.3379095961902,-56.3292831885824,11.));
#11756=CARTESIAN_POINT('Ctrl Pts',(64.3379095961902,-56.3292831885824,12.2));
#11757=CARTESIAN_POINT('Ctrl Pts',(69.8988589217517,-56.3292831885824,11.));
#11758=CARTESIAN_POINT('Ctrl Pts',(69.8988589217517,-56.3292831885824,12.2));
#11759=CARTESIAN_POINT('',(57.7703589217517,-54.0481094443807,11.));
#11760=CARTESIAN_POINT('Ctrl Pts',(69.8988589217517,-56.3292831885824,11.));
#11761=CARTESIAN_POINT('Ctrl Pts',(64.3379095961902,-56.3292831885824,11.));
#11762=CARTESIAN_POINT('Ctrl Pts',(61.3263589217517,-55.0303905723104,11.));
#11763=CARTESIAN_POINT('Ctrl Pts',(57.7703589217517,-54.0481094443807,11.));
#11764=CARTESIAN_POINT('',(57.7703589217517,-54.0481094443807,12.));
#11765=CARTESIAN_POINT('Ctrl Pts',(57.7703589217517,-54.0481094443807,12.));
#11766=CARTESIAN_POINT('Ctrl Pts',(61.3263589217517,-55.0303905723104,12.));
#11767=CARTESIAN_POINT('Ctrl Pts',(64.3379095961902,-56.3292831885824,12.));
#11768=CARTESIAN_POINT('Ctrl Pts',(69.8988589217517,-56.3292831885824,12.));
#11769=CARTESIAN_POINT('',(57.7703589217517,-54.0481094443807,11.));
#11770=CARTESIAN_POINT('Ctrl Pts',(50.6022442968592,-53.0865177214888,11.));
#11771=CARTESIAN_POINT('Ctrl Pts',(50.6022442968592,-53.0865177214888,12.2));
#11772=CARTESIAN_POINT('Ctrl Pts',(52.6696496139724,-52.7731579023204,11.));
#11773=CARTESIAN_POINT('Ctrl Pts',(52.6696496139724,-52.7731579023204,12.2));
#11774=CARTESIAN_POINT('Ctrl Pts',(54.3570274812673,-53.1052557580597,11.));
#11775=CARTESIAN_POINT('Ctrl Pts',(54.3570274812673,-53.1052557580597,12.2));
#11776=CARTESIAN_POINT('Ctrl Pts',(57.7703589217517,-54.0481094443807,11.));
#11777=CARTESIAN_POINT('Ctrl Pts',(57.7703589217517,-54.0481094443807,12.2));
#11778=CARTESIAN_POINT('',(50.6022442968592,-53.0865177214888,11.));
#11779=CARTESIAN_POINT('Ctrl Pts',(57.7703589217517,-54.0481094443807,11.));
#11780=CARTESIAN_POINT('Ctrl Pts',(54.3570274812673,-53.1052557580597,11.));
#11781=CARTESIAN_POINT('Ctrl Pts',(52.6696496139724,-52.7731579023204,11.));
#11782=CARTESIAN_POINT('Ctrl Pts',(50.6022442968592,-53.0865177214888,11.));
#11783=CARTESIAN_POINT('',(50.6022442968592,-53.0865177214888,12.));
#11784=CARTESIAN_POINT('Ctrl Pts',(50.6022442968592,-53.0865177214888,12.));
#11785=CARTESIAN_POINT('Ctrl Pts',(52.6696496139724,-52.7731579023204,12.));
#11786=CARTESIAN_POINT('Ctrl Pts',(54.3570274812673,-53.1052557580597,12.));
#11787=CARTESIAN_POINT('Ctrl Pts',(57.7703589217517,-54.0481094443807,12.));
#11788=CARTESIAN_POINT('',(50.6022442968592,-53.0865177214888,11.));
#11789=CARTESIAN_POINT('Ctrl Pts',(50.9905440718982,-51.5590617606649,11.));
#11790=CARTESIAN_POINT('Ctrl Pts',(50.9905440718982,-51.5590617606649,12.2));
#11791=CARTESIAN_POINT('Ctrl Pts',(50.8312687850492,-52.0680734638444,11.));
#11792=CARTESIAN_POINT('Ctrl Pts',(50.8312687850492,-52.0680734638444,12.2));
#11793=CARTESIAN_POINT('Ctrl Pts',(50.703963799118,-52.5835904511595,11.));
#11794=CARTESIAN_POINT('Ctrl Pts',(50.703963799118,-52.5835904511595,12.2));
#11795=CARTESIAN_POINT('Ctrl Pts',(50.6022442968592,-53.0865177214888,11.));
#11796=CARTESIAN_POINT('Ctrl Pts',(50.6022442968592,-53.0865177214888,12.2));
#11797=CARTESIAN_POINT('',(50.9905440718982,-51.5590617606649,11.));
#11798=CARTESIAN_POINT('Origin',(57.826329921851,-63.1357938562881,11.));
#11799=CARTESIAN_POINT('',(50.9905440718982,-51.5590617606649,12.));
#11800=CARTESIAN_POINT('Origin',(57.826329921851,-63.1357938562881,12.));
#11801=CARTESIAN_POINT('',(50.9905440718982,-51.5590617606649,11.));
#11802=CARTESIAN_POINT('Ctrl Pts',(53.0718518664691,-46.3157079961309,11.));
#11803=CARTESIAN_POINT('Ctrl Pts',(53.0718518664691,-46.3157079961309,12.2));
#11804=CARTESIAN_POINT('Ctrl Pts',(53.0249952304217,-46.4092371709356,11.));
#11805=CARTESIAN_POINT('Ctrl Pts',(53.0249952304217,-46.4092371709356,12.2));
#11806=CARTESIAN_POINT('Ctrl Pts',(51.8447269141528,-48.8292981498251,11.));
#11807=CARTESIAN_POINT('Ctrl Pts',(51.8447269141528,-48.8292981498251,12.2));
#11808=CARTESIAN_POINT('Ctrl Pts',(50.9905440718982,-51.5590617606649,11.));
#11809=CARTESIAN_POINT('Ctrl Pts',(50.9905440718982,-51.5590617606649,12.2));
#11810=CARTESIAN_POINT('',(53.0718518664691,-46.3157079961309,11.));
#11811=CARTESIAN_POINT('Ctrl Pts',(53.0718518664691,-46.3157079961309,11.));
#11812=CARTESIAN_POINT('Ctrl Pts',(53.0249952304217,-46.4092371709356,11.));
#11813=CARTESIAN_POINT('Ctrl Pts',(51.8447269141528,-48.8292981498251,11.));
#11814=CARTESIAN_POINT('Ctrl Pts',(50.9905440718982,-51.5590617606649,11.));
#11815=CARTESIAN_POINT('',(53.0718518664691,-46.3157079961309,12.));
#11816=CARTESIAN_POINT('Ctrl Pts',(53.0718518664691,-46.3157079961309,12.));
#11817=CARTESIAN_POINT('Ctrl Pts',(53.0249952304217,-46.4092371709356,12.));
#11818=CARTESIAN_POINT('Ctrl Pts',(51.8447269141528,-48.8292981498251,12.));
#11819=CARTESIAN_POINT('Ctrl Pts',(50.9905440718982,-51.5590617606649,12.));
#11820=CARTESIAN_POINT('',(53.0718518664691,-46.3157079961309,11.));
#11821=CARTESIAN_POINT('Ctrl Pts',(53.0978841049409,-46.2520100545011,11.));
#11822=CARTESIAN_POINT('Ctrl Pts',(53.0978841049409,-46.2520100545011,12.2));
#11823=CARTESIAN_POINT('Ctrl Pts',(53.0907658270144,-46.2743476866828,11.));
#11824=CARTESIAN_POINT('Ctrl Pts',(53.0907658270144,-46.2743476866828,12.2));
#11825=CARTESIAN_POINT('Ctrl Pts',(53.081663265045,-46.2961244068365,11.));
#11826=CARTESIAN_POINT('Ctrl Pts',(53.081663265045,-46.2961244068365,12.2));
#11827=CARTESIAN_POINT('Ctrl Pts',(53.0718518664691,-46.3157079961309,11.));
#11828=CARTESIAN_POINT('Ctrl Pts',(53.0718518664691,-46.3157079961309,12.2));
#11829=CARTESIAN_POINT('Origin',(53.0325785815851,-46.2766652457783,11.));
#11830=CARTESIAN_POINT('Origin',(53.0325785815851,-46.2766652457783,12.));
#11831=CARTESIAN_POINT('Origin',(66.5974413340369,-50.491207262046,12.));
#11832=CARTESIAN_POINT('Origin',(66.5974413340369,-50.491207262046,11.));
#11833=CARTESIAN_POINT('Origin',(51.1869701699538,-51.705768315793,11.));
#11834=CARTESIAN_POINT('',(50.6022442968592,-53.0865177214888,11.));
#11835=CARTESIAN_POINT('',(50.4410810019824,-53.1121195800314,11.));
#11836=CARTESIAN_POINT('Ctrl Pts',(50.6022442968592,-53.0865177214888,11.));
#11837=CARTESIAN_POINT('Ctrl Pts',(50.5487893944457,-53.0946199636642,11.));
#11838=CARTESIAN_POINT('Ctrl Pts',(50.495080430571,-53.1031537165637,11.));
#11839=CARTESIAN_POINT('Ctrl Pts',(50.4410810019824,-53.1121195800314,11.));
#11840=CARTESIAN_POINT('',(50.2016771919581,-57.3644603126058,11.));
#11841=CARTESIAN_POINT('Ctrl Pts',(50.6022442968592,-53.0865177214888,11.));
#11842=CARTESIAN_POINT('Ctrl Pts',(50.1584528112241,-55.2807364849459,11.));
#11843=CARTESIAN_POINT('Ctrl Pts',(50.2016771919581,-57.2353118629723,11.));
#11844=CARTESIAN_POINT('Ctrl Pts',(50.2016771919581,-57.3644603126058,11.));
#11845=CARTESIAN_POINT('',(49.2619875171038,-57.3644603126058,11.));
#11846=CARTESIAN_POINT('',(50.2016771919581,-57.3644603126058,11.));
#11847=CARTESIAN_POINT('',(50.3676218230578,-51.5590617606649,11.));
#11848=CARTESIAN_POINT('Ctrl Pts',(49.2619875171038,-57.3644603126058,11.));
#11849=CARTESIAN_POINT('Ctrl Pts',(49.2491795064214,-57.0787103126058,11.));
#11850=CARTESIAN_POINT('Ctrl Pts',(49.4272032834145,-54.3323992621908,11.));
#11851=CARTESIAN_POINT('Ctrl Pts',(50.3676218230578,-51.5590617606649,11.));
#11852=CARTESIAN_POINT('',(52.8347682273242,-46.1228057687292,11.));
#11853=CARTESIAN_POINT('Ctrl Pts',(50.3676218230578,-51.5590617606649,11.));
#11854=CARTESIAN_POINT('Ctrl Pts',(51.3080440718982,-48.7856993091116,11.));
#11855=CARTESIAN_POINT('Ctrl Pts',(52.7101367843005,-46.2191948707113,11.));
#11856=CARTESIAN_POINT('Ctrl Pts',(52.8347682273242,-46.1228057687292,11.));
#11857=CARTESIAN_POINT('',(53.0249952304217,-46.0628560607443,11.));
#11858=CARTESIAN_POINT('Ctrl Pts',(52.8347682273242,-46.1228057687292,11.));
#11859=CARTESIAN_POINT('Ctrl Pts',(52.9005922133776,-46.0470763189802,11.));
#11860=CARTESIAN_POINT('Ctrl Pts',(53.0249952304217,-46.0628560607443,11.));
#11861=CARTESIAN_POINT('',(53.0978841049409,-46.2520100545011,11.));
#11862=CARTESIAN_POINT('Ctrl Pts',(53.0249952304217,-46.0628560607443,11.));
#11863=CARTESIAN_POINT('Ctrl Pts',(53.1233492672737,-46.0753316528951,11.));
#11864=CARTESIAN_POINT('Ctrl Pts',(53.1247608334863,-46.1676690828932,11.));
#11865=CARTESIAN_POINT('Ctrl Pts',(53.0978841049409,-46.2520100545011,11.));
#11866=CARTESIAN_POINT('',(52.8302089125964,-46.4028172624121,11.));
#11867=CARTESIAN_POINT('Ctrl Pts',(52.8302089125964,-46.4028172624121,11.));
#11868=CARTESIAN_POINT('Ctrl Pts',(52.8613321139546,-46.3816928091271,11.));
#11869=CARTESIAN_POINT('Ctrl Pts',(52.9493528127253,-46.324962707687,11.));
#11870=CARTESIAN_POINT('Ctrl Pts',(53.0978841049409,-46.2520100545011,11.));
#11871=CARTESIAN_POINT('',(52.810511229262,-46.4274552328596,11.));
#11872=CARTESIAN_POINT('Ctrl Pts',(52.810511229262,-46.4274552328596,11.));
#11873=CARTESIAN_POINT('Ctrl Pts',(52.8150007808062,-46.4171809084425,11.));
#11874=CARTESIAN_POINT('Ctrl Pts',(52.8209253222796,-46.4091164176473,11.));
#11875=CARTESIAN_POINT('Ctrl Pts',(52.8302089125964,-46.4028172624121,11.));
#11876=CARTESIAN_POINT('',(51.1981089217517,-50.1190406463156,11.));
#11877=CARTESIAN_POINT('',(51.1981089217517,-50.1190406463156,11.));
#11878=CARTESIAN_POINT('',(50.3685894238803,-53.0318555839071,11.));
#11879=CARTESIAN_POINT('',(50.3685894238803,-53.0318555839071,11.));
#11880=CARTESIAN_POINT('Ctrl Pts',(50.4410810019824,-53.1121195800314,11.));
#11881=CARTESIAN_POINT('Ctrl Pts',(50.394872097716,-53.1198032195578,11.));
#11882=CARTESIAN_POINT('Ctrl Pts',(50.3557624451968,-53.0768770606527,11.));
#11883=CARTESIAN_POINT('Ctrl Pts',(50.3685894238803,-53.0318555839071,11.));
#11884=CARTESIAN_POINT('Origin',(51.1869701699538,-51.705768315793,12.));
#11885=CARTESIAN_POINT('',(50.6022442968592,-53.0865177214888,12.));
#11886=CARTESIAN_POINT('',(50.4410810019824,-53.1121195800314,12.));
#11887=CARTESIAN_POINT('Ctrl Pts',(50.6022442968592,-53.0865177214888,12.));
#11888=CARTESIAN_POINT('Ctrl Pts',(50.5487893944457,-53.0946199636642,12.));
#11889=CARTESIAN_POINT('Ctrl Pts',(50.495080430571,-53.1031537165637,12.));
#11890=CARTESIAN_POINT('Ctrl Pts',(50.4410810019824,-53.1121195800314,12.));
#11891=CARTESIAN_POINT('',(50.3685894238803,-53.0318555839071,12.));
#11892=CARTESIAN_POINT('Ctrl Pts',(50.4410810019824,-53.1121195800314,12.));
#11893=CARTESIAN_POINT('Ctrl Pts',(50.394872097716,-53.1198032195578,12.));
#11894=CARTESIAN_POINT('Ctrl Pts',(50.3557624451968,-53.0768770606527,12.));
#11895=CARTESIAN_POINT('Ctrl Pts',(50.3685894238803,-53.0318555839071,12.));
#11896=CARTESIAN_POINT('',(51.1981089217517,-50.1190406463156,12.));
#11897=CARTESIAN_POINT('',(50.3685894238803,-53.0318555839071,12.));
#11898=CARTESIAN_POINT('',(52.810511229262,-46.4274552328596,12.));
#11899=CARTESIAN_POINT('',(51.1981089217517,-50.1190406463156,12.));
#11900=CARTESIAN_POINT('',(52.8302089125964,-46.4028172624121,12.));
#11901=CARTESIAN_POINT('Ctrl Pts',(52.810511229262,-46.4274552328596,12.));
#11902=CARTESIAN_POINT('Ctrl Pts',(52.8150007808062,-46.4171809084425,12.));
#11903=CARTESIAN_POINT('Ctrl Pts',(52.8209253222796,-46.4091164176473,12.));
#11904=CARTESIAN_POINT('Ctrl Pts',(52.8302089125964,-46.4028172624121,12.));
#11905=CARTESIAN_POINT('',(53.0978841049409,-46.2520100545011,12.));
#11906=CARTESIAN_POINT('Ctrl Pts',(52.8302089125964,-46.4028172624121,12.));
#11907=CARTESIAN_POINT('Ctrl Pts',(52.8613321139547,-46.3816928091271,12.));
#11908=CARTESIAN_POINT('Ctrl Pts',(52.9493528127254,-46.324962707687,12.));
#11909=CARTESIAN_POINT('Ctrl Pts',(53.0978841049409,-46.2520100545011,12.));
#11910=CARTESIAN_POINT('',(53.0249952304217,-46.0628560607443,12.));
#11911=CARTESIAN_POINT('Ctrl Pts',(53.0978841049409,-46.2520100545011,12.));
#11912=CARTESIAN_POINT('Ctrl Pts',(53.1247608334863,-46.1676690828932,12.));
#11913=CARTESIAN_POINT('Ctrl Pts',(53.1233492672737,-46.0753316528951,12.));
#11914=CARTESIAN_POINT('Ctrl Pts',(53.0249952304217,-46.0628560607443,12.));
#11915=CARTESIAN_POINT('',(52.8347682273242,-46.1228057687292,12.));
#11916=CARTESIAN_POINT('Ctrl Pts',(53.0249952304217,-46.0628560607443,12.));
#11917=CARTESIAN_POINT('Ctrl Pts',(52.9005922133776,-46.0470763189802,12.));
#11918=CARTESIAN_POINT('Ctrl Pts',(52.8347682273242,-46.1228057687292,12.));
#11919=CARTESIAN_POINT('',(50.3676218230578,-51.5590617606649,12.));
#11920=CARTESIAN_POINT('Ctrl Pts',(52.8347682273242,-46.1228057687292,12.));
#11921=CARTESIAN_POINT('Ctrl Pts',(52.7101367843005,-46.2191948707113,12.));
#11922=CARTESIAN_POINT('Ctrl Pts',(51.3080440718982,-48.7856993091116,12.));
#11923=CARTESIAN_POINT('Ctrl Pts',(50.3676218230578,-51.5590617606649,12.));
#11924=CARTESIAN_POINT('',(49.2619875171038,-57.3644603126058,12.));
#11925=CARTESIAN_POINT('Ctrl Pts',(50.3676218230578,-51.5590617606649,12.));
#11926=CARTESIAN_POINT('Ctrl Pts',(49.4272032834145,-54.3323992621908,12.));
#11927=CARTESIAN_POINT('Ctrl Pts',(49.2491795064214,-57.0787103126058,12.));
#11928=CARTESIAN_POINT('Ctrl Pts',(49.2619875171038,-57.3644603126058,12.));
#11929=CARTESIAN_POINT('',(50.2016771919581,-57.3644603126058,12.));
#11930=CARTESIAN_POINT('',(50.2016771919581,-57.3644603126058,12.));
#11931=CARTESIAN_POINT('Ctrl Pts',(50.2016771919581,-57.3644603126058,12.));
#11932=CARTESIAN_POINT('Ctrl Pts',(50.2016771919581,-57.2353118629723,12.));
#11933=CARTESIAN_POINT('Ctrl Pts',(50.1584528112241,-55.2807364849459,12.));
#11934=CARTESIAN_POINT('Ctrl Pts',(50.6022442968592,-53.0865177214888,12.));
#11935=CARTESIAN_POINT('Ctrl Pts',(50.6022442968592,-53.0865177214888,11.));
#11936=CARTESIAN_POINT('Ctrl Pts',(50.6022442968592,-53.0865177214888,12.2));
#11937=CARTESIAN_POINT('Ctrl Pts',(50.5487893944457,-53.0946199636642,11.));
#11938=CARTESIAN_POINT('Ctrl Pts',(50.5487893944457,-53.0946199636642,12.2));
#11939=CARTESIAN_POINT('Ctrl Pts',(50.495080430571,-53.1031537165637,11.));
#11940=CARTESIAN_POINT('Ctrl Pts',(50.495080430571,-53.1031537165637,12.2));
#11941=CARTESIAN_POINT('Ctrl Pts',(50.4410810019824,-53.1121195800314,11.));
#11942=CARTESIAN_POINT('Ctrl Pts',(50.4410810019824,-53.1121195800314,12.2));
#11943=CARTESIAN_POINT('',(50.4410810019824,-53.1121195800314,11.));
#11944=CARTESIAN_POINT('',(50.6022442968592,-53.0865177214888,11.));
#11945=CARTESIAN_POINT('Ctrl Pts',(50.4410810019824,-53.1121195800314,11.));
#11946=CARTESIAN_POINT('Ctrl Pts',(50.4410810019824,-53.1121195800314,12.2));
#11947=CARTESIAN_POINT('Ctrl Pts',(50.394872097716,-53.1198032195578,11.));
#11948=CARTESIAN_POINT('Ctrl Pts',(50.394872097716,-53.1198032195578,12.2));
#11949=CARTESIAN_POINT('Ctrl Pts',(50.3557624451968,-53.0768770606527,11.));
#11950=CARTESIAN_POINT('Ctrl Pts',(50.3557624451968,-53.0768770606527,12.2));
#11951=CARTESIAN_POINT('Ctrl Pts',(50.3685894238803,-53.0318555839071,11.));
#11952=CARTESIAN_POINT('Ctrl Pts',(50.3685894238803,-53.0318555839071,12.2));
#11953=CARTESIAN_POINT('',(50.3685894238803,-53.0318555839071,11.));
#11954=CARTESIAN_POINT('Origin',(50.3685894238803,-53.0318555839071,11.));
#11955=CARTESIAN_POINT('',(51.1981089217517,-50.1190406463156,11.));
#11956=CARTESIAN_POINT('Origin',(51.1981089217517,-50.1190406463156,11.));
#11957=CARTESIAN_POINT('',(52.810511229262,-46.4274552328596,11.));
#11958=CARTESIAN_POINT('Ctrl Pts',(52.810511229262,-46.4274552328596,11.));
#11959=CARTESIAN_POINT('Ctrl Pts',(52.810511229262,-46.4274552328596,12.2));
#11960=CARTESIAN_POINT('Ctrl Pts',(52.8150007808062,-46.4171809084425,11.));
#11961=CARTESIAN_POINT('Ctrl Pts',(52.8150007808062,-46.4171809084425,12.2));
#11962=CARTESIAN_POINT('Ctrl Pts',(52.8209253222796,-46.4091164176473,11.));
#11963=CARTESIAN_POINT('Ctrl Pts',(52.8209253222796,-46.4091164176473,12.2));
#11964=CARTESIAN_POINT('Ctrl Pts',(52.8302089125964,-46.4028172624121,11.));
#11965=CARTESIAN_POINT('Ctrl Pts',(52.8302089125964,-46.4028172624121,12.2));
#11966=CARTESIAN_POINT('',(52.8302089125964,-46.4028172624121,11.));
#11967=CARTESIAN_POINT('Ctrl Pts',(52.8302089125964,-46.4028172624121,11.));
#11968=CARTESIAN_POINT('Ctrl Pts',(52.8302089125964,-46.4028172624121,12.2));
#11969=CARTESIAN_POINT('Ctrl Pts',(52.8613321139546,-46.3816928091271,11.));
#11970=CARTESIAN_POINT('Ctrl Pts',(52.8613321139546,-46.3816928091271,12.2));
#11971=CARTESIAN_POINT('Ctrl Pts',(52.9493528127253,-46.324962707687,11.));
#11972=CARTESIAN_POINT('Ctrl Pts',(52.9493528127253,-46.324962707687,12.2));
#11973=CARTESIAN_POINT('Ctrl Pts',(53.0978841049409,-46.2520100545011,11.));
#11974=CARTESIAN_POINT('Ctrl Pts',(53.0978841049409,-46.2520100545011,12.2));
#11975=CARTESIAN_POINT('',(53.0978841049409,-46.2520100545011,11.));
#11976=CARTESIAN_POINT('Ctrl Pts',(53.0978841049409,-46.2520100545011,11.));
#11977=CARTESIAN_POINT('Ctrl Pts',(53.0978841049409,-46.2520100545011,12.2));
#11978=CARTESIAN_POINT('Ctrl Pts',(53.1247608334863,-46.1676690828932,11.));
#11979=CARTESIAN_POINT('Ctrl Pts',(53.1247608334863,-46.1676690828932,12.2));
#11980=CARTESIAN_POINT('Ctrl Pts',(53.1233492672737,-46.0753316528951,11.));
#11981=CARTESIAN_POINT('Ctrl Pts',(53.1233492672737,-46.0753316528951,12.2));
#11982=CARTESIAN_POINT('Ctrl Pts',(53.0249952304217,-46.0628560607443,11.));
#11983=CARTESIAN_POINT('Ctrl Pts',(53.0249952304217,-46.0628560607443,12.2));
#11984=CARTESIAN_POINT('',(53.0249952304217,-46.0628560607443,11.));
#11985=CARTESIAN_POINT('Ctrl Pts',(53.0249952304217,-46.0628560607443,11.));
#11986=CARTESIAN_POINT('Ctrl Pts',(53.0249952304217,-46.0628560607443,12.2));
#11987=CARTESIAN_POINT('Ctrl Pts',(52.9005922133776,-46.0470763189802,11.));
#11988=CARTESIAN_POINT('Ctrl Pts',(52.9005922133776,-46.0470763189802,12.2));
#11989=CARTESIAN_POINT('Ctrl Pts',(52.8347682273242,-46.1228057687292,11.));
#11990=CARTESIAN_POINT('Ctrl Pts',(52.8347682273242,-46.1228057687292,12.2));
#11991=CARTESIAN_POINT('',(52.8347682273242,-46.1228057687292,11.));
#11992=CARTESIAN_POINT('Ctrl Pts',(52.8347682273242,-46.1228057687292,11.));
#11993=CARTESIAN_POINT('Ctrl Pts',(52.8347682273242,-46.1228057687292,12.2));
#11994=CARTESIAN_POINT('Ctrl Pts',(52.7101367843005,-46.2191948707113,11.));
#11995=CARTESIAN_POINT('Ctrl Pts',(52.7101367843005,-46.2191948707113,12.2));
#11996=CARTESIAN_POINT('Ctrl Pts',(51.3080440718982,-48.7856993091116,11.));
#11997=CARTESIAN_POINT('Ctrl Pts',(51.3080440718982,-48.7856993091116,12.2));
#11998=CARTESIAN_POINT('Ctrl Pts',(50.3676218230578,-51.5590617606649,11.));
#11999=CARTESIAN_POINT('Ctrl Pts',(50.3676218230578,-51.5590617606649,12.2));
#12000=CARTESIAN_POINT('',(50.3676218230578,-51.5590617606649,11.));
#12001=CARTESIAN_POINT('Ctrl Pts',(50.3676218230578,-51.5590617606649,11.));
#12002=CARTESIAN_POINT('Ctrl Pts',(50.3676218230578,-51.5590617606649,12.2));
#12003=CARTESIAN_POINT('Ctrl Pts',(49.4272032834145,-54.3323992621908,11.));
#12004=CARTESIAN_POINT('Ctrl Pts',(49.4272032834145,-54.3323992621908,12.2));
#12005=CARTESIAN_POINT('Ctrl Pts',(49.2491795064214,-57.0787103126058,11.));
#12006=CARTESIAN_POINT('Ctrl Pts',(49.2491795064214,-57.0787103126058,12.2));
#12007=CARTESIAN_POINT('Ctrl Pts',(49.2619875171038,-57.3644603126058,11.));
#12008=CARTESIAN_POINT('Ctrl Pts',(49.2619875171038,-57.3644603126058,12.2));
#12009=CARTESIAN_POINT('',(49.2619875171038,-57.3644603126058,11.));
#12010=CARTESIAN_POINT('Origin',(49.2619875171038,-57.3644603126058,11.));
#12011=CARTESIAN_POINT('',(50.2016771919581,-57.3644603126058,11.));
#12012=CARTESIAN_POINT('Ctrl Pts',(50.2016771919581,-57.3644603126058,11.));
#12013=CARTESIAN_POINT('Ctrl Pts',(50.2016771919581,-57.3644603126058,12.2));
#12014=CARTESIAN_POINT('Ctrl Pts',(50.2016771919581,-57.2353118629723,11.));
#12015=CARTESIAN_POINT('Ctrl Pts',(50.2016771919581,-57.2353118629723,12.2));
#12016=CARTESIAN_POINT('Ctrl Pts',(50.1584528112241,-55.2807364849459,11.));
#12017=CARTESIAN_POINT('Ctrl Pts',(50.1584528112241,-55.2807364849459,12.2));
#12018=CARTESIAN_POINT('Ctrl Pts',(50.6022442968592,-53.0865177214888,11.));
#12019=CARTESIAN_POINT('Ctrl Pts',(50.6022442968592,-53.0865177214888,12.2));
#12020=CARTESIAN_POINT('',(0.,0.,0.));
#12021=CARTESIAN_POINT('Ctrl Pts',(76.552774479613,-52.1239323203573,11.));
#12022=CARTESIAN_POINT('Ctrl Pts',(76.552774479613,-52.1239323203573,12.2));
#12023=CARTESIAN_POINT('Ctrl Pts',(76.5486468245837,-52.0710368087301,11.));
#12024=CARTESIAN_POINT('Ctrl Pts',(76.5486468245837,-52.0710368087301,12.2));
#12025=CARTESIAN_POINT('Ctrl Pts',(77.5490896346423,-51.8717737777243,11.));
#12026=CARTESIAN_POINT('Ctrl Pts',(77.5490896346423,-51.8717737777243,12.2));
#12027=CARTESIAN_POINT('Ctrl Pts',(77.3357286269519,-51.3501786773214,11.));
#12028=CARTESIAN_POINT('Ctrl Pts',(77.3357286269519,-51.3501786773214,12.2));
#12029=CARTESIAN_POINT('',(76.552774479613,-52.1239323203573,11.));
#12030=CARTESIAN_POINT('',(77.3357286269519,-51.3501786773214,11.));
#12031=CARTESIAN_POINT('Ctrl Pts',(76.552774479613,-52.1239323203573,11.));
#12032=CARTESIAN_POINT('Ctrl Pts',(76.5486468245837,-52.0710368087301,11.));
#12033=CARTESIAN_POINT('Ctrl Pts',(77.5490896346423,-51.8717737777243,11.));
#12034=CARTESIAN_POINT('Ctrl Pts',(77.3357286269519,-51.3501786773214,11.));
#12035=CARTESIAN_POINT('',(77.3357286269519,-51.3501786773214,12.));
#12036=CARTESIAN_POINT('',(77.3357286269519,-51.3501786773214,11.));
#12037=CARTESIAN_POINT('',(76.552774479613,-52.1239323203573,12.));
#12038=CARTESIAN_POINT('Ctrl Pts',(76.552774479613,-52.1239323203573,12.));
#12039=CARTESIAN_POINT('Ctrl Pts',(76.5486468245837,-52.0710368087301,12.));
#12040=CARTESIAN_POINT('Ctrl Pts',(77.5490896346423,-51.8717737777243,12.));
#12041=CARTESIAN_POINT('Ctrl Pts',(77.3357286269519,-51.3501786773214,12.));
#12042=CARTESIAN_POINT('',(76.552774479613,-52.1239323203573,11.));
#12043=CARTESIAN_POINT('Origin',(76.5104190223071,-51.9488137700567,11.));
#12044=CARTESIAN_POINT('',(76.3673536269519,-51.3501786773214,11.));
#12045=CARTESIAN_POINT('',(76.4711118248774,-51.7847864410251,11.));
#12046=CARTESIAN_POINT('',(76.3673536269519,-51.3501786773214,12.));
#12047=CARTESIAN_POINT('',(76.4711118248774,-51.7847864410251,12.));
#12048=CARTESIAN_POINT('',(76.3673536269519,-51.3501786773214,11.));
#12049=CARTESIAN_POINT('Ctrl Pts',(77.3357286269519,-51.3501786773214,11.));
#12050=CARTESIAN_POINT('Ctrl Pts',(77.3357286269519,-51.3501786773214,12.2));
#12051=CARTESIAN_POINT('Ctrl Pts',(77.1222416579577,-50.828647042037,11.));
#12052=CARTESIAN_POINT('Ctrl Pts',(77.1222416579577,-50.828647042037,12.2));
#12053=CARTESIAN_POINT('Ctrl Pts',(76.3673536269519,-51.3501786773214,11.));
#12054=CARTESIAN_POINT('Ctrl Pts',(76.3673536269519,-51.3501786773214,12.2));
#12055=CARTESIAN_POINT('Ctrl Pts',(77.3357286269519,-51.3501786773214,11.));
#12056=CARTESIAN_POINT('Ctrl Pts',(77.1222416579577,-50.828647042037,11.));
#12057=CARTESIAN_POINT('Ctrl Pts',(76.3673536269519,-51.3501786773214,11.));
#12058=CARTESIAN_POINT('Ctrl Pts',(77.3357286269519,-51.3501786773214,12.));
#12059=CARTESIAN_POINT('Ctrl Pts',(77.1222416579577,-50.828647042037,12.));
#12060=CARTESIAN_POINT('Ctrl Pts',(76.3673536269519,-51.3501786773214,12.));
#12061=CARTESIAN_POINT('Origin',(76.9582216307971,-51.4946095416555,12.));
#12062=CARTESIAN_POINT('Origin',(76.9582216307971,-51.4946095416555,11.));
#12063=CARTESIAN_POINT('',(0.,0.,0.));
#12064=CARTESIAN_POINT('Ctrl Pts',(59.9119636657092,-50.7930227630148,11.));
#12065=CARTESIAN_POINT('Ctrl Pts',(59.9119636657092,-50.7930227630148,12.2));
#12066=CARTESIAN_POINT('Ctrl Pts',(60.1465966307971,-49.3054401137838,11.));
#12067=CARTESIAN_POINT('Ctrl Pts',(60.1465966307971,-49.3054401137838,12.2));
#12068=CARTESIAN_POINT('Ctrl Pts',(59.8827532393786,-49.4623738486776,11.));
#12069=CARTESIAN_POINT('Ctrl Pts',(59.8827532393786,-49.4623738486776,12.2));
#12070=CARTESIAN_POINT('',(59.9119636657092,-50.7930227630148,11.));
#12071=CARTESIAN_POINT('',(59.8827532393786,-49.4623738486776,11.));
#12072=CARTESIAN_POINT('Ctrl Pts',(59.9119636657092,-50.7930227630148,11.));
#12073=CARTESIAN_POINT('Ctrl Pts',(60.1465966307971,-49.3054401137838,11.));
#12074=CARTESIAN_POINT('Ctrl Pts',(59.8827532393786,-49.4623738486776,11.));
#12075=CARTESIAN_POINT('',(59.8827532393786,-49.4623738486776,12.));
#12076=CARTESIAN_POINT('',(59.8827532393786,-49.4623738486776,11.));
#12077=CARTESIAN_POINT('',(59.9119636657092,-50.7930227630148,12.));
#12078=CARTESIAN_POINT('Ctrl Pts',(59.9119636657092,-50.7930227630148,12.));
#12079=CARTESIAN_POINT('Ctrl Pts',(60.1465966307971,-49.3054401137838,12.));
#12080=CARTESIAN_POINT('Ctrl Pts',(59.8827532393786,-49.4623738486776,12.));
#12081=CARTESIAN_POINT('',(59.9119636657092,-50.7930227630148,11.));
#12082=CARTESIAN_POINT('Origin',(59.0671596114489,-50.6488334052572,11.));
#12083=CARTESIAN_POINT('',(59.0671596114489,-50.6488334052572,11.));
#12084=CARTESIAN_POINT('',(59.0671596114489,-50.6488334052572,11.));
#12085=CARTESIAN_POINT('',(59.0671596114489,-50.6488334052572,12.));
#12086=CARTESIAN_POINT('',(59.0671596114489,-50.6488334052572,12.));
#12087=CARTESIAN_POINT('',(59.0671596114489,-50.6488334052572,11.));
#12088=CARTESIAN_POINT('Origin',(59.8827532393786,-49.4623738486776,11.));
#12089=CARTESIAN_POINT('',(59.8827532393786,-49.4623738486776,11.));
#12090=CARTESIAN_POINT('',(59.8827532393786,-49.4623738486776,12.));
#12091=CARTESIAN_POINT('Origin',(59.606878121123,-50.0492314383993,12.));
#12092=CARTESIAN_POINT('Origin',(59.606878121123,-50.0492314383993,11.));
#12093=CARTESIAN_POINT('',(0.,0.,0.));
#12094=CARTESIAN_POINT('Ctrl Pts',(122.058332417132,-57.8161128715934,10.9999999999999));
#12095=CARTESIAN_POINT('Ctrl Pts',(122.058332417132,-57.8161128715934,13.3999999999999));
#12096=CARTESIAN_POINT('Ctrl Pts',(121.975782417132,-57.8470691215934,10.9999999999999));
#12097=CARTESIAN_POINT('Ctrl Pts',(121.975782417132,-57.8470691215934,13.3999999999999));
#12098=CARTESIAN_POINT('Ctrl Pts',(121.934507417132,-57.8367503715934,10.9999999999999));
#12099=CARTESIAN_POINT('Ctrl Pts',(121.934507417132,-57.8367503715934,13.3999999999999));
#12100=CARTESIAN_POINT('Ctrl Pts',(121.965463667132,-57.7748378715935,10.9999999999999));
#12101=CARTESIAN_POINT('Ctrl Pts',(121.965463667132,-57.7748378715935,13.3999999999999));
#12102=CARTESIAN_POINT('',(122.058332417132,-57.8161128715934,10.9999999999999));
#12103=CARTESIAN_POINT('',(121.965463667132,-57.7748378715935,10.9999999999999));
#12104=CARTESIAN_POINT('Ctrl Pts',(122.058332417132,-57.8161128715934,10.9999999999999));
#12105=CARTESIAN_POINT('Ctrl Pts',(121.975782417132,-57.8470691215934,10.9999999999999));
#12106=CARTESIAN_POINT('Ctrl Pts',(121.934507417132,-57.8367503715934,10.9999999999999));
#12107=CARTESIAN_POINT('Ctrl Pts',(121.965463667132,-57.7748378715935,10.9999999999999));
#12108=CARTESIAN_POINT('',(121.965463667132,-57.7748378715935,12.9999999999999));
#12109=CARTESIAN_POINT('',(121.965463667132,-57.7748378715935,10.9999999999999));
#12110=CARTESIAN_POINT('',(122.058332417132,-57.8161128715934,12.9999999999999));
#12111=CARTESIAN_POINT('Ctrl Pts',(122.058332417132,-57.8161128715934,12.9999999999999));
#12112=CARTESIAN_POINT('Ctrl Pts',(121.975782417132,-57.8470691215934,12.9999999999999));
#12113=CARTESIAN_POINT('Ctrl Pts',(121.934507417132,-57.8367503715934,12.9999999999999));
#12114=CARTESIAN_POINT('Ctrl Pts',(121.965463667132,-57.7748378715935,12.9999999999999));
#12115=CARTESIAN_POINT('',(122.058332417132,-57.8161128715934,10.9999999999999));
#12116=CARTESIAN_POINT('Ctrl Pts',(122.130563667132,-57.6716503715935,10.9999999999999));
#12117=CARTESIAN_POINT('Ctrl Pts',(122.130563667132,-57.6716503715935,13.3999999999999));
#12118=CARTESIAN_POINT('Ctrl Pts',(122.275026167132,-57.6716503715935,10.9999999999999));
#12119=CARTESIAN_POINT('Ctrl Pts',(122.275026167132,-57.6716503715935,13.3999999999999));
#12120=CARTESIAN_POINT('Ctrl Pts',(122.244069917132,-57.7438816215935,10.9999999999999));
#12121=CARTESIAN_POINT('Ctrl Pts',(122.244069917132,-57.7438816215935,13.3999999999999));
#12122=CARTESIAN_POINT('Ctrl Pts',(122.058332417132,-57.8161128715934,10.9999999999999));
#12123=CARTESIAN_POINT('Ctrl Pts',(122.058332417132,-57.8161128715934,13.3999999999999));
#12124=CARTESIAN_POINT('',(122.130563667132,-57.6716503715935,10.9999999999999));
#12125=CARTESIAN_POINT('Ctrl Pts',(122.130563667132,-57.6716503715935,10.9999999999999));
#12126=CARTESIAN_POINT('Ctrl Pts',(122.275026167132,-57.6716503715935,10.9999999999999));
#12127=CARTESIAN_POINT('Ctrl Pts',(122.244069917132,-57.7438816215935,10.9999999999999));
#12128=CARTESIAN_POINT('Ctrl Pts',(122.058332417132,-57.8161128715934,10.9999999999999));
#12129=CARTESIAN_POINT('',(122.130563667132,-57.6716503715935,12.9999999999999));
#12130=CARTESIAN_POINT('Ctrl Pts',(122.130563667132,-57.6716503715935,12.9999999999999));
#12131=CARTESIAN_POINT('Ctrl Pts',(122.275026167132,-57.6716503715935,12.9999999999999));
#12132=CARTESIAN_POINT('Ctrl Pts',(122.244069917132,-57.7438816215935,12.9999999999999));
#12133=CARTESIAN_POINT('Ctrl Pts',(122.058332417132,-57.8161128715934,12.9999999999999));
#12134=CARTESIAN_POINT('',(122.130563667132,-57.6716503715935,10.9999999999999));
#12135=CARTESIAN_POINT('Ctrl Pts',(121.965463667132,-57.7748378715935,10.9999999999999));
#12136=CARTESIAN_POINT('Ctrl Pts',(121.965463667132,-57.7748378715935,13.3999999999999));
#12137=CARTESIAN_POINT('Ctrl Pts',(121.996419917132,-57.7129253715935,10.9999999999999));
#12138=CARTESIAN_POINT('Ctrl Pts',(121.996419917132,-57.7129253715935,13.3999999999999));
#12139=CARTESIAN_POINT('Ctrl Pts',(122.068651167132,-57.6716503715935,10.9999999999999));
#12140=CARTESIAN_POINT('Ctrl Pts',(122.068651167132,-57.6716503715935,13.3999999999999));
#12141=CARTESIAN_POINT('Ctrl Pts',(122.130563667132,-57.6716503715935,10.9999999999999));
#12142=CARTESIAN_POINT('Ctrl Pts',(122.130563667132,-57.6716503715935,13.3999999999999));
#12143=CARTESIAN_POINT('Ctrl Pts',(121.965463667132,-57.7748378715935,10.9999999999999));
#12144=CARTESIAN_POINT('Ctrl Pts',(121.996419917132,-57.7129253715935,10.9999999999999));
#12145=CARTESIAN_POINT('Ctrl Pts',(122.068651167132,-57.6716503715935,10.9999999999999));
#12146=CARTESIAN_POINT('Ctrl Pts',(122.130563667132,-57.6716503715935,10.9999999999999));
#12147=CARTESIAN_POINT('Ctrl Pts',(121.965463667132,-57.7748378715935,12.9999999999999));
#12148=CARTESIAN_POINT('Ctrl Pts',(121.996419917132,-57.7129253715935,12.9999999999999));
#12149=CARTESIAN_POINT('Ctrl Pts',(122.068651167132,-57.6716503715935,12.9999999999999));
#12150=CARTESIAN_POINT('Ctrl Pts',(122.130563667132,-57.6716503715935,12.9999999999999));
#12151=CARTESIAN_POINT('Ctrl Pts',(117.125969917132,-52.5122753715934,11.));
#12152=CARTESIAN_POINT('Ctrl Pts',(117.125969917132,-52.5122753715934,13.4));
#12153=CARTESIAN_POINT('Ctrl Pts',(117.095013667132,-52.5122753715934,11.));
#12154=CARTESIAN_POINT('Ctrl Pts',(117.095013667132,-52.5122753715934,13.4));
#12155=CARTESIAN_POINT('Ctrl Pts',(117.043419917132,-52.4606816215935,11.));
#12156=CARTESIAN_POINT('Ctrl Pts',(117.043419917132,-52.4606816215935,13.4));
#12157=CARTESIAN_POINT('Ctrl Pts',(117.012463667132,-52.4090878715934,11.));
#12158=CARTESIAN_POINT('Ctrl Pts',(117.012463667132,-52.4090878715934,13.4));
#12159=CARTESIAN_POINT('',(117.125969917132,-52.5122753715934,11.));
#12160=CARTESIAN_POINT('',(117.012463667132,-52.4090878715934,11.));
#12161=CARTESIAN_POINT('Ctrl Pts',(117.125969917132,-52.5122753715934,11.));
#12162=CARTESIAN_POINT('Ctrl Pts',(117.095013667132,-52.5122753715934,11.));
#12163=CARTESIAN_POINT('Ctrl Pts',(117.043419917132,-52.4606816215935,11.));
#12164=CARTESIAN_POINT('Ctrl Pts',(117.012463667132,-52.4090878715934,11.));
#12165=CARTESIAN_POINT('',(117.012463667132,-52.4090878715934,13.));
#12166=CARTESIAN_POINT('',(117.012463667132,-52.4090878715934,11.));
#12167=CARTESIAN_POINT('',(117.125969917132,-52.5122753715934,13.));
#12168=CARTESIAN_POINT('Ctrl Pts',(117.125969917132,-52.5122753715934,13.));
#12169=CARTESIAN_POINT('Ctrl Pts',(117.095013667132,-52.5122753715934,13.));
#12170=CARTESIAN_POINT('Ctrl Pts',(117.043419917132,-52.4606816215935,13.));
#12171=CARTESIAN_POINT('Ctrl Pts',(117.012463667132,-52.4090878715934,13.));
#12172=CARTESIAN_POINT('',(117.125969917132,-52.5122753715934,11.));
#12173=CARTESIAN_POINT('Ctrl Pts',(117.167244917132,-52.4090878715934,11.));
#12174=CARTESIAN_POINT('Ctrl Pts',(117.167244917132,-52.4090878715934,13.4));
#12175=CARTESIAN_POINT('Ctrl Pts',(117.167244917132,-52.4606816215935,11.));
#12176=CARTESIAN_POINT('Ctrl Pts',(117.167244917132,-52.4606816215935,13.4));
#12177=CARTESIAN_POINT('Ctrl Pts',(117.146607417132,-52.5122753715934,11.));
#12178=CARTESIAN_POINT('Ctrl Pts',(117.146607417132,-52.5122753715934,13.4));
#12179=CARTESIAN_POINT('Ctrl Pts',(117.125969917132,-52.5122753715934,11.));
#12180=CARTESIAN_POINT('Ctrl Pts',(117.125969917132,-52.5122753715934,13.4));
#12181=CARTESIAN_POINT('',(117.167244917132,-52.4090878715934,11.));
#12182=CARTESIAN_POINT('Ctrl Pts',(117.167244917132,-52.4090878715934,11.));
#12183=CARTESIAN_POINT('Ctrl Pts',(117.167244917132,-52.4606816215935,11.));
#12184=CARTESIAN_POINT('Ctrl Pts',(117.146607417132,-52.5122753715934,11.));
#12185=CARTESIAN_POINT('Ctrl Pts',(117.125969917132,-52.5122753715934,11.));
#12186=CARTESIAN_POINT('',(117.167244917132,-52.4090878715934,13.));
#12187=CARTESIAN_POINT('Ctrl Pts',(117.167244917132,-52.4090878715934,13.));
#12188=CARTESIAN_POINT('Ctrl Pts',(117.167244917132,-52.4606816215935,13.));
#12189=CARTESIAN_POINT('Ctrl Pts',(117.146607417132,-52.5122753715934,13.));
#12190=CARTESIAN_POINT('Ctrl Pts',(117.125969917132,-52.5122753715934,13.));
#12191=CARTESIAN_POINT('',(117.167244917132,-52.4090878715934,11.));
#12192=CARTESIAN_POINT('Ctrl Pts',(117.053738667132,-52.3059003715935,11.));
#12193=CARTESIAN_POINT('Ctrl Pts',(117.053738667132,-52.3059003715935,13.4));
#12194=CARTESIAN_POINT('Ctrl Pts',(117.115651167132,-52.3059003715935,11.));
#12195=CARTESIAN_POINT('Ctrl Pts',(117.115651167132,-52.3059003715935,13.4));
#12196=CARTESIAN_POINT('Ctrl Pts',(117.167244917132,-52.3471753715934,11.));
#12197=CARTESIAN_POINT('Ctrl Pts',(117.167244917132,-52.3471753715934,13.4));
#12198=CARTESIAN_POINT('Ctrl Pts',(117.167244917132,-52.4090878715934,11.));
#12199=CARTESIAN_POINT('Ctrl Pts',(117.167244917132,-52.4090878715934,13.4));
#12200=CARTESIAN_POINT('',(117.053738667132,-52.3059003715935,11.));
#12201=CARTESIAN_POINT('Ctrl Pts',(117.053738667132,-52.3059003715935,11.));
#12202=CARTESIAN_POINT('Ctrl Pts',(117.115651167132,-52.3059003715935,11.));
#12203=CARTESIAN_POINT('Ctrl Pts',(117.167244917132,-52.3471753715934,11.));
#12204=CARTESIAN_POINT('Ctrl Pts',(117.167244917132,-52.4090878715934,11.));
#12205=CARTESIAN_POINT('',(117.053738667132,-52.3059003715935,13.));
#12206=CARTESIAN_POINT('Ctrl Pts',(117.053738667132,-52.3059003715935,13.));
#12207=CARTESIAN_POINT('Ctrl Pts',(117.115651167132,-52.3059003715935,13.));
#12208=CARTESIAN_POINT('Ctrl Pts',(117.167244917132,-52.3471753715934,13.));
#12209=CARTESIAN_POINT('Ctrl Pts',(117.167244917132,-52.4090878715934,13.));
#12210=CARTESIAN_POINT('',(117.053738667132,-52.3059003715935,11.));
#12211=CARTESIAN_POINT('Ctrl Pts',(117.012463667132,-52.4090878715934,11.));
#12212=CARTESIAN_POINT('Ctrl Pts',(117.012463667132,-52.4090878715934,13.4));
#12213=CARTESIAN_POINT('Ctrl Pts',(116.981507417132,-52.3471753715934,11.));
#12214=CARTESIAN_POINT('Ctrl Pts',(116.981507417132,-52.3471753715934,13.4));
#12215=CARTESIAN_POINT('Ctrl Pts',(117.002144917132,-52.3059003715935,11.));
#12216=CARTESIAN_POINT('Ctrl Pts',(117.002144917132,-52.3059003715935,13.4));
#12217=CARTESIAN_POINT('Ctrl Pts',(117.053738667132,-52.3059003715935,11.));
#12218=CARTESIAN_POINT('Ctrl Pts',(117.053738667132,-52.3059003715935,13.4));
#12219=CARTESIAN_POINT('Ctrl Pts',(117.012463667132,-52.4090878715934,11.));
#12220=CARTESIAN_POINT('Ctrl Pts',(116.981507417132,-52.3471753715934,11.));
#12221=CARTESIAN_POINT('Ctrl Pts',(117.002144917132,-52.3059003715935,11.));
#12222=CARTESIAN_POINT('Ctrl Pts',(117.053738667132,-52.3059003715935,11.));
#12223=CARTESIAN_POINT('Ctrl Pts',(117.012463667132,-52.4090878715934,13.));
#12224=CARTESIAN_POINT('Ctrl Pts',(116.981507417132,-52.3471753715934,13.));
#12225=CARTESIAN_POINT('Ctrl Pts',(117.002144917132,-52.3059003715935,13.));
#12226=CARTESIAN_POINT('Ctrl Pts',(117.053738667132,-52.3059003715935,13.));
#12227=CARTESIAN_POINT('Ctrl Pts',(117.002144917132,-51.6248628715935,11.));
#12228=CARTESIAN_POINT('Ctrl Pts',(117.002144917132,-51.6248628715935,13.4));
#12229=CARTESIAN_POINT('Ctrl Pts',(117.012463667132,-51.2430691215935,11.));
#12230=CARTESIAN_POINT('Ctrl Pts',(117.012463667132,-51.2430691215935,13.4));
#12231=CARTESIAN_POINT('Ctrl Pts',(117.064057417132,-51.0263753715935,11.));
#12232=CARTESIAN_POINT('Ctrl Pts',(117.064057417132,-51.0263753715935,13.4));
#12233=CARTESIAN_POINT('Ctrl Pts',(117.167244917132,-50.9644628715935,11.));
#12234=CARTESIAN_POINT('Ctrl Pts',(117.167244917132,-50.9644628715935,13.4));
#12235=CARTESIAN_POINT('',(117.002144917132,-51.6248628715935,11.));
#12236=CARTESIAN_POINT('',(117.167244917132,-50.9644628715935,11.));
#12237=CARTESIAN_POINT('Ctrl Pts',(117.002144917132,-51.6248628715935,11.));
#12238=CARTESIAN_POINT('Ctrl Pts',(117.012463667132,-51.2430691215935,11.));
#12239=CARTESIAN_POINT('Ctrl Pts',(117.064057417132,-51.0263753715935,11.));
#12240=CARTESIAN_POINT('Ctrl Pts',(117.167244917132,-50.9644628715935,11.));
#12241=CARTESIAN_POINT('',(117.167244917132,-50.9644628715935,13.));
#12242=CARTESIAN_POINT('',(117.167244917132,-50.9644628715935,11.));
#12243=CARTESIAN_POINT('',(117.002144917132,-51.6248628715935,13.));
#12244=CARTESIAN_POINT('Ctrl Pts',(117.002144917132,-51.6248628715935,13.));
#12245=CARTESIAN_POINT('Ctrl Pts',(117.012463667132,-51.2430691215935,13.));
#12246=CARTESIAN_POINT('Ctrl Pts',(117.064057417132,-51.0263753715935,13.));
#12247=CARTESIAN_POINT('Ctrl Pts',(117.167244917132,-50.9644628715935,13.));
#12248=CARTESIAN_POINT('',(117.002144917132,-51.6248628715935,11.));
#12249=CARTESIAN_POINT('Ctrl Pts',(117.229157417132,-52.3059003715935,11.));
#12250=CARTESIAN_POINT('Ctrl Pts',(117.229157417132,-52.3059003715935,13.4));
#12251=CARTESIAN_POINT('Ctrl Pts',(117.012463667132,-52.1923941215935,11.));
#12252=CARTESIAN_POINT('Ctrl Pts',(117.012463667132,-52.1923941215935,13.4));
#12253=CARTESIAN_POINT('Ctrl Pts',(116.991826167132,-52.1098441215934,11.));
#12254=CARTESIAN_POINT('Ctrl Pts',(116.991826167132,-52.1098441215934,13.4));
#12255=CARTESIAN_POINT('Ctrl Pts',(117.002144917132,-51.6248628715935,11.));
#12256=CARTESIAN_POINT('Ctrl Pts',(117.002144917132,-51.6248628715935,13.4));
#12257=CARTESIAN_POINT('',(117.229157417132,-52.3059003715935,11.));
#12258=CARTESIAN_POINT('Ctrl Pts',(117.229157417132,-52.3059003715935,11.));
#12259=CARTESIAN_POINT('Ctrl Pts',(117.012463667132,-52.1923941215935,11.));
#12260=CARTESIAN_POINT('Ctrl Pts',(116.991826167132,-52.1098441215934,11.));
#12261=CARTESIAN_POINT('Ctrl Pts',(117.002144917132,-51.6248628715935,11.));
#12262=CARTESIAN_POINT('',(117.229157417132,-52.3059003715935,13.));
#12263=CARTESIAN_POINT('Ctrl Pts',(117.229157417132,-52.3059003715935,13.));
#12264=CARTESIAN_POINT('Ctrl Pts',(117.012463667132,-52.1923941215935,13.));
#12265=CARTESIAN_POINT('Ctrl Pts',(116.991826167132,-52.1098441215934,13.));
#12266=CARTESIAN_POINT('Ctrl Pts',(117.002144917132,-51.6248628715935,13.));
#12267=CARTESIAN_POINT('',(117.229157417132,-52.3059003715935,11.));
#12268=CARTESIAN_POINT('Ctrl Pts',(117.425213667132,-52.5122753715934,11.));
#12269=CARTESIAN_POINT('Ctrl Pts',(117.425213667132,-52.5122753715934,13.4));
#12270=CARTESIAN_POINT('Ctrl Pts',(117.445851167132,-52.4710003715935,11.));
#12271=CARTESIAN_POINT('Ctrl Pts',(117.445851167132,-52.4710003715935,13.4));
#12272=CARTESIAN_POINT('Ctrl Pts',(117.363301167132,-52.3781316215934,11.));
#12273=CARTESIAN_POINT('Ctrl Pts',(117.363301167132,-52.3781316215934,13.4));
#12274=CARTESIAN_POINT('Ctrl Pts',(117.229157417132,-52.3059003715935,11.));
#12275=CARTESIAN_POINT('Ctrl Pts',(117.229157417132,-52.3059003715935,13.4));
#12276=CARTESIAN_POINT('',(117.425213667132,-52.5122753715934,11.));
#12277=CARTESIAN_POINT('Ctrl Pts',(117.425213667132,-52.5122753715934,11.));
#12278=CARTESIAN_POINT('Ctrl Pts',(117.445851167132,-52.4710003715935,11.));
#12279=CARTESIAN_POINT('Ctrl Pts',(117.363301167132,-52.3781316215934,11.));
#12280=CARTESIAN_POINT('Ctrl Pts',(117.229157417132,-52.3059003715935,11.));
#12281=CARTESIAN_POINT('',(117.425213667132,-52.5122753715934,13.));
#12282=CARTESIAN_POINT('Ctrl Pts',(117.425213667132,-52.5122753715934,13.));
#12283=CARTESIAN_POINT('Ctrl Pts',(117.445851167132,-52.4710003715935,13.));
#12284=CARTESIAN_POINT('Ctrl Pts',(117.363301167132,-52.3781316215934,13.));
#12285=CARTESIAN_POINT('Ctrl Pts',(117.229157417132,-52.3059003715935,13.));
#12286=CARTESIAN_POINT('',(117.425213667132,-52.5122753715934,11.));
#12287=CARTESIAN_POINT('Ctrl Pts',(117.868919917132,-52.4710003715935,11.));
#12288=CARTESIAN_POINT('Ctrl Pts',(117.868919917132,-52.4710003715935,13.4));
#12289=CARTESIAN_POINT('Ctrl Pts',(117.703819917132,-52.5741878715935,11.));
#12290=CARTESIAN_POINT('Ctrl Pts',(117.703819917132,-52.5741878715935,13.4));
#12291=CARTESIAN_POINT('Ctrl Pts',(117.373619917132,-52.6051441215935,11.));
#12292=CARTESIAN_POINT('Ctrl Pts',(117.373619917132,-52.6051441215935,13.4));
#12293=CARTESIAN_POINT('Ctrl Pts',(117.425213667132,-52.5122753715934,11.));
#12294=CARTESIAN_POINT('Ctrl Pts',(117.425213667132,-52.5122753715934,13.4));
#12295=CARTESIAN_POINT('',(117.868919917132,-52.4710003715935,11.));
#12296=CARTESIAN_POINT('Ctrl Pts',(117.868919917132,-52.4710003715935,11.));
#12297=CARTESIAN_POINT('Ctrl Pts',(117.703819917132,-52.5741878715935,11.));
#12298=CARTESIAN_POINT('Ctrl Pts',(117.373619917132,-52.6051441215935,11.));
#12299=CARTESIAN_POINT('Ctrl Pts',(117.425213667132,-52.5122753715934,11.));
#12300=CARTESIAN_POINT('',(117.868919917132,-52.4710003715935,13.));
#12301=CARTESIAN_POINT('Ctrl Pts',(117.868919917132,-52.4710003715935,13.));
#12302=CARTESIAN_POINT('Ctrl Pts',(117.703819917132,-52.5741878715935,13.));
#12303=CARTESIAN_POINT('Ctrl Pts',(117.373619917132,-52.6051441215935,13.));
#12304=CARTESIAN_POINT('Ctrl Pts',(117.425213667132,-52.5122753715934,13.));
#12305=CARTESIAN_POINT('',(117.868919917132,-52.4710003715935,11.));
#12306=CARTESIAN_POINT('Ctrl Pts',(117.992744917132,-52.4813191215935,11.));
#12307=CARTESIAN_POINT('Ctrl Pts',(117.992744917132,-52.4813191215935,13.4));
#12308=CARTESIAN_POINT('Ctrl Pts',(117.992744917132,-52.4297253715934,11.));
#12309=CARTESIAN_POINT('Ctrl Pts',(117.992744917132,-52.4297253715934,13.4));
#12310=CARTESIAN_POINT('Ctrl Pts',(117.930832417132,-52.4297253715934,11.));
#12311=CARTESIAN_POINT('Ctrl Pts',(117.930832417132,-52.4297253715934,13.4));
#12312=CARTESIAN_POINT('Ctrl Pts',(117.868919917132,-52.4710003715935,11.));
#12313=CARTESIAN_POINT('Ctrl Pts',(117.868919917132,-52.4710003715935,13.4));
#12314=CARTESIAN_POINT('',(117.992744917132,-52.4813191215935,11.));
#12315=CARTESIAN_POINT('Ctrl Pts',(117.992744917132,-52.4813191215935,11.));
#12316=CARTESIAN_POINT('Ctrl Pts',(117.992744917132,-52.4297253715934,11.));
#12317=CARTESIAN_POINT('Ctrl Pts',(117.930832417132,-52.4297253715934,11.));
#12318=CARTESIAN_POINT('Ctrl Pts',(117.868919917132,-52.4710003715935,11.));
#12319=CARTESIAN_POINT('',(117.992744917132,-52.4813191215935,13.));
#12320=CARTESIAN_POINT('Ctrl Pts',(117.992744917132,-52.4813191215935,13.));
#12321=CARTESIAN_POINT('Ctrl Pts',(117.992744917132,-52.4297253715934,13.));
#12322=CARTESIAN_POINT('Ctrl Pts',(117.930832417132,-52.4297253715934,13.));
#12323=CARTESIAN_POINT('Ctrl Pts',(117.868919917132,-52.4710003715935,13.));
#12324=CARTESIAN_POINT('',(117.992744917132,-52.4813191215935,11.));
#12325=CARTESIAN_POINT('Ctrl Pts',(118.095932417132,-52.4090878715934,11.));
#12326=CARTESIAN_POINT('Ctrl Pts',(118.095932417132,-52.4090878715934,13.4));
#12327=CARTESIAN_POINT('Ctrl Pts',(118.044338667132,-52.4916378715935,11.));
#12328=CARTESIAN_POINT('Ctrl Pts',(118.044338667132,-52.4916378715935,13.4));
#12329=CARTESIAN_POINT('Ctrl Pts',(117.992744917132,-52.5225941215935,11.));
#12330=CARTESIAN_POINT('Ctrl Pts',(117.992744917132,-52.5225941215935,13.4));
#12331=CARTESIAN_POINT('Ctrl Pts',(117.992744917132,-52.4813191215935,11.));
#12332=CARTESIAN_POINT('Ctrl Pts',(117.992744917132,-52.4813191215935,13.4));
#12333=CARTESIAN_POINT('',(118.095932417132,-52.4090878715934,11.));
#12334=CARTESIAN_POINT('Ctrl Pts',(118.095932417132,-52.4090878715934,11.));
#12335=CARTESIAN_POINT('Ctrl Pts',(118.044338667132,-52.4916378715935,11.));
#12336=CARTESIAN_POINT('Ctrl Pts',(117.992744917132,-52.5225941215935,11.));
#12337=CARTESIAN_POINT('Ctrl Pts',(117.992744917132,-52.4813191215935,11.));
#12338=CARTESIAN_POINT('',(118.095932417132,-52.4090878715934,13.));
#12339=CARTESIAN_POINT('Ctrl Pts',(118.095932417132,-52.4090878715934,13.));
#12340=CARTESIAN_POINT('Ctrl Pts',(118.044338667132,-52.4916378715935,13.));
#12341=CARTESIAN_POINT('Ctrl Pts',(117.992744917132,-52.5225941215935,13.));
#12342=CARTESIAN_POINT('Ctrl Pts',(117.992744917132,-52.4813191215935,13.));
#12343=CARTESIAN_POINT('',(118.095932417132,-52.4090878715934,11.));
#12344=CARTESIAN_POINT('Ctrl Pts',(118.312626167132,-52.4090878715934,11.));
#12345=CARTESIAN_POINT('Ctrl Pts',(118.312626167132,-52.4090878715934,13.4));
#12346=CARTESIAN_POINT('Ctrl Pts',(118.209438667132,-52.2749441215934,11.));
#12347=CARTESIAN_POINT('Ctrl Pts',(118.209438667132,-52.2749441215934,13.4));
#12348=CARTESIAN_POINT('Ctrl Pts',(118.188801167132,-52.2749441215934,11.));
#12349=CARTESIAN_POINT('Ctrl Pts',(118.188801167132,-52.2749441215934,13.4));
#12350=CARTESIAN_POINT('Ctrl Pts',(118.095932417132,-52.4090878715934,11.));
#12351=CARTESIAN_POINT('Ctrl Pts',(118.095932417132,-52.4090878715934,13.4));
#12352=CARTESIAN_POINT('',(118.312626167132,-52.4090878715934,11.));
#12353=CARTESIAN_POINT('Ctrl Pts',(118.312626167132,-52.4090878715934,11.));
#12354=CARTESIAN_POINT('Ctrl Pts',(118.209438667132,-52.2749441215934,11.));
#12355=CARTESIAN_POINT('Ctrl Pts',(118.188801167132,-52.2749441215934,11.));
#12356=CARTESIAN_POINT('Ctrl Pts',(118.095932417132,-52.4090878715934,11.));
#12357=CARTESIAN_POINT('',(118.312626167132,-52.4090878715934,13.));
#12358=CARTESIAN_POINT('Ctrl Pts',(118.312626167132,-52.4090878715934,13.));
#12359=CARTESIAN_POINT('Ctrl Pts',(118.209438667132,-52.2749441215934,13.));
#12360=CARTESIAN_POINT('Ctrl Pts',(118.188801167132,-52.2749441215934,13.));
#12361=CARTESIAN_POINT('Ctrl Pts',(118.095932417132,-52.4090878715934,13.));
#12362=CARTESIAN_POINT('',(118.312626167132,-52.4090878715934,11.));
#12363=CARTESIAN_POINT('Ctrl Pts',(118.364219917132,-52.3781316215934,11.));
#12364=CARTESIAN_POINT('Ctrl Pts',(118.364219917132,-52.3781316215934,13.4));
#12365=CARTESIAN_POINT('Ctrl Pts',(118.415813667132,-52.5329128715935,11.));
#12366=CARTESIAN_POINT('Ctrl Pts',(118.415813667132,-52.5329128715935,13.4));
#12367=CARTESIAN_POINT('Ctrl Pts',(118.405494917132,-52.5432316215934,11.));
#12368=CARTESIAN_POINT('Ctrl Pts',(118.405494917132,-52.5432316215934,13.4));
#12369=CARTESIAN_POINT('Ctrl Pts',(118.312626167132,-52.4090878715934,11.));
#12370=CARTESIAN_POINT('Ctrl Pts',(118.312626167132,-52.4090878715934,13.4));
#12371=CARTESIAN_POINT('',(118.364219917132,-52.3781316215934,11.));
#12372=CARTESIAN_POINT('Ctrl Pts',(118.364219917132,-52.3781316215934,11.));
#12373=CARTESIAN_POINT('Ctrl Pts',(118.415813667132,-52.5329128715935,11.));
#12374=CARTESIAN_POINT('Ctrl Pts',(118.405494917132,-52.5432316215934,11.));
#12375=CARTESIAN_POINT('Ctrl Pts',(118.312626167132,-52.4090878715934,11.));
#12376=CARTESIAN_POINT('',(118.364219917132,-52.3781316215934,13.));
#12377=CARTESIAN_POINT('Ctrl Pts',(118.364219917132,-52.3781316215934,13.));
#12378=CARTESIAN_POINT('Ctrl Pts',(118.415813667132,-52.5329128715935,13.));
#12379=CARTESIAN_POINT('Ctrl Pts',(118.405494917132,-52.5432316215934,13.));
#12380=CARTESIAN_POINT('Ctrl Pts',(118.312626167132,-52.4090878715934,13.));
#12381=CARTESIAN_POINT('',(118.364219917132,-52.3781316215934,11.));
#12382=CARTESIAN_POINT('Ctrl Pts',(118.395176167132,-52.2027128715935,11.));
#12383=CARTESIAN_POINT('Ctrl Pts',(118.395176167132,-52.2027128715935,13.4));
#12384=CARTESIAN_POINT('Ctrl Pts',(118.353901167132,-52.2027128715935,11.));
#12385=CARTESIAN_POINT('Ctrl Pts',(118.353901167132,-52.2027128715935,13.4));
#12386=CARTESIAN_POINT('Ctrl Pts',(118.333263667132,-52.2852628715934,11.));
#12387=CARTESIAN_POINT('Ctrl Pts',(118.333263667132,-52.2852628715934,13.4));
#12388=CARTESIAN_POINT('Ctrl Pts',(118.364219917132,-52.3781316215934,11.));
#12389=CARTESIAN_POINT('Ctrl Pts',(118.364219917132,-52.3781316215934,13.4));
#12390=CARTESIAN_POINT('',(118.395176167132,-52.2027128715935,11.));
#12391=CARTESIAN_POINT('Ctrl Pts',(118.395176167132,-52.2027128715935,11.));
#12392=CARTESIAN_POINT('Ctrl Pts',(118.353901167132,-52.2027128715935,11.));
#12393=CARTESIAN_POINT('Ctrl Pts',(118.333263667132,-52.2852628715934,11.));
#12394=CARTESIAN_POINT('Ctrl Pts',(118.364219917132,-52.3781316215934,11.));
#12395=CARTESIAN_POINT('',(118.395176167132,-52.2027128715935,13.));
#12396=CARTESIAN_POINT('Ctrl Pts',(118.395176167132,-52.2027128715935,13.));
#12397=CARTESIAN_POINT('Ctrl Pts',(118.353901167132,-52.2027128715935,13.));
#12398=CARTESIAN_POINT('Ctrl Pts',(118.333263667132,-52.2852628715934,13.));
#12399=CARTESIAN_POINT('Ctrl Pts',(118.364219917132,-52.3781316215934,13.));
#12400=CARTESIAN_POINT('',(118.395176167132,-52.2027128715935,11.));
#12401=CARTESIAN_POINT('Ctrl Pts',(118.549957417132,-52.0376128715935,11.));
#12402=CARTESIAN_POINT('Ctrl Pts',(118.549957417132,-52.0376128715935,13.4));
#12403=CARTESIAN_POINT('Ctrl Pts',(118.519001167132,-52.1304816215935,11.));
#12404=CARTESIAN_POINT('Ctrl Pts',(118.519001167132,-52.1304816215935,13.4));
#12405=CARTESIAN_POINT('Ctrl Pts',(118.446769917132,-52.2027128715935,11.));
#12406=CARTESIAN_POINT('Ctrl Pts',(118.446769917132,-52.2027128715935,13.4));
#12407=CARTESIAN_POINT('Ctrl Pts',(118.395176167132,-52.2027128715935,11.));
#12408=CARTESIAN_POINT('Ctrl Pts',(118.395176167132,-52.2027128715935,13.4));
#12409=CARTESIAN_POINT('',(118.549957417132,-52.0376128715935,11.));
#12410=CARTESIAN_POINT('Ctrl Pts',(118.549957417132,-52.0376128715935,11.));
#12411=CARTESIAN_POINT('Ctrl Pts',(118.519001167132,-52.1304816215935,11.));
#12412=CARTESIAN_POINT('Ctrl Pts',(118.446769917132,-52.2027128715935,11.));
#12413=CARTESIAN_POINT('Ctrl Pts',(118.395176167132,-52.2027128715935,11.));
#12414=CARTESIAN_POINT('',(118.549957417132,-52.0376128715935,13.));
#12415=CARTESIAN_POINT('Ctrl Pts',(118.549957417132,-52.0376128715935,13.));
#12416=CARTESIAN_POINT('Ctrl Pts',(118.519001167132,-52.1304816215935,13.));
#12417=CARTESIAN_POINT('Ctrl Pts',(118.446769917132,-52.2027128715935,13.));
#12418=CARTESIAN_POINT('Ctrl Pts',(118.395176167132,-52.2027128715935,13.));
#12419=CARTESIAN_POINT('',(118.549957417132,-52.0376128715935,11.));
#12420=CARTESIAN_POINT('Ctrl Pts',(118.519001167132,-51.9344253715934,11.));
#12421=CARTESIAN_POINT('Ctrl Pts',(118.519001167132,-51.9344253715934,13.4));
#12422=CARTESIAN_POINT('Ctrl Pts',(118.570594917132,-51.9034691215935,11.));
#12423=CARTESIAN_POINT('Ctrl Pts',(118.570594917132,-51.9034691215935,13.4));
#12424=CARTESIAN_POINT('Ctrl Pts',(118.580913667132,-51.9550628715935,11.));
#12425=CARTESIAN_POINT('Ctrl Pts',(118.580913667132,-51.9550628715935,13.4));
#12426=CARTESIAN_POINT('Ctrl Pts',(118.549957417132,-52.0376128715935,11.));
#12427=CARTESIAN_POINT('Ctrl Pts',(118.549957417132,-52.0376128715935,13.4));
#12428=CARTESIAN_POINT('',(118.519001167132,-51.9344253715934,11.));
#12429=CARTESIAN_POINT('Ctrl Pts',(118.519001167132,-51.9344253715934,11.));
#12430=CARTESIAN_POINT('Ctrl Pts',(118.570594917132,-51.9034691215935,11.));
#12431=CARTESIAN_POINT('Ctrl Pts',(118.580913667132,-51.9550628715935,11.));
#12432=CARTESIAN_POINT('Ctrl Pts',(118.549957417132,-52.0376128715935,11.));
#12433=CARTESIAN_POINT('',(118.519001167132,-51.9344253715934,13.));
#12434=CARTESIAN_POINT('Ctrl Pts',(118.519001167132,-51.9344253715934,13.));
#12435=CARTESIAN_POINT('Ctrl Pts',(118.570594917132,-51.9034691215935,13.));
#12436=CARTESIAN_POINT('Ctrl Pts',(118.580913667132,-51.9550628715935,13.));
#12437=CARTESIAN_POINT('Ctrl Pts',(118.549957417132,-52.0376128715935,13.));
#12438=CARTESIAN_POINT('',(118.519001167132,-51.9344253715934,11.));
#12439=CARTESIAN_POINT('Ctrl Pts',(118.529319917132,-51.2017941215935,11.));
#12440=CARTESIAN_POINT('Ctrl Pts',(118.529319917132,-51.2017941215935,13.4));
#12441=CARTESIAN_POINT('Ctrl Pts',(118.395176167132,-51.3565753715935,11.));
#12442=CARTESIAN_POINT('Ctrl Pts',(118.395176167132,-51.3565753715935,13.4));
#12443=CARTESIAN_POINT('Ctrl Pts',(118.395176167132,-52.0169753715934,11.));
#12444=CARTESIAN_POINT('Ctrl Pts',(118.395176167132,-52.0169753715934,13.4));
#12445=CARTESIAN_POINT('Ctrl Pts',(118.519001167132,-51.9344253715934,11.));
#12446=CARTESIAN_POINT('Ctrl Pts',(118.519001167132,-51.9344253715934,13.4));
#12447=CARTESIAN_POINT('',(118.529319917132,-51.2017941215935,11.));
#12448=CARTESIAN_POINT('Ctrl Pts',(118.529319917132,-51.2017941215935,11.));
#12449=CARTESIAN_POINT('Ctrl Pts',(118.395176167132,-51.3565753715935,11.));
#12450=CARTESIAN_POINT('Ctrl Pts',(118.395176167132,-52.0169753715934,11.));
#12451=CARTESIAN_POINT('Ctrl Pts',(118.519001167132,-51.9344253715934,11.));
#12452=CARTESIAN_POINT('',(118.529319917132,-51.2017941215935,13.));
#12453=CARTESIAN_POINT('Ctrl Pts',(118.529319917132,-51.2017941215935,13.));
#12454=CARTESIAN_POINT('Ctrl Pts',(118.395176167132,-51.3565753715935,13.));
#12455=CARTESIAN_POINT('Ctrl Pts',(118.395176167132,-52.0169753715934,13.));
#12456=CARTESIAN_POINT('Ctrl Pts',(118.519001167132,-51.9344253715934,13.));
#12457=CARTESIAN_POINT('',(118.529319917132,-51.2017941215935,11.));
#12458=CARTESIAN_POINT('Ctrl Pts',(118.457088667132,-51.1295628715934,11.));
#12459=CARTESIAN_POINT('Ctrl Pts',(118.457088667132,-51.1295628715934,13.4));
#12460=CARTESIAN_POINT('Ctrl Pts',(118.601551167132,-51.0779691215934,11.));
#12461=CARTESIAN_POINT('Ctrl Pts',(118.601551167132,-51.0779691215934,13.4));
#12462=CARTESIAN_POINT('Ctrl Pts',(118.611869917132,-51.0882878715935,11.));
#12463=CARTESIAN_POINT('Ctrl Pts',(118.611869917132,-51.0882878715935,13.4));
#12464=CARTESIAN_POINT('Ctrl Pts',(118.529319917132,-51.2017941215935,11.));
#12465=CARTESIAN_POINT('Ctrl Pts',(118.529319917132,-51.2017941215935,13.4));
#12466=CARTESIAN_POINT('',(118.457088667132,-51.1295628715934,11.));
#12467=CARTESIAN_POINT('Ctrl Pts',(118.457088667132,-51.1295628715934,11.));
#12468=CARTESIAN_POINT('Ctrl Pts',(118.601551167132,-51.0779691215934,11.));
#12469=CARTESIAN_POINT('Ctrl Pts',(118.611869917132,-51.0882878715935,11.));
#12470=CARTESIAN_POINT('Ctrl Pts',(118.529319917132,-51.2017941215935,11.));
#12471=CARTESIAN_POINT('',(118.457088667132,-51.1295628715934,13.));
#12472=CARTESIAN_POINT('Ctrl Pts',(118.457088667132,-51.1295628715934,13.));
#12473=CARTESIAN_POINT('Ctrl Pts',(118.601551167132,-51.0779691215934,13.));
#12474=CARTESIAN_POINT('Ctrl Pts',(118.611869917132,-51.0882878715935,13.));
#12475=CARTESIAN_POINT('Ctrl Pts',(118.529319917132,-51.2017941215935,13.));
#12476=CARTESIAN_POINT('',(118.457088667132,-51.1295628715934,11.));
#12477=CARTESIAN_POINT('Ctrl Pts',(118.353901167132,-51.0676503715935,11.));
#12478=CARTESIAN_POINT('Ctrl Pts',(118.353901167132,-51.0676503715935,13.4));
#12479=CARTESIAN_POINT('Ctrl Pts',(118.291988667132,-51.1708378715934,11.));
#12480=CARTESIAN_POINT('Ctrl Pts',(118.291988667132,-51.1708378715934,13.4));
#12481=CARTESIAN_POINT('Ctrl Pts',(118.312626167132,-51.1914753715934,11.));
#12482=CARTESIAN_POINT('Ctrl Pts',(118.312626167132,-51.1914753715934,13.4));
#12483=CARTESIAN_POINT('Ctrl Pts',(118.457088667132,-51.1295628715934,11.));
#12484=CARTESIAN_POINT('Ctrl Pts',(118.457088667132,-51.1295628715934,13.4));
#12485=CARTESIAN_POINT('',(118.353901167132,-51.0676503715935,11.));
#12486=CARTESIAN_POINT('Ctrl Pts',(118.353901167132,-51.0676503715935,11.));
#12487=CARTESIAN_POINT('Ctrl Pts',(118.291988667132,-51.1708378715934,11.));
#12488=CARTESIAN_POINT('Ctrl Pts',(118.312626167132,-51.1914753715934,11.));
#12489=CARTESIAN_POINT('Ctrl Pts',(118.457088667132,-51.1295628715934,11.));
#12490=CARTESIAN_POINT('',(118.353901167132,-51.0676503715935,13.));
#12491=CARTESIAN_POINT('Ctrl Pts',(118.353901167132,-51.0676503715935,13.));
#12492=CARTESIAN_POINT('Ctrl Pts',(118.291988667132,-51.1708378715934,13.));
#12493=CARTESIAN_POINT('Ctrl Pts',(118.312626167132,-51.1914753715934,13.));
#12494=CARTESIAN_POINT('Ctrl Pts',(118.457088667132,-51.1295628715934,13.));
#12495=CARTESIAN_POINT('',(118.353901167132,-51.0676503715935,11.));
#12496=CARTESIAN_POINT('Ctrl Pts',(118.322944917132,-51.0057378715934,11.));
#12497=CARTESIAN_POINT('Ctrl Pts',(118.322944917132,-51.0057378715934,13.4));
#12498=CARTESIAN_POINT('Ctrl Pts',(118.395176167132,-50.9541441215934,11.));
#12499=CARTESIAN_POINT('Ctrl Pts',(118.395176167132,-50.9541441215934,13.4));
#12500=CARTESIAN_POINT('Ctrl Pts',(118.405494917132,-50.9747816215935,11.));
#12501=CARTESIAN_POINT('Ctrl Pts',(118.405494917132,-50.9747816215935,13.4));
#12502=CARTESIAN_POINT('Ctrl Pts',(118.353901167132,-51.0676503715935,11.));
#12503=CARTESIAN_POINT('Ctrl Pts',(118.353901167132,-51.0676503715935,13.4));
#12504=CARTESIAN_POINT('',(118.322944917132,-51.0057378715934,11.));
#12505=CARTESIAN_POINT('Ctrl Pts',(118.322944917132,-51.0057378715934,11.));
#12506=CARTESIAN_POINT('Ctrl Pts',(118.395176167132,-50.9541441215934,11.));
#12507=CARTESIAN_POINT('Ctrl Pts',(118.405494917132,-50.9747816215935,11.));
#12508=CARTESIAN_POINT('Ctrl Pts',(118.353901167132,-51.0676503715935,11.));
#12509=CARTESIAN_POINT('',(118.322944917132,-51.0057378715934,13.));
#12510=CARTESIAN_POINT('Ctrl Pts',(118.322944917132,-51.0057378715934,13.));
#12511=CARTESIAN_POINT('Ctrl Pts',(118.395176167132,-50.9541441215934,13.));
#12512=CARTESIAN_POINT('Ctrl Pts',(118.405494917132,-50.9747816215935,13.));
#12513=CARTESIAN_POINT('Ctrl Pts',(118.353901167132,-51.0676503715935,13.));
#12514=CARTESIAN_POINT('',(118.322944917132,-51.0057378715934,11.));
#12515=CARTESIAN_POINT('Ctrl Pts',(118.199119917132,-50.9747816215935,11.));
#12516=CARTESIAN_POINT('Ctrl Pts',(118.199119917132,-50.9747816215935,13.4));
#12517=CARTESIAN_POINT('Ctrl Pts',(118.199119917132,-51.0263753715935,11.));
#12518=CARTESIAN_POINT('Ctrl Pts',(118.199119917132,-51.0263753715935,13.4));
#12519=CARTESIAN_POINT('Ctrl Pts',(118.250713667132,-51.0470128715934,11.));
#12520=CARTESIAN_POINT('Ctrl Pts',(118.250713667132,-51.0470128715934,13.4));
#12521=CARTESIAN_POINT('Ctrl Pts',(118.322944917132,-51.0057378715934,11.));
#12522=CARTESIAN_POINT('Ctrl Pts',(118.322944917132,-51.0057378715934,13.4));
#12523=CARTESIAN_POINT('',(118.199119917132,-50.9747816215935,11.));
#12524=CARTESIAN_POINT('Ctrl Pts',(118.199119917132,-50.9747816215935,11.));
#12525=CARTESIAN_POINT('Ctrl Pts',(118.199119917132,-51.0263753715935,11.));
#12526=CARTESIAN_POINT('Ctrl Pts',(118.250713667132,-51.0470128715934,11.));
#12527=CARTESIAN_POINT('Ctrl Pts',(118.322944917132,-51.0057378715934,11.));
#12528=CARTESIAN_POINT('',(118.199119917132,-50.9747816215935,13.));
#12529=CARTESIAN_POINT('Ctrl Pts',(118.199119917132,-50.9747816215935,13.));
#12530=CARTESIAN_POINT('Ctrl Pts',(118.199119917132,-51.0263753715935,13.));
#12531=CARTESIAN_POINT('Ctrl Pts',(118.250713667132,-51.0470128715934,13.));
#12532=CARTESIAN_POINT('Ctrl Pts',(118.322944917132,-51.0057378715934,13.));
#12533=CARTESIAN_POINT('',(118.199119917132,-50.9747816215935,11.));
#12534=CARTESIAN_POINT('Ctrl Pts',(117.167244917132,-50.9644628715935,11.));
#12535=CARTESIAN_POINT('Ctrl Pts',(117.167244917132,-50.9644628715935,13.4));
#12536=CARTESIAN_POINT('Ctrl Pts',(117.373619917132,-50.8303191215935,11.));
#12537=CARTESIAN_POINT('Ctrl Pts',(117.373619917132,-50.8303191215935,13.4));
#12538=CARTESIAN_POINT('Ctrl Pts',(118.199119917132,-50.8303191215935,11.));
#12539=CARTESIAN_POINT('Ctrl Pts',(118.199119917132,-50.8303191215935,13.4));
#12540=CARTESIAN_POINT('Ctrl Pts',(118.199119917132,-50.9747816215935,11.));
#12541=CARTESIAN_POINT('Ctrl Pts',(118.199119917132,-50.9747816215935,13.4));
#12542=CARTESIAN_POINT('Ctrl Pts',(117.167244917132,-50.9644628715935,11.));
#12543=CARTESIAN_POINT('Ctrl Pts',(117.373619917132,-50.8303191215935,11.));
#12544=CARTESIAN_POINT('Ctrl Pts',(118.199119917132,-50.8303191215935,11.));
#12545=CARTESIAN_POINT('Ctrl Pts',(118.199119917132,-50.9747816215935,11.));
#12546=CARTESIAN_POINT('Ctrl Pts',(117.167244917132,-50.9644628715935,13.));
#12547=CARTESIAN_POINT('Ctrl Pts',(117.373619917132,-50.8303191215935,13.));
#12548=CARTESIAN_POINT('Ctrl Pts',(118.199119917132,-50.8303191215935,13.));
#12549=CARTESIAN_POINT('Ctrl Pts',(118.199119917132,-50.9747816215935,13.));
#12550=CARTESIAN_POINT('Ctrl Pts',(112.657951167132,-57.8470691215934,11.));
#12551=CARTESIAN_POINT('Ctrl Pts',(112.657951167132,-57.8470691215934,13.4));
#12552=CARTESIAN_POINT('Ctrl Pts',(112.565082417132,-57.8470691215934,11.));
#12553=CARTESIAN_POINT('Ctrl Pts',(112.565082417132,-57.8470691215934,13.4));
#12554=CARTESIAN_POINT('Ctrl Pts',(112.554763667132,-57.8057941215935,11.));
#12555=CARTESIAN_POINT('Ctrl Pts',(112.554763667132,-57.8057941215935,13.4));
#12556=CARTESIAN_POINT('Ctrl Pts',(112.637313667132,-57.7026066215935,11.));
#12557=CARTESIAN_POINT('Ctrl Pts',(112.637313667132,-57.7026066215935,13.4));
#12558=CARTESIAN_POINT('',(112.657951167132,-57.8470691215934,11.));
#12559=CARTESIAN_POINT('',(112.637313667132,-57.7026066215935,11.));
#12560=CARTESIAN_POINT('Ctrl Pts',(112.657951167132,-57.8470691215934,11.));
#12561=CARTESIAN_POINT('Ctrl Pts',(112.565082417132,-57.8470691215934,11.));
#12562=CARTESIAN_POINT('Ctrl Pts',(112.554763667132,-57.8057941215935,11.));
#12563=CARTESIAN_POINT('Ctrl Pts',(112.637313667132,-57.7026066215935,11.));
#12564=CARTESIAN_POINT('',(112.637313667132,-57.7026066215935,13.));
#12565=CARTESIAN_POINT('',(112.637313667132,-57.7026066215935,11.));
#12566=CARTESIAN_POINT('',(112.657951167132,-57.8470691215934,13.));
#12567=CARTESIAN_POINT('Ctrl Pts',(112.657951167132,-57.8470691215934,13.));
#12568=CARTESIAN_POINT('Ctrl Pts',(112.565082417132,-57.8470691215934,13.));
#12569=CARTESIAN_POINT('Ctrl Pts',(112.554763667132,-57.8057941215935,13.));
#12570=CARTESIAN_POINT('Ctrl Pts',(112.637313667132,-57.7026066215935,13.));
#12571=CARTESIAN_POINT('',(112.657951167132,-57.8470691215934,11.));
#12572=CARTESIAN_POINT('Ctrl Pts',(112.802413667132,-57.7026066215935,11.));
#12573=CARTESIAN_POINT('Ctrl Pts',(112.802413667132,-57.7026066215935,13.4));
#12574=CARTESIAN_POINT('Ctrl Pts',(112.802413667132,-57.7851566215934,11.));
#12575=CARTESIAN_POINT('Ctrl Pts',(112.802413667132,-57.7851566215934,13.4));
#12576=CARTESIAN_POINT('Ctrl Pts',(112.740501167132,-57.8470691215934,11.));
#12577=CARTESIAN_POINT('Ctrl Pts',(112.740501167132,-57.8470691215934,13.4));
#12578=CARTESIAN_POINT('Ctrl Pts',(112.657951167132,-57.8470691215934,11.));
#12579=CARTESIAN_POINT('Ctrl Pts',(112.657951167132,-57.8470691215934,13.4));
#12580=CARTESIAN_POINT('',(112.802413667132,-57.7026066215935,11.));
#12581=CARTESIAN_POINT('Ctrl Pts',(112.802413667132,-57.7026066215935,11.));
#12582=CARTESIAN_POINT('Ctrl Pts',(112.802413667132,-57.7851566215934,11.));
#12583=CARTESIAN_POINT('Ctrl Pts',(112.740501167132,-57.8470691215934,11.));
#12584=CARTESIAN_POINT('Ctrl Pts',(112.657951167132,-57.8470691215934,11.));
#12585=CARTESIAN_POINT('',(112.802413667132,-57.7026066215935,13.));
#12586=CARTESIAN_POINT('Ctrl Pts',(112.802413667132,-57.7026066215935,13.));
#12587=CARTESIAN_POINT('Ctrl Pts',(112.802413667132,-57.7851566215934,13.));
#12588=CARTESIAN_POINT('Ctrl Pts',(112.740501167132,-57.8470691215934,13.));
#12589=CARTESIAN_POINT('Ctrl Pts',(112.657951167132,-57.8470691215934,13.));
#12590=CARTESIAN_POINT('',(112.802413667132,-57.7026066215935,11.));
#12591=CARTESIAN_POINT('Ctrl Pts',(112.781776167132,-57.5684628715934,11.));
#12592=CARTESIAN_POINT('Ctrl Pts',(112.781776167132,-57.5684628715934,13.4));
#12593=CARTESIAN_POINT('Ctrl Pts',(112.792094917132,-57.5684628715934,11.));
#12594=CARTESIAN_POINT('Ctrl Pts',(112.792094917132,-57.5684628715934,13.4));
#12595=CARTESIAN_POINT('Ctrl Pts',(112.802413667132,-57.6303753715935,11.));
#12596=CARTESIAN_POINT('Ctrl Pts',(112.802413667132,-57.6303753715935,13.4));
#12597=CARTESIAN_POINT('Ctrl Pts',(112.802413667132,-57.7026066215935,11.));
#12598=CARTESIAN_POINT('Ctrl Pts',(112.802413667132,-57.7026066215935,13.4));
#12599=CARTESIAN_POINT('',(112.781776167132,-57.5684628715934,11.));
#12600=CARTESIAN_POINT('Ctrl Pts',(112.781776167132,-57.5684628715934,11.));
#12601=CARTESIAN_POINT('Ctrl Pts',(112.792094917132,-57.5684628715934,11.));
#12602=CARTESIAN_POINT('Ctrl Pts',(112.802413667132,-57.6303753715935,11.));
#12603=CARTESIAN_POINT('Ctrl Pts',(112.802413667132,-57.7026066215935,11.));
#12604=CARTESIAN_POINT('',(112.781776167132,-57.5684628715934,13.));
#12605=CARTESIAN_POINT('Ctrl Pts',(112.781776167132,-57.5684628715934,13.));
#12606=CARTESIAN_POINT('Ctrl Pts',(112.792094917132,-57.5684628715934,13.));
#12607=CARTESIAN_POINT('Ctrl Pts',(112.802413667132,-57.6303753715935,13.));
#12608=CARTESIAN_POINT('Ctrl Pts',(112.802413667132,-57.7026066215935,13.));
#12609=CARTESIAN_POINT('',(112.781776167132,-57.5684628715934,11.));
#12610=CARTESIAN_POINT('Ctrl Pts',(112.637313667132,-57.7026066215935,11.));
#12611=CARTESIAN_POINT('Ctrl Pts',(112.637313667132,-57.7026066215935,13.4));
#12612=CARTESIAN_POINT('Ctrl Pts',(112.699226167132,-57.6303753715935,11.));
#12613=CARTESIAN_POINT('Ctrl Pts',(112.699226167132,-57.6303753715935,13.4));
#12614=CARTESIAN_POINT('Ctrl Pts',(112.761138667132,-57.5684628715934,11.));
#12615=CARTESIAN_POINT('Ctrl Pts',(112.761138667132,-57.5684628715934,13.4));
#12616=CARTESIAN_POINT('Ctrl Pts',(112.781776167132,-57.5684628715934,11.));
#12617=CARTESIAN_POINT('Ctrl Pts',(112.781776167132,-57.5684628715934,13.4));
#12618=CARTESIAN_POINT('Ctrl Pts',(112.637313667132,-57.7026066215935,11.));
#12619=CARTESIAN_POINT('Ctrl Pts',(112.699226167132,-57.6303753715935,11.));
#12620=CARTESIAN_POINT('Ctrl Pts',(112.761138667132,-57.5684628715934,11.));
#12621=CARTESIAN_POINT('Ctrl Pts',(112.781776167132,-57.5684628715934,11.));
#12622=CARTESIAN_POINT('Ctrl Pts',(112.637313667132,-57.7026066215935,13.));
#12623=CARTESIAN_POINT('Ctrl Pts',(112.699226167132,-57.6303753715935,13.));
#12624=CARTESIAN_POINT('Ctrl Pts',(112.761138667132,-57.5684628715934,13.));
#12625=CARTESIAN_POINT('Ctrl Pts',(112.781776167132,-57.5684628715934,13.));
#12626=CARTESIAN_POINT('Origin',(120.662647254686,-56.3378662976863,11.));
#12627=CARTESIAN_POINT('',(122.429807417132,-57.8264316215935,10.9999999999999));
#12628=CARTESIAN_POINT('',(122.439348789309,-57.8150294460454,11.));
#12629=CARTESIAN_POINT('Origin',(119.9615429568,-60.0414348165476,11.0000000015507));
#12630=CARTESIAN_POINT('',(122.429807417132,-57.8264316215935,12.9999999999999));
#12631=CARTESIAN_POINT('',(122.429807417132,-57.8264316215935,10.9999999999999));
#12632=CARTESIAN_POINT('',(122.439348789309,-57.8150294460454,12.9999999999999));
#12633=CARTESIAN_POINT('Origin',(119.961542972708,-60.0414348022649,12.9999999999999));
#12634=CARTESIAN_POINT('',(122.439348789309,-57.8150294460454,10.9999999999999));
#12635=CARTESIAN_POINT('Ctrl Pts',(122.058332417132,-58.0328066215935,10.9999999999999));
#12636=CARTESIAN_POINT('Ctrl Pts',(122.058332417132,-58.0328066215935,13.3999999999999));
#12637=CARTESIAN_POINT('Ctrl Pts',(122.251861754345,-58.0690933723208,10.9999999999999));
#12638=CARTESIAN_POINT('Ctrl Pts',(122.251861754345,-58.0690933723208,13.3999999999999));
#12639=CARTESIAN_POINT('Ctrl Pts',(122.368197698087,-58.1085308738021,10.9999999999999));
#12640=CARTESIAN_POINT('Ctrl Pts',(122.368197698087,-58.1085308738021,13.3999999999999));
#12641=CARTESIAN_POINT('Ctrl Pts',(122.439348789309,-57.8150294460454,10.9999999999999));
#12642=CARTESIAN_POINT('Ctrl Pts',(122.439348789309,-57.8150294460454,13.3999999999999));
#12643=CARTESIAN_POINT('',(122.058332417132,-58.0328066215935,10.9999999999999));
#12644=CARTESIAN_POINT('Ctrl Pts',(122.439348789309,-57.8150294460454,10.9999999999999));
#12645=CARTESIAN_POINT('Ctrl Pts',(122.368197698087,-58.1085308738021,10.9999999999999));
#12646=CARTESIAN_POINT('Ctrl Pts',(122.251861754345,-58.0690933723208,10.9999999999999));
#12647=CARTESIAN_POINT('Ctrl Pts',(122.058332417132,-58.0328066215935,10.9999999999999));
#12648=CARTESIAN_POINT('',(122.058332417132,-58.0328066215935,12.9999999999999));
#12649=CARTESIAN_POINT('Ctrl Pts',(122.058332417132,-58.0328066215935,12.9999999999999));
#12650=CARTESIAN_POINT('Ctrl Pts',(122.251861754345,-58.0690933723208,12.9999999999999));
#12651=CARTESIAN_POINT('Ctrl Pts',(122.368197698087,-58.1085308738021,12.9999999999999));
#12652=CARTESIAN_POINT('Ctrl Pts',(122.439348789309,-57.8150294460454,12.9999999999999));
#12653=CARTESIAN_POINT('',(122.058332417132,-58.0328066215935,10.9999999999999));
#12654=CARTESIAN_POINT('Ctrl Pts',(120.128726167132,-57.9915316215935,10.9999999999999));
#12655=CARTESIAN_POINT('Ctrl Pts',(120.128726167132,-57.9915316215935,13.3999999999999));
#12656=CARTESIAN_POINT('Ctrl Pts',(121.078051167132,-57.9915316215935,10.9999999999999));
#12657=CARTESIAN_POINT('Ctrl Pts',(121.078051167132,-57.9915316215935,13.3999999999999));
#12658=CARTESIAN_POINT('Ctrl Pts',(121.955144917132,-58.0121691215935,10.9999999999999));
#12659=CARTESIAN_POINT('Ctrl Pts',(121.955144917132,-58.0121691215935,13.3999999999999));
#12660=CARTESIAN_POINT('Ctrl Pts',(122.058332417132,-58.0328066215935,10.9999999999999));
#12661=CARTESIAN_POINT('Ctrl Pts',(122.058332417132,-58.0328066215935,13.3999999999999));
#12662=CARTESIAN_POINT('',(120.128726167132,-57.9915316215935,10.9999999999999));
#12663=CARTESIAN_POINT('Ctrl Pts',(122.058332417132,-58.0328066215935,10.9999999999999));
#12664=CARTESIAN_POINT('Ctrl Pts',(121.955144917132,-58.0121691215935,10.9999999999999));
#12665=CARTESIAN_POINT('Ctrl Pts',(121.078051167132,-57.9915316215935,10.9999999999999));
#12666=CARTESIAN_POINT('Ctrl Pts',(120.128726167132,-57.9915316215935,10.9999999999999));
#12667=CARTESIAN_POINT('',(120.128726167132,-57.9915316215935,12.9999999999999));
#12668=CARTESIAN_POINT('Ctrl Pts',(120.128726167132,-57.9915316215935,12.9999999999999));
#12669=CARTESIAN_POINT('Ctrl Pts',(121.078051167132,-57.9915316215935,12.9999999999999));
#12670=CARTESIAN_POINT('Ctrl Pts',(121.955144917132,-58.0121691215935,12.9999999999999));
#12671=CARTESIAN_POINT('Ctrl Pts',(122.058332417132,-58.0328066215935,12.9999999999999));
#12672=CARTESIAN_POINT('',(120.128726167132,-57.9915316215935,10.9999999999999));
#12673=CARTESIAN_POINT('Ctrl Pts',(118.519001167132,-57.7645191215935,10.9999999999999));
#12674=CARTESIAN_POINT('Ctrl Pts',(118.519001167132,-57.7645191215935,13.3999999999999));
#12675=CARTESIAN_POINT('Ctrl Pts',(118.395176167132,-57.9812128715935,10.9999999999999));
#12676=CARTESIAN_POINT('Ctrl Pts',(118.395176167132,-57.9812128715935,13.3999999999999));
#12677=CARTESIAN_POINT('Ctrl Pts',(118.395176167132,-57.9812128715935,10.9999999999999));
#12678=CARTESIAN_POINT('Ctrl Pts',(118.395176167132,-57.9812128715935,13.3999999999999));
#12679=CARTESIAN_POINT('Ctrl Pts',(120.128726167132,-57.9915316215935,10.9999999999999));
#12680=CARTESIAN_POINT('Ctrl Pts',(120.128726167132,-57.9915316215935,13.3999999999999));
#12681=CARTESIAN_POINT('',(118.519001167132,-57.7645191215935,10.9999999999999));
#12682=CARTESIAN_POINT('Ctrl Pts',(120.128726167132,-57.9915316215935,10.9999999999999));
#12683=CARTESIAN_POINT('Ctrl Pts',(118.395176167132,-57.9812128715935,10.9999999999999));
#12684=CARTESIAN_POINT('Ctrl Pts',(118.395176167132,-57.9812128715935,10.9999999999999));
#12685=CARTESIAN_POINT('Ctrl Pts',(118.519001167132,-57.7645191215935,10.9999999999999));
#12686=CARTESIAN_POINT('',(118.519001167132,-57.7645191215935,12.9999999999999));
#12687=CARTESIAN_POINT('Ctrl Pts',(118.519001167132,-57.7645191215935,12.9999999999999));
#12688=CARTESIAN_POINT('Ctrl Pts',(118.395176167132,-57.9812128715935,12.9999999999999));
#12689=CARTESIAN_POINT('Ctrl Pts',(118.395176167132,-57.9812128715935,12.9999999999999));
#12690=CARTESIAN_POINT('Ctrl Pts',(120.128726167132,-57.9915316215935,12.9999999999999));
#12691=CARTESIAN_POINT('',(118.519001167132,-57.7645191215935,10.9999999999999));
#12692=CARTESIAN_POINT('Ctrl Pts',(118.519001167132,-57.6097378715935,10.9999999999999));
#12693=CARTESIAN_POINT('Ctrl Pts',(118.519001167132,-57.6097378715935,13.3999999999999));
#12694=CARTESIAN_POINT('Ctrl Pts',(118.601551167132,-57.5684628715934,10.9999999999999));
#12695=CARTESIAN_POINT('Ctrl Pts',(118.601551167132,-57.5684628715934,13.3999999999999));
#12696=CARTESIAN_POINT('Ctrl Pts',(118.601551167132,-57.6097378715935,10.9999999999999));
#12697=CARTESIAN_POINT('Ctrl Pts',(118.601551167132,-57.6097378715935,13.3999999999999));
#12698=CARTESIAN_POINT('Ctrl Pts',(118.519001167132,-57.7645191215935,10.9999999999999));
#12699=CARTESIAN_POINT('Ctrl Pts',(118.519001167132,-57.7645191215935,13.3999999999999));
#12700=CARTESIAN_POINT('',(118.519001167132,-57.6097378715935,10.9999999999999));
#12701=CARTESIAN_POINT('Ctrl Pts',(118.519001167132,-57.7645191215935,10.9999999999999));
#12702=CARTESIAN_POINT('Ctrl Pts',(118.601551167132,-57.6097378715935,10.9999999999999));
#12703=CARTESIAN_POINT('Ctrl Pts',(118.601551167132,-57.5684628715934,10.9999999999999));
#12704=CARTESIAN_POINT('Ctrl Pts',(118.519001167132,-57.6097378715935,10.9999999999999));
#12705=CARTESIAN_POINT('',(118.519001167132,-57.6097378715935,12.9999999999999));
#12706=CARTESIAN_POINT('Ctrl Pts',(118.519001167132,-57.6097378715935,12.9999999999999));
#12707=CARTESIAN_POINT('Ctrl Pts',(118.601551167132,-57.5684628715934,12.9999999999999));
#12708=CARTESIAN_POINT('Ctrl Pts',(118.601551167132,-57.6097378715935,12.9999999999999));
#12709=CARTESIAN_POINT('Ctrl Pts',(118.519001167132,-57.7645191215935,12.9999999999999));
#12710=CARTESIAN_POINT('',(118.519001167132,-57.6097378715935,10.9999999999999));
#12711=CARTESIAN_POINT('Ctrl Pts',(118.405494917132,-56.9080628715935,10.9999999999999));
#12712=CARTESIAN_POINT('Ctrl Pts',(118.405494917132,-56.9080628715935,13.3999999999999));
#12713=CARTESIAN_POINT('Ctrl Pts',(118.405494917132,-57.4446378715935,10.9999999999999));
#12714=CARTESIAN_POINT('Ctrl Pts',(118.405494917132,-57.4446378715935,13.3999999999999));
#12715=CARTESIAN_POINT('Ctrl Pts',(118.436451167132,-57.6613316215935,10.9999999999999));
#12716=CARTESIAN_POINT('Ctrl Pts',(118.436451167132,-57.6613316215935,13.3999999999999));
#12717=CARTESIAN_POINT('Ctrl Pts',(118.519001167132,-57.6097378715935,10.9999999999999));
#12718=CARTESIAN_POINT('Ctrl Pts',(118.519001167132,-57.6097378715935,13.3999999999999));
#12719=CARTESIAN_POINT('',(118.405494917132,-56.9080628715935,10.9999999999999));
#12720=CARTESIAN_POINT('Ctrl Pts',(118.519001167132,-57.6097378715935,10.9999999999999));
#12721=CARTESIAN_POINT('Ctrl Pts',(118.436451167132,-57.6613316215935,10.9999999999999));
#12722=CARTESIAN_POINT('Ctrl Pts',(118.405494917132,-57.4446378715935,10.9999999999999));
#12723=CARTESIAN_POINT('Ctrl Pts',(118.405494917132,-56.9080628715935,10.9999999999999));
#12724=CARTESIAN_POINT('',(118.405494917132,-56.9080628715935,12.9999999999999));
#12725=CARTESIAN_POINT('Ctrl Pts',(118.405494917132,-56.9080628715935,12.9999999999999));
#12726=CARTESIAN_POINT('Ctrl Pts',(118.405494917132,-57.4446378715935,12.9999999999999));
#12727=CARTESIAN_POINT('Ctrl Pts',(118.436451167132,-57.6613316215935,12.9999999999999));
#12728=CARTESIAN_POINT('Ctrl Pts',(118.519001167132,-57.6097378715935,12.9999999999999));
#12729=CARTESIAN_POINT('',(118.405494917132,-56.9080628715935,10.9999999999999));
#12730=CARTESIAN_POINT('Ctrl Pts',(118.168163667132,-55.9793753715935,10.9999999999999));
#12731=CARTESIAN_POINT('Ctrl Pts',(118.168163667132,-55.9793753715935,13.3999999999999));
#12732=CARTESIAN_POINT('Ctrl Pts',(118.384857417132,-56.1135191215934,10.9999999999999));
#12733=CARTESIAN_POINT('Ctrl Pts',(118.384857417132,-56.1135191215934,13.3999999999999));
#12734=CARTESIAN_POINT('Ctrl Pts',(118.405494917132,-56.2167066215935,10.9999999999999));
#12735=CARTESIAN_POINT('Ctrl Pts',(118.405494917132,-56.2167066215935,13.3999999999999));
#12736=CARTESIAN_POINT('Ctrl Pts',(118.405494917132,-56.9080628715935,10.9999999999999));
#12737=CARTESIAN_POINT('Ctrl Pts',(118.405494917132,-56.9080628715935,13.3999999999999));
#12738=CARTESIAN_POINT('',(118.168163667132,-55.9793753715935,10.9999999999999));
#12739=CARTESIAN_POINT('Ctrl Pts',(118.405494917132,-56.9080628715935,10.9999999999999));
#12740=CARTESIAN_POINT('Ctrl Pts',(118.405494917132,-56.2167066215935,10.9999999999999));
#12741=CARTESIAN_POINT('Ctrl Pts',(118.384857417132,-56.1135191215934,10.9999999999999));
#12742=CARTESIAN_POINT('Ctrl Pts',(118.168163667132,-55.9793753715935,10.9999999999999));
#12743=CARTESIAN_POINT('',(118.168163667132,-55.9793753715935,12.9999999999999));
#12744=CARTESIAN_POINT('Ctrl Pts',(118.168163667132,-55.9793753715935,12.9999999999999));
#12745=CARTESIAN_POINT('Ctrl Pts',(118.384857417132,-56.1135191215934,12.9999999999999));
#12746=CARTESIAN_POINT('Ctrl Pts',(118.405494917132,-56.2167066215935,12.9999999999999));
#12747=CARTESIAN_POINT('Ctrl Pts',(118.405494917132,-56.9080628715935,12.9999999999999));
#12748=CARTESIAN_POINT('',(118.168163667132,-55.9793753715935,10.9999999999999));
#12749=CARTESIAN_POINT('Ctrl Pts',(117.208519917132,-56.0309691215935,11.));
#12750=CARTESIAN_POINT('Ctrl Pts',(117.208519917132,-56.0309691215935,13.4));
#12751=CARTESIAN_POINT('Ctrl Pts',(117.497444917132,-55.8142753715935,11.));
#12752=CARTESIAN_POINT('Ctrl Pts',(117.497444917132,-55.8142753715935,13.4));
#12753=CARTESIAN_POINT('Ctrl Pts',(117.899876167132,-55.7936378715935,11.));
#12754=CARTESIAN_POINT('Ctrl Pts',(117.899876167132,-55.7936378715935,13.4));
#12755=CARTESIAN_POINT('Ctrl Pts',(118.168163667132,-55.9793753715935,10.9999999999999));
#12756=CARTESIAN_POINT('Ctrl Pts',(118.168163667132,-55.9793753715935,13.3999999999999));
#12757=CARTESIAN_POINT('',(117.208519917132,-56.0309691215935,11.));
#12758=CARTESIAN_POINT('Ctrl Pts',(118.168163667132,-55.9793753715935,10.9999999999999));
#12759=CARTESIAN_POINT('Ctrl Pts',(117.899876167132,-55.7936378715935,11.));
#12760=CARTESIAN_POINT('Ctrl Pts',(117.497444917132,-55.8142753715935,11.));
#12761=CARTESIAN_POINT('Ctrl Pts',(117.208519917132,-56.0309691215935,11.));
#12762=CARTESIAN_POINT('',(117.208519917132,-56.0309691215935,13.));
#12763=CARTESIAN_POINT('Ctrl Pts',(117.208519917132,-56.0309691215935,13.));
#12764=CARTESIAN_POINT('Ctrl Pts',(117.497444917132,-55.8142753715935,13.));
#12765=CARTESIAN_POINT('Ctrl Pts',(117.899876167132,-55.7936378715935,13.));
#12766=CARTESIAN_POINT('Ctrl Pts',(118.168163667132,-55.9793753715935,12.9999999999999));
#12767=CARTESIAN_POINT('',(117.208519917132,-56.0309691215935,11.));
#12768=CARTESIAN_POINT('Ctrl Pts',(116.971188667132,-57.0009316215935,10.9999999999999));
#12769=CARTESIAN_POINT('Ctrl Pts',(116.971188667132,-57.0009316215935,13.4));
#12770=CARTESIAN_POINT('Ctrl Pts',(117.002144917132,-56.3198941215934,11.));
#12771=CARTESIAN_POINT('Ctrl Pts',(117.002144917132,-56.3198941215934,13.4000000000001));
#12772=CARTESIAN_POINT('Ctrl Pts',(117.043419917132,-56.1444753715934,11.));
#12773=CARTESIAN_POINT('Ctrl Pts',(117.043419917132,-56.1444753715934,13.4000000000001));
#12774=CARTESIAN_POINT('Ctrl Pts',(117.208519917132,-56.0309691215935,11.));
#12775=CARTESIAN_POINT('Ctrl Pts',(117.208519917132,-56.0309691215935,13.4000000000001));
#12776=CARTESIAN_POINT('',(116.971188667132,-57.0009316215935,10.9999999999999));
#12777=CARTESIAN_POINT('Ctrl Pts',(117.208519917132,-56.0309691215935,11.));
#12778=CARTESIAN_POINT('Ctrl Pts',(117.043419917132,-56.1444753715934,11.));
#12779=CARTESIAN_POINT('Ctrl Pts',(117.002144917132,-56.3198941215934,11.));
#12780=CARTESIAN_POINT('Ctrl Pts',(116.971188667132,-57.0009316215935,10.9999999999999));
#12781=CARTESIAN_POINT('',(116.971188667132,-57.0009316215935,12.9999999999999));
#12782=CARTESIAN_POINT('Ctrl Pts',(116.971188667132,-57.0009316215935,12.9999999999999));
#12783=CARTESIAN_POINT('Ctrl Pts',(117.002144917132,-56.3198941215934,13.));
#12784=CARTESIAN_POINT('Ctrl Pts',(117.043419917132,-56.1444753715934,13.));
#12785=CARTESIAN_POINT('Ctrl Pts',(117.208519917132,-56.0309691215935,13.));
#12786=CARTESIAN_POINT('',(116.971188667132,-57.0009316215935,10.9999999999999));
#12787=CARTESIAN_POINT('Ctrl Pts',(116.857682417132,-57.9089816215935,10.9999999999999));
#12788=CARTESIAN_POINT('Ctrl Pts',(116.857682417132,-57.9089816215935,13.3999999999999));
#12789=CARTESIAN_POINT('Ctrl Pts',(116.909276167132,-57.8677066215934,10.9999999999999));
#12790=CARTESIAN_POINT('Ctrl Pts',(116.909276167132,-57.8677066215934,13.3999999999999));
#12791=CARTESIAN_POINT('Ctrl Pts',(116.960869917132,-57.4549566215935,10.9999999999999));
#12792=CARTESIAN_POINT('Ctrl Pts',(116.960869917132,-57.4549566215935,13.3999999999999));
#12793=CARTESIAN_POINT('Ctrl Pts',(116.971188667132,-57.0009316215935,10.9999999999999));
#12794=CARTESIAN_POINT('Ctrl Pts',(116.971188667132,-57.0009316215935,13.3999999999999));
#12795=CARTESIAN_POINT('',(116.857682417132,-57.9089816215935,10.9999999999999));
#12796=CARTESIAN_POINT('Ctrl Pts',(116.971188667132,-57.0009316215935,10.9999999999999));
#12797=CARTESIAN_POINT('Ctrl Pts',(116.960869917132,-57.4549566215935,10.9999999999999));
#12798=CARTESIAN_POINT('Ctrl Pts',(116.909276167132,-57.8677066215934,10.9999999999999));
#12799=CARTESIAN_POINT('Ctrl Pts',(116.857682417132,-57.9089816215935,10.9999999999999));
#12800=CARTESIAN_POINT('',(116.857682417132,-57.9089816215935,12.9999999999999));
#12801=CARTESIAN_POINT('Ctrl Pts',(116.857682417132,-57.9089816215935,12.9999999999999));
#12802=CARTESIAN_POINT('Ctrl Pts',(116.909276167132,-57.8677066215934,12.9999999999999));
#12803=CARTESIAN_POINT('Ctrl Pts',(116.960869917132,-57.4549566215935,12.9999999999999));
#12804=CARTESIAN_POINT('Ctrl Pts',(116.971188667132,-57.0009316215935,12.9999999999999));
#12805=CARTESIAN_POINT('',(116.857682417132,-57.9089816215935,10.9999999999999));
#12806=CARTESIAN_POINT('Ctrl Pts',(112.410301167132,-57.9193003715935,11.));
#12807=CARTESIAN_POINT('Ctrl Pts',(112.410301167132,-57.9193003715935,13.4));
#12808=CARTESIAN_POINT('Ctrl Pts',(112.565082417132,-58.0224878715934,11.));
#12809=CARTESIAN_POINT('Ctrl Pts',(112.565082417132,-58.0224878715934,13.4));
#12810=CARTESIAN_POINT('Ctrl Pts',(116.764813667132,-58.0121691215935,10.9999999999999));
#12811=CARTESIAN_POINT('Ctrl Pts',(116.764813667132,-58.0121691215935,13.3999999999999));
#12812=CARTESIAN_POINT('Ctrl Pts',(116.857682417132,-57.9089816215935,10.9999999999999));
#12813=CARTESIAN_POINT('Ctrl Pts',(116.857682417132,-57.9089816215935,13.3999999999999));
#12814=CARTESIAN_POINT('',(112.410301167132,-57.9193003715935,11.));
#12815=CARTESIAN_POINT('Ctrl Pts',(116.857682417132,-57.9089816215935,10.9999999999999));
#12816=CARTESIAN_POINT('Ctrl Pts',(116.764813667132,-58.0121691215935,10.9999999999999));
#12817=CARTESIAN_POINT('Ctrl Pts',(112.565082417132,-58.0224878715934,11.));
#12818=CARTESIAN_POINT('Ctrl Pts',(112.410301167132,-57.9193003715935,11.));
#12819=CARTESIAN_POINT('',(112.410301167132,-57.9193003715935,13.));
#12820=CARTESIAN_POINT('Ctrl Pts',(112.410301167132,-57.9193003715935,13.));
#12821=CARTESIAN_POINT('Ctrl Pts',(112.565082417132,-58.0224878715934,13.));
#12822=CARTESIAN_POINT('Ctrl Pts',(116.764813667132,-58.0121691215935,12.9999999999999));
#12823=CARTESIAN_POINT('Ctrl Pts',(116.857682417132,-57.9089816215935,12.9999999999999));
#12824=CARTESIAN_POINT('',(112.410301167132,-57.9193003715935,11.));
#12825=CARTESIAN_POINT('Ctrl Pts',(112.389663667132,-57.7645191215935,11.));
#12826=CARTESIAN_POINT('Ctrl Pts',(112.389663667132,-57.7645191215935,13.4));
#12827=CARTESIAN_POINT('Ctrl Pts',(112.338069917132,-57.8161128715934,11.));
#12828=CARTESIAN_POINT('Ctrl Pts',(112.338069917132,-57.8161128715934,13.4));
#12829=CARTESIAN_POINT('Ctrl Pts',(112.348388667132,-57.8883441215935,11.));
#12830=CARTESIAN_POINT('Ctrl Pts',(112.348388667132,-57.8883441215935,13.4));
#12831=CARTESIAN_POINT('Ctrl Pts',(112.410301167132,-57.9193003715935,11.));
#12832=CARTESIAN_POINT('Ctrl Pts',(112.410301167132,-57.9193003715935,13.4));
#12833=CARTESIAN_POINT('',(112.389663667132,-57.7645191215935,11.));
#12834=CARTESIAN_POINT('Ctrl Pts',(112.410301167132,-57.9193003715935,11.));
#12835=CARTESIAN_POINT('Ctrl Pts',(112.348388667132,-57.8883441215935,11.));
#12836=CARTESIAN_POINT('Ctrl Pts',(112.338069917132,-57.8161128715934,11.));
#12837=CARTESIAN_POINT('Ctrl Pts',(112.389663667132,-57.7645191215935,11.));
#12838=CARTESIAN_POINT('',(112.389663667132,-57.7645191215935,13.));
#12839=CARTESIAN_POINT('Ctrl Pts',(112.389663667132,-57.7645191215935,13.));
#12840=CARTESIAN_POINT('Ctrl Pts',(112.338069917132,-57.8161128715934,13.));
#12841=CARTESIAN_POINT('Ctrl Pts',(112.348388667132,-57.8883441215935,13.));
#12842=CARTESIAN_POINT('Ctrl Pts',(112.410301167132,-57.9193003715935,13.));
#12843=CARTESIAN_POINT('',(112.389663667132,-57.7645191215935,11.));
#12844=CARTESIAN_POINT('Ctrl Pts',(112.420619917132,-52.5741878715935,11.));
#12845=CARTESIAN_POINT('Ctrl Pts',(112.420619917132,-52.5741878715935,13.4));
#12846=CARTESIAN_POINT('Ctrl Pts',(112.451576167132,-55.3808878715935,11.));
#12847=CARTESIAN_POINT('Ctrl Pts',(112.451576167132,-55.3808878715935,13.4));
#12848=CARTESIAN_POINT('Ctrl Pts',(112.430938667132,-57.7232441215935,11.));
#12849=CARTESIAN_POINT('Ctrl Pts',(112.430938667132,-57.7232441215935,13.4));
#12850=CARTESIAN_POINT('Ctrl Pts',(112.389663667132,-57.7645191215935,11.));
#12851=CARTESIAN_POINT('Ctrl Pts',(112.389663667132,-57.7645191215935,13.4));
#12852=CARTESIAN_POINT('',(112.420619917132,-52.5741878715935,11.));
#12853=CARTESIAN_POINT('Ctrl Pts',(112.389663667132,-57.7645191215935,11.));
#12854=CARTESIAN_POINT('Ctrl Pts',(112.430938667132,-57.7232441215935,11.));
#12855=CARTESIAN_POINT('Ctrl Pts',(112.451576167132,-55.3808878715935,11.));
#12856=CARTESIAN_POINT('Ctrl Pts',(112.420619917132,-52.5741878715935,11.));
#12857=CARTESIAN_POINT('',(112.420619917132,-52.5741878715935,13.));
#12858=CARTESIAN_POINT('Ctrl Pts',(112.420619917132,-52.5741878715935,13.));
#12859=CARTESIAN_POINT('Ctrl Pts',(112.451576167132,-55.3808878715935,13.));
#12860=CARTESIAN_POINT('Ctrl Pts',(112.430938667132,-57.7232441215935,13.));
#12861=CARTESIAN_POINT('Ctrl Pts',(112.389663667132,-57.7645191215935,13.));
#12862=CARTESIAN_POINT('',(112.420619917132,-52.5741878715935,11.));
#12863=CARTESIAN_POINT('Ctrl Pts',(112.441257417132,-47.5180003715935,11.));
#12864=CARTESIAN_POINT('Ctrl Pts',(112.441257417132,-47.5180003715935,13.4));
#12865=CARTESIAN_POINT('Ctrl Pts',(112.399982417132,-47.4973628715934,11.));
#12866=CARTESIAN_POINT('Ctrl Pts',(112.399982417132,-47.4973628715934,13.4));
#12867=CARTESIAN_POINT('Ctrl Pts',(112.389663667132,-49.7674878715934,11.));
#12868=CARTESIAN_POINT('Ctrl Pts',(112.389663667132,-49.7674878715934,13.4));
#12869=CARTESIAN_POINT('Ctrl Pts',(112.420619917132,-52.5741878715935,11.));
#12870=CARTESIAN_POINT('Ctrl Pts',(112.420619917132,-52.5741878715935,13.4));
#12871=CARTESIAN_POINT('',(112.441257417132,-47.5180003715935,11.));
#12872=CARTESIAN_POINT('Ctrl Pts',(112.420619917132,-52.5741878715935,11.));
#12873=CARTESIAN_POINT('Ctrl Pts',(112.389663667132,-49.7674878715934,11.));
#12874=CARTESIAN_POINT('Ctrl Pts',(112.399982417132,-47.4973628715934,11.));
#12875=CARTESIAN_POINT('Ctrl Pts',(112.441257417132,-47.5180003715935,11.));
#12876=CARTESIAN_POINT('',(112.441257417132,-47.5180003715935,13.));
#12877=CARTESIAN_POINT('Ctrl Pts',(112.441257417132,-47.5180003715935,13.));
#12878=CARTESIAN_POINT('Ctrl Pts',(112.399982417132,-47.4973628715934,13.));
#12879=CARTESIAN_POINT('Ctrl Pts',(112.389663667132,-49.7674878715934,13.));
#12880=CARTESIAN_POINT('Ctrl Pts',(112.420619917132,-52.5741878715935,13.));
#12881=CARTESIAN_POINT('',(112.441257417132,-47.5180003715935,11.));
#12882=CARTESIAN_POINT('Ctrl Pts',(112.575401167132,-47.4457691215935,11.));
#12883=CARTESIAN_POINT('Ctrl Pts',(112.575401167132,-47.4457691215935,13.4));
#12884=CARTESIAN_POINT('Ctrl Pts',(112.544444917132,-47.5076816215935,11.));
#12885=CARTESIAN_POINT('Ctrl Pts',(112.544444917132,-47.5076816215935,13.4));
#12886=CARTESIAN_POINT('Ctrl Pts',(112.482532417132,-47.5386378715935,11.));
#12887=CARTESIAN_POINT('Ctrl Pts',(112.482532417132,-47.5386378715935,13.4));
#12888=CARTESIAN_POINT('Ctrl Pts',(112.441257417132,-47.5180003715935,11.));
#12889=CARTESIAN_POINT('Ctrl Pts',(112.441257417132,-47.5180003715935,13.4));
#12890=CARTESIAN_POINT('',(112.575401167132,-47.4457691215935,11.));
#12891=CARTESIAN_POINT('Ctrl Pts',(112.441257417132,-47.5180003715935,11.));
#12892=CARTESIAN_POINT('Ctrl Pts',(112.482532417132,-47.5386378715935,11.));
#12893=CARTESIAN_POINT('Ctrl Pts',(112.544444917132,-47.5076816215935,11.));
#12894=CARTESIAN_POINT('Ctrl Pts',(112.575401167132,-47.4457691215935,11.));
#12895=CARTESIAN_POINT('',(112.575401167132,-47.4457691215935,13.));
#12896=CARTESIAN_POINT('Ctrl Pts',(112.575401167132,-47.4457691215935,13.));
#12897=CARTESIAN_POINT('Ctrl Pts',(112.544444917132,-47.5076816215935,13.));
#12898=CARTESIAN_POINT('Ctrl Pts',(112.482532417132,-47.5386378715935,13.));
#12899=CARTESIAN_POINT('Ctrl Pts',(112.441257417132,-47.5180003715935,13.));
#12900=CARTESIAN_POINT('',(112.575401167132,-47.4457691215935,11.));
#12901=CARTESIAN_POINT('Ctrl Pts',(112.792094917132,-47.3941753715934,11.));
#12902=CARTESIAN_POINT('Ctrl Pts',(112.792094917132,-47.3941753715934,13.4));
#12903=CARTESIAN_POINT('Ctrl Pts',(112.709544917132,-47.3632191215934,11.));
#12904=CARTESIAN_POINT('Ctrl Pts',(112.709544917132,-47.3632191215934,13.4));
#12905=CARTESIAN_POINT('Ctrl Pts',(112.616676167132,-47.3941753715934,11.));
#12906=CARTESIAN_POINT('Ctrl Pts',(112.616676167132,-47.3941753715934,13.4));
#12907=CARTESIAN_POINT('Ctrl Pts',(112.575401167132,-47.4457691215935,11.));
#12908=CARTESIAN_POINT('Ctrl Pts',(112.575401167132,-47.4457691215935,13.4));
#12909=CARTESIAN_POINT('',(112.792094917132,-47.3941753715934,11.));
#12910=CARTESIAN_POINT('Ctrl Pts',(112.575401167132,-47.4457691215935,11.));
#12911=CARTESIAN_POINT('Ctrl Pts',(112.616676167132,-47.3941753715934,11.));
#12912=CARTESIAN_POINT('Ctrl Pts',(112.709544917132,-47.3632191215934,11.));
#12913=CARTESIAN_POINT('Ctrl Pts',(112.792094917132,-47.3941753715934,11.));
#12914=CARTESIAN_POINT('',(112.792094917132,-47.3941753715934,13.));
#12915=CARTESIAN_POINT('Ctrl Pts',(112.792094917132,-47.3941753715934,13.));
#12916=CARTESIAN_POINT('Ctrl Pts',(112.709544917132,-47.3632191215934,13.));
#12917=CARTESIAN_POINT('Ctrl Pts',(112.616676167132,-47.3941753715934,13.));
#12918=CARTESIAN_POINT('Ctrl Pts',(112.575401167132,-47.4457691215935,13.));
#12919=CARTESIAN_POINT('',(112.792094917132,-47.3941753715934,11.));
#12920=CARTESIAN_POINT('Ctrl Pts',(117.569676167132,-47.4560878715934,11.));
#12921=CARTESIAN_POINT('Ctrl Pts',(117.569676167132,-47.4560878715934,13.4));
#12922=CARTESIAN_POINT('Ctrl Pts',(115.020944917132,-47.4560878715934,11.));
#12923=CARTESIAN_POINT('Ctrl Pts',(115.020944917132,-47.4560878715934,13.4));
#12924=CARTESIAN_POINT('Ctrl Pts',(112.874644917132,-47.4251316215935,11.));
#12925=CARTESIAN_POINT('Ctrl Pts',(112.874644917132,-47.4251316215935,13.4));
#12926=CARTESIAN_POINT('Ctrl Pts',(112.792094917132,-47.3941753715934,11.));
#12927=CARTESIAN_POINT('Ctrl Pts',(112.792094917132,-47.3941753715934,13.4));
#12928=CARTESIAN_POINT('',(117.569676167132,-47.4560878715934,11.));
#12929=CARTESIAN_POINT('Ctrl Pts',(112.792094917132,-47.3941753715934,11.));
#12930=CARTESIAN_POINT('Ctrl Pts',(112.874644917132,-47.4251316215935,11.));
#12931=CARTESIAN_POINT('Ctrl Pts',(115.020944917132,-47.4560878715934,11.));
#12932=CARTESIAN_POINT('Ctrl Pts',(117.569676167132,-47.4560878715934,11.));
#12933=CARTESIAN_POINT('',(117.569676167132,-47.4560878715934,13.));
#12934=CARTESIAN_POINT('Ctrl Pts',(117.569676167132,-47.4560878715934,13.));
#12935=CARTESIAN_POINT('Ctrl Pts',(115.020944917132,-47.4560878715934,13.));
#12936=CARTESIAN_POINT('Ctrl Pts',(112.874644917132,-47.4251316215935,13.));
#12937=CARTESIAN_POINT('Ctrl Pts',(112.792094917132,-47.3941753715934,13.));
#12938=CARTESIAN_POINT('',(117.569676167132,-47.4560878715934,11.));
#12939=CARTESIAN_POINT('Ctrl Pts',(122.378213667132,-47.3941753715934,11.));
#12940=CARTESIAN_POINT('Ctrl Pts',(122.378213667132,-47.3941753715934,13.4));
#12941=CARTESIAN_POINT('Ctrl Pts',(122.275026167132,-47.4354503715934,11.));
#12942=CARTESIAN_POINT('Ctrl Pts',(122.275026167132,-47.4354503715934,13.4));
#12943=CARTESIAN_POINT('Ctrl Pts',(120.108088667132,-47.4664066215934,11.));
#12944=CARTESIAN_POINT('Ctrl Pts',(120.108088667132,-47.4664066215934,13.4));
#12945=CARTESIAN_POINT('Ctrl Pts',(117.569676167132,-47.4560878715934,11.));
#12946=CARTESIAN_POINT('Ctrl Pts',(117.569676167132,-47.4560878715934,13.4));
#12947=CARTESIAN_POINT('',(122.378213667132,-47.3941753715934,11.));
#12948=CARTESIAN_POINT('Ctrl Pts',(117.569676167132,-47.4560878715934,11.));
#12949=CARTESIAN_POINT('Ctrl Pts',(120.108088667132,-47.4664066215934,11.));
#12950=CARTESIAN_POINT('Ctrl Pts',(122.275026167132,-47.4354503715934,11.));
#12951=CARTESIAN_POINT('Ctrl Pts',(122.378213667132,-47.3941753715934,11.));
#12952=CARTESIAN_POINT('',(122.378213667132,-47.3941753715934,13.));
#12953=CARTESIAN_POINT('Ctrl Pts',(122.378213667132,-47.3941753715934,13.));
#12954=CARTESIAN_POINT('Ctrl Pts',(122.275026167132,-47.4354503715934,13.));
#12955=CARTESIAN_POINT('Ctrl Pts',(120.108088667132,-47.4664066215934,13.));
#12956=CARTESIAN_POINT('Ctrl Pts',(117.569676167132,-47.4560878715934,13.));
#12957=CARTESIAN_POINT('',(122.378213667132,-47.3941753715934,11.));
#12958=CARTESIAN_POINT('Ctrl Pts',(122.491719917132,-47.4354503715934,11.));
#12959=CARTESIAN_POINT('Ctrl Pts',(122.491719917132,-47.4354503715934,13.4));
#12960=CARTESIAN_POINT('Ctrl Pts',(122.543313667132,-47.3529003715934,11.));
#12961=CARTESIAN_POINT('Ctrl Pts',(122.543313667132,-47.3529003715934,13.4));
#12962=CARTESIAN_POINT('Ctrl Pts',(122.512357417132,-47.3425816215935,11.));
#12963=CARTESIAN_POINT('Ctrl Pts',(122.512357417132,-47.3425816215935,13.4));
#12964=CARTESIAN_POINT('Ctrl Pts',(122.378213667132,-47.3941753715934,11.));
#12965=CARTESIAN_POINT('Ctrl Pts',(122.378213667132,-47.3941753715934,13.4));
#12966=CARTESIAN_POINT('',(122.491719917132,-47.4354503715934,11.));
#12967=CARTESIAN_POINT('Ctrl Pts',(122.378213667132,-47.3941753715934,11.));
#12968=CARTESIAN_POINT('Ctrl Pts',(122.512357417132,-47.3425816215935,11.));
#12969=CARTESIAN_POINT('Ctrl Pts',(122.543313667132,-47.3529003715934,11.));
#12970=CARTESIAN_POINT('Ctrl Pts',(122.491719917132,-47.4354503715934,11.));
#12971=CARTESIAN_POINT('',(122.491719917132,-47.4354503715934,13.));
#12972=CARTESIAN_POINT('Ctrl Pts',(122.491719917132,-47.4354503715934,13.));
#12973=CARTESIAN_POINT('Ctrl Pts',(122.543313667132,-47.3529003715934,13.));
#12974=CARTESIAN_POINT('Ctrl Pts',(122.512357417132,-47.3425816215935,13.));
#12975=CARTESIAN_POINT('Ctrl Pts',(122.378213667132,-47.3941753715934,13.));
#12976=CARTESIAN_POINT('',(122.491719917132,-47.4354503715934,11.));
#12977=CARTESIAN_POINT('Ctrl Pts',(122.502038667132,-47.5592753715935,11.));
#12978=CARTESIAN_POINT('Ctrl Pts',(122.502038667132,-47.5592753715935,13.4));
#12979=CARTESIAN_POINT('Ctrl Pts',(122.450444917132,-47.5592753715935,11.));
#12980=CARTESIAN_POINT('Ctrl Pts',(122.450444917132,-47.5592753715935,13.4));
#12981=CARTESIAN_POINT('Ctrl Pts',(122.450444917132,-47.5076816215935,11.));
#12982=CARTESIAN_POINT('Ctrl Pts',(122.450444917132,-47.5076816215935,13.4));
#12983=CARTESIAN_POINT('Ctrl Pts',(122.491719917132,-47.4354503715934,11.));
#12984=CARTESIAN_POINT('Ctrl Pts',(122.491719917132,-47.4354503715934,13.4));
#12985=CARTESIAN_POINT('',(122.502038667132,-47.5592753715935,11.));
#12986=CARTESIAN_POINT('Ctrl Pts',(122.491719917132,-47.4354503715934,11.));
#12987=CARTESIAN_POINT('Ctrl Pts',(122.450444917132,-47.5076816215935,11.));
#12988=CARTESIAN_POINT('Ctrl Pts',(122.450444917132,-47.5592753715935,11.));
#12989=CARTESIAN_POINT('Ctrl Pts',(122.502038667132,-47.5592753715935,11.));
#12990=CARTESIAN_POINT('',(122.502038667132,-47.5592753715935,13.));
#12991=CARTESIAN_POINT('Ctrl Pts',(122.502038667132,-47.5592753715935,13.));
#12992=CARTESIAN_POINT('Ctrl Pts',(122.450444917132,-47.5592753715935,13.));
#12993=CARTESIAN_POINT('Ctrl Pts',(122.450444917132,-47.5076816215935,13.));
#12994=CARTESIAN_POINT('Ctrl Pts',(122.491719917132,-47.4354503715934,13.));
#12995=CARTESIAN_POINT('',(122.502038667132,-47.5592753715935,11.));
#12996=CARTESIAN_POINT('Ctrl Pts',(122.563951167132,-52.7392878715935,11.));
#12997=CARTESIAN_POINT('Ctrl Pts',(122.563951167132,-52.7392878715935,13.4));
#12998=CARTESIAN_POINT('Ctrl Pts',(122.574269917132,-49.8913128715934,11.));
#12999=CARTESIAN_POINT('Ctrl Pts',(122.574269917132,-49.8913128715934,13.4));
#13000=CARTESIAN_POINT('Ctrl Pts',(122.543313667132,-47.5592753715935,11.));
#13001=CARTESIAN_POINT('Ctrl Pts',(122.543313667132,-47.5592753715935,13.4));
#13002=CARTESIAN_POINT('Ctrl Pts',(122.502038667132,-47.5592753715935,11.));
#13003=CARTESIAN_POINT('Ctrl Pts',(122.502038667132,-47.5592753715935,13.4));
#13004=CARTESIAN_POINT('',(122.563951167132,-52.7392878715935,11.));
#13005=CARTESIAN_POINT('Ctrl Pts',(122.502038667132,-47.5592753715935,11.));
#13006=CARTESIAN_POINT('Ctrl Pts',(122.543313667132,-47.5592753715935,11.));
#13007=CARTESIAN_POINT('Ctrl Pts',(122.574269917132,-49.8913128715934,11.));
#13008=CARTESIAN_POINT('Ctrl Pts',(122.563951167132,-52.7392878715935,11.));
#13009=CARTESIAN_POINT('',(122.563951167132,-52.7392878715935,13.));
#13010=CARTESIAN_POINT('Ctrl Pts',(122.563951167132,-52.7392878715935,13.));
#13011=CARTESIAN_POINT('Ctrl Pts',(122.574269917132,-49.8913128715934,13.));
#13012=CARTESIAN_POINT('Ctrl Pts',(122.543313667132,-47.5592753715935,13.));
#13013=CARTESIAN_POINT('Ctrl Pts',(122.502038667132,-47.5592753715935,13.));
#13014=CARTESIAN_POINT('',(122.563951167132,-52.7392878715935,11.));
#13015=CARTESIAN_POINT('Ctrl Pts',(122.461699519017,-57.7028087446714,10.9999999999999));
#13016=CARTESIAN_POINT('Ctrl Pts',(122.461699519017,-57.7028087446714,13.4));
#13017=CARTESIAN_POINT('Ctrl Pts',(122.550510942377,-57.1636067493929,10.9999999999999));
#13018=CARTESIAN_POINT('Ctrl Pts',(122.550510942377,-57.1636067493929,13.4));
#13019=CARTESIAN_POINT('Ctrl Pts',(122.552284876786,-55.8483542488136,10.9999999999999));
#13020=CARTESIAN_POINT('Ctrl Pts',(122.552284876786,-55.8483542488136,13.4));
#13021=CARTESIAN_POINT('Ctrl Pts',(122.563951167132,-52.7392878715935,11.));
#13022=CARTESIAN_POINT('Ctrl Pts',(122.563951167132,-52.7392878715935,13.4000000000001));
#13023=CARTESIAN_POINT('',(122.461699519017,-57.7028087446714,10.9999999999999));
#13024=CARTESIAN_POINT('Ctrl Pts',(122.563951167132,-52.7392878715935,11.));
#13025=CARTESIAN_POINT('Ctrl Pts',(122.552284876786,-55.8483542488136,10.9999999999999));
#13026=CARTESIAN_POINT('Ctrl Pts',(122.550510942377,-57.1636067493929,10.9999999999999));
#13027=CARTESIAN_POINT('Ctrl Pts',(122.461699519017,-57.7028087446714,10.9999999999999));
#13028=CARTESIAN_POINT('',(122.461699519017,-57.7028087446714,12.9999999999999));
#13029=CARTESIAN_POINT('Ctrl Pts',(122.461699519017,-57.7028087446714,12.9999999999999));
#13030=CARTESIAN_POINT('Ctrl Pts',(122.550510942377,-57.1636067493929,12.9999999999999));
#13031=CARTESIAN_POINT('Ctrl Pts',(122.552284876786,-55.8483542488136,12.9999999999999));
#13032=CARTESIAN_POINT('Ctrl Pts',(122.563951167132,-52.7392878715935,13.));
#13033=CARTESIAN_POINT('',(122.461699519017,-57.7028087446714,10.9999999999999));
#13034=CARTESIAN_POINT('Ctrl Pts',(122.285344917132,-57.8264316215935,10.9999999999999));
#13035=CARTESIAN_POINT('Ctrl Pts',(122.285344917132,-57.8264316215935,13.3999999999999));
#13036=CARTESIAN_POINT('Ctrl Pts',(122.36285348332,-57.7675251112904,10.9999999999999));
#13037=CARTESIAN_POINT('Ctrl Pts',(122.36285348332,-57.7675251112904,13.3999999999999));
#13038=CARTESIAN_POINT('Ctrl Pts',(122.421731644601,-57.7263174856497,10.9999999999999));
#13039=CARTESIAN_POINT('Ctrl Pts',(122.421731644601,-57.7263174856497,13.3999999999999));
#13040=CARTESIAN_POINT('Ctrl Pts',(122.461699519017,-57.7028087446714,10.9999999999999));
#13041=CARTESIAN_POINT('Ctrl Pts',(122.461699519017,-57.7028087446714,13.3999999999999));
#13042=CARTESIAN_POINT('',(122.285344917132,-57.8264316215935,10.9999999999999));
#13043=CARTESIAN_POINT('Origin',(120.109610094808,-59.9119432245828,10.9999999999999));
#13044=CARTESIAN_POINT('',(122.285344917132,-57.8264316215935,12.9999999999999));
#13045=CARTESIAN_POINT('Origin',(120.10961009482,-59.9119432245707,12.9999999999999));
#13046=CARTESIAN_POINT('',(122.285344917132,-57.8264316215935,10.9999999999999));
#13047=CARTESIAN_POINT('Ctrl Pts',(122.192476167132,-57.9812128715935,10.9999999999999));
#13048=CARTESIAN_POINT('Ctrl Pts',(122.192476167132,-57.9812128715935,13.3999999999999));
#13049=CARTESIAN_POINT('Ctrl Pts',(122.130563667132,-57.9812128715935,10.9999999999999));
#13050=CARTESIAN_POINT('Ctrl Pts',(122.130563667132,-57.9812128715935,13.3999999999999));
#13051=CARTESIAN_POINT('Ctrl Pts',(122.171838667132,-57.9089816215935,10.9999999999999));
#13052=CARTESIAN_POINT('Ctrl Pts',(122.171838667132,-57.9089816215935,13.3999999999999));
#13053=CARTESIAN_POINT('Ctrl Pts',(122.285344917132,-57.8264316215935,10.9999999999999));
#13054=CARTESIAN_POINT('Ctrl Pts',(122.285344917132,-57.8264316215935,13.3999999999999));
#13055=CARTESIAN_POINT('',(122.192476167132,-57.9812128715935,10.9999999999999));
#13056=CARTESIAN_POINT('Ctrl Pts',(122.285344917132,-57.8264316215935,10.9999999999999));
#13057=CARTESIAN_POINT('Ctrl Pts',(122.171838667132,-57.9089816215935,10.9999999999999));
#13058=CARTESIAN_POINT('Ctrl Pts',(122.130563667132,-57.9812128715935,10.9999999999999));
#13059=CARTESIAN_POINT('Ctrl Pts',(122.192476167132,-57.9812128715935,10.9999999999999));
#13060=CARTESIAN_POINT('',(122.192476167132,-57.9812128715935,12.9999999999999));
#13061=CARTESIAN_POINT('Ctrl Pts',(122.192476167132,-57.9812128715935,12.9999999999999));
#13062=CARTESIAN_POINT('Ctrl Pts',(122.130563667132,-57.9812128715935,12.9999999999999));
#13063=CARTESIAN_POINT('Ctrl Pts',(122.171838667132,-57.9089816215935,12.9999999999999));
#13064=CARTESIAN_POINT('Ctrl Pts',(122.285344917132,-57.8264316215935,12.9999999999999));
#13065=CARTESIAN_POINT('',(122.192476167132,-57.9812128715935,10.9999999999999));
#13066=CARTESIAN_POINT('Ctrl Pts',(122.429807417132,-57.8264316215935,10.9999999999999));
#13067=CARTESIAN_POINT('Ctrl Pts',(122.429807417132,-57.8264316215935,13.3999999999999));
#13068=CARTESIAN_POINT('Ctrl Pts',(122.357576167132,-57.9089816215935,10.9999999999999));
#13069=CARTESIAN_POINT('Ctrl Pts',(122.357576167132,-57.9089816215935,13.3999999999999));
#13070=CARTESIAN_POINT('Ctrl Pts',(122.254388667132,-57.9812128715935,10.9999999999999));
#13071=CARTESIAN_POINT('Ctrl Pts',(122.254388667132,-57.9812128715935,13.3999999999999));
#13072=CARTESIAN_POINT('Ctrl Pts',(122.192476167132,-57.9812128715935,10.9999999999999));
#13073=CARTESIAN_POINT('Ctrl Pts',(122.192476167132,-57.9812128715935,13.3999999999999));
#13074=CARTESIAN_POINT('Ctrl Pts',(122.192476167132,-57.9812128715935,10.9999999999999));
#13075=CARTESIAN_POINT('Ctrl Pts',(122.254388667132,-57.9812128715935,10.9999999999999));
#13076=CARTESIAN_POINT('Ctrl Pts',(122.357576167132,-57.9089816215935,10.9999999999999));
#13077=CARTESIAN_POINT('Ctrl Pts',(122.429807417132,-57.8264316215935,10.9999999999999));
#13078=CARTESIAN_POINT('Ctrl Pts',(122.429807417132,-57.8264316215935,12.9999999999999));
#13079=CARTESIAN_POINT('Ctrl Pts',(122.357576167132,-57.9089816215935,12.9999999999999));
#13080=CARTESIAN_POINT('Ctrl Pts',(122.254388667132,-57.9812128715935,12.9999999999999));
#13081=CARTESIAN_POINT('Ctrl Pts',(122.192476167132,-57.9812128715935,12.9999999999999));
#13082=CARTESIAN_POINT('Origin',(117.456169917132,-52.7255562476978,13.));
#13083=CARTESIAN_POINT('Origin',(117.456169917132,-52.7255562476978,11.));
#13084=CARTESIAN_POINT('',(0.,0.,0.));
#13085=CARTESIAN_POINT('Ctrl Pts',(129.663251167132,-47.5076816215935,11.));
#13086=CARTESIAN_POINT('Ctrl Pts',(129.663251167132,-47.5076816215935,13.4));
#13087=CARTESIAN_POINT('Ctrl Pts',(129.652932417132,-47.3941753715934,11.));
#13088=CARTESIAN_POINT('Ctrl Pts',(129.652932417132,-47.3941753715934,13.4));
#13089=CARTESIAN_POINT('Ctrl Pts',(125.226188667132,-47.3632191215934,11.));
#13090=CARTESIAN_POINT('Ctrl Pts',(125.226188667132,-47.3632191215934,13.4));
#13091=CARTESIAN_POINT('Ctrl Pts',(125.153957417132,-47.4767253715935,11.));
#13092=CARTESIAN_POINT('Ctrl Pts',(125.153957417132,-47.4767253715935,13.4));
#13093=CARTESIAN_POINT('',(125.153957417132,-47.4767253715935,11.));
#13094=CARTESIAN_POINT('',(129.663251167132,-47.5076816215935,11.));
#13095=CARTESIAN_POINT('Ctrl Pts',(125.153957417132,-47.4767253715935,11.));
#13096=CARTESIAN_POINT('Ctrl Pts',(125.226188667132,-47.3632191215934,11.));
#13097=CARTESIAN_POINT('Ctrl Pts',(129.652932417132,-47.3941753715934,11.));
#13098=CARTESIAN_POINT('Ctrl Pts',(129.663251167132,-47.5076816215935,11.));
#13099=CARTESIAN_POINT('',(125.153957417132,-47.4767253715935,13.));
#13100=CARTESIAN_POINT('',(125.153957417132,-47.4767253715935,11.));
#13101=CARTESIAN_POINT('',(129.663251167132,-47.5076816215935,13.));
#13102=CARTESIAN_POINT('Ctrl Pts',(129.663251167132,-47.5076816215935,13.));
#13103=CARTESIAN_POINT('Ctrl Pts',(129.652932417132,-47.3941753715934,13.));
#13104=CARTESIAN_POINT('Ctrl Pts',(125.226188667132,-47.3632191215934,13.));
#13105=CARTESIAN_POINT('Ctrl Pts',(125.153957417132,-47.4767253715935,13.));
#13106=CARTESIAN_POINT('',(129.663251167132,-47.5076816215935,11.));
#13107=CARTESIAN_POINT('Ctrl Pts',(129.663251167132,-47.6831003715935,11.));
#13108=CARTESIAN_POINT('Ctrl Pts',(129.663251167132,-47.6831003715935,13.4));
#13109=CARTESIAN_POINT('Ctrl Pts',(129.673569917132,-47.6418253715934,11.));
#13110=CARTESIAN_POINT('Ctrl Pts',(129.673569917132,-47.6418253715934,13.4));
#13111=CARTESIAN_POINT('Ctrl Pts',(129.673569917132,-47.5592753715935,11.));
#13112=CARTESIAN_POINT('Ctrl Pts',(129.673569917132,-47.5592753715935,13.4));
#13113=CARTESIAN_POINT('Ctrl Pts',(129.663251167132,-47.5076816215935,11.));
#13114=CARTESIAN_POINT('Ctrl Pts',(129.663251167132,-47.5076816215935,13.4));
#13115=CARTESIAN_POINT('',(129.663251167132,-47.6831003715935,11.));
#13116=CARTESIAN_POINT('Ctrl Pts',(129.663251167132,-47.5076816215935,11.));
#13117=CARTESIAN_POINT('Ctrl Pts',(129.673569917132,-47.5592753715935,11.));
#13118=CARTESIAN_POINT('Ctrl Pts',(129.673569917132,-47.6418253715934,11.));
#13119=CARTESIAN_POINT('Ctrl Pts',(129.663251167132,-47.6831003715935,11.));
#13120=CARTESIAN_POINT('',(129.663251167132,-47.6831003715935,13.));
#13121=CARTESIAN_POINT('Ctrl Pts',(129.663251167132,-47.6831003715935,13.));
#13122=CARTESIAN_POINT('Ctrl Pts',(129.673569917132,-47.6418253715934,13.));
#13123=CARTESIAN_POINT('Ctrl Pts',(129.673569917132,-47.5592753715935,13.));
#13124=CARTESIAN_POINT('Ctrl Pts',(129.663251167132,-47.5076816215935,13.));
#13125=CARTESIAN_POINT('',(129.663251167132,-47.6831003715935,11.));
#13126=CARTESIAN_POINT('Ctrl Pts',(129.652932417132,-52.8631128715934,10.9999999999999));
#13127=CARTESIAN_POINT('Ctrl Pts',(129.652932417132,-52.8631128715934,13.4));
#13128=CARTESIAN_POINT('Ctrl Pts',(129.652932417132,-50.0564128715935,11.));
#13129=CARTESIAN_POINT('Ctrl Pts',(129.652932417132,-50.0564128715935,13.4000000000001));
#13130=CARTESIAN_POINT('Ctrl Pts',(129.663251167132,-47.7243753715934,11.));
#13131=CARTESIAN_POINT('Ctrl Pts',(129.663251167132,-47.7243753715934,13.4000000000001));
#13132=CARTESIAN_POINT('Ctrl Pts',(129.663251167132,-47.6831003715935,11.));
#13133=CARTESIAN_POINT('Ctrl Pts',(129.663251167132,-47.6831003715935,13.4000000000001));
#13134=CARTESIAN_POINT('',(129.652932417132,-52.8631128715934,10.9999999999999));
#13135=CARTESIAN_POINT('Ctrl Pts',(129.663251167132,-47.6831003715935,11.));
#13136=CARTESIAN_POINT('Ctrl Pts',(129.663251167132,-47.7243753715934,11.));
#13137=CARTESIAN_POINT('Ctrl Pts',(129.652932417132,-50.0564128715935,11.));
#13138=CARTESIAN_POINT('Ctrl Pts',(129.652932417132,-52.8631128715934,10.9999999999999));
#13139=CARTESIAN_POINT('',(129.652932417132,-52.8631128715934,12.9999999999999));
#13140=CARTESIAN_POINT('Ctrl Pts',(129.652932417132,-52.8631128715934,12.9999999999999));
#13141=CARTESIAN_POINT('Ctrl Pts',(129.652932417132,-50.0564128715935,13.));
#13142=CARTESIAN_POINT('Ctrl Pts',(129.663251167132,-47.7243753715934,13.));
#13143=CARTESIAN_POINT('Ctrl Pts',(129.663251167132,-47.6831003715935,13.));
#13144=CARTESIAN_POINT('',(129.652932417132,-52.8631128715934,10.9999999999999));
#13145=CARTESIAN_POINT('Ctrl Pts',(129.549744917132,-58.0018503715934,10.9999999999999));
#13146=CARTESIAN_POINT('Ctrl Pts',(129.549744917132,-58.0018503715934,13.3999999999999));
#13147=CARTESIAN_POINT('Ctrl Pts',(129.611657417132,-57.9812128715935,10.9999999999999));
#13148=CARTESIAN_POINT('Ctrl Pts',(129.611657417132,-57.9812128715935,13.3999999999999));
#13149=CARTESIAN_POINT('Ctrl Pts',(129.642613667132,-56.0000128715934,10.9999999999999));
#13150=CARTESIAN_POINT('Ctrl Pts',(129.642613667132,-56.0000128715934,13.3999999999999));
#13151=CARTESIAN_POINT('Ctrl Pts',(129.652932417132,-52.8631128715934,10.9999999999999));
#13152=CARTESIAN_POINT('Ctrl Pts',(129.652932417132,-52.8631128715934,13.3999999999999));
#13153=CARTESIAN_POINT('',(129.549744917132,-58.0018503715934,10.9999999999999));
#13154=CARTESIAN_POINT('Ctrl Pts',(129.652932417132,-52.8631128715934,10.9999999999999));
#13155=CARTESIAN_POINT('Ctrl Pts',(129.642613667132,-56.0000128715934,10.9999999999999));
#13156=CARTESIAN_POINT('Ctrl Pts',(129.611657417132,-57.9812128715935,10.9999999999999));
#13157=CARTESIAN_POINT('Ctrl Pts',(129.549744917132,-58.0018503715934,10.9999999999999));
#13158=CARTESIAN_POINT('',(129.549744917132,-58.0018503715934,12.9999999999999));
#13159=CARTESIAN_POINT('Ctrl Pts',(129.549744917132,-58.0018503715934,12.9999999999999));
#13160=CARTESIAN_POINT('Ctrl Pts',(129.611657417132,-57.9812128715935,12.9999999999999));
#13161=CARTESIAN_POINT('Ctrl Pts',(129.642613667132,-56.0000128715934,12.9999999999999));
#13162=CARTESIAN_POINT('Ctrl Pts',(129.652932417132,-52.8631128715934,12.9999999999999));
#13163=CARTESIAN_POINT('',(129.549744917132,-58.0018503715934,10.9999999999999));
#13164=CARTESIAN_POINT('Ctrl Pts',(127.279619917132,-57.9812128715935,10.9999999999999));
#13165=CARTESIAN_POINT('Ctrl Pts',(127.279619917132,-57.9812128715935,13.3999999999999));
#13166=CARTESIAN_POINT('Ctrl Pts',(128.476594917132,-58.0121691215935,10.9999999999999));
#13167=CARTESIAN_POINT('Ctrl Pts',(128.476594917132,-58.0121691215935,13.3999999999999));
#13168=CARTESIAN_POINT('Ctrl Pts',(129.498151167132,-58.0224878715934,10.9999999999999));
#13169=CARTESIAN_POINT('Ctrl Pts',(129.498151167132,-58.0224878715934,13.3999999999999));
#13170=CARTESIAN_POINT('Ctrl Pts',(129.549744917132,-58.0018503715934,10.9999999999999));
#13171=CARTESIAN_POINT('Ctrl Pts',(129.549744917132,-58.0018503715934,13.3999999999999));
#13172=CARTESIAN_POINT('',(127.279619917132,-57.9812128715935,10.9999999999999));
#13173=CARTESIAN_POINT('Ctrl Pts',(129.549744917132,-58.0018503715934,10.9999999999999));
#13174=CARTESIAN_POINT('Ctrl Pts',(129.498151167132,-58.0224878715934,10.9999999999999));
#13175=CARTESIAN_POINT('Ctrl Pts',(128.476594917132,-58.0121691215935,10.9999999999999));
#13176=CARTESIAN_POINT('Ctrl Pts',(127.279619917132,-57.9812128715935,10.9999999999999));
#13177=CARTESIAN_POINT('',(127.279619917132,-57.9812128715935,12.9999999999999));
#13178=CARTESIAN_POINT('Ctrl Pts',(127.279619917132,-57.9812128715935,12.9999999999999));
#13179=CARTESIAN_POINT('Ctrl Pts',(128.476594917132,-58.0121691215935,12.9999999999999));
#13180=CARTESIAN_POINT('Ctrl Pts',(129.498151167132,-58.0224878715934,12.9999999999999));
#13181=CARTESIAN_POINT('Ctrl Pts',(129.549744917132,-58.0018503715934,12.9999999999999));
#13182=CARTESIAN_POINT('',(127.279619917132,-57.9812128715935,10.9999999999999));
#13183=CARTESIAN_POINT('Origin',(125.112682417132,-57.9296191215935,10.9999999999999));
#13184=CARTESIAN_POINT('',(125.112682417132,-57.9296191215935,10.9999999999999));
#13185=CARTESIAN_POINT('',(127.279619917132,-57.9812128715935,10.9999999999999));
#13186=CARTESIAN_POINT('',(125.112682417132,-57.9296191215935,12.9999999999999));
#13187=CARTESIAN_POINT('',(127.279619917132,-57.9812128715935,12.9999999999999));
#13188=CARTESIAN_POINT('',(125.112682417132,-57.9296191215935,10.9999999999999));
#13189=CARTESIAN_POINT('Origin',(125.112682417132,-52.7392878715935,11.));
#13190=CARTESIAN_POINT('',(125.112682417132,-52.7392878715935,10.9999999999999));
#13191=CARTESIAN_POINT('',(125.112682417132,-57.9296191215935,10.9999999999999));
#13192=CARTESIAN_POINT('',(125.112682417132,-52.7392878715935,12.9999999999999));
#13193=CARTESIAN_POINT('',(125.112682417132,-57.9296191215935,12.9999999999999));
#13194=CARTESIAN_POINT('',(125.112682417132,-52.7392878715935,10.9999999999999));
#13195=CARTESIAN_POINT('Ctrl Pts',(125.153957417132,-47.4767253715935,11.));
#13196=CARTESIAN_POINT('Ctrl Pts',(125.153957417132,-47.4767253715935,13.4));
#13197=CARTESIAN_POINT('Ctrl Pts',(125.133319917132,-47.5180003715935,11.));
#13198=CARTESIAN_POINT('Ctrl Pts',(125.133319917132,-47.5180003715935,13.4));
#13199=CARTESIAN_POINT('Ctrl Pts',(125.112682417132,-49.8809941215934,11.));
#13200=CARTESIAN_POINT('Ctrl Pts',(125.112682417132,-49.8809941215934,13.4));
#13201=CARTESIAN_POINT('Ctrl Pts',(125.112682417132,-52.7392878715935,10.9999999999999));
#13202=CARTESIAN_POINT('Ctrl Pts',(125.112682417132,-52.7392878715935,13.3999999999999));
#13203=CARTESIAN_POINT('Ctrl Pts',(125.112682417132,-52.7392878715935,10.9999999999999));
#13204=CARTESIAN_POINT('Ctrl Pts',(125.112682417132,-49.8809941215934,11.));
#13205=CARTESIAN_POINT('Ctrl Pts',(125.133319917132,-47.5180003715935,11.));
#13206=CARTESIAN_POINT('Ctrl Pts',(125.153957417132,-47.4767253715935,11.));
#13207=CARTESIAN_POINT('Ctrl Pts',(125.153957417132,-47.4767253715935,13.));
#13208=CARTESIAN_POINT('Ctrl Pts',(125.133319917132,-47.5180003715935,13.));
#13209=CARTESIAN_POINT('Ctrl Pts',(125.112682417132,-49.8809941215934,13.));
#13210=CARTESIAN_POINT('Ctrl Pts',(125.112682417132,-52.7392878715935,12.9999999999999));
#13211=CARTESIAN_POINT('Origin',(127.393126167132,-52.6928534965935,12.9999999999999));
#13212=CARTESIAN_POINT('Origin',(127.393126167132,-52.6928534965935,10.9999999999999));
#13213=CARTESIAN_POINT('',(0.,0.,0.));
#13214=CARTESIAN_POINT('Ctrl Pts',(76.2705785262439,-50.8412005393514,11.));
#13215=CARTESIAN_POINT('Ctrl Pts',(76.2705785262439,-50.8412005393514,12.2));
#13216=CARTESIAN_POINT('Ctrl Pts',(76.9539651076648,-50.5665821273336,11.));
#13217=CARTESIAN_POINT('Ctrl Pts',(76.9539651076648,-50.5665821273336,12.2));
#13218=CARTESIAN_POINT('Ctrl Pts',(76.8733208052966,-50.2000410316,11.));
#13219=CARTESIAN_POINT('Ctrl Pts',(76.8733208052966,-50.2000410316,12.2));
#13220=CARTESIAN_POINT('',(76.2705785262439,-50.8412005393514,11.));
#13221=CARTESIAN_POINT('',(76.8733208052966,-50.2000410316,11.));
#13222=CARTESIAN_POINT('Ctrl Pts',(76.2705785262439,-50.8412005393514,11.));
#13223=CARTESIAN_POINT('Ctrl Pts',(76.9539651076648,-50.5665821273336,11.));
#13224=CARTESIAN_POINT('Ctrl Pts',(76.8733208052966,-50.2000410316,11.));
#13225=CARTESIAN_POINT('',(76.8733208052966,-50.2000410316,12.));
#13226=CARTESIAN_POINT('',(76.8733208052966,-50.2000410316,11.));
#13227=CARTESIAN_POINT('',(76.2705785262439,-50.8412005393514,12.));
#13228=CARTESIAN_POINT('Ctrl Pts',(76.2705785262439,-50.8412005393514,12.));
#13229=CARTESIAN_POINT('Ctrl Pts',(76.9539651076648,-50.5665821273336,12.));
#13230=CARTESIAN_POINT('Ctrl Pts',(76.8733208052966,-50.2000410316,12.));
#13231=CARTESIAN_POINT('',(76.2705785262439,-50.8412005393514,11.));
#13232=CARTESIAN_POINT('Origin',(75.9887023207995,-50.1810673835287,11.));
#13233=CARTESIAN_POINT('',(75.9887023207995,-50.1810673835287,11.));
#13234=CARTESIAN_POINT('',(75.9887023207995,-50.1810673835287,11.));
#13235=CARTESIAN_POINT('',(75.9887023207995,-50.1810673835287,12.));
#13236=CARTESIAN_POINT('',(75.9887023207995,-50.1810673835287,12.));
#13237=CARTESIAN_POINT('',(75.9887023207995,-50.1810673835287,11.));
#13238=CARTESIAN_POINT('Ctrl Pts',(76.8733208052966,-50.2000410316,11.));
#13239=CARTESIAN_POINT('Ctrl Pts',(76.8733208052966,-50.2000410316,12.2));
#13240=CARTESIAN_POINT('Ctrl Pts',(76.7927385146472,-49.8335634009848,11.));
#13241=CARTESIAN_POINT('Ctrl Pts',(76.7927385146472,-49.8335634009848,12.2));
#13242=CARTESIAN_POINT('Ctrl Pts',(76.3626543013904,-50.0519463889608,11.));
#13243=CARTESIAN_POINT('Ctrl Pts',(76.3626543013904,-50.0519463889608,12.2));
#13244=CARTESIAN_POINT('Ctrl Pts',(75.9887023207995,-50.1810673835287,11.));
#13245=CARTESIAN_POINT('Ctrl Pts',(75.9887023207995,-50.1810673835287,12.2));
#13246=CARTESIAN_POINT('Ctrl Pts',(76.8733208052966,-50.2000410316,11.));
#13247=CARTESIAN_POINT('Ctrl Pts',(76.7927385146472,-49.8335634009848,11.));
#13248=CARTESIAN_POINT('Ctrl Pts',(76.3626543013904,-50.0519463889608,11.));
#13249=CARTESIAN_POINT('Ctrl Pts',(75.9887023207995,-50.1810673835287,11.));
#13250=CARTESIAN_POINT('Ctrl Pts',(76.8733208052966,-50.2000410316,12.));
#13251=CARTESIAN_POINT('Ctrl Pts',(76.7927385146472,-49.8335634009848,12.));
#13252=CARTESIAN_POINT('Ctrl Pts',(76.3626543013904,-50.0519463889608,12.));
#13253=CARTESIAN_POINT('Ctrl Pts',(75.9887023207995,-50.1810673835287,12.));
#13254=CARTESIAN_POINT('Origin',(76.4713337142322,-50.3373819701681,12.));
#13255=CARTESIAN_POINT('Origin',(76.4713337142322,-50.3373819701681,11.));
#13256=CARTESIAN_POINT('Origin',(87.0020132925967,-43.1999999952503,10.044639500878));
#13257=CARTESIAN_POINT('',(81.6803480537595,-43.1999999952503,12.9999999999981));
#13258=CARTESIAN_POINT('',(92.3236785314339,-43.1999999952503,12.9999999999981));
#13259=CARTESIAN_POINT('',(87.3760076378076,-43.1999999952503,12.9999999999981));
#13260=CARTESIAN_POINT('',(82.1790866501967,-43.1999999952503,13.4645061635779));
#13261=CARTESIAN_POINT('Origin',(82.1790866501967,-43.1999999952503,12.9645061635779));
#13262=CARTESIAN_POINT('',(91.8249399349966,-43.1999999952503,13.4645061635779));
#13263=CARTESIAN_POINT('',(91.8249399349966,-43.1999999952503,13.4645061635779));
#13264=CARTESIAN_POINT('Origin',(91.8249399349966,-43.1999999952503,12.9645061635779));
#13265=CARTESIAN_POINT('Origin',(91.8249399349966,-39.1999999952503,12.9645061635779));
#13266=CARTESIAN_POINT('',(92.3236785314339,-35.3174304431043,12.9999999999981));
#13267=CARTESIAN_POINT('',(92.3236785314339,-39.1999999952503,12.9999999999981));
#13268=CARTESIAN_POINT('',(91.8249399349966,-35.5495797946224,13.4645061635779));
#13269=CARTESIAN_POINT('',(91.8249399349966,-39.1999999952503,13.4645061635779));
#13270=CARTESIAN_POINT('Ctrl Pts',(92.3236785314339,-35.3174304431043,12.9999999999981));
#13271=CARTESIAN_POINT('Ctrl Pts',(92.3198685957362,-35.3407950258442,13.0535349844915));
#13272=CARTESIAN_POINT('Ctrl Pts',(92.306994896517,-35.3659702937992,13.1084969104296));
#13273=CARTESIAN_POINT('Ctrl Pts',(92.2585679823947,-35.4206249936018,13.2226085991075));
#13274=CARTESIAN_POINT('Ctrl Pts',(92.2183959691431,-35.4497933369477,13.2799665217149));
#13275=CARTESIAN_POINT('Ctrl Pts',(92.1283480325175,-35.4951405499624,13.366280852537));
#13276=CARTESIAN_POINT('Ctrl Pts',(92.0741756174599,-35.5151077779983,13.4028017550123));
#13277=CARTESIAN_POINT('Ctrl Pts',(91.9538809923887,-35.5423966319202,13.4519439859472));
#13278=CARTESIAN_POINT('Ctrl Pts',(91.8877032614663,-35.5495797946224,13.4645061635779));
#13279=CARTESIAN_POINT('Ctrl Pts',(91.8249399349966,-35.5495797946224,13.4645061635779));
#13280=CARTESIAN_POINT('Origin',(82.1790866501967,-39.1999999952503,13.4645061635779));
#13281=CARTESIAN_POINT('',(82.1790866501967,-35.5495797946224,13.4645061635779));
#13282=CARTESIAN_POINT('',(113.825002984027,-35.5495797946224,13.4645061635779));
#13283=CARTESIAN_POINT('',(82.1790866501967,-39.1999999952503,13.4645061635779));
#13284=CARTESIAN_POINT('Origin',(82.1790866501967,-39.1999999952503,12.9645061635779));
#13285=CARTESIAN_POINT('',(81.6803480537595,-35.3174304431043,12.9999999999981));
#13286=CARTESIAN_POINT('',(81.6803480537595,-39.1999999952503,12.9999999999981));
#13287=CARTESIAN_POINT('Ctrl Pts',(82.1790866501967,-35.5495797946224,13.4645061635779));
#13288=CARTESIAN_POINT('Ctrl Pts',(82.116323323727,-35.5495797946224,13.4645061635779));
#13289=CARTESIAN_POINT('Ctrl Pts',(82.0501455928046,-35.5423966319202,13.4519439859472));
#13290=CARTESIAN_POINT('Ctrl Pts',(81.9298509677335,-35.5151077779983,13.4028017550123));
#13291=CARTESIAN_POINT('Ctrl Pts',(81.8756785526759,-35.4951405499624,13.366280852537));
#13292=CARTESIAN_POINT('Ctrl Pts',(81.7856306160502,-35.4497933369477,13.2799665217149));
#13293=CARTESIAN_POINT('Ctrl Pts',(81.7454586027987,-35.4206249936018,13.2226085991075));
#13294=CARTESIAN_POINT('Ctrl Pts',(81.6970316886763,-35.3659702937992,13.1084969104295));
#13295=CARTESIAN_POINT('Ctrl Pts',(81.6841579894571,-35.3407950258442,13.0535349844915));
#13296=CARTESIAN_POINT('Ctrl Pts',(81.6803480537595,-35.3174304431043,12.9999999999981));
#13297=CARTESIAN_POINT('Origin',(87.7500019830186,-85.1000080474576,12.9999999999981));
#13298=CARTESIAN_POINT('',(129.900759042047,-35.3174304431043,12.9999999999981));
#13299=CARTESIAN_POINT('',(113.825002984027,-35.3174304431043,12.9999999999981));
#13300=CARTESIAN_POINT('',(136.900003985036,-37.1785866698583,12.9999999999981));
#13301=CARTESIAN_POINT('Ctrl Pts',(136.900003985036,-37.1785866698583,12.9999999999981));
#13302=CARTESIAN_POINT('Ctrl Pts',(136.426852665001,-36.7906191228355,12.9999999999981));
#13303=CARTESIAN_POINT('Ctrl Pts',(135.864234163528,-36.465714997054,12.9999999999981));
#13304=CARTESIAN_POINT('Ctrl Pts',(134.321961730634,-35.8773363616392,12.9999999999981));
#13305=CARTESIAN_POINT('Ctrl Pts',(133.380827099473,-35.6487846114746,12.999999999994));
#13306=CARTESIAN_POINT('Ctrl Pts',(131.684780653559,-35.3718755698748,12.999999999994));
#13307=CARTESIAN_POINT('Ctrl Pts',(130.886633040224,-35.3175051796574,12.9999999999981));
#13308=CARTESIAN_POINT('Ctrl Pts',(129.900759042047,-35.3174967141191,12.9999999999981));
#13309=CARTESIAN_POINT('',(137.277844644366,-37.5221654787301,12.9999999999981));
#13310=CARTESIAN_POINT('Ctrl Pts',(137.277844644366,-37.5221654787301,12.9999999999981));
#13311=CARTESIAN_POINT('Ctrl Pts',(137.156354108477,-37.4014849794257,12.9999999999981));
#13312=CARTESIAN_POINT('Ctrl Pts',(137.031992578595,-37.287654933435,12.9999999999981));
#13313=CARTESIAN_POINT('Ctrl Pts',(136.900003985036,-37.1785866698582,12.9999999999981));
#13314=CARTESIAN_POINT('',(137.621423453238,-37.90000613806,12.9999999999981));
#13315=CARTESIAN_POINT('Ctrl Pts',(137.621423453238,-37.9000061380601,12.9999999999981));
#13316=CARTESIAN_POINT('Ctrl Pts',(137.512355189661,-37.7680175445012,12.9999999999981));
#13317=CARTESIAN_POINT('Ctrl Pts',(137.39852514367,-37.6436560146196,12.9999999999981));
#13318=CARTESIAN_POINT('Ctrl Pts',(137.277844644366,-37.5221654787301,12.9999999999981));
#13319=CARTESIAN_POINT('',(139.482579679992,-44.8992510810489,12.9999999999981));
#13320=CARTESIAN_POINT('Ctrl Pts',(139.482513408977,-44.8992510810489,12.9999999999981));
#13321=CARTESIAN_POINT('Ctrl Pts',(139.482507720638,-44.2368022892435,12.9999999999981));
#13322=CARTESIAN_POINT('Ctrl Pts',(139.45772624378,-43.5932685934312,12.9999999999944));
#13323=CARTESIAN_POINT('Ctrl Pts',(139.248987541657,-41.768933084336,12.9999999999944));
#13324=CARTESIAN_POINT('Ctrl Pts',(138.968945528518,-40.6280046345896,12.9999999999981));
#13325=CARTESIAN_POINT('Ctrl Pts',(138.359760130644,-38.9790677846989,12.9999999999981));
#13326=CARTESIAN_POINT('Ctrl Pts',(138.023460613245,-38.3903162539975,12.9999999999981));
#13327=CARTESIAN_POINT('Ctrl Pts',(137.621423453238,-37.90000613806,12.9999999999981));
#13328=CARTESIAN_POINT('',(139.482579679992,-125.300764994871,12.9999999999981));
#13329=CARTESIAN_POINT('',(139.482579679992,-110.200008992659,12.9999999999981));
#13330=CARTESIAN_POINT('',(137.621423453238,-132.30000993786,12.9999999999981));
#13331=CARTESIAN_POINT('Ctrl Pts',(137.621423453238,-132.30000993786,12.9999999999981));
#13332=CARTESIAN_POINT('Ctrl Pts',(138.009391000262,-131.826858617823,12.9999999999981));
#13333=CARTESIAN_POINT('Ctrl Pts',(138.334295126044,-131.264240116348,12.9999999999981));
#13334=CARTESIAN_POINT('Ctrl Pts',(138.922673761457,-129.721967683457,12.9999999999981));
#13335=CARTESIAN_POINT('Ctrl Pts',(139.151225511622,-128.780833052295,12.999999999994));
#13336=CARTESIAN_POINT('Ctrl Pts',(139.428134553221,-127.084786606384,12.999999999994));
#13337=CARTESIAN_POINT('Ctrl Pts',(139.482504943439,-126.286638993049,12.9999999999981));
#13338=CARTESIAN_POINT('Ctrl Pts',(139.482513408977,-125.300764994871,12.9999999999981));
#13339=CARTESIAN_POINT('',(137.277844644366,-132.67785059719,12.9999999999981));
#13340=CARTESIAN_POINT('Ctrl Pts',(137.277844644366,-132.67785059719,12.9999999999981));
#13341=CARTESIAN_POINT('Ctrl Pts',(137.39852514367,-132.5563600613,12.9999999999981));
#13342=CARTESIAN_POINT('Ctrl Pts',(137.512355189661,-132.431998531419,12.9999999999981));
#13343=CARTESIAN_POINT('Ctrl Pts',(137.621423453238,-132.30000993786,12.9999999999981));
#13344=CARTESIAN_POINT('',(136.900003985036,-133.021429406062,12.9999999999981));
#13345=CARTESIAN_POINT('Ctrl Pts',(136.900003985036,-133.021429406062,12.9999999999981));
#13346=CARTESIAN_POINT('Ctrl Pts',(137.031992578595,-132.912361142485,12.9999999999981));
#13347=CARTESIAN_POINT('Ctrl Pts',(137.156354108476,-132.798531096494,12.9999999999981));
#13348=CARTESIAN_POINT('Ctrl Pts',(137.277844644366,-132.67785059719,12.9999999999981));
#13349=CARTESIAN_POINT('',(129.900759042047,-134.882585632816,12.9999999999981));
#13350=CARTESIAN_POINT('Ctrl Pts',(129.900759042047,-134.882519361801,12.9999999999981));
#13351=CARTESIAN_POINT('Ctrl Pts',(130.563207833853,-134.882513673462,12.9999999999981));
#13352=CARTESIAN_POINT('Ctrl Pts',(131.206741529665,-134.857732196603,12.9999999999944));
#13353=CARTESIAN_POINT('Ctrl Pts',(133.031077038762,-134.648993494481,12.9999999999944));
#13354=CARTESIAN_POINT('Ctrl Pts',(134.172005488508,-134.368951481342,12.9999999999981));
#13355=CARTESIAN_POINT('Ctrl Pts',(135.820942338393,-133.75976608347,12.9999999999981));
#13356=CARTESIAN_POINT('Ctrl Pts',(136.409693869096,-133.423466566072,12.9999999999981));
#13357=CARTESIAN_POINT('Ctrl Pts',(136.900003985036,-133.021429406062,12.9999999999981));
#13358=CARTESIAN_POINT('',(45.5992449430251,-134.882585632816,12.9999999999981));
#13359=CARTESIAN_POINT('',(61.6750009915274,-134.882585632816,12.9999999999981));
#13360=CARTESIAN_POINT('',(38.6000000000361,-133.021429406062,12.9999999999981));
#13361=CARTESIAN_POINT('Ctrl Pts',(38.6000000000361,-133.021429406062,12.9999999999981));
#13362=CARTESIAN_POINT('Ctrl Pts',(39.0731513200751,-133.409396953088,12.9999999999981));
#13363=CARTESIAN_POINT('Ctrl Pts',(39.6357698215504,-133.734301078869,12.9999999999981));
#13364=CARTESIAN_POINT('Ctrl Pts',(41.178042254438,-134.322679714281,12.9999999999981));
#13365=CARTESIAN_POINT('Ctrl Pts',(42.1191768856002,-134.551231464445,12.999999999994));
#13366=CARTESIAN_POINT('Ctrl Pts',(43.8152233315113,-134.828140506045,12.999999999994));
#13367=CARTESIAN_POINT('Ctrl Pts',(44.6133709448466,-134.882510896263,12.9999999999981));
#13368=CARTESIAN_POINT('Ctrl Pts',(45.5992449430251,-134.882519361801,12.9999999999981));
#13369=CARTESIAN_POINT('',(38.2221593407062,-132.67785059719,12.9999999999981));
#13370=CARTESIAN_POINT('Ctrl Pts',(38.2221593407062,-132.67785059719,12.9999999999981));
#13371=CARTESIAN_POINT('Ctrl Pts',(38.3436498765957,-132.798531096494,12.9999999999981));
#13372=CARTESIAN_POINT('Ctrl Pts',(38.4680114064773,-132.912361142485,12.9999999999981));
#13373=CARTESIAN_POINT('Ctrl Pts',(38.6000000000362,-133.021429406062,12.9999999999981));
#13374=CARTESIAN_POINT('',(37.8785805318344,-132.30000993786,12.9999999999981));
#13375=CARTESIAN_POINT('Ctrl Pts',(37.8785805318344,-132.30000993786,12.9999999999981));
#13376=CARTESIAN_POINT('Ctrl Pts',(37.9876487954112,-132.431998531419,12.9999999999981));
#13377=CARTESIAN_POINT('Ctrl Pts',(38.1014788414018,-132.5563600613,12.9999999999981));
#13378=CARTESIAN_POINT('Ctrl Pts',(38.2221593407062,-132.67785059719,12.9999999999981));
#13379=CARTESIAN_POINT('',(36.0174243050804,-125.300764994871,12.9999999999981));
#13380=CARTESIAN_POINT('Ctrl Pts',(36.0174905760952,-125.300764994871,12.9999999999981));
#13381=CARTESIAN_POINT('Ctrl Pts',(36.0174962644343,-125.963213786675,12.9999999999981));
#13382=CARTESIAN_POINT('Ctrl Pts',(36.0422777412927,-126.606747482487,12.9999999999944));
#13383=CARTESIAN_POINT('Ctrl Pts',(36.2510164434148,-128.431082991586,12.9999999999944));
#13384=CARTESIAN_POINT('Ctrl Pts',(36.5310584565544,-129.572011441329,12.9999999999981));
#13385=CARTESIAN_POINT('Ctrl Pts',(37.1402438544266,-131.220948291219,12.9999999999981));
#13386=CARTESIAN_POINT('Ctrl Pts',(37.476543371826,-131.809699821921,12.9999999999981));
#13387=CARTESIAN_POINT('Ctrl Pts',(37.8785805318345,-132.30000993786,12.9999999999981));
#13388=CARTESIAN_POINT('',(36.0174243050804,-44.8992510810489,12.9999999999981));
#13389=CARTESIAN_POINT('',(36.0174243050804,-60.0000070927588,12.9999999999981));
#13390=CARTESIAN_POINT('',(37.8785805318343,-37.9000061380601,12.9999999999981));
#13391=CARTESIAN_POINT('Ctrl Pts',(37.8785805318343,-37.9000061380601,12.9999999999981));
#13392=CARTESIAN_POINT('Ctrl Pts',(37.4906129848116,-38.3731574580953,12.9999999999981));
#13393=CARTESIAN_POINT('Ctrl Pts',(37.16570885903,-38.9357759595684,12.9999999999981));
#13394=CARTESIAN_POINT('Ctrl Pts',(36.5773302236153,-40.4780483924619,12.9999999999981));
#13395=CARTESIAN_POINT('Ctrl Pts',(36.3487784734508,-41.4191830236231,12.999999999994));
#13396=CARTESIAN_POINT('Ctrl Pts',(36.071869431851,-43.1152294695363,12.999999999994));
#13397=CARTESIAN_POINT('Ctrl Pts',(36.0174990416335,-43.9133770828719,12.9999999999981));
#13398=CARTESIAN_POINT('Ctrl Pts',(36.0174905760952,-44.899251081049,12.9999999999981));
#13399=CARTESIAN_POINT('',(38.2221593407062,-37.5221654787301,12.9999999999981));
#13400=CARTESIAN_POINT('Ctrl Pts',(38.2221593407062,-37.52216547873,12.9999999999981));
#13401=CARTESIAN_POINT('Ctrl Pts',(38.1014788414017,-37.6436560146196,12.9999999999981));
#13402=CARTESIAN_POINT('Ctrl Pts',(37.9876487954111,-37.7680175445012,12.9999999999981));
#13403=CARTESIAN_POINT('Ctrl Pts',(37.8785805318343,-37.9000061380601,12.9999999999981));
#13404=CARTESIAN_POINT('',(38.6000000000363,-37.1785866698581,12.9999999999981));
#13405=CARTESIAN_POINT('Ctrl Pts',(38.6000000000363,-37.1785866698582,12.9999999999981));
#13406=CARTESIAN_POINT('Ctrl Pts',(38.4680114064774,-37.2876549334349,12.9999999999981));
#13407=CARTESIAN_POINT('Ctrl Pts',(38.3436498765958,-37.4014849794255,12.9999999999981));
#13408=CARTESIAN_POINT('Ctrl Pts',(38.2221593407062,-37.5221654787301,12.9999999999981));
#13409=CARTESIAN_POINT('',(45.5992449430251,-35.3174304431043,12.9999999999981));
#13410=CARTESIAN_POINT('Ctrl Pts',(45.5992449430251,-35.3174967141191,12.9999999999981));
#13411=CARTESIAN_POINT('Ctrl Pts',(44.9367961512211,-35.3175024024582,12.9999999999981));
#13412=CARTESIAN_POINT('Ctrl Pts',(44.2932624554102,-35.3422838793166,12.9999999999944));
#13413=CARTESIAN_POINT('Ctrl Pts',(42.4689269463108,-35.5510225814385,12.9999999999944));
#13414=CARTESIAN_POINT('Ctrl Pts',(41.3279984965691,-35.8310645945781,12.9999999999981));
#13415=CARTESIAN_POINT('Ctrl Pts',(39.6790616466789,-36.4402499924496,12.9999999999981));
#13416=CARTESIAN_POINT('Ctrl Pts',(39.0903101159754,-36.7765495098495,12.9999999999981));
#13417=CARTESIAN_POINT('Ctrl Pts',(38.6000000000363,-37.1785866698582,12.9999999999981));
#13418=CARTESIAN_POINT('',(113.825002984027,-35.3174304431043,12.9999999999981));
#13419=CARTESIAN_POINT('',(133.443867077796,-39.9377206702725,12.9999999999981));
#13420=CARTESIAN_POINT('Origin',(134.893867077796,-39.9377206702725,12.9999999999981));
#13421=CARTESIAN_POINT('',(69.025,-69.5250061428098,12.9999999999981));
#13422=CARTESIAN_POINT('',(56.025,-69.5250061428098,12.9999999999981));
#13423=CARTESIAN_POINT('',(78.3875009915093,-69.5250061428098,12.9999999999981));
#13424=CARTESIAN_POINT('',(55.525,-70.0250061428098,12.9999999999981));
#13425=CARTESIAN_POINT('Origin',(56.025,-70.0250061428098,12.9999999999981));
#13426=CARTESIAN_POINT('',(55.525,-83.0250061428098,12.9999999999981));
#13427=CARTESIAN_POINT('',(55.525,-77.5625070951337,12.9999999999981));
#13428=CARTESIAN_POINT('',(56.025,-83.5250061428098,12.9999999999981));
#13429=CARTESIAN_POINT('Origin',(56.025,-83.0250061428098,12.9999999999981));
#13430=CARTESIAN_POINT('',(69.025,-83.5250061428098,12.9999999999981));
#13431=CARTESIAN_POINT('',(71.8875009915093,-83.5250061428098,12.9999999999981));
#13432=CARTESIAN_POINT('',(69.525,-83.0250061428098,12.9999999999981));
#13433=CARTESIAN_POINT('Origin',(69.025,-83.0250061428098,12.9999999999981));
#13434=CARTESIAN_POINT('',(69.525,-70.0250061428098,12.9999999999981));
#13435=CARTESIAN_POINT('',(69.525,-84.0625070951337,12.9999999999981));
#13436=CARTESIAN_POINT('Origin',(69.025,-70.0250061428098,12.9999999999981));
#13437=CARTESIAN_POINT('',(88.075,-88.5750061428098,12.9999999999981));
#13438=CARTESIAN_POINT('',(75.075,-88.5750061428098,12.9999999999981));
#13439=CARTESIAN_POINT('',(87.9125009915093,-88.5750061428098,12.9999999999981));
#13440=CARTESIAN_POINT('',(74.575,-89.0750061428098,12.9999999999981));
#13441=CARTESIAN_POINT('Origin',(75.075,-89.0750061428098,12.9999999999981));
#13442=CARTESIAN_POINT('',(74.575,-102.07500614281,12.9999999999981));
#13443=CARTESIAN_POINT('',(74.575,-87.0875070951337,12.9999999999981));
#13444=CARTESIAN_POINT('',(75.075,-102.57500614281,12.9999999999981));
#13445=CARTESIAN_POINT('Origin',(75.075,-102.07500614281,12.9999999999981));
#13446=CARTESIAN_POINT('',(88.075,-102.57500614281,12.9999999999981));
#13447=CARTESIAN_POINT('',(81.4125009915093,-102.57500614281,12.9999999999981));
#13448=CARTESIAN_POINT('',(88.575,-102.07500614281,12.9999999999981));
#13449=CARTESIAN_POINT('Origin',(88.075,-102.07500614281,12.9999999999981));
#13450=CARTESIAN_POINT('',(88.575,-89.0750061428098,12.9999999999981));
#13451=CARTESIAN_POINT('',(88.575,-93.5875070951337,12.9999999999981));
#13452=CARTESIAN_POINT('Origin',(88.075,-89.0750061428098,12.9999999999981));
#13453=CARTESIAN_POINT('',(69.025,-107.62500614281,12.9999999999981));
#13454=CARTESIAN_POINT('',(56.025,-107.62500614281,12.9999999999981));
#13455=CARTESIAN_POINT('',(78.3875009915093,-107.62500614281,12.9999999999981));
#13456=CARTESIAN_POINT('',(55.525,-108.12500614281,12.9999999999981));
#13457=CARTESIAN_POINT('Origin',(56.025,-108.12500614281,12.9999999999981));
#13458=CARTESIAN_POINT('',(55.525,-121.12500614281,12.9999999999981));
#13459=CARTESIAN_POINT('',(55.525,-96.6125070951337,12.9999999999981));
#13460=CARTESIAN_POINT('',(56.025,-121.62500614281,12.9999999999981));
#13461=CARTESIAN_POINT('Origin',(56.025,-121.12500614281,12.9999999999981));
#13462=CARTESIAN_POINT('',(69.025,-121.62500614281,12.9999999999981));
#13463=CARTESIAN_POINT('',(71.8875009915093,-121.62500614281,12.9999999999981));
#13464=CARTESIAN_POINT('',(69.525,-121.12500614281,12.9999999999981));
#13465=CARTESIAN_POINT('Origin',(69.025,-121.12500614281,12.9999999999981));
#13466=CARTESIAN_POINT('',(69.525,-108.12500614281,12.9999999999981));
#13467=CARTESIAN_POINT('',(69.525,-103.112507095134,12.9999999999981));
#13468=CARTESIAN_POINT('Origin',(69.025,-108.12500614281,12.9999999999981));
#13469=CARTESIAN_POINT('',(69.025,-88.5750061428098,12.9999999999981));
#13470=CARTESIAN_POINT('',(56.025,-88.5750061428098,12.9999999999981));
#13471=CARTESIAN_POINT('',(78.3875009915093,-88.5750061428098,12.9999999999981));
#13472=CARTESIAN_POINT('',(55.525,-89.0750061428098,12.9999999999981));
#13473=CARTESIAN_POINT('Origin',(56.025,-89.0750061428098,12.9999999999981));
#13474=CARTESIAN_POINT('',(55.525,-102.07500614281,12.9999999999981));
#13475=CARTESIAN_POINT('',(55.525,-87.0875070951337,12.9999999999981));
#13476=CARTESIAN_POINT('',(56.025,-102.57500614281,12.9999999999981));
#13477=CARTESIAN_POINT('Origin',(56.025,-102.07500614281,12.9999999999981));
#13478=CARTESIAN_POINT('',(69.025,-102.57500614281,12.9999999999981));
#13479=CARTESIAN_POINT('',(71.8875009915093,-102.57500614281,12.9999999999981));
#13480=CARTESIAN_POINT('',(69.525,-102.07500614281,12.9999999999981));
#13481=CARTESIAN_POINT('Origin',(69.025,-102.07500614281,12.9999999999981));
#13482=CARTESIAN_POINT('',(69.525,-89.0750061428098,12.9999999999981));
#13483=CARTESIAN_POINT('',(69.525,-93.5875070951337,12.9999999999981));
#13484=CARTESIAN_POINT('Origin',(69.025,-89.0750061428098,12.9999999999981));
#13485=CARTESIAN_POINT('',(88.075,-69.5250061428098,12.9999999999981));
#13486=CARTESIAN_POINT('',(75.075,-69.5250061428098,12.9999999999981));
#13487=CARTESIAN_POINT('',(87.9125009915093,-69.5250061428098,12.9999999999981));
#13488=CARTESIAN_POINT('',(74.575,-70.0250061428098,12.9999999999981));
#13489=CARTESIAN_POINT('Origin',(75.075,-70.0250061428098,12.9999999999981));
#13490=CARTESIAN_POINT('',(74.575,-83.0250061428098,12.9999999999981));
#13491=CARTESIAN_POINT('',(74.575,-77.5625070951337,12.9999999999981));
#13492=CARTESIAN_POINT('',(75.075,-83.5250061428098,12.9999999999981));
#13493=CARTESIAN_POINT('Origin',(75.075,-83.0250061428098,12.9999999999981));
#13494=CARTESIAN_POINT('',(88.075,-83.5250061428098,12.9999999999981));
#13495=CARTESIAN_POINT('',(81.4125009915093,-83.5250061428098,12.9999999999981));
#13496=CARTESIAN_POINT('',(88.575,-83.0250061428098,12.9999999999981));
#13497=CARTESIAN_POINT('Origin',(88.075,-83.0250061428098,12.9999999999981));
#13498=CARTESIAN_POINT('',(88.575,-70.0250061428098,12.9999999999981));
#13499=CARTESIAN_POINT('',(88.575,-84.0625070951337,12.9999999999981));
#13500=CARTESIAN_POINT('Origin',(88.075,-70.0250061428098,12.9999999999981));
#13501=CARTESIAN_POINT('',(107.125,-88.5750061428098,12.9999999999981));
#13502=CARTESIAN_POINT('',(94.125,-88.5750061428098,12.9999999999981));
#13503=CARTESIAN_POINT('',(97.4375009915093,-88.5750061428098,12.9999999999981));
#13504=CARTESIAN_POINT('',(93.625,-89.0750061428098,12.9999999999981));
#13505=CARTESIAN_POINT('Origin',(94.125,-89.0750061428098,12.9999999999981));
#13506=CARTESIAN_POINT('',(93.625,-102.07500614281,12.9999999999981));
#13507=CARTESIAN_POINT('',(93.625,-87.0875070951337,12.9999999999981));
#13508=CARTESIAN_POINT('',(94.125,-102.57500614281,12.9999999999981));
#13509=CARTESIAN_POINT('Origin',(94.125,-102.07500614281,12.9999999999981));
#13510=CARTESIAN_POINT('',(107.125,-102.57500614281,12.9999999999981));
#13511=CARTESIAN_POINT('',(90.9375009915093,-102.57500614281,12.9999999999981));
#13512=CARTESIAN_POINT('',(107.625,-102.07500614281,12.9999999999981));
#13513=CARTESIAN_POINT('Origin',(107.125,-102.07500614281,12.9999999999981));
#13514=CARTESIAN_POINT('',(107.625,-89.0750061428098,12.9999999999981));
#13515=CARTESIAN_POINT('',(107.625,-93.5875070951337,12.9999999999981));
#13516=CARTESIAN_POINT('Origin',(107.125,-89.0750061428098,12.9999999999981));
#13517=CARTESIAN_POINT('',(88.075,-107.62500614281,12.9999999999981));
#13518=CARTESIAN_POINT('',(75.075,-107.62500614281,12.9999999999981));
#13519=CARTESIAN_POINT('',(87.9125009915093,-107.62500614281,12.9999999999981));
#13520=CARTESIAN_POINT('',(74.575,-108.12500614281,12.9999999999981));
#13521=CARTESIAN_POINT('Origin',(75.075,-108.12500614281,12.9999999999981));
#13522=CARTESIAN_POINT('',(74.575,-121.12500614281,12.9999999999981));
#13523=CARTESIAN_POINT('',(74.575,-96.6125070951337,12.9999999999981));
#13524=CARTESIAN_POINT('',(75.075,-121.62500614281,12.9999999999981));
#13525=CARTESIAN_POINT('Origin',(75.075,-121.12500614281,12.9999999999981));
#13526=CARTESIAN_POINT('',(88.075,-121.62500614281,12.9999999999981));
#13527=CARTESIAN_POINT('',(81.4125009915093,-121.62500614281,12.9999999999981));
#13528=CARTESIAN_POINT('',(88.575,-121.12500614281,12.9999999999981));
#13529=CARTESIAN_POINT('Origin',(88.075,-121.12500614281,12.9999999999981));
#13530=CARTESIAN_POINT('',(88.575,-108.12500614281,12.9999999999981));
#13531=CARTESIAN_POINT('',(88.575,-103.112507095134,12.9999999999981));
#13532=CARTESIAN_POINT('Origin',(88.075,-108.12500614281,12.9999999999981));
#13533=CARTESIAN_POINT('',(107.125,-107.62500614281,12.9999999999981));
#13534=CARTESIAN_POINT('',(94.125,-107.62500614281,12.9999999999981));
#13535=CARTESIAN_POINT('',(97.4375009915093,-107.62500614281,12.9999999999981));
#13536=CARTESIAN_POINT('',(93.625,-108.12500614281,12.9999999999981));
#13537=CARTESIAN_POINT('Origin',(94.125,-108.12500614281,12.9999999999981));
#13538=CARTESIAN_POINT('',(93.625,-121.12500614281,12.9999999999981));
#13539=CARTESIAN_POINT('',(93.625,-96.6125070951337,12.9999999999981));
#13540=CARTESIAN_POINT('',(94.125,-121.62500614281,12.9999999999981));
#13541=CARTESIAN_POINT('Origin',(94.125,-121.12500614281,12.9999999999981));
#13542=CARTESIAN_POINT('',(107.125,-121.62500614281,12.9999999999981));
#13543=CARTESIAN_POINT('',(90.9375009915093,-121.62500614281,12.9999999999981));
#13544=CARTESIAN_POINT('',(107.625,-121.12500614281,12.9999999999981));
#13545=CARTESIAN_POINT('Origin',(107.125,-121.12500614281,12.9999999999981));
#13546=CARTESIAN_POINT('',(107.625,-108.12500614281,12.9999999999981));
#13547=CARTESIAN_POINT('',(107.625,-103.112507095134,12.9999999999981));
#13548=CARTESIAN_POINT('Origin',(107.125,-108.12500614281,12.9999999999981));
#13549=CARTESIAN_POINT('',(107.125,-69.5250061428098,12.9999999999981));
#13550=CARTESIAN_POINT('',(94.125,-69.5250061428098,12.9999999999981));
#13551=CARTESIAN_POINT('',(97.4375009915093,-69.5250061428098,12.9999999999981));
#13552=CARTESIAN_POINT('',(93.625,-70.0250061428098,12.9999999999981));
#13553=CARTESIAN_POINT('Origin',(94.125,-70.0250061428098,12.9999999999981));
#13554=CARTESIAN_POINT('',(93.625,-83.0250061428098,12.9999999999981));
#13555=CARTESIAN_POINT('',(93.625,-77.5625070951337,12.9999999999981));
#13556=CARTESIAN_POINT('',(94.125,-83.5250061428098,12.9999999999981));
#13557=CARTESIAN_POINT('Origin',(94.125,-83.0250061428098,12.9999999999981));
#13558=CARTESIAN_POINT('',(107.125,-83.5250061428098,12.9999999999981));
#13559=CARTESIAN_POINT('',(90.9375009915093,-83.5250061428098,12.9999999999981));
#13560=CARTESIAN_POINT('',(107.625,-83.0250061428098,12.9999999999981));
#13561=CARTESIAN_POINT('Origin',(107.125,-83.0250061428098,12.9999999999981));
#13562=CARTESIAN_POINT('',(107.625,-70.0250061428098,12.9999999999981));
#13563=CARTESIAN_POINT('',(107.625,-84.0625070951337,12.9999999999981));
#13564=CARTESIAN_POINT('Origin',(107.125,-70.0250061428098,12.9999999999981));
#13565=CARTESIAN_POINT('',(126.988673463032,-115.359049927157,12.9999999999981));
#13566=CARTESIAN_POINT('',(126.988673463032,-89.250008244572,12.9999999999981));
#13567=CARTESIAN_POINT('',(126.988673463032,-100.229528987307,12.9999999999981));
#13568=CARTESIAN_POINT('',(115.390003295848,-89.250008244572,12.9999999999981));
#13569=CARTESIAN_POINT('',(107.369337723025,-89.250008244572,12.9999999999981));
#13570=CARTESIAN_POINT('',(115.390003295848,-115.359049927157,12.9999999999981));
#13571=CARTESIAN_POINT('',(115.390003295848,-87.1750081460148,12.9999999999981));
#13572=CARTESIAN_POINT('',(101.570002639433,-115.359049927157,12.9999999999981));
#13573=CARTESIAN_POINT('',(129.249039356318,-74.0000054946093,12.9999999999981));
#13574=CARTESIAN_POINT('Origin',(120.749039356318,-74.0000054946093,12.9999999999981));
#13575=CARTESIAN_POINT('',(39.1572058128012,-130.321137358089,12.9999999999981));
#13576=CARTESIAN_POINT('Origin',(40.6072058128012,-130.321137358089,12.9999999999981));
#13577=CARTESIAN_POINT('',(133.443867077796,-130.321137358089,12.9999999999981));
#13578=CARTESIAN_POINT('Origin',(134.893867077796,-130.321137358089,12.9999999999981));
#13579=CARTESIAN_POINT('Origin',(134.893867077796,-130.321137358089,0.));
#13580=CARTESIAN_POINT('',(133.443867077796,-130.321137358088,15.8707398819394));
#13581=CARTESIAN_POINT('',(133.443867077796,-130.321137358089,0.));
#13582=CARTESIAN_POINT('',(135.932713445544,-131.332719398368,14.8796380812203));
#13583=CARTESIAN_POINT('Ctrl Pts',(135.932713445544,-131.332719398368,14.8796380812203));
#13584=CARTESIAN_POINT('Ctrl Pts',(135.870735484405,-131.396367799828,14.8789057451335));
#13585=CARTESIAN_POINT('Ctrl Pts',(135.80313388676,-131.45408782337,14.8821705190554));
#13586=CARTESIAN_POINT('Ctrl Pts',(135.652956026543,-131.560239826796,14.8968295775158));
#13587=CARTESIAN_POINT('Ctrl Pts',(135.570262280142,-131.607173671514,14.9087614843566));
#13588=CARTESIAN_POINT('Ctrl Pts',(135.319887711008,-131.718751193819,14.9548282617972));
#13589=CARTESIAN_POINT('Ctrl Pts',(135.146175634947,-131.759627578955,14.998712930193));
#13590=CARTESIAN_POINT('Ctrl Pts',(134.841784535575,-131.776060639551,15.0929592060108));
#13591=CARTESIAN_POINT('Ctrl Pts',(134.712681804913,-131.765418927515,15.1384755824175));
#13592=CARTESIAN_POINT('Ctrl Pts',(134.45724030298,-131.710289427703,15.238303636672));
#13593=CARTESIAN_POINT('Ctrl Pts',(134.331868642448,-131.664309681851,15.2927165163336));
#13594=CARTESIAN_POINT('Ctrl Pts',(134.066084116939,-131.523518626364,15.4184010653357));
#13595=CARTESIAN_POINT('Ctrl Pts',(133.931393756053,-131.418870869719,15.4900061883077));
#13596=CARTESIAN_POINT('Ctrl Pts',(133.687415183937,-131.148592708039,15.6341372710751));
#13597=CARTESIAN_POINT('Ctrl Pts',(133.585362116927,-130.977413233957,15.7044101150325));
#13598=CARTESIAN_POINT('Ctrl Pts',(133.470309759393,-130.638392663677,15.8065815092834));
#13599=CARTESIAN_POINT('Ctrl Pts',(133.443867077796,-130.481227566171,15.8427180493321));
#13600=CARTESIAN_POINT('Ctrl Pts',(133.443867077796,-130.321137358088,15.8707398819394));
#13601=CARTESIAN_POINT('',(133.882285037516,-129.28229099034,15.9565642110165));
#13602=CARTESIAN_POINT('Ctrl Pts',(133.882285037516,-129.28229099034,15.9565642110165));
#13603=CARTESIAN_POINT('Ctrl Pts',(134.005194669373,-129.162607098646,15.9565264539923));
#13604=CARTESIAN_POINT('Ctrl Pts',(134.148414266294,-129.065705945937,15.9518912732436));
#13605=CARTESIAN_POINT('Ctrl Pts',(134.471622533045,-128.922023438166,15.9296942956218));
#13606=CARTESIAN_POINT('Ctrl Pts',(134.650141491807,-128.880392567751,15.9113115561277));
#13607=CARTESIAN_POINT('Ctrl Pts',(135.014743261067,-128.864483175909,15.8530599228034));
#13608=CARTESIAN_POINT('Ctrl Pts',(135.195885262574,-128.891599887428,15.8133028906195));
#13609=CARTESIAN_POINT('Ctrl Pts',(135.555111732479,-129.015250659812,15.7052139278279));
#13610=CARTESIAN_POINT('Ctrl Pts',(135.72530198865,-129.117531686874,15.6354786853433));
#13611=CARTESIAN_POINT('Ctrl Pts',(135.993175283959,-129.360749634318,15.4927339582925));
#13612=CARTESIAN_POINT('Ctrl Pts',(136.096628177787,-129.494242147812,15.4220507187485));
#13613=CARTESIAN_POINT('Ctrl Pts',(136.236779211328,-129.758513307531,15.297225449549));
#13614=CARTESIAN_POINT('Ctrl Pts',(136.282808244817,-129.883853535619,15.2428156657953));
#13615=CARTESIAN_POINT('Ctrl Pts',(136.338021404439,-130.139059091817,15.1428634030567));
#13616=CARTESIAN_POINT('Ctrl Pts',(136.348730249804,-130.267956648579,15.0972185112458));
#13617=CARTESIAN_POINT('Ctrl Pts',(136.332778426567,-130.568520055356,15.0034367572597));
#13618=CARTESIAN_POINT('Ctrl Pts',(136.293540449182,-130.738720428136,14.9596513396985));
#13619=CARTESIAN_POINT('Ctrl Pts',(136.153878800554,-131.059443393712,14.8983054871714));
#13620=CARTESIAN_POINT('Ctrl Pts',(136.055789284913,-131.206326398497,14.8811393733911));
#13621=CARTESIAN_POINT('Ctrl Pts',(135.932713445544,-131.332719398368,14.8796380812203));
#13622=CARTESIAN_POINT('Ctrl Pts',(133.443867077796,-130.321137358088,15.8707398819394));
#13623=CARTESIAN_POINT('Ctrl Pts',(133.443867077796,-130.295530134712,15.8752221131488));
#13624=CARTESIAN_POINT('Ctrl Pts',(133.444545338604,-130.269848721336,15.8795004484416));
#13625=CARTESIAN_POINT('Ctrl Pts',(133.455036292047,-130.072624489518,15.9107757895746));
#13626=CARTESIAN_POINT('Ctrl Pts',(133.494632148218,-129.903149579861,15.9285328054723));
#13627=CARTESIAN_POINT('Ctrl Pts',(133.638660191527,-129.571150096959,15.9522882192993));
#13628=CARTESIAN_POINT('Ctrl Pts',(133.746935426912,-129.414088375879,15.9571822724348));
#13629=CARTESIAN_POINT('Ctrl Pts',(133.882285037516,-129.28229099034,15.9565642110165));
#13630=CARTESIAN_POINT('Origin',(40.6072058128012,-130.321137358089,0.));
#13631=CARTESIAN_POINT('',(39.1572058128012,-130.321137358089,15.0817456083283));
#13632=CARTESIAN_POINT('',(39.1572058128012,-130.321137358089,0.));
#13633=CARTESIAN_POINT('',(39.5678322381849,-131.332177699712,14.8801206656957));
#13634=CARTESIAN_POINT('Ctrl Pts',(39.5678322381849,-131.332177699712,14.8801206656957));
#13635=CARTESIAN_POINT('Ctrl Pts',(39.4617755149967,-131.223148859858,14.8814639558847));
#13636=CARTESIAN_POINT('Ctrl Pts',(39.3741312660869,-131.098721142111,14.8944637421685));
#13637=CARTESIAN_POINT('Ctrl Pts',(39.2243828959872,-130.795933057679,14.9466063509159));
#13638=CARTESIAN_POINT('Ctrl Pts',(39.175946260143,-130.616160442684,14.9906575119097));
#13639=CARTESIAN_POINT('Ctrl Pts',(39.1586852284109,-130.396919931797,15.0573227259042));
#13640=CARTESIAN_POINT('Ctrl Pts',(39.1572058128012,-130.358956498171,15.0693331030076));
#13641=CARTESIAN_POINT('Ctrl Pts',(39.1572058128012,-130.321137358089,15.0817456083283));
#13642=CARTESIAN_POINT('',(41.6182461544241,-129.281763783472,15.9566620614806));
#13643=CARTESIAN_POINT('Ctrl Pts',(41.618246154424,-129.281763783472,15.9566620614806));
#13644=CARTESIAN_POINT('Ctrl Pts',(41.6885609096728,-129.350161764625,15.9569892742597));
#13645=CARTESIAN_POINT('Ctrl Pts',(41.7517622040947,-129.425534609949,15.9557520758556));
#13646=CARTESIAN_POINT('Ctrl Pts',(41.8626034672543,-129.588789834151,15.9498490158865));
#13647=CARTESIAN_POINT('Ctrl Pts',(41.9097463223827,-129.676385139326,15.945148628641));
#13648=CARTESIAN_POINT('Ctrl Pts',(42.0165952820277,-129.935284731009,15.9257013122247));
#13649=CARTESIAN_POINT('Ctrl Pts',(42.0533421385614,-130.113192685299,15.9060416647436));
#13650=CARTESIAN_POINT('Ctrl Pts',(42.0606122089882,-130.477229962514,15.8446423428801));
#13651=CARTESIAN_POINT('Ctrl Pts',(42.0289302943519,-130.658312592571,15.802774138742));
#13652=CARTESIAN_POINT('Ctrl Pts',(41.8957732088383,-131.015834242539,15.6901811499744));
#13653=CARTESIAN_POINT('Ctrl Pts',(41.7884452329527,-131.184307925777,15.6180456110472));
#13654=CARTESIAN_POINT('Ctrl Pts',(41.5386384673315,-131.444779230732,15.4734475098676));
#13655=CARTESIAN_POINT('Ctrl Pts',(41.4041193860982,-131.543745478089,15.4031344196889));
#13656=CARTESIAN_POINT('Ctrl Pts',(41.1395762722862,-131.676167693692,15.2799147406688));
#13657=CARTESIAN_POINT('Ctrl Pts',(41.0147703245885,-131.718946903887,15.2265652377718));
#13658=CARTESIAN_POINT('Ctrl Pts',(40.7585296065236,-131.768965716521,15.1279671008016));
#13659=CARTESIAN_POINT('Ctrl Pts',(40.6278801951973,-131.77697162878,15.0827626252375));
#13660=CARTESIAN_POINT('Ctrl Pts',(40.3238006650461,-131.753672534242,14.9908091552051));
#13661=CARTESIAN_POINT('Ctrl Pts',(40.1523228120065,-131.709441160221,14.9487616529027));
#13662=CARTESIAN_POINT('Ctrl Pts',(39.8338553132412,-131.559897702576,14.89269589041));
#13663=CARTESIAN_POINT('Ctrl Pts',(39.6902809172614,-131.458057861006,14.8786149708329));
#13664=CARTESIAN_POINT('Ctrl Pts',(39.5678322381849,-131.332177699712,14.8801206656957));
#13665=CARTESIAN_POINT('Ctrl Pts',(39.1572058128012,-130.321137358089,15.0817456083283));
#13666=CARTESIAN_POINT('Ctrl Pts',(39.1572058128012,-130.226832693211,15.1126970565106));
#13667=CARTESIAN_POINT('Ctrl Pts',(39.1664039095231,-130.133427116199,15.1461546421799));
#13668=CARTESIAN_POINT('Ctrl Pts',(39.2097449109216,-129.912348771454,15.2314596083136));
#13669=CARTESIAN_POINT('Ctrl Pts',(39.2526745631294,-129.787460248001,15.2848856468558));
#13670=CARTESIAN_POINT('Ctrl Pts',(39.3847619829776,-129.524287999821,15.4073944519432));
#13671=CARTESIAN_POINT('Ctrl Pts',(39.48274411796,-129.390958757138,15.4768449427953));
#13672=CARTESIAN_POINT('Ctrl Pts',(39.7422458060363,-129.14106810753,15.6206498685358));
#13673=CARTESIAN_POINT('Ctrl Pts',(39.9113306594876,-129.03306644972,15.6926721455104));
#13674=CARTESIAN_POINT('Ctrl Pts',(40.2719077424956,-128.898661756993,15.8053318684375));
#13675=CARTESIAN_POINT('Ctrl Pts',(40.4555055558813,-128.866952894079,15.8471797522096));
#13676=CARTESIAN_POINT('Ctrl Pts',(40.8146525012245,-128.87581466681,15.906584492048));
#13677=CARTESIAN_POINT('Ctrl Pts',(40.9852330602941,-128.910567054068,15.9254036518792));
#13678=CARTESIAN_POINT('Ctrl Pts',(41.3218309138035,-129.045380803577,15.9510114619087));
#13679=CARTESIAN_POINT('Ctrl Pts',(41.4823656870221,-129.14958740576,15.956607257708));
#13680=CARTESIAN_POINT('Ctrl Pts',(41.6182461544241,-129.281763783472,15.9566620614806));
#13681=CARTESIAN_POINT('Ctrl Pts',(137.15567764578,-132.556042332156,13.2556736607427));
#13682=CARTESIAN_POINT('Ctrl Pts',(136.918840198209,-132.319201321638,13.7293760092025));
#13683=CARTESIAN_POINT('Ctrl Pts',(136.395990812374,-131.796350737994,14.5366522220641));
#13684=CARTESIAN_POINT('Ctrl Pts',(135.022043176014,-130.422413287028,15.6575482066298));
#13685=CARTESIAN_POINT('Ctrl Pts',(133.920736811327,-129.321079724405,16.0000576413041));
#13686=CARTESIAN_POINT('Ctrl Pts',(133.435358258877,-128.835675703304,15.9999999854458));
#13687=CARTESIAN_POINT('Ctrl Pts',(137.392570005741,-132.08229774841,13.4925660207023));
#13688=CARTESIAN_POINT('Ctrl Pts',(137.152798901283,-131.849582394445,13.9177481375876));
#13689=CARTESIAN_POINT('Ctrl Pts',(136.627691801009,-131.326848881177,14.6607441961275));
#13690=CARTESIAN_POINT('Ctrl Pts',(135.277430419494,-129.956421397439,15.7045136503483));
#13691=CARTESIAN_POINT('Ctrl Pts',(134.227548682024,-128.960386853677,16.0000497364668));
#13692=CARTESIAN_POINT('Ctrl Pts',(133.74391167929,-128.52717685589,15.9999999874414));
#13693=CARTESIAN_POINT('Ctrl Pts',(137.785656733539,-131.057715762424,13.8856527485006));
#13694=CARTESIAN_POINT('Ctrl Pts',(137.547204872531,-130.825479318436,14.2426240024578));
#13695=CARTESIAN_POINT('Ctrl Pts',(137.014980054904,-130.276895177959,14.8984690437121));
#13696=CARTESIAN_POINT('Ctrl Pts',(135.700721014975,-128.895409808677,15.8093441900058));
#13697=CARTESIAN_POINT('Ctrl Pts',(134.763441003265,-128.162717954418,16.0000320924379));
#13698=CARTESIAN_POINT('Ctrl Pts',(134.279695187472,-127.829009768036,15.9999999918958));
#13699=CARTESIAN_POINT('Ctrl Pts',(138.318827736657,-128.364345445576,14.4188237516188));
#13700=CARTESIAN_POINT('Ctrl Pts',(138.052699402284,-128.161501890427,14.7241612927377));
#13701=CARTESIAN_POINT('Ctrl Pts',(137.429285450112,-127.686318958102,15.2898882587629));
#13702=CARTESIAN_POINT('Ctrl Pts',(136.191167407233,-127.038938128531,15.8764495041444));
#13703=CARTESIAN_POINT('Ctrl Pts',(135.277171024746,-126.770437785204,16.0000207968126));
#13704=CARTESIAN_POINT('Ctrl Pts',(134.784916811255,-126.609373663554,15.9999999947476));
#13705=CARTESIAN_POINT('Ctrl Pts',(138.435557536274,-126.270960804779,14.5355535512361));
#13706=CARTESIAN_POINT('Ctrl Pts',(138.144160498739,-126.21706653122,14.8269439893298));
#13707=CARTESIAN_POINT('Ctrl Pts',(137.477370198498,-126.099662964938,15.3493220495951));
#13708=CARTESIAN_POINT('Ctrl Pts',(136.264899857325,-125.910476937566,15.872364463655));
#13709=CARTESIAN_POINT('Ctrl Pts',(135.360438791644,-125.793489306023,16.0000214840415));
#13710=CARTESIAN_POINT('Ctrl Pts',(134.899790778125,-125.736855989576,15.9999999945741));
#13711=CARTESIAN_POINT('Ctrl Pts',(138.435537886009,-125.300274980508,14.535533900971));
#13712=CARTESIAN_POINT('Ctrl Pts',(138.126995694046,-125.300302202141,14.8440760946007));
#13713=CARTESIAN_POINT('Ctrl Pts',(137.428706108092,-125.300361503304,15.379885520221));
#13714=CARTESIAN_POINT('Ctrl Pts',(136.208863334839,-125.300457057141,15.8851504246397));
#13715=CARTESIAN_POINT('Ctrl Pts',(135.336177195908,-125.300516139502,16.0000193320289));
#13716=CARTESIAN_POINT('Ctrl Pts',(134.899783686152,-125.300544742394,15.9999999951174));
#13717=CARTESIAN_POINT('',(137.155797227008,-132.555803179832,13.2557932419703));
#13718=CARTESIAN_POINT('Ctrl Pts',(137.155797227008,-132.555803179832,13.2557932419703));
#13719=CARTESIAN_POINT('Ctrl Pts',(136.918958298815,-132.318964251639,13.7294710983567));
#13720=CARTESIAN_POINT('Ctrl Pts',(136.575687035076,-131.9756929879,14.2594573448536));
#13721=CARTESIAN_POINT('Ctrl Pts',(136.062992384094,-131.462998336918,14.7635605204235));
#13722=CARTESIAN_POINT('Ctrl Pts',(135.932713445544,-131.332719398368,14.8796380812203));
#13723=CARTESIAN_POINT('',(138.435537890969,-125.300764994871,14.5355339059308));
#13724=CARTESIAN_POINT('Ctrl Pts',(137.155797227008,-132.555803179832,13.2557932419703));
#13725=CARTESIAN_POINT('Ctrl Pts',(137.392636155202,-132.082125323446,13.4926321701635));
#13726=CARTESIAN_POINT('Ctrl Pts',(137.785686640533,-131.057564684046,13.8856826554949));
#13727=CARTESIAN_POINT('Ctrl Pts',(138.318797829663,-128.364496523955,14.4187938446245));
#13728=CARTESIAN_POINT('Ctrl Pts',(138.435537890969,-126.27131308326,14.5355339059308));
#13729=CARTESIAN_POINT('Ctrl Pts',(138.435537890969,-125.300764994871,14.5355339059308));
#13730=CARTESIAN_POINT('',(134.900003985036,-125.300764994871,15.9999999999981));
#13731=CARTESIAN_POINT('Origin',(134.900003985036,-125.300764994871,10.9999999999981));
#13732=CARTESIAN_POINT('',(133.435759042047,-128.835764994871,15.9999999999981));
#13733=CARTESIAN_POINT('Origin',(129.900759042047,-125.300764994871,15.9999999999981));
#13734=CARTESIAN_POINT('Ctrl Pts',(133.882285037516,-129.28229099034,15.9565642110165));
#13735=CARTESIAN_POINT('Ctrl Pts',(133.729637652083,-129.129643604907,15.9849104749753));
#13736=CARTESIAN_POINT('Ctrl Pts',(133.579822753818,-128.979828706642,15.9999999999981));
#13737=CARTESIAN_POINT('Ctrl Pts',(133.435759042047,-128.835764994871,15.9999999999981));
#13738=CARTESIAN_POINT('Ctrl Pts',(38.3439676057392,-132.555683598604,13.2556736607426));
#13739=CARTESIAN_POINT('Ctrl Pts',(38.580808616258,-132.318846151033,13.7293760092025));
#13740=CARTESIAN_POINT('Ctrl Pts',(39.1036591999025,-131.795996765197,14.5366522220642));
#13741=CARTESIAN_POINT('Ctrl Pts',(40.477596650869,-130.422049128838,15.6575482066298));
#13742=CARTESIAN_POINT('Ctrl Pts',(41.5789302134911,-129.320742764151,16.0000576413041));
#13743=CARTESIAN_POINT('Ctrl Pts',(42.0643342345917,-128.8353642117,15.9999999854458));
#13744=CARTESIAN_POINT('Ctrl Pts',(38.817712189486,-132.792575958565,13.4925660207023));
#13745=CARTESIAN_POINT('Ctrl Pts',(39.0504275434506,-132.552804854107,13.9177481375876));
#13746=CARTESIAN_POINT('Ctrl Pts',(39.5731610567187,-132.027697753833,14.6607441961274));
#13747=CARTESIAN_POINT('Ctrl Pts',(40.9435885404576,-130.677436372319,15.7045136503484));
#13748=CARTESIAN_POINT('Ctrl Pts',(41.9396230842189,-129.627554634847,16.0000497364669));
#13749=CARTESIAN_POINT('Ctrl Pts',(42.3728330820064,-129.143917632113,15.9999999874414));
#13750=CARTESIAN_POINT('Ctrl Pts',(39.8422941754716,-133.185662686363,13.8856527485006));
#13751=CARTESIAN_POINT('Ctrl Pts',(40.0745306194603,-132.947210825354,14.2426240024579));
#13752=CARTESIAN_POINT('Ctrl Pts',(40.6231147599372,-132.414986007728,14.8984690437122));
#13753=CARTESIAN_POINT('Ctrl Pts',(42.0046001292186,-131.100726967799,15.8093441900059));
#13754=CARTESIAN_POINT('Ctrl Pts',(42.7372919834779,-130.163446956089,16.000032092438));
#13755=CARTESIAN_POINT('Ctrl Pts',(43.0710001698598,-129.679701140296,15.9999999918958));
#13756=CARTESIAN_POINT('Ctrl Pts',(42.53566449232,-133.718833689481,14.4188237516188));
#13757=CARTESIAN_POINT('Ctrl Pts',(42.7385080474686,-133.452705355107,14.7241612927378));
#13758=CARTESIAN_POINT('Ctrl Pts',(43.2136909797935,-132.829291402936,15.2898882587629));
#13759=CARTESIAN_POINT('Ctrl Pts',(43.8610718093651,-131.591173360056,15.8764495041445));
#13760=CARTESIAN_POINT('Ctrl Pts',(44.1295721526919,-130.67717697757,16.0000207968126));
#13761=CARTESIAN_POINT('Ctrl Pts',(44.2906362743419,-130.184922764079,15.9999999947476));
#13762=CARTESIAN_POINT('Ctrl Pts',(44.6290491331167,-133.835563489098,14.5355535512361));
#13763=CARTESIAN_POINT('Ctrl Pts',(44.682943406677,-133.544166451563,14.8269439893298));
#13764=CARTESIAN_POINT('Ctrl Pts',(44.8003469729583,-132.877376151322,15.3493220495951));
#13765=CARTESIAN_POINT('Ctrl Pts',(44.9895330003299,-131.664905810149,15.872364463655));
#13766=CARTESIAN_POINT('Ctrl Pts',(45.1065206318724,-130.760444744467,16.0000214840415));
#13767=CARTESIAN_POINT('Ctrl Pts',(45.1631539483208,-130.299796730949,15.9999999945741));
#13768=CARTESIAN_POINT('Ctrl Pts',(45.5997349573887,-133.835543838833,14.535533900971));
#13769=CARTESIAN_POINT('Ctrl Pts',(45.5997077357554,-133.52700164687,14.8440760946007));
#13770=CARTESIAN_POINT('Ctrl Pts',(45.5996484345921,-132.828712060915,15.379885520221));
#13771=CARTESIAN_POINT('Ctrl Pts',(45.5995528807556,-131.608869287663,15.8851504246397));
#13772=CARTESIAN_POINT('Ctrl Pts',(45.5994937983939,-130.736183148732,16.0000193320289));
#13773=CARTESIAN_POINT('Ctrl Pts',(45.5994651955018,-130.299789638976,15.9999999951174));
#13774=CARTESIAN_POINT('',(38.3442067580639,-132.555803179832,13.2557932419703));
#13775=CARTESIAN_POINT('Ctrl Pts',(38.3442067580639,-132.555803179832,13.2557932419703));
#13776=CARTESIAN_POINT('Ctrl Pts',(38.5810456862571,-132.318964251639,13.7294710983567));
#13777=CARTESIAN_POINT('Ctrl Pts',(38.9244303786116,-131.975579559285,14.2596324705115));
#13778=CARTESIAN_POINT('Ctrl Pts',(39.437350443319,-131.462659494577,14.763893663602));
#13779=CARTESIAN_POINT('Ctrl Pts',(39.5678322381849,-131.332177699712,14.8801206656957));
#13780=CARTESIAN_POINT('',(45.5992449430251,-133.835543843793,14.5355339059308));
#13781=CARTESIAN_POINT('Ctrl Pts',(38.3442067580639,-132.555803179832,13.2557932419703));
#13782=CARTESIAN_POINT('Ctrl Pts',(38.8178846144503,-132.792642108026,13.4926321701635));
#13783=CARTESIAN_POINT('Ctrl Pts',(39.8424452538502,-133.185692593357,13.8856826554949));
#13784=CARTESIAN_POINT('Ctrl Pts',(42.5355134139414,-133.718803782487,14.4187938446245));
#13785=CARTESIAN_POINT('Ctrl Pts',(44.628696854636,-133.835543843793,14.5355339059308));
#13786=CARTESIAN_POINT('Ctrl Pts',(45.5992449430251,-133.835543843793,14.5355339059308));
#13787=CARTESIAN_POINT('',(45.5992449430251,-130.30000993786,15.9999999999981));
#13788=CARTESIAN_POINT('Origin',(45.5992449430251,-130.30000993786,10.9999999999981));
#13789=CARTESIAN_POINT('',(42.0642449430251,-128.835764994871,15.9999999999981));
#13790=CARTESIAN_POINT('Origin',(45.5992449430251,-125.300764994871,15.9999999999981));
#13791=CARTESIAN_POINT('Ctrl Pts',(41.6182461544241,-129.281763783472,15.9566620614806));
#13792=CARTESIAN_POINT('Ctrl Pts',(41.7707112821698,-129.129298655726,15.9849451994123));
#13793=CARTESIAN_POINT('Ctrl Pts',(41.9203470884494,-128.979662849447,15.9999999999981));
#13794=CARTESIAN_POINT('Ctrl Pts',(42.0642449430251,-128.835764994871,15.9999999999981));
#13795=CARTESIAN_POINT('Origin',(134.893867077796,-39.9377206702725,0.));
#13796=CARTESIAN_POINT('',(133.443867077796,-39.9377206702726,15.8808140537684));
#13797=CARTESIAN_POINT('',(133.443867077796,-39.9377206702725,0.));
#13798=CARTESIAN_POINT('',(133.852895006862,-40.9471151162337,15.9618638354708));
#13799=CARTESIAN_POINT('Ctrl Pts',(133.852895006862,-40.9471151162337,15.9618638354708));
#13800=CARTESIAN_POINT('Ctrl Pts',(133.735286012545,-40.8258268736988,15.9617767481449));
#13801=CARTESIAN_POINT('Ctrl Pts',(133.639793553097,-40.6848720234844,15.9574935668608));
#13802=CARTESIAN_POINT('Ctrl Pts',(133.496286280509,-40.3648397352817,15.9367829323593));
#13803=CARTESIAN_POINT('Ctrl Pts',(133.454073908836,-40.1868148689557,15.9194161567307));
#13804=CARTESIAN_POINT('Ctrl Pts',(133.44440980516,-39.9835906681393,15.8883234122882));
#13805=CARTESIAN_POINT('Ctrl Pts',(133.443867077796,-39.9606266656334,15.8846485719772));
#13806=CARTESIAN_POINT('Ctrl Pts',(133.443867077796,-39.9377206702726,15.8808140537684));
#13807=CARTESIAN_POINT('',(135.903261523757,-38.8967485993396,14.905688657244));
#13808=CARTESIAN_POINT('Ctrl Pts',(135.903261523757,-38.8967485993396,14.905688657244));
#13809=CARTESIAN_POINT('Ctrl Pts',(135.967566563765,-38.9591029621928,14.9048226858459));
#13810=CARTESIAN_POINT('Ctrl Pts',(136.025861440144,-39.0271910418652,14.9079625966628));
#13811=CARTESIAN_POINT('Ctrl Pts',(136.132986856723,-39.178560390625,14.9223936521511));
#13812=CARTESIAN_POINT('Ctrl Pts',(136.180296682073,-39.2619613111016,14.9342241277113));
#13813=CARTESIAN_POINT('Ctrl Pts',(136.29224719304,-39.5138934919046,14.9799314397392));
#13814=CARTESIAN_POINT('Ctrl Pts',(136.332996611057,-39.6884864221249,15.0234977821169));
#13815=CARTESIAN_POINT('Ctrl Pts',(136.348656393543,-39.9940356402748,15.1170289330007));
#13816=CARTESIAN_POINT('Ctrl Pts',(136.337606132679,-40.1234043833928,15.1621281857631));
#13817=CARTESIAN_POINT('Ctrl Pts',(136.281517749332,-40.3791479889524,15.2609463718041));
#13818=CARTESIAN_POINT('Ctrl Pts',(136.235029234515,-40.5045555124202,15.314752215708));
#13819=CARTESIAN_POINT('Ctrl Pts',(136.09306420704,-40.7701364062005,15.4388332998735));
#13820=CARTESIAN_POINT('Ctrl Pts',(135.987790855036,-40.9045588547656,15.5093897149048));
#13821=CARTESIAN_POINT('Ctrl Pts',(135.716582160702,-41.1473611760271,15.6507572995026));
#13822=CARTESIAN_POINT('Ctrl Pts',(135.545372018308,-41.2485401791873,15.7192051712602));
#13823=CARTESIAN_POINT('Ctrl Pts',(135.183752004504,-41.3699229623813,15.825009658674));
#13824=CARTESIAN_POINT('Ctrl Pts',(135.001191596292,-41.3955762336628,15.8636590107898));
#13825=CARTESIAN_POINT('Ctrl Pts',(134.644106522524,-41.3763948490535,15.9183187352969));
#13826=CARTESIAN_POINT('Ctrl Pts',(134.474231323508,-41.336511801197,15.9353176068661));
#13827=CARTESIAN_POINT('Ctrl Pts',(134.141757461705,-41.1917088731265,15.9579215106513));
#13828=CARTESIAN_POINT('Ctrl Pts',(133.984622940571,-41.0829639912708,15.9624871209725));
#13829=CARTESIAN_POINT('Ctrl Pts',(133.852895006862,-40.9471151162337,15.9618638354708));
#13830=CARTESIAN_POINT('Ctrl Pts',(133.443867077796,-39.9377206702726,15.8808140537684));
#13831=CARTESIAN_POINT('Ctrl Pts',(133.443867077796,-39.777881155673,15.8540565381243));
#13832=CARTESIAN_POINT('Ctrl Pts',(133.470229230145,-39.6208897432568,15.8193829382455));
#13833=CARTESIAN_POINT('Ctrl Pts',(133.584635996172,-39.283347367992,15.7211198159416));
#13834=CARTESIAN_POINT('Ctrl Pts',(133.685601885522,-39.1132073350225,15.6534814035904));
#13835=CARTESIAN_POINT('Ctrl Pts',(133.926960247215,-38.8441041474832,15.5138076662001));
#13836=CARTESIAN_POINT('Ctrl Pts',(134.060003789779,-38.7397610842172,15.4442142624506));
#13837=CARTESIAN_POINT('Ctrl Pts',(134.323909742189,-38.5978686350885,15.3209452766165));
#13838=CARTESIAN_POINT('Ctrl Pts',(134.449309452252,-38.551063806728,15.2670704789665));
#13839=CARTESIAN_POINT('Ctrl Pts',(134.70489007308,-38.494417842342,15.1679542917391));
#13840=CARTESIAN_POINT('Ctrl Pts',(134.834100983807,-38.4830840309413,15.1226243700612));
#13841=CARTESIAN_POINT('Ctrl Pts',(135.135745543864,-38.4977916486211,15.0293395171012));
#13842=CARTESIAN_POINT('Ctrl Pts',(135.306732721703,-38.5365714601771,14.9857161083749));
#13843=CARTESIAN_POINT('Ctrl Pts',(135.628831097507,-38.6756965356908,14.9245427801889));
#13844=CARTESIAN_POINT('Ctrl Pts',(135.776315385551,-38.7736533401882,14.9073604739184));
#13845=CARTESIAN_POINT('Ctrl Pts',(135.903261523757,-38.8967485993397,14.905688657244));
#13846=CARTESIAN_POINT('Ctrl Pts',(137.156036379333,-37.6443324773157,13.2556736607425));
#13847=CARTESIAN_POINT('Ctrl Pts',(136.919195368814,-37.8811699248869,13.7293760092024));
#13848=CARTESIAN_POINT('Ctrl Pts',(136.39634478517,-38.4040193107233,14.5366522220641));
#13849=CARTESIAN_POINT('Ctrl Pts',(135.022407334204,-39.7779669470827,15.6575482066298));
#13850=CARTESIAN_POINT('Ctrl Pts',(133.921073771581,-40.8792733117694,16.0000576413041));
#13851=CARTESIAN_POINT('Ctrl Pts',(133.43566975048,-41.3646518642199,15.9999999854458));
#13852=CARTESIAN_POINT('Ctrl Pts',(136.682291795587,-37.407440117356,13.4925660207023));
#13853=CARTESIAN_POINT('Ctrl Pts',(136.449576441622,-37.6472112218134,13.9177481375875));
#13854=CARTESIAN_POINT('Ctrl Pts',(135.926842928354,-38.1723183220878,14.6607441961275));
#13855=CARTESIAN_POINT('Ctrl Pts',(134.556415444615,-39.5225797036016,15.7045136503484));
#13856=CARTESIAN_POINT('Ctrl Pts',(133.560380900853,-40.572461441073,16.0000497364669));
#13857=CARTESIAN_POINT('Ctrl Pts',(133.127170903066,-41.0560984438071,15.9999999874414));
#13858=CARTESIAN_POINT('Ctrl Pts',(135.657709809601,-37.0143533895575,13.8856527485007));
#13859=CARTESIAN_POINT('Ctrl Pts',(135.425473365613,-37.2528052505656,14.2426240024579));
#13860=CARTESIAN_POINT('Ctrl Pts',(134.876889225136,-37.7850300681921,14.8984690437122));
#13861=CARTESIAN_POINT('Ctrl Pts',(133.495403855854,-39.0992891081216,15.8093441900059));
#13862=CARTESIAN_POINT('Ctrl Pts',(132.762712001594,-40.0365691198323,16.000032092438));
#13863=CARTESIAN_POINT('Ctrl Pts',(132.429003815212,-40.5203149356246,15.9999999918958));
#13864=CARTESIAN_POINT('Ctrl Pts',(132.964339492752,-36.4811823864393,14.4188237516189));
#13865=CARTESIAN_POINT('Ctrl Pts',(132.761495937603,-36.7473107208131,14.7241612927378));
#13866=CARTESIAN_POINT('Ctrl Pts',(132.286313005278,-37.3707246729848,15.289888258763));
#13867=CARTESIAN_POINT('Ctrl Pts',(131.638932175707,-38.6088427158641,15.8764495041445));
#13868=CARTESIAN_POINT('Ctrl Pts',(131.37043183238,-39.5228390983504,16.0000207968126));
#13869=CARTESIAN_POINT('Ctrl Pts',(131.20936771073,-40.0150933118418,15.9999999947476));
#13870=CARTESIAN_POINT('Ctrl Pts',(130.870954851955,-36.364452586822,14.5355535512363));
#13871=CARTESIAN_POINT('Ctrl Pts',(130.817060578395,-36.6558496243572,14.8269439893298));
#13872=CARTESIAN_POINT('Ctrl Pts',(130.699657012114,-37.3226399245984,15.3493220495953));
#13873=CARTESIAN_POINT('Ctrl Pts',(130.510470984742,-38.535110265772,15.8723644636552));
#13874=CARTESIAN_POINT('Ctrl Pts',(130.393483353199,-39.4395713314527,16.0000214840415));
#13875=CARTESIAN_POINT('Ctrl Pts',(130.336850036751,-39.9002193449716,15.9999999945741));
#13876=CARTESIAN_POINT('Ctrl Pts',(129.900269027683,-36.3644722370871,14.5355339009711));
#13877=CARTESIAN_POINT('Ctrl Pts',(129.900296249316,-36.6730144290507,14.8440760946009));
#13878=CARTESIAN_POINT('Ctrl Pts',(129.900355550479,-37.3713040150045,15.379885520221));
#13879=CARTESIAN_POINT('Ctrl Pts',(129.900451104316,-38.5911467882571,15.8851504246399));
#13880=CARTESIAN_POINT('Ctrl Pts',(129.900510186678,-39.4638329271885,16.0000193320289));
#13881=CARTESIAN_POINT('Ctrl Pts',(129.90053878957,-39.9002264369441,15.9999999951174));
#13882=CARTESIAN_POINT('',(137.155797227008,-37.6442128960878,13.2557932419703));
#13883=CARTESIAN_POINT('Ctrl Pts',(137.155797227008,-37.6442128960878,13.2557932419703));
#13884=CARTESIAN_POINT('Ctrl Pts',(136.918958298815,-37.881051824281,13.7294710983567));
#13885=CARTESIAN_POINT('Ctrl Pts',(136.569547713074,-38.2304624100227,14.2689360183332));
#13886=CARTESIAN_POINT('Ctrl Pts',(136.044599356476,-38.7554107666207,14.7815837636126));
#13887=CARTESIAN_POINT('Ctrl Pts',(135.903261523757,-38.8967485993396,14.905688657244));
#13888=CARTESIAN_POINT('',(129.900759042047,-36.3644722321273,14.5355339059309));
#13889=CARTESIAN_POINT('Ctrl Pts',(137.155797227008,-37.6442128960878,13.2557932419703));
#13890=CARTESIAN_POINT('Ctrl Pts',(136.682119370622,-37.4073739678946,13.4926321701636));
#13891=CARTESIAN_POINT('Ctrl Pts',(135.657558731222,-37.0143234825632,13.885682655495));
#13892=CARTESIAN_POINT('Ctrl Pts',(132.964490571131,-36.4812122934336,14.4187938446246));
#13893=CARTESIAN_POINT('Ctrl Pts',(130.871307130436,-36.3644722321273,14.5355339059309));
#13894=CARTESIAN_POINT('Ctrl Pts',(129.900759042047,-36.3644722321273,14.5355339059309));
#13895=CARTESIAN_POINT('',(129.900759042047,-39.9000061380601,15.9999999999981));
#13896=CARTESIAN_POINT('Origin',(129.900759042047,-39.9000061380601,10.9999999999981));
#13897=CARTESIAN_POINT('',(133.435759042047,-41.364251081049,15.9999999999981));
#13898=CARTESIAN_POINT('Origin',(129.900759042047,-44.8992510810489,15.9999999999981));
#13899=CARTESIAN_POINT('Ctrl Pts',(133.852895006862,-40.9471151162337,15.9618638354708));
#13900=CARTESIAN_POINT('Ctrl Pts',(133.71040815107,-41.0896019720262,15.9867873800341));
#13901=CARTESIAN_POINT('Ctrl Pts',(133.570565682927,-41.2294444401693,15.9999999999981));
#13902=CARTESIAN_POINT('Ctrl Pts',(133.435759042047,-41.364251081049,15.9999999999981));
#13903=CARTESIAN_POINT('Origin',(113.825002984027,-39.9000061380601,10.9999999999981));
#13904=CARTESIAN_POINT('',(45.5992449430251,-36.3644722321273,14.5355339059309));
#13905=CARTESIAN_POINT('Origin',(45.5992449430251,-39.9000061380601,10.9999999999981));
#13906=CARTESIAN_POINT('',(45.5992449430251,-39.9000061380601,15.9999999999981));
#13907=CARTESIAN_POINT('Origin',(45.5992449430251,-39.9000061380601,10.9999999999981));
#13908=CARTESIAN_POINT('',(113.825002984027,-39.9000061380601,15.9999999999981));
#13909=CARTESIAN_POINT('Origin',(129.900759042047,-39.9000061380601,10.9999999999981));
#13910=CARTESIAN_POINT('Ctrl Pts',(38.343967605739,-37.6443324773157,13.2556736607426));
#13911=CARTESIAN_POINT('Ctrl Pts',(38.5808086162578,-37.1706301288558,13.0188362131714));
#13912=CARTESIAN_POINT('Ctrl Pts',(39.1036591999022,-36.3633539159941,12.495986827335));
#13913=CARTESIAN_POINT('Ctrl Pts',(40.4775966508688,-35.2424579314283,11.1220391909755));
#13914=CARTESIAN_POINT('Ctrl Pts',(41.5789302134912,-34.8999484967541,10.0207328262888));
#13915=CARTESIAN_POINT('Ctrl Pts',(42.0643342345918,-34.9000061526125,9.53535427383848));
#13916=CARTESIAN_POINT('Ctrl Pts',(38.8177121894859,-37.407440117356,13.4925660207023));
#13917=CARTESIAN_POINT('Ctrl Pts',(39.0504275434505,-36.9822580004707,13.2527949162448));
#13918=CARTESIAN_POINT('Ctrl Pts',(39.5731610567185,-36.2392619419307,12.7276878159706));
#13919=CARTESIAN_POINT('Ctrl Pts',(40.9435885404575,-35.1954924877098,11.3774264344566));
#13920=CARTESIAN_POINT('Ctrl Pts',(41.939623084219,-34.8999564015913,10.3275446969853));
#13921=CARTESIAN_POINT('Ctrl Pts',(42.3728330820065,-34.9000061506168,9.84390769425121));
#13922=CARTESIAN_POINT('Ctrl Pts',(39.8422941754714,-37.0143533895575,13.8856527485007));
#13923=CARTESIAN_POINT('Ctrl Pts',(40.0745306194602,-36.6573821356003,13.6472008874928));
#13924=CARTESIAN_POINT('Ctrl Pts',(40.6231147599371,-36.001537094346,13.1149760698662));
#13925=CARTESIAN_POINT('Ctrl Pts',(42.0046001292186,-35.0906619480523,11.8007170299366));
#13926=CARTESIAN_POINT('Ctrl Pts',(42.7372919834778,-34.8999740456202,10.863437018226));
#13927=CARTESIAN_POINT('Ctrl Pts',(43.0710001698598,-34.9000061461624,10.3796912024337));
#13928=CARTESIAN_POINT('Ctrl Pts',(42.5356644923202,-36.4811823864393,14.4188237516189));
#13929=CARTESIAN_POINT('Ctrl Pts',(42.7385080474687,-36.1758448453204,14.1526954172452));
#13930=CARTESIAN_POINT('Ctrl Pts',(43.2136909797936,-35.6101178792952,13.5292814650735));
#13931=CARTESIAN_POINT('Ctrl Pts',(43.8610718093651,-35.0235566339136,12.2911634221942));
#13932=CARTESIAN_POINT('Ctrl Pts',(44.1295721526921,-34.8999853412456,11.3771670397078));
#13933=CARTESIAN_POINT('Ctrl Pts',(44.290636274342,-34.9000061433106,10.8849128262164));
#13934=CARTESIAN_POINT('Ctrl Pts',(44.6290491331171,-36.364452586822,14.5355535512363));
#13935=CARTESIAN_POINT('Ctrl Pts',(44.6829434066773,-36.0730621487283,14.244156513701));
#13936=CARTESIAN_POINT('Ctrl Pts',(44.8003469729586,-35.550684088463,13.5773662134598));
#13937=CARTESIAN_POINT('Ctrl Pts',(44.9895330003302,-35.0276416744031,12.3648958722862));
#13938=CARTESIAN_POINT('Ctrl Pts',(45.1065206318726,-34.8999846540167,11.4604348066055));
#13939=CARTESIAN_POINT('Ctrl Pts',(45.163153948321,-34.9000061434841,10.9997867930866));
#13940=CARTESIAN_POINT('Ctrl Pts',(45.5997349573892,-36.3644722370871,14.5355339009711));
#13941=CARTESIAN_POINT('Ctrl Pts',(45.5997077357558,-36.0559300434574,14.2269917090075));
#13942=CARTESIAN_POINT('Ctrl Pts',(45.5996484345926,-35.5201206178372,13.5287021230539));
#13943=CARTESIAN_POINT('Ctrl Pts',(45.5995528807559,-35.0148557134184,12.308859349801));
#13944=CARTESIAN_POINT('Ctrl Pts',(45.5994937983942,-34.8999868060293,11.4361732108697));
#13945=CARTESIAN_POINT('Ctrl Pts',(45.599465195502,-34.9000061429408,10.9997797011142));
#13946=CARTESIAN_POINT('',(38.344206758064,-37.6442128960878,13.2557932419704));
#13947=CARTESIAN_POINT('Ctrl Pts',(38.344206758064,-37.6442128960878,13.2557932419704));
#13948=CARTESIAN_POINT('Ctrl Pts',(38.4255734334016,-37.4814795454126,13.1744265666328));
#13949=CARTESIAN_POINT('Ctrl Pts',(38.5098419974718,-37.3270147977397,13.0901580025626));
#13950=CARTESIAN_POINT('Ctrl Pts',(38.6000000000363,-37.1785866698581,12.9999999999981));
#13951=CARTESIAN_POINT('Ctrl Pts',(38.344206758064,-37.6442128960878,13.2557932419704));
#13952=CARTESIAN_POINT('Ctrl Pts',(38.8178846144504,-37.4073739678946,13.4926321701636));
#13953=CARTESIAN_POINT('Ctrl Pts',(39.8424452538502,-37.0143234825632,13.885682655495));
#13954=CARTESIAN_POINT('Ctrl Pts',(42.5355134139414,-36.4812122934336,14.4187938446246));
#13955=CARTESIAN_POINT('Ctrl Pts',(44.628696854636,-36.3644722321273,14.5355339059309));
#13956=CARTESIAN_POINT('Ctrl Pts',(45.5992449430251,-36.3644722321273,14.5355339059309));
#13957=CARTESIAN_POINT('Ctrl Pts',(38.3443263392919,-37.6443324773157,13.2560323942954));
#13958=CARTESIAN_POINT('Ctrl Pts',(38.1074339793321,-37.407440117356,12.7822878105485));
#13959=CARTESIAN_POINT('Ctrl Pts',(37.7143472515337,-37.0143533895575,11.7577058245629));
#13960=CARTESIAN_POINT('Ctrl Pts',(37.1811762484154,-36.4811823864393,9.06433550771418));
#13961=CARTESIAN_POINT('Ctrl Pts',(37.0644464487982,-36.364452586822,6.97095086691724));
#13962=CARTESIAN_POINT('Ctrl Pts',(37.0644660990633,-36.3644722370871,6.00026504264514));
#13963=CARTESIAN_POINT('Ctrl Pts',(38.581163786863,-37.1706301288558,13.0191913837766));
#13964=CARTESIAN_POINT('Ctrl Pts',(38.3472050837895,-36.9822580004707,12.5495724565839));
#13965=CARTESIAN_POINT('Ctrl Pts',(37.9527991125416,-36.6573821356003,11.5254693805741));
#13966=CARTESIAN_POINT('Ctrl Pts',(37.4473045827893,-36.1758448453204,8.86149195256564));
#13967=CARTESIAN_POINT('Ctrl Pts',(37.3558434863333,-36.0730621487283,6.917056593357));
#13968=CARTESIAN_POINT('Ctrl Pts',(37.3730082910269,-36.0559300434574,6.00029226427851));
#13969=CARTESIAN_POINT('Ctrl Pts',(39.1040131726993,-36.3633539159941,12.4963408001321));
#13970=CARTESIAN_POINT('Ctrl Pts',(38.8723121840639,-36.2392619419307,12.0268389433159));
#13971=CARTESIAN_POINT('Ctrl Pts',(38.4850239301682,-36.001537094346,10.9768852400972));
#13972=CARTESIAN_POINT('Ctrl Pts',(38.0707185349608,-35.6101178792952,8.38630902024067));
#13973=CARTESIAN_POINT('Ctrl Pts',(38.0226337865745,-35.550684088463,6.7996530270758));
#13974=CARTESIAN_POINT('Ctrl Pts',(38.0712978769806,-35.5201206178372,6.0003515654418));
#13975=CARTESIAN_POINT('Ctrl Pts',(40.4779608090588,-35.2424579314283,11.1224033491655));
#13976=CARTESIAN_POINT('Ctrl Pts',(40.2225735655778,-35.1954924877098,10.6564114595768));
#13977=CARTESIAN_POINT('Ctrl Pts',(39.7992829700977,-35.0906619480523,9.59539987081572));
#13978=CARTESIAN_POINT('Ctrl Pts',(39.3088365778401,-35.0235566339136,7.73892819066921));
#13979=CARTESIAN_POINT('Ctrl Pts',(39.2351041277481,-35.0276416744031,6.61046699970421));
#13980=CARTESIAN_POINT('Ctrl Pts',(39.2911406502333,-35.0148557134184,6.00044711927846));
#13981=CARTESIAN_POINT('Ctrl Pts',(41.5792671737455,-34.8999484967541,10.0210697865431));
#13982=CARTESIAN_POINT('Ctrl Pts',(41.272455303049,-34.8999564015913,9.66037691581534));
#13983=CARTESIAN_POINT('Ctrl Pts',(40.7365629818084,-34.8999740456201,8.86270801655646));
#13984=CARTESIAN_POINT('Ctrl Pts',(40.2228329603265,-34.8999853412456,7.47042784734228));
#13985=CARTESIAN_POINT('Ctrl Pts',(40.1395651934289,-34.8999846540167,6.49347936816165));
#13986=CARTESIAN_POINT('Ctrl Pts',(40.1638267891646,-34.8999868060293,6.0005062016402));
#13987=CARTESIAN_POINT('Ctrl Pts',(42.0646457261959,-34.9000061526125,9.5356657654426));
#13988=CARTESIAN_POINT('Ctrl Pts',(41.7560923057832,-34.9000061506168,9.22716691802786));
#13989=CARTESIAN_POINT('Ctrl Pts',(41.2203087976007,-34.9000061461623,8.5289998301745));
#13990=CARTESIAN_POINT('Ctrl Pts',(40.7150871738179,-34.9000061433106,7.30936372569227));
#13991=CARTESIAN_POINT('Ctrl Pts',(40.6002132069477,-34.9000061434841,6.43684605171331));
#13992=CARTESIAN_POINT('Ctrl Pts',(40.6002202989201,-34.9000061429408,6.00053480453234));
#13993=CARTESIAN_POINT('Ctrl Pts',(38.344206758064,-37.6442128960878,13.2557932419704));
#13994=CARTESIAN_POINT('Ctrl Pts',(38.3023203320923,-37.6023264701161,13.1720203900269));
#13995=CARTESIAN_POINT('Ctrl Pts',(38.2616948418175,-37.5617009798414,13.0870401261749));
#13996=CARTESIAN_POINT('Ctrl Pts',(38.2221593407062,-37.52216547873,12.9999999999981));
#13997=CARTESIAN_POINT('Ctrl Pts',(38.3443263392918,-37.6443324773157,13.2560323942954));
#13998=CARTESIAN_POINT('Ctrl Pts',(37.8706239908319,-37.8811699248868,13.0191913837766));
#13999=CARTESIAN_POINT('Ctrl Pts',(37.0633477779702,-38.4040193107232,12.4963408001321));
#14000=CARTESIAN_POINT('Ctrl Pts',(35.9424517934045,-39.7779669470827,11.1224033491655));
#14001=CARTESIAN_POINT('Ctrl Pts',(35.5999423587302,-40.8792733117694,10.0210697865432));
#14002=CARTESIAN_POINT('Ctrl Pts',(35.6000000145885,-41.3646518642198,9.53566576544263));
#14003=CARTESIAN_POINT('Ctrl Pts',(38.1074339793321,-37.407440117356,12.7822878105485));
#14004=CARTESIAN_POINT('Ctrl Pts',(37.6822518624468,-37.6472112218134,12.5495724565839));
#14005=CARTESIAN_POINT('Ctrl Pts',(36.9392558039069,-38.1723183220878,12.0268389433159));
#14006=CARTESIAN_POINT('Ctrl Pts',(35.8954863496859,-39.5225797036016,10.6564114595768));
#14007=CARTESIAN_POINT('Ctrl Pts',(35.5999502635674,-40.5724614410729,9.66037691581537));
#14008=CARTESIAN_POINT('Ctrl Pts',(35.6000000125929,-41.056098443807,9.2271669180279));
#14009=CARTESIAN_POINT('Ctrl Pts',(37.7143472515337,-37.0143533895575,11.7577058245629));
#14010=CARTESIAN_POINT('Ctrl Pts',(37.3573759975764,-37.2528052505656,11.5254693805742));
#14011=CARTESIAN_POINT('Ctrl Pts',(36.7015309563221,-37.7850300681921,10.9768852400972));
#14012=CARTESIAN_POINT('Ctrl Pts',(35.7906558100284,-39.0992891081216,9.59539987081572));
#14013=CARTESIAN_POINT('Ctrl Pts',(35.5999679075963,-40.0365691198323,8.86270801655647));
#14014=CARTESIAN_POINT('Ctrl Pts',(35.6000000081385,-40.5203149356246,8.52899983017453));
#14015=CARTESIAN_POINT('Ctrl Pts',(37.1811762484154,-36.4811823864393,9.06433550771418));
#14016=CARTESIAN_POINT('Ctrl Pts',(36.8758387072965,-36.7473107208131,8.86149195256564));
#14017=CARTESIAN_POINT('Ctrl Pts',(36.3101117412714,-37.3707246729848,8.38630902024067));
#14018=CARTESIAN_POINT('Ctrl Pts',(35.7235504958898,-38.6088427158641,7.73892819066921));
#14019=CARTESIAN_POINT('Ctrl Pts',(35.5999792032217,-39.5228390983504,7.4704278473423));
#14020=CARTESIAN_POINT('Ctrl Pts',(35.6000000052867,-40.0150933118418,7.30936372569229));
#14021=CARTESIAN_POINT('Ctrl Pts',(37.0644464487982,-36.364452586822,6.97095086691725));
#14022=CARTESIAN_POINT('Ctrl Pts',(36.7730560107045,-36.6558496243573,6.91705659335701));
#14023=CARTESIAN_POINT('Ctrl Pts',(36.2506779504391,-37.3226399245984,6.79965302707582));
#14024=CARTESIAN_POINT('Ctrl Pts',(35.7276355363791,-38.535110265772,6.61046699970422));
#14025=CARTESIAN_POINT('Ctrl Pts',(35.5999785159928,-39.4395713314527,6.49347936816166));
#14026=CARTESIAN_POINT('Ctrl Pts',(35.6000000054602,-39.9002193449716,6.43684605171332));
#14027=CARTESIAN_POINT('Ctrl Pts',(37.0644660990633,-36.3644722370871,6.00026504264515));
#14028=CARTESIAN_POINT('Ctrl Pts',(36.7559239054335,-36.6730144290507,6.00029226427852));
#14029=CARTESIAN_POINT('Ctrl Pts',(36.2201144798133,-37.3713040150044,6.0003515654418));
#14030=CARTESIAN_POINT('Ctrl Pts',(35.7148495753944,-38.5911467882571,6.00044711927847));
#14031=CARTESIAN_POINT('Ctrl Pts',(35.5999806680054,-39.4638329271885,6.00050620164019));
#14032=CARTESIAN_POINT('Ctrl Pts',(35.6000000049169,-39.900226436944,6.00053480453234));
#14033=CARTESIAN_POINT('Ctrl Pts',(38.344206758064,-37.6442128960878,13.2557932419704));
#14034=CARTESIAN_POINT('Ctrl Pts',(38.1814734073888,-37.7255795714254,13.1744265666328));
#14035=CARTESIAN_POINT('Ctrl Pts',(38.0270086597158,-37.8098481354956,13.0901580025626));
#14036=CARTESIAN_POINT('Ctrl Pts',(37.8785805318343,-37.9000061380601,12.9999999999981));
#14037=CARTESIAN_POINT('Ctrl Pts',(38.3443263392919,-37.6439737437628,13.2556736607426));
#14038=CARTESIAN_POINT('Ctrl Pts',(38.1074339793321,-38.1177183275097,13.4925660207023));
#14039=CARTESIAN_POINT('Ctrl Pts',(37.7143472515337,-39.1423003134954,13.8856527485007));
#14040=CARTESIAN_POINT('Ctrl Pts',(37.1811762484154,-41.8356706303441,14.4188237516189));
#14041=CARTESIAN_POINT('Ctrl Pts',(37.0644464487982,-43.929055271141,14.5355535512363));
#14042=CARTESIAN_POINT('Ctrl Pts',(37.0644660990633,-44.8997410954131,14.5355339009711));
#14043=CARTESIAN_POINT('Ctrl Pts',(37.870623990832,-37.8808147542816,13.0188362131714));
#14044=CARTESIAN_POINT('Ctrl Pts',(37.6822518624468,-38.3504336814744,13.2527949162448));
#14045=CARTESIAN_POINT('Ctrl Pts',(37.3573759975764,-39.3745367574841,13.6472008874928));
#14046=CARTESIAN_POINT('Ctrl Pts',(36.8758387072965,-42.0385141854927,14.1526954172452));
#14047=CARTESIAN_POINT('Ctrl Pts',(36.7730560107045,-43.9829495447013,14.244156513701));
#14048=CARTESIAN_POINT('Ctrl Pts',(36.7559239054335,-44.8997138737797,14.2269917090075));
#14049=CARTESIAN_POINT('Ctrl Pts',(37.0633477779702,-38.4036653379261,12.495986827335));
#14050=CARTESIAN_POINT('Ctrl Pts',(36.9392558039069,-38.8731671947425,12.7276878159705));
#14051=CARTESIAN_POINT('Ctrl Pts',(36.7015309563221,-39.923120897961,13.1149760698662));
#14052=CARTESIAN_POINT('Ctrl Pts',(36.3101117412713,-42.5136971178176,13.5292814650735));
#14053=CARTESIAN_POINT('Ctrl Pts',(36.2506779504391,-44.1003531109825,13.5773662134598));
#14054=CARTESIAN_POINT('Ctrl Pts',(36.2201144798133,-44.8996545726165,13.5287021230539));
#14055=CARTESIAN_POINT('Ctrl Pts',(35.9424517934045,-39.7776027888927,11.1220391909755));
#14056=CARTESIAN_POINT('Ctrl Pts',(35.8954863496859,-40.2435946784814,11.3774264344566));
#14057=CARTESIAN_POINT('Ctrl Pts',(35.7906558100284,-41.3046062672426,11.8007170299367));
#14058=CARTESIAN_POINT('Ctrl Pts',(35.7235504958898,-43.161077947389,12.2911634221942));
#14059=CARTESIAN_POINT('Ctrl Pts',(35.7276355363791,-44.289539138354,12.3648958722862));
#14060=CARTESIAN_POINT('Ctrl Pts',(35.7148495753944,-44.8995590187798,12.3088593498012));
#14061=CARTESIAN_POINT('Ctrl Pts',(35.5999423587302,-40.8789363515151,10.0207328262888));
#14062=CARTESIAN_POINT('Ctrl Pts',(35.5999502635674,-41.2396292222429,10.3275446969853));
#14063=CARTESIAN_POINT('Ctrl Pts',(35.5999679075963,-42.0372981215018,10.8634370182259));
#14064=CARTESIAN_POINT('Ctrl Pts',(35.5999792032217,-43.429578290716,11.3771670397078));
#14065=CARTESIAN_POINT('Ctrl Pts',(35.5999785159928,-44.4065267698966,11.4604348066055));
#14066=CARTESIAN_POINT('Ctrl Pts',(35.5999806680054,-44.899499936418,11.4361732108697));
#14067=CARTESIAN_POINT('Ctrl Pts',(35.6000000145885,-41.3643403726157,9.53535427383849));
#14068=CARTESIAN_POINT('Ctrl Pts',(35.6000000125929,-41.6728392200303,9.84390769425123));
#14069=CARTESIAN_POINT('Ctrl Pts',(35.6000000081385,-42.3710063078837,10.3796912024336));
#14070=CARTESIAN_POINT('Ctrl Pts',(35.6000000052867,-43.590642412366,10.8849128262165));
#14071=CARTESIAN_POINT('Ctrl Pts',(35.6000000054602,-44.4631600863449,10.9997867930866));
#14072=CARTESIAN_POINT('Ctrl Pts',(35.6000000049169,-44.8994713335259,10.9997797011142));
#14073=CARTESIAN_POINT('',(37.0644660941035,-44.8992510810489,14.5355339059309));
#14074=CARTESIAN_POINT('Origin',(40.6000000000362,-44.8992510810489,10.9999999999981));
#14075=CARTESIAN_POINT('Ctrl Pts',(38.344206758064,-37.6442128960878,13.2557932419704));
#14076=CARTESIAN_POINT('Ctrl Pts',(38.1073678298708,-38.1178907524742,13.4926321701636));
#14077=CARTESIAN_POINT('Ctrl Pts',(37.7143173445394,-39.1424513918741,13.885682655495));
#14078=CARTESIAN_POINT('Ctrl Pts',(37.1812061554097,-41.8355195519653,14.4187938446246));
#14079=CARTESIAN_POINT('Ctrl Pts',(37.0644660941035,-43.9287029926598,14.5355339059309));
#14080=CARTESIAN_POINT('Ctrl Pts',(37.0644660941035,-44.8992510810489,14.5355339059309));
#14081=CARTESIAN_POINT('Origin',(40.6000000000362,-60.0000070927588,10.9999999999981));
#14082=CARTESIAN_POINT('',(37.0644660941035,-125.300764994871,14.5355339059308));
#14083=CARTESIAN_POINT('Origin',(40.6000000000362,-125.300764994871,10.9999999999981));
#14084=CARTESIAN_POINT('',(40.6000000000362,-125.300764994871,15.9999999999981));
#14085=CARTESIAN_POINT('Origin',(40.6000000000362,-125.300764994871,10.9999999999981));
#14086=CARTESIAN_POINT('',(40.6000000000362,-44.8992510810489,15.9999999999981));
#14087=CARTESIAN_POINT('',(40.6000000000362,-60.0000070927588,15.9999999999981));
#14088=CARTESIAN_POINT('Origin',(40.6000000000362,-44.8992510810489,10.9999999999981));
#14089=CARTESIAN_POINT('Ctrl Pts',(38.3443263392917,-132.556042332157,13.2556736607426));
#14090=CARTESIAN_POINT('Ctrl Pts',(37.8706239908319,-132.319201321638,13.0188362131714));
#14091=CARTESIAN_POINT('Ctrl Pts',(37.0633477779702,-131.796350737994,12.495986827335));
#14092=CARTESIAN_POINT('Ctrl Pts',(35.9424517934044,-130.422413287028,11.1220391909757));
#14093=CARTESIAN_POINT('Ctrl Pts',(35.5999423587302,-129.321079724405,10.020732826289));
#14094=CARTESIAN_POINT('Ctrl Pts',(35.6000000145885,-128.835675703304,9.53535427383871));
#14095=CARTESIAN_POINT('Ctrl Pts',(38.1074339793321,-132.08229774841,13.4925660207022));
#14096=CARTESIAN_POINT('Ctrl Pts',(37.6822518624468,-131.849582394446,13.2527949162448));
#14097=CARTESIAN_POINT('Ctrl Pts',(36.9392558039069,-131.326848881178,12.7276878159705));
#14098=CARTESIAN_POINT('Ctrl Pts',(35.8954863496859,-129.956421397439,11.3774264344566));
#14099=CARTESIAN_POINT('Ctrl Pts',(35.5999502635674,-128.960386853677,10.3275446969854));
#14100=CARTESIAN_POINT('Ctrl Pts',(35.6000000125929,-128.527176855889,9.8439076942514));
#14101=CARTESIAN_POINT('Ctrl Pts',(37.7143472515337,-131.057715762424,13.8856527485006));
#14102=CARTESIAN_POINT('Ctrl Pts',(37.3573759975764,-130.825479318436,13.6472008874927));
#14103=CARTESIAN_POINT('Ctrl Pts',(36.7015309563221,-130.276895177959,13.1149760698661));
#14104=CARTESIAN_POINT('Ctrl Pts',(35.7906558100284,-128.895409808677,11.8007170299366));
#14105=CARTESIAN_POINT('Ctrl Pts',(35.5999679075963,-128.162717954418,10.8634370182261));
#14106=CARTESIAN_POINT('Ctrl Pts',(35.6000000081385,-127.829009768036,10.3796912024338));
#14107=CARTESIAN_POINT('Ctrl Pts',(37.1811762484154,-128.364345445576,14.4188237516188));
#14108=CARTESIAN_POINT('Ctrl Pts',(36.8758387072965,-128.161501890427,14.152695417245));
#14109=CARTESIAN_POINT('Ctrl Pts',(36.3101117412714,-127.686318958102,13.5292814650734));
#14110=CARTESIAN_POINT('Ctrl Pts',(35.7235504958898,-127.038938128531,12.2911634221941));
#14111=CARTESIAN_POINT('Ctrl Pts',(35.5999792032217,-126.770437785204,11.3771670397079));
#14112=CARTESIAN_POINT('Ctrl Pts',(35.6000000052867,-126.609373663554,10.8849128262166));
#14113=CARTESIAN_POINT('Ctrl Pts',(37.0644464487982,-126.270960804779,14.5355535512361));
#14114=CARTESIAN_POINT('Ctrl Pts',(36.7730560107045,-126.21706653122,14.2441565137009));
#14115=CARTESIAN_POINT('Ctrl Pts',(36.2506779504391,-126.099662964938,13.5773662134598));
#14116=CARTESIAN_POINT('Ctrl Pts',(35.7276355363792,-125.910476937566,12.3648958722861));
#14117=CARTESIAN_POINT('Ctrl Pts',(35.5999785159928,-125.793489306023,11.4604348066055));
#14118=CARTESIAN_POINT('Ctrl Pts',(35.6000000054602,-125.736855989576,10.9997867930867));
#14119=CARTESIAN_POINT('Ctrl Pts',(37.0644660990633,-125.300274980507,14.535533900971));
#14120=CARTESIAN_POINT('Ctrl Pts',(36.7559239054335,-125.30030220214,14.2269917090074));
#14121=CARTESIAN_POINT('Ctrl Pts',(36.2201144798133,-125.300361503304,13.5287021230538));
#14122=CARTESIAN_POINT('Ctrl Pts',(35.7148495753945,-125.30045705714,12.3088593498011));
#14123=CARTESIAN_POINT('Ctrl Pts',(35.5999806680054,-125.300516139502,11.4361732108698));
#14124=CARTESIAN_POINT('Ctrl Pts',(35.6000000049169,-125.300544742394,10.9997797011143));
#14125=CARTESIAN_POINT('Ctrl Pts',(38.3442067580639,-132.555803179832,13.2557932419703));
#14126=CARTESIAN_POINT('Ctrl Pts',(38.1814734073888,-132.474436504494,13.1744265666327));
#14127=CARTESIAN_POINT('Ctrl Pts',(38.0270086597159,-132.390167940424,13.0901580025626));
#14128=CARTESIAN_POINT('Ctrl Pts',(37.8785805318345,-132.30000993786,12.9999999999981));
#14129=CARTESIAN_POINT('Ctrl Pts',(38.3442067580639,-132.555803179832,13.2557932419703));
#14130=CARTESIAN_POINT('Ctrl Pts',(38.1073678298708,-132.082125323446,13.4926321701635));
#14131=CARTESIAN_POINT('Ctrl Pts',(37.7143173445394,-131.057564684046,13.8856826554949));
#14132=CARTESIAN_POINT('Ctrl Pts',(37.1812061554097,-128.364496523955,14.4187938446245));
#14133=CARTESIAN_POINT('Ctrl Pts',(37.0644660941035,-126.27131308326,14.5355339059308));
#14134=CARTESIAN_POINT('Ctrl Pts',(37.0644660941035,-125.300764994871,14.5355339059308));
#14135=CARTESIAN_POINT('Ctrl Pts',(38.3443263392916,-132.555683598604,13.256032394295));
#14136=CARTESIAN_POINT('Ctrl Pts',(38.1074339793321,-132.792575958565,12.7822878105482));
#14137=CARTESIAN_POINT('Ctrl Pts',(37.7143472515337,-133.185662686363,11.7577058245626));
#14138=CARTESIAN_POINT('Ctrl Pts',(37.1811762484154,-133.718833689481,9.06433550771427));
#14139=CARTESIAN_POINT('Ctrl Pts',(37.0644464487982,-133.835563489098,6.97095086691755));
#14140=CARTESIAN_POINT('Ctrl Pts',(37.0644660990633,-133.835543838833,6.00026504264558));
#14141=CARTESIAN_POINT('Ctrl Pts',(37.8706239908319,-132.318846151033,13.0191913837763));
#14142=CARTESIAN_POINT('Ctrl Pts',(37.6822518624468,-132.552804854107,12.5495724565836));
#14143=CARTESIAN_POINT('Ctrl Pts',(37.3573759975764,-132.947210825354,11.525469380574));
#14144=CARTESIAN_POINT('Ctrl Pts',(36.8758387072965,-133.452705355107,8.86149195256574));
#14145=CARTESIAN_POINT('Ctrl Pts',(36.7730560107045,-133.544166451563,6.91705659335727));
#14146=CARTESIAN_POINT('Ctrl Pts',(36.7559239054335,-133.52700164687,6.00029226427892));
#14147=CARTESIAN_POINT('Ctrl Pts',(37.0633477779701,-131.795996765197,12.4963408001318));
#14148=CARTESIAN_POINT('Ctrl Pts',(36.9392558039069,-132.027697753833,12.0268389433156));
#14149=CARTESIAN_POINT('Ctrl Pts',(36.7015309563221,-132.414986007728,10.9768852400971));
#14150=CARTESIAN_POINT('Ctrl Pts',(36.3101117412713,-132.829291402936,8.38630902024077));
#14151=CARTESIAN_POINT('Ctrl Pts',(36.2506779504391,-132.877376151322,6.79965302707601));
#14152=CARTESIAN_POINT('Ctrl Pts',(36.2201144798133,-132.828712060915,6.00035156544214));
#14153=CARTESIAN_POINT('Ctrl Pts',(35.9424517934044,-130.422049128838,11.1224033491653));
#14154=CARTESIAN_POINT('Ctrl Pts',(35.8954863496859,-130.677436372319,10.6564114595767));
#14155=CARTESIAN_POINT('Ctrl Pts',(35.7906558100284,-131.100726967799,9.59539987081562));
#14156=CARTESIAN_POINT('Ctrl Pts',(35.7235504958898,-131.591173360056,7.7389281906693));
#14157=CARTESIAN_POINT('Ctrl Pts',(35.7276355363792,-131.664905810149,6.61046699970435));
#14158=CARTESIAN_POINT('Ctrl Pts',(35.7148495753945,-131.608869287663,6.00044711927871));
#14159=CARTESIAN_POINT('Ctrl Pts',(35.5999423587302,-129.320742764151,10.021069786543));
#14160=CARTESIAN_POINT('Ctrl Pts',(35.5999502635674,-129.627554634847,9.6603769158153));
#14161=CARTESIAN_POINT('Ctrl Pts',(35.5999679075963,-130.163446956089,8.86270801655643));
#14162=CARTESIAN_POINT('Ctrl Pts',(35.5999792032217,-130.67717697757,7.47042784734235));
#14163=CARTESIAN_POINT('Ctrl Pts',(35.5999785159928,-130.760444744467,6.49347936816178));
#14164=CARTESIAN_POINT('Ctrl Pts',(35.5999806680054,-130.736183148732,6.0005062016404));
#14165=CARTESIAN_POINT('Ctrl Pts',(35.6000000145886,-128.8353642117,9.53566576544262));
#14166=CARTESIAN_POINT('Ctrl Pts',(35.6000000125929,-129.143917632113,9.2271669180279));
#14167=CARTESIAN_POINT('Ctrl Pts',(35.6000000081385,-129.679701140296,8.52899983017454));
#14168=CARTESIAN_POINT('Ctrl Pts',(35.6000000052867,-130.184922764079,7.30936372569237));
#14169=CARTESIAN_POINT('Ctrl Pts',(35.6000000054602,-130.299796730949,6.43684605171343));
#14170=CARTESIAN_POINT('Ctrl Pts',(35.6000000049169,-130.299789638976,6.00053480453251));
#14171=CARTESIAN_POINT('Ctrl Pts',(38.3442067580639,-132.555803179832,13.2557932419703));
#14172=CARTESIAN_POINT('Ctrl Pts',(38.3023203320922,-132.597689605804,13.1720203900269));
#14173=CARTESIAN_POINT('Ctrl Pts',(38.2616948418175,-132.638315096079,13.0870401261748));
#14174=CARTESIAN_POINT('Ctrl Pts',(38.2221593407062,-132.67785059719,12.9999999999981));
#14175=CARTESIAN_POINT('Ctrl Pts',(38.3443263392917,-132.555683598604,13.2560323942953));
#14176=CARTESIAN_POINT('Ctrl Pts',(38.5811637868629,-133.029385947064,13.0191913837765));
#14177=CARTESIAN_POINT('Ctrl Pts',(39.1040131726993,-133.836662159926,12.496340800132));
#14178=CARTESIAN_POINT('Ctrl Pts',(40.4779608090588,-134.957558144492,11.1224033491655));
#14179=CARTESIAN_POINT('Ctrl Pts',(41.5792671737455,-135.300067579166,10.021069786543));
#14180=CARTESIAN_POINT('Ctrl Pts',(42.0646457261959,-135.300009923307,9.53566576544252));
#14181=CARTESIAN_POINT('Ctrl Pts',(38.1074339793321,-132.792575958564,12.7822878105484));
#14182=CARTESIAN_POINT('Ctrl Pts',(38.3472050837895,-133.217758075449,12.5495724565838));
#14183=CARTESIAN_POINT('Ctrl Pts',(38.8723121840639,-133.96075413399,12.0268389433158));
#14184=CARTESIAN_POINT('Ctrl Pts',(40.2225735655778,-135.004523588211,10.6564114595768));
#14185=CARTESIAN_POINT('Ctrl Pts',(41.272455303049,-135.300059674329,9.66037691581527));
#14186=CARTESIAN_POINT('Ctrl Pts',(41.7560923057832,-135.300009925303,9.2271669180278));
#14187=CARTESIAN_POINT('Ctrl Pts',(37.7143472515337,-133.185662686363,11.7577058245628));
#14188=CARTESIAN_POINT('Ctrl Pts',(37.9527991125417,-133.54263394032,11.5254693805741));
#14189=CARTESIAN_POINT('Ctrl Pts',(38.4850239301682,-134.198478981574,10.9768852400972));
#14190=CARTESIAN_POINT('Ctrl Pts',(39.7992829700978,-135.109354127868,9.59539987081565));
#14191=CARTESIAN_POINT('Ctrl Pts',(40.7365629818084,-135.3000420303,8.86270801655638));
#14192=CARTESIAN_POINT('Ctrl Pts',(41.2203087976007,-135.300009929758,8.52899983017444));
#14193=CARTESIAN_POINT('Ctrl Pts',(37.1811762484154,-133.718833689481,9.06433550771411));
#14194=CARTESIAN_POINT('Ctrl Pts',(37.4473045827892,-134.024171230599,8.86149195256558));
#14195=CARTESIAN_POINT('Ctrl Pts',(38.0707185349608,-134.589898196624,8.3863090202406));
#14196=CARTESIAN_POINT('Ctrl Pts',(39.3088365778401,-135.176459442007,7.73892819066914));
#14197=CARTESIAN_POINT('Ctrl Pts',(40.2228329603265,-135.300030734674,7.47042784734222));
#14198=CARTESIAN_POINT('Ctrl Pts',(40.7150871738179,-135.300009932609,7.30936372569221));
#14199=CARTESIAN_POINT('Ctrl Pts',(37.0644464487982,-133.835563489098,6.97095086691719));
#14200=CARTESIAN_POINT('Ctrl Pts',(37.3558434863333,-134.126953927192,6.91705659335693));
#14201=CARTESIAN_POINT('Ctrl Pts',(38.0226337865745,-134.649331987457,6.79965302707574));
#14202=CARTESIAN_POINT('Ctrl Pts',(39.2351041277481,-135.172374401518,6.61046699970414));
#14203=CARTESIAN_POINT('Ctrl Pts',(40.1395651934288,-135.300031421903,6.49347936816158));
#14204=CARTESIAN_POINT('Ctrl Pts',(40.6002132069477,-135.300009932436,6.43684605171324));
#14205=CARTESIAN_POINT('Ctrl Pts',(37.0644660990633,-133.835543838833,6.00026504264507));
#14206=CARTESIAN_POINT('Ctrl Pts',(37.3730082910269,-134.144086032463,6.00029226427844));
#14207=CARTESIAN_POINT('Ctrl Pts',(38.0712978769805,-134.679895458083,6.00035156544173));
#14208=CARTESIAN_POINT('Ctrl Pts',(39.2911406502333,-135.185160362502,6.00044711927839));
#14209=CARTESIAN_POINT('Ctrl Pts',(40.1638267891646,-135.300029269891,6.00050620164013));
#14210=CARTESIAN_POINT('Ctrl Pts',(40.6002202989201,-135.300009932979,6.00053480453228));
#14211=CARTESIAN_POINT('Ctrl Pts',(38.3442067580639,-132.555803179832,13.2557932419703));
#14212=CARTESIAN_POINT('Ctrl Pts',(38.4255734334015,-132.718536530507,13.1744265666327));
#14213=CARTESIAN_POINT('Ctrl Pts',(38.5098419974716,-132.87300127818,13.0901580025626));
#14214=CARTESIAN_POINT('Ctrl Pts',(38.6000000000361,-133.021429406062,12.9999999999981));
#14215=CARTESIAN_POINT('Ctrl Pts',(38.3439676057389,-132.555683598604,13.2556736607425));
#14216=CARTESIAN_POINT('Ctrl Pts',(38.8177121894858,-132.792575958564,13.4925660207022));
#14217=CARTESIAN_POINT('Ctrl Pts',(39.8422941754715,-133.185662686362,13.8856527485006));
#14218=CARTESIAN_POINT('Ctrl Pts',(42.5356644923202,-133.718833689481,14.4188237516188));
#14219=CARTESIAN_POINT('Ctrl Pts',(44.6290491331171,-133.835563489098,14.5355535512362));
#14220=CARTESIAN_POINT('Ctrl Pts',(45.5997349573892,-133.835543838833,14.535533900971));
#14221=CARTESIAN_POINT('Ctrl Pts',(38.5808086162577,-133.029385947064,13.0188362131713));
#14222=CARTESIAN_POINT('Ctrl Pts',(39.0504275434505,-133.217758075449,13.2527949162448));
#14223=CARTESIAN_POINT('Ctrl Pts',(40.0745306194602,-133.54263394032,13.6472008874927));
#14224=CARTESIAN_POINT('Ctrl Pts',(42.7385080474687,-134.024171230599,14.1526954172451));
#14225=CARTESIAN_POINT('Ctrl Pts',(44.6829434066773,-134.126953927192,14.2441565137009));
#14226=CARTESIAN_POINT('Ctrl Pts',(45.5997077357558,-134.144086032463,14.2269917090074));
#14227=CARTESIAN_POINT('Ctrl Pts',(39.1036591999023,-133.836662159926,12.4959868273349));
#14228=CARTESIAN_POINT('Ctrl Pts',(39.5731610567186,-133.96075413399,12.7276878159705));
#14229=CARTESIAN_POINT('Ctrl Pts',(40.6231147599372,-134.198478981574,13.1149760698662));
#14230=CARTESIAN_POINT('Ctrl Pts',(43.2136909797936,-134.589898196624,13.5292814650734));
#14231=CARTESIAN_POINT('Ctrl Pts',(44.8003469729585,-134.649331987457,13.5773662134598));
#14232=CARTESIAN_POINT('Ctrl Pts',(45.5996484345925,-134.679895458083,13.5287021230538));
#14233=CARTESIAN_POINT('Ctrl Pts',(40.4775966508688,-134.957558144492,11.1220391909756));
#14234=CARTESIAN_POINT('Ctrl Pts',(40.9435885404575,-135.004523588211,11.3774264344566));
#14235=CARTESIAN_POINT('Ctrl Pts',(42.0046001292186,-135.109354127868,11.8007170299366));
#14236=CARTESIAN_POINT('Ctrl Pts',(43.8610718093652,-135.176459442007,12.2911634221941));
#14237=CARTESIAN_POINT('Ctrl Pts',(44.9895330003301,-135.172374401517,12.3648958722861));
#14238=CARTESIAN_POINT('Ctrl Pts',(45.5995528807559,-135.185160362502,12.3088593498011));
#14239=CARTESIAN_POINT('Ctrl Pts',(41.5789302134911,-135.300067579166,10.0207328262888));
#14240=CARTESIAN_POINT('Ctrl Pts',(41.939623084219,-135.300059674329,10.3275446969852));
#14241=CARTESIAN_POINT('Ctrl Pts',(42.7372919834779,-135.3000420303,10.8634370182259));
#14242=CARTESIAN_POINT('Ctrl Pts',(44.129572152692,-135.300030734674,11.3771670397078));
#14243=CARTESIAN_POINT('Ctrl Pts',(45.1065206318727,-135.300031421903,11.4604348066054));
#14244=CARTESIAN_POINT('Ctrl Pts',(45.5994937983941,-135.300029269891,11.4361732108697));
#14245=CARTESIAN_POINT('Ctrl Pts',(42.0643342345918,-135.300009923307,9.53535427383845));
#14246=CARTESIAN_POINT('Ctrl Pts',(42.3728330820065,-135.300009925303,9.84390769425118));
#14247=CARTESIAN_POINT('Ctrl Pts',(43.0710001698599,-135.300009929757,10.3796912024336));
#14248=CARTESIAN_POINT('Ctrl Pts',(44.290636274342,-135.300009932609,10.8849128262164));
#14249=CARTESIAN_POINT('Ctrl Pts',(45.163153948321,-135.300009932436,10.9997867930866));
#14250=CARTESIAN_POINT('Ctrl Pts',(45.599465195502,-135.300009932979,10.9997797011142));
#14251=CARTESIAN_POINT('Origin',(45.5992449430251,-130.30000993786,10.9999999999981));
#14252=CARTESIAN_POINT('Ctrl Pts',(38.343967605739,-37.6443324773157,13.2556736607426));
#14253=CARTESIAN_POINT('Ctrl Pts',(38.8177121894859,-37.407440117356,13.4925660207023));
#14254=CARTESIAN_POINT('Ctrl Pts',(39.8422941754714,-37.0143533895575,13.8856527485007));
#14255=CARTESIAN_POINT('Ctrl Pts',(42.5356644923202,-36.4811823864393,14.4188237516189));
#14256=CARTESIAN_POINT('Ctrl Pts',(44.6290491331171,-36.364452586822,14.5355535512363));
#14257=CARTESIAN_POINT('Ctrl Pts',(45.5997349573892,-36.3644722370871,14.5355339009711));
#14258=CARTESIAN_POINT('Ctrl Pts',(38.5808086162578,-37.8811699248868,13.7293760092025));
#14259=CARTESIAN_POINT('Ctrl Pts',(39.0504275434504,-37.6472112218134,13.9177481375876));
#14260=CARTESIAN_POINT('Ctrl Pts',(40.0745306194602,-37.2528052505656,14.2426240024579));
#14261=CARTESIAN_POINT('Ctrl Pts',(42.7385080474687,-36.7473107208131,14.7241612927378));
#14262=CARTESIAN_POINT('Ctrl Pts',(44.6829434066773,-36.6558496243573,14.8269439893299));
#14263=CARTESIAN_POINT('Ctrl Pts',(45.5997077357559,-36.6730144290507,14.8440760946009));
#14264=CARTESIAN_POINT('Ctrl Pts',(39.1036591999023,-38.4040193107232,14.5366522220641));
#14265=CARTESIAN_POINT('Ctrl Pts',(39.5731610567185,-38.1723183220878,14.6607441961275));
#14266=CARTESIAN_POINT('Ctrl Pts',(40.6231147599372,-37.7850300681921,14.8984690437122));
#14267=CARTESIAN_POINT('Ctrl Pts',(43.2136909797936,-37.3707246729848,15.289888258763));
#14268=CARTESIAN_POINT('Ctrl Pts',(44.8003469729586,-37.3226399245984,15.3493220495953));
#14269=CARTESIAN_POINT('Ctrl Pts',(45.5996484345926,-37.3713040150044,15.379885520221));
#14270=CARTESIAN_POINT('Ctrl Pts',(40.4775966508688,-39.7779669470827,15.6575482066299));
#14271=CARTESIAN_POINT('Ctrl Pts',(40.9435885404575,-39.5225797036016,15.7045136503484));
#14272=CARTESIAN_POINT('Ctrl Pts',(42.0046001292186,-39.0992891081216,15.8093441900059));
#14273=CARTESIAN_POINT('Ctrl Pts',(43.8610718093652,-38.6088427158641,15.8764495041446));
#14274=CARTESIAN_POINT('Ctrl Pts',(44.9895330003302,-38.535110265772,15.8723644636552));
#14275=CARTESIAN_POINT('Ctrl Pts',(45.5995528807559,-38.5911467882571,15.8851504246399));
#14276=CARTESIAN_POINT('Ctrl Pts',(41.5789302134912,-40.8792733117694,16.0000576413041));
#14277=CARTESIAN_POINT('Ctrl Pts',(41.9396230842191,-40.5724614410729,16.0000497364669));
#14278=CARTESIAN_POINT('Ctrl Pts',(42.7372919834779,-40.0365691198323,16.000032092438));
#14279=CARTESIAN_POINT('Ctrl Pts',(44.129572152692,-39.5228390983504,16.0000207968126));
#14280=CARTESIAN_POINT('Ctrl Pts',(45.1065206318728,-39.4395713314527,16.0000214840415));
#14281=CARTESIAN_POINT('Ctrl Pts',(45.5994937983942,-39.4638329271885,16.0000193320289));
#14282=CARTESIAN_POINT('Ctrl Pts',(42.0643342345917,-41.3646518642198,15.9999999854458));
#14283=CARTESIAN_POINT('Ctrl Pts',(42.3728330820065,-41.056098443807,15.9999999874414));
#14284=CARTESIAN_POINT('Ctrl Pts',(43.0710001698599,-40.5203149356246,15.9999999918958));
#14285=CARTESIAN_POINT('Ctrl Pts',(44.2906362743421,-40.0150933118418,15.9999999947476));
#14286=CARTESIAN_POINT('Ctrl Pts',(45.163153948321,-39.9002193449716,15.9999999945741));
#14287=CARTESIAN_POINT('Ctrl Pts',(45.599465195502,-39.900226436944,15.9999999951174));
#14288=CARTESIAN_POINT('',(42.0642449430251,-41.364251081049,15.9999999999981));
#14289=CARTESIAN_POINT('Ctrl Pts',(38.344206758064,-37.6442128960878,13.2557932419704));
#14290=CARTESIAN_POINT('Ctrl Pts',(38.5810456862572,-37.881051824281,13.7294710983568));
#14291=CARTESIAN_POINT('Ctrl Pts',(39.1038962119117,-38.4039023499355,14.5367148639776));
#14292=CARTESIAN_POINT('Ctrl Pts',(40.4777548197258,-39.7777609577497,15.6575090401139));
#14293=CARTESIAN_POINT('Ctrl Pts',(41.5789269713943,-40.8789331094181,15.9999999999981));
#14294=CARTESIAN_POINT('Ctrl Pts',(42.0642449430251,-41.364251081049,15.9999999999981));
#14295=CARTESIAN_POINT('Origin',(45.5992449430251,-44.8992510810489,15.9999999999981));
#14296=CARTESIAN_POINT('Ctrl Pts',(137.15567764578,-37.6439737437631,13.2556736607426));
#14297=CARTESIAN_POINT('Ctrl Pts',(137.392570005741,-38.1177183275099,13.4925660207022));
#14298=CARTESIAN_POINT('Ctrl Pts',(137.785656733539,-39.1423003134955,13.8856527485006));
#14299=CARTESIAN_POINT('Ctrl Pts',(138.318827736657,-41.8356706303439,14.4188237516189));
#14300=CARTESIAN_POINT('Ctrl Pts',(138.435557536274,-43.9290552711406,14.5355535512361));
#14301=CARTESIAN_POINT('Ctrl Pts',(138.435537886009,-44.8997410954125,14.535533900971));
#14302=CARTESIAN_POINT('Ctrl Pts',(136.918840198209,-37.8808147542819,13.7293760092025));
#14303=CARTESIAN_POINT('Ctrl Pts',(137.152798901283,-38.3504336814745,13.9177481375875));
#14304=CARTESIAN_POINT('Ctrl Pts',(137.54720487253,-39.3745367574842,14.2426240024579));
#14305=CARTESIAN_POINT('Ctrl Pts',(138.052699402284,-42.0385141854925,14.7241612927378));
#14306=CARTESIAN_POINT('Ctrl Pts',(138.144160498739,-43.9829495447009,14.8269439893298));
#14307=CARTESIAN_POINT('Ctrl Pts',(138.126995694046,-44.8997138737792,14.8440760946008));
#14308=CARTESIAN_POINT('Ctrl Pts',(136.395990812373,-38.4036653379264,14.5366522220642));
#14309=CARTESIAN_POINT('Ctrl Pts',(136.627691801009,-38.8731671947426,14.6607441961275));
#14310=CARTESIAN_POINT('Ctrl Pts',(137.014980054904,-39.9231208979611,14.8984690437122));
#14311=CARTESIAN_POINT('Ctrl Pts',(137.429285450112,-42.5136971178174,15.2898882587629));
#14312=CARTESIAN_POINT('Ctrl Pts',(137.477370198498,-44.1003531109822,15.3493220495952));
#14313=CARTESIAN_POINT('Ctrl Pts',(137.428706108092,-44.8996545726161,15.379885520221));
#14314=CARTESIAN_POINT('Ctrl Pts',(135.022043176014,-39.7776027888929,15.6575482066298));
#14315=CARTESIAN_POINT('Ctrl Pts',(135.277430419495,-40.2435946784815,15.7045136503484));
#14316=CARTESIAN_POINT('Ctrl Pts',(135.700721014975,-41.3046062672426,15.8093441900059));
#14317=CARTESIAN_POINT('Ctrl Pts',(136.191167407233,-43.1610779473889,15.8764495041445));
#14318=CARTESIAN_POINT('Ctrl Pts',(136.264899857325,-44.2895391383538,15.8723644636551));
#14319=CARTESIAN_POINT('Ctrl Pts',(136.208863334839,-44.8995590187794,15.8851504246398));
#14320=CARTESIAN_POINT('Ctrl Pts',(133.920736811327,-40.8789363515151,16.0000576413041));
#14321=CARTESIAN_POINT('Ctrl Pts',(134.227548682024,-41.2396292222428,16.0000497364669));
#14322=CARTESIAN_POINT('Ctrl Pts',(134.763441003264,-42.0372981215017,16.000032092438));
#14323=CARTESIAN_POINT('Ctrl Pts',(135.277171024746,-43.4295782907159,16.0000207968126));
#14324=CARTESIAN_POINT('Ctrl Pts',(135.360438791643,-44.4065267698964,16.0000214840415));
#14325=CARTESIAN_POINT('Ctrl Pts',(135.336177195908,-44.8994999364177,16.0000193320289));
#14326=CARTESIAN_POINT('Ctrl Pts',(133.435358258877,-41.3643403726156,15.9999999854458));
#14327=CARTESIAN_POINT('Ctrl Pts',(133.743911679289,-41.6728392200302,15.9999999874414));
#14328=CARTESIAN_POINT('Ctrl Pts',(134.279695187472,-42.3710063078836,15.9999999918958));
#14329=CARTESIAN_POINT('Ctrl Pts',(134.784916811255,-43.5906424123658,15.9999999947476));
#14330=CARTESIAN_POINT('Ctrl Pts',(134.899790778125,-44.4631600863448,15.9999999945741));
#14331=CARTESIAN_POINT('Ctrl Pts',(134.899783686152,-44.8994713335256,15.9999999951174));
#14332=CARTESIAN_POINT('',(134.900003985036,-44.8992510810489,15.9999999999981));
#14333=CARTESIAN_POINT('Origin',(129.900759042047,-44.8992510810489,15.9999999999981));
#14334=CARTESIAN_POINT('',(138.435537890969,-44.8992510810489,14.5355339059308));
#14335=CARTESIAN_POINT('Origin',(134.900003985036,-44.8992510810489,10.9999999999981));
#14336=CARTESIAN_POINT('Ctrl Pts',(137.155797227008,-37.6442128960878,13.2557932419703));
#14337=CARTESIAN_POINT('Ctrl Pts',(137.392636155202,-38.1178907524742,13.4926321701635));
#14338=CARTESIAN_POINT('Ctrl Pts',(137.785686640533,-39.1424513918741,13.8856826554949));
#14339=CARTESIAN_POINT('Ctrl Pts',(138.318797829663,-41.8355195519653,14.4187938446246));
#14340=CARTESIAN_POINT('Ctrl Pts',(138.435537890969,-43.9287029926598,14.5355339059308));
#14341=CARTESIAN_POINT('Ctrl Pts',(138.435537890969,-44.8992510810489,14.5355339059308));
#14342=CARTESIAN_POINT('Ctrl Pts',(137.156036379333,-37.6443324773157,13.2556736607425));
#14343=CARTESIAN_POINT('Ctrl Pts',(136.682291795587,-37.407440117356,13.4925660207023));
#14344=CARTESIAN_POINT('Ctrl Pts',(135.657709809601,-37.0143533895575,13.8856527485007));
#14345=CARTESIAN_POINT('Ctrl Pts',(132.964339492752,-36.4811823864393,14.4188237516189));
#14346=CARTESIAN_POINT('Ctrl Pts',(130.870954851955,-36.364452586822,14.5355535512363));
#14347=CARTESIAN_POINT('Ctrl Pts',(129.900269027683,-36.3644722370871,14.5355339009711));
#14348=CARTESIAN_POINT('Ctrl Pts',(136.919195368814,-37.1706301288558,13.0188362131713));
#14349=CARTESIAN_POINT('Ctrl Pts',(136.449576441622,-36.9822580004707,13.2527949162448));
#14350=CARTESIAN_POINT('Ctrl Pts',(135.425473365613,-36.6573821356003,13.6472008874927));
#14351=CARTESIAN_POINT('Ctrl Pts',(132.761495937603,-36.1758448453204,14.1526954172452));
#14352=CARTESIAN_POINT('Ctrl Pts',(130.817060578395,-36.0730621487284,14.244156513701));
#14353=CARTESIAN_POINT('Ctrl Pts',(129.900296249316,-36.0559300434574,14.2269917090074));
#14354=CARTESIAN_POINT('Ctrl Pts',(136.39634478517,-36.3633539159941,12.495986827335));
#14355=CARTESIAN_POINT('Ctrl Pts',(135.926842928354,-36.2392619419307,12.7276878159704));
#14356=CARTESIAN_POINT('Ctrl Pts',(134.876889225136,-36.001537094346,13.1149760698662));
#14357=CARTESIAN_POINT('Ctrl Pts',(132.286313005278,-35.6101178792952,13.5292814650735));
#14358=CARTESIAN_POINT('Ctrl Pts',(130.699657012114,-35.550684088463,13.5773662134598));
#14359=CARTESIAN_POINT('Ctrl Pts',(129.900355550479,-35.5201206178372,13.5287021230539));
#14360=CARTESIAN_POINT('Ctrl Pts',(135.022407334204,-35.2424579314283,11.1220391909755));
#14361=CARTESIAN_POINT('Ctrl Pts',(134.556415444615,-35.1954924877098,11.3774264344565));
#14362=CARTESIAN_POINT('Ctrl Pts',(133.495403855854,-35.0906619480523,11.8007170299366));
#14363=CARTESIAN_POINT('Ctrl Pts',(131.638932175707,-35.0235566339136,12.2911634221942));
#14364=CARTESIAN_POINT('Ctrl Pts',(130.510470984742,-35.027641674403,12.3648958722862));
#14365=CARTESIAN_POINT('Ctrl Pts',(129.900451104316,-35.0148557134184,12.308859349801));
#14366=CARTESIAN_POINT('Ctrl Pts',(133.921073771581,-34.8999484967541,10.0207328262888));
#14367=CARTESIAN_POINT('Ctrl Pts',(133.560380900853,-34.8999564015913,10.3275446969852));
#14368=CARTESIAN_POINT('Ctrl Pts',(132.762712001594,-34.8999740456202,10.8634370182259));
#14369=CARTESIAN_POINT('Ctrl Pts',(131.37043183238,-34.8999853412456,11.3771670397078));
#14370=CARTESIAN_POINT('Ctrl Pts',(130.393483353199,-34.8999846540167,11.4604348066054));
#14371=CARTESIAN_POINT('Ctrl Pts',(129.900510186678,-34.8999868060293,11.4361732108697));
#14372=CARTESIAN_POINT('Ctrl Pts',(133.43566975048,-34.9000061526125,9.53535427383839));
#14373=CARTESIAN_POINT('Ctrl Pts',(133.127170903066,-34.9000061506168,9.84390769425113));
#14374=CARTESIAN_POINT('Ctrl Pts',(132.429003815212,-34.9000061461624,10.3796912024335));
#14375=CARTESIAN_POINT('Ctrl Pts',(131.20936771073,-34.9000061433106,10.8849128262164));
#14376=CARTESIAN_POINT('Ctrl Pts',(130.336850036751,-34.9000061434841,10.9997867930866));
#14377=CARTESIAN_POINT('Ctrl Pts',(129.90053878957,-34.9000061429408,10.9997797011141));
#14378=CARTESIAN_POINT('Ctrl Pts',(137.155797227008,-37.6442128960878,13.2557932419703));
#14379=CARTESIAN_POINT('Ctrl Pts',(137.074430551671,-37.4814795454127,13.1744265666327));
#14380=CARTESIAN_POINT('Ctrl Pts',(136.9901619876,-37.3270147977398,13.0901580025626));
#14381=CARTESIAN_POINT('Ctrl Pts',(136.900003985036,-37.1785866698583,12.9999999999981));
#14382=CARTESIAN_POINT('Ctrl Pts',(137.15567764578,-37.6443324773156,13.2560323942951));
#14383=CARTESIAN_POINT('Ctrl Pts',(136.918840198209,-37.1706301288557,13.0191913837763));
#14384=CARTESIAN_POINT('Ctrl Pts',(136.395990812373,-36.3633539159941,12.4963408001319));
#14385=CARTESIAN_POINT('Ctrl Pts',(135.022043176014,-35.2424579314283,11.1224033491653));
#14386=CARTESIAN_POINT('Ctrl Pts',(133.920736811327,-34.8999484967541,10.0210697865431));
#14387=CARTESIAN_POINT('Ctrl Pts',(133.435358258877,-34.9000061526125,9.53566576544266));
#14388=CARTESIAN_POINT('Ctrl Pts',(137.392570005741,-37.4074401173559,12.7822878105482));
#14389=CARTESIAN_POINT('Ctrl Pts',(137.152798901283,-36.9822580004706,12.5495724565837));
#14390=CARTESIAN_POINT('Ctrl Pts',(136.627691801009,-36.2392619419307,12.0268389433156));
#14391=CARTESIAN_POINT('Ctrl Pts',(135.277430419495,-35.1954924877098,10.6564114595767));
#14392=CARTESIAN_POINT('Ctrl Pts',(134.227548682024,-34.8999564015914,9.66037691581535));
#14393=CARTESIAN_POINT('Ctrl Pts',(133.743911679289,-34.9000061506168,9.22716691802794));
#14394=CARTESIAN_POINT('Ctrl Pts',(137.785656733539,-37.0143533895575,11.7577058245627));
#14395=CARTESIAN_POINT('Ctrl Pts',(137.54720487253,-36.6573821356003,11.525469380574));
#14396=CARTESIAN_POINT('Ctrl Pts',(137.014980054904,-36.001537094346,10.9768852400971));
#14397=CARTESIAN_POINT('Ctrl Pts',(135.700721014975,-35.0906619480523,9.59539987081565));
#14398=CARTESIAN_POINT('Ctrl Pts',(134.763441003265,-34.8999740456203,8.86270801655647));
#14399=CARTESIAN_POINT('Ctrl Pts',(134.279695187472,-34.9000061461624,8.52899983017458));
#14400=CARTESIAN_POINT('Ctrl Pts',(138.318827736657,-36.4811823864393,9.06433550771428));
#14401=CARTESIAN_POINT('Ctrl Pts',(138.052699402284,-36.1758448453204,8.86149195256575));
#14402=CARTESIAN_POINT('Ctrl Pts',(137.429285450112,-35.6101178792952,8.38630902024078));
#14403=CARTESIAN_POINT('Ctrl Pts',(136.191167407233,-35.0235566339137,7.73892819066933));
#14404=CARTESIAN_POINT('Ctrl Pts',(135.277171024746,-34.8999853412456,7.47042784734237));
#14405=CARTESIAN_POINT('Ctrl Pts',(134.784916811255,-34.9000061433106,7.30936372569238));
#14406=CARTESIAN_POINT('Ctrl Pts',(138.435557536274,-36.364452586822,6.97095086691755));
#14407=CARTESIAN_POINT('Ctrl Pts',(138.144160498739,-36.0730621487283,6.91705659335728));
#14408=CARTESIAN_POINT('Ctrl Pts',(137.477370198498,-35.550684088463,6.79965302707603));
#14409=CARTESIAN_POINT('Ctrl Pts',(136.264899857325,-35.0276416744031,6.61046699970437));
#14410=CARTESIAN_POINT('Ctrl Pts',(135.360438791643,-34.8999846540167,6.4934793681618));
#14411=CARTESIAN_POINT('Ctrl Pts',(134.899790778125,-34.9000061434841,6.43684605171345));
#14412=CARTESIAN_POINT('Ctrl Pts',(138.435537886009,-36.3644722370871,6.00026504264557));
#14413=CARTESIAN_POINT('Ctrl Pts',(138.126995694046,-36.0559300434574,6.00029226427892));
#14414=CARTESIAN_POINT('Ctrl Pts',(137.428706108092,-35.5201206178372,6.00035156544215));
#14415=CARTESIAN_POINT('Ctrl Pts',(136.208863334839,-35.0148557134184,6.00044711927872));
#14416=CARTESIAN_POINT('Ctrl Pts',(135.336177195908,-34.8999868060293,6.00050620164041));
#14417=CARTESIAN_POINT('Ctrl Pts',(134.899783686152,-34.9000061429408,6.00053480453253));
#14418=CARTESIAN_POINT('Ctrl Pts',(137.155797227008,-37.6442128960878,13.2557932419703));
#14419=CARTESIAN_POINT('Ctrl Pts',(137.19768365298,-37.6023264701161,13.1720203900269));
#14420=CARTESIAN_POINT('Ctrl Pts',(137.238309143255,-37.5617009798414,13.0870401261748));
#14421=CARTESIAN_POINT('Ctrl Pts',(137.277844644366,-37.5221654787301,12.9999999999981));
#14422=CARTESIAN_POINT('Ctrl Pts',(137.15567764578,-37.6443324773157,13.2560323942953));
#14423=CARTESIAN_POINT('Ctrl Pts',(137.392570005741,-37.407440117356,12.7822878105484));
#14424=CARTESIAN_POINT('Ctrl Pts',(137.785656733539,-37.0143533895575,11.7577058245629));
#14425=CARTESIAN_POINT('Ctrl Pts',(138.318827736657,-36.4811823864393,9.06433550771414));
#14426=CARTESIAN_POINT('Ctrl Pts',(138.435557536274,-36.364452586822,6.9709508669172));
#14427=CARTESIAN_POINT('Ctrl Pts',(138.435537886009,-36.3644722370871,6.00026504264509));
#14428=CARTESIAN_POINT('Ctrl Pts',(137.629379994241,-37.8811699248868,13.0191913837765));
#14429=CARTESIAN_POINT('Ctrl Pts',(137.817752122625,-37.6472112218134,12.5495724565839));
#14430=CARTESIAN_POINT('Ctrl Pts',(138.142627987496,-37.2528052505655,11.5254693805742));
#14431=CARTESIAN_POINT('Ctrl Pts',(138.624165277776,-36.7473107208131,8.86149195256559));
#14432=CARTESIAN_POINT('Ctrl Pts',(138.726947974368,-36.6558496243572,6.91705659335696));
#14433=CARTESIAN_POINT('Ctrl Pts',(138.744080079639,-36.6730144290507,6.00029226427846));
#14434=CARTESIAN_POINT('Ctrl Pts',(138.436656207102,-38.4040193107232,12.4963408001321));
#14435=CARTESIAN_POINT('Ctrl Pts',(138.560748181165,-38.1723183220878,12.0268389433158));
#14436=CARTESIAN_POINT('Ctrl Pts',(138.79847302875,-37.7850300681922,10.9768852400972));
#14437=CARTESIAN_POINT('Ctrl Pts',(139.189892243801,-37.3707246729848,8.38630902024062));
#14438=CARTESIAN_POINT('Ctrl Pts',(139.249326034633,-37.3226399245984,6.79965302707575));
#14439=CARTESIAN_POINT('Ctrl Pts',(139.279889505259,-37.3713040150044,6.00035156544175));
#14440=CARTESIAN_POINT('Ctrl Pts',(139.557552191668,-39.7779669470827,11.1224033491655));
#14441=CARTESIAN_POINT('Ctrl Pts',(139.604517635387,-39.5225797036016,10.6564114595768));
#14442=CARTESIAN_POINT('Ctrl Pts',(139.709348175044,-39.0992891081216,9.59539987081568));
#14443=CARTESIAN_POINT('Ctrl Pts',(139.776453489183,-38.6088427158641,7.73892819066918));
#14444=CARTESIAN_POINT('Ctrl Pts',(139.772368448694,-38.535110265772,6.61046699970417));
#14445=CARTESIAN_POINT('Ctrl Pts',(139.785154409678,-38.5911467882571,6.00044711927842));
#14446=CARTESIAN_POINT('Ctrl Pts',(139.900061626342,-40.8792733117693,10.0210697865432));
#14447=CARTESIAN_POINT('Ctrl Pts',(139.900053721505,-40.5724614410729,9.66037691581532));
#14448=CARTESIAN_POINT('Ctrl Pts',(139.900036077476,-40.0365691198322,8.86270801655643));
#14449=CARTESIAN_POINT('Ctrl Pts',(139.900024781851,-39.5228390983504,7.47042784734225));
#14450=CARTESIAN_POINT('Ctrl Pts',(139.900025469079,-39.4395713314527,6.4934793681616));
#14451=CARTESIAN_POINT('Ctrl Pts',(139.900023317067,-39.4638329271885,6.00050620164015));
#14452=CARTESIAN_POINT('Ctrl Pts',(139.900003970484,-41.3646518642198,9.53566576544259));
#14453=CARTESIAN_POINT('Ctrl Pts',(139.900003972479,-41.056098443807,9.22716691802786));
#14454=CARTESIAN_POINT('Ctrl Pts',(139.900003976934,-40.5203149356245,8.52899983017449));
#14455=CARTESIAN_POINT('Ctrl Pts',(139.900003979785,-40.0150933118418,7.30936372569225));
#14456=CARTESIAN_POINT('Ctrl Pts',(139.900003979612,-39.9002193449716,6.43684605171327));
#14457=CARTESIAN_POINT('Ctrl Pts',(139.900003980155,-39.900226436944,6.0005348045323));
#14458=CARTESIAN_POINT('Ctrl Pts',(137.155797227008,-37.6442128960878,13.2557932419703));
#14459=CARTESIAN_POINT('Ctrl Pts',(137.318530577683,-37.7255795714254,13.1744265666327));
#14460=CARTESIAN_POINT('Ctrl Pts',(137.472995325356,-37.8098481354955,13.0901580025626));
#14461=CARTESIAN_POINT('Ctrl Pts',(137.621423453238,-37.90000613806,12.9999999999981));
#14462=CARTESIAN_POINT('Ctrl Pts',(38.3443263392917,-132.556042332157,13.2556736607425));
#14463=CARTESIAN_POINT('Ctrl Pts',(38.1074339793321,-132.08229774841,13.4925660207022));
#14464=CARTESIAN_POINT('Ctrl Pts',(37.7143472515337,-131.057715762424,13.8856527485006));
#14465=CARTESIAN_POINT('Ctrl Pts',(37.1811762484154,-128.364345445576,14.4188237516188));
#14466=CARTESIAN_POINT('Ctrl Pts',(37.0644464487982,-126.270960804779,14.5355535512361));
#14467=CARTESIAN_POINT('Ctrl Pts',(37.0644660990633,-125.300274980507,14.535533900971));
#14468=CARTESIAN_POINT('Ctrl Pts',(38.5811637868628,-132.319201321638,13.7293760092024));
#14469=CARTESIAN_POINT('Ctrl Pts',(38.3472050837895,-131.849582394446,13.9177481375875));
#14470=CARTESIAN_POINT('Ctrl Pts',(37.9527991125416,-130.825479318436,14.2426240024579));
#14471=CARTESIAN_POINT('Ctrl Pts',(37.4473045827893,-128.161501890427,14.7241612927378));
#14472=CARTESIAN_POINT('Ctrl Pts',(37.3558434863333,-126.21706653122,14.8269439893298));
#14473=CARTESIAN_POINT('Ctrl Pts',(37.3730082910269,-125.30030220214,14.8440760946007));
#14474=CARTESIAN_POINT('Ctrl Pts',(39.1040131726992,-131.796350737994,14.5366522220642));
#14475=CARTESIAN_POINT('Ctrl Pts',(38.8723121840638,-131.326848881178,14.6607441961274));
#14476=CARTESIAN_POINT('Ctrl Pts',(38.4850239301681,-130.276895177959,14.8984690437121));
#14477=CARTESIAN_POINT('Ctrl Pts',(38.0707185349609,-127.686318958102,15.2898882587629));
#14478=CARTESIAN_POINT('Ctrl Pts',(38.0226337865745,-126.099662964938,15.3493220495951));
#14479=CARTESIAN_POINT('Ctrl Pts',(38.0712978769805,-125.300361503304,15.379885520221));
#14480=CARTESIAN_POINT('Ctrl Pts',(40.4779608090587,-130.422413287028,15.6575482066298));
#14481=CARTESIAN_POINT('Ctrl Pts',(40.2225735655777,-129.956421397439,15.7045136503484));
#14482=CARTESIAN_POINT('Ctrl Pts',(39.7992829700977,-128.895409808677,15.8093441900059));
#14483=CARTESIAN_POINT('Ctrl Pts',(39.3088365778401,-127.038938128531,15.8764495041445));
#14484=CARTESIAN_POINT('Ctrl Pts',(39.2351041277481,-125.910476937566,15.8723644636551));
#14485=CARTESIAN_POINT('Ctrl Pts',(39.2911406502332,-125.30045705714,15.8851504246398));
#14486=CARTESIAN_POINT('Ctrl Pts',(41.5792671737453,-129.321079724405,16.0000576413041));
#14487=CARTESIAN_POINT('Ctrl Pts',(41.2724553030489,-128.960386853677,16.0000497364669));
#14488=CARTESIAN_POINT('Ctrl Pts',(40.7365629818082,-128.162717954418,16.000032092438));
#14489=CARTESIAN_POINT('Ctrl Pts',(40.2228329603264,-126.770437785204,16.0000207968126));
#14490=CARTESIAN_POINT('Ctrl Pts',(40.1395651934287,-125.793489306023,16.0000214840415));
#14491=CARTESIAN_POINT('Ctrl Pts',(40.1638267891645,-125.300516139502,16.0000193320289));
#14492=CARTESIAN_POINT('Ctrl Pts',(42.0646457261956,-128.835675703304,15.9999999854458));
#14493=CARTESIAN_POINT('Ctrl Pts',(41.7560923057829,-128.527176855889,15.9999999874414));
#14494=CARTESIAN_POINT('Ctrl Pts',(41.2203087976005,-127.829009768036,15.9999999918958));
#14495=CARTESIAN_POINT('Ctrl Pts',(40.7150871738177,-126.609373663554,15.9999999947476));
#14496=CARTESIAN_POINT('Ctrl Pts',(40.6002132069476,-125.736855989576,15.9999999945741));
#14497=CARTESIAN_POINT('Ctrl Pts',(40.60022029892,-125.300544742394,15.9999999951174));
#14498=CARTESIAN_POINT('Origin',(45.5992449430251,-125.300764994871,15.9999999999981));
#14499=CARTESIAN_POINT('Ctrl Pts',(137.156036379333,-132.555683598604,13.2556736607426));
#14500=CARTESIAN_POINT('Ctrl Pts',(136.682291795586,-132.792575958565,13.4925660207022));
#14501=CARTESIAN_POINT('Ctrl Pts',(135.657709809601,-133.185662686363,13.8856527485006));
#14502=CARTESIAN_POINT('Ctrl Pts',(132.964339492752,-133.718833689481,14.4188237516188));
#14503=CARTESIAN_POINT('Ctrl Pts',(130.870954851955,-133.835563489098,14.5355535512361));
#14504=CARTESIAN_POINT('Ctrl Pts',(129.900269027683,-133.835543838833,14.535533900971));
#14505=CARTESIAN_POINT('Ctrl Pts',(136.919195368814,-132.318846151033,13.7293760092025));
#14506=CARTESIAN_POINT('Ctrl Pts',(136.449576441622,-132.552804854107,13.9177481375875));
#14507=CARTESIAN_POINT('Ctrl Pts',(135.425473365613,-132.947210825354,14.2426240024578));
#14508=CARTESIAN_POINT('Ctrl Pts',(132.761495937604,-133.452705355107,14.7241612927377));
#14509=CARTESIAN_POINT('Ctrl Pts',(130.817060578396,-133.544166451563,14.8269439893298));
#14510=CARTESIAN_POINT('Ctrl Pts',(129.900296249317,-133.52700164687,14.8440760946007));
#14511=CARTESIAN_POINT('Ctrl Pts',(136.39634478517,-131.795996765197,14.5366522220641));
#14512=CARTESIAN_POINT('Ctrl Pts',(135.926842928354,-132.027697753833,14.6607441961274));
#14513=CARTESIAN_POINT('Ctrl Pts',(134.876889225135,-132.414986007728,14.8984690437121));
#14514=CARTESIAN_POINT('Ctrl Pts',(132.286313005279,-132.829291402936,15.2898882587629));
#14515=CARTESIAN_POINT('Ctrl Pts',(130.699657012114,-132.877376151322,15.3493220495951));
#14516=CARTESIAN_POINT('Ctrl Pts',(129.90035555048,-132.828712060915,15.3798855202209));
#14517=CARTESIAN_POINT('Ctrl Pts',(135.022407334204,-130.422049128838,15.6575482066298));
#14518=CARTESIAN_POINT('Ctrl Pts',(134.556415444615,-130.677436372319,15.7045136503483));
#14519=CARTESIAN_POINT('Ctrl Pts',(133.495403855854,-131.100726967799,15.8093441900058));
#14520=CARTESIAN_POINT('Ctrl Pts',(131.638932175708,-131.591173360056,15.8764495041445));
#14521=CARTESIAN_POINT('Ctrl Pts',(130.510470984742,-131.664905810149,15.872364463655));
#14522=CARTESIAN_POINT('Ctrl Pts',(129.900451104317,-131.608869287663,15.8851504246397));
#14523=CARTESIAN_POINT('Ctrl Pts',(133.921073771581,-129.320742764151,16.0000576413041));
#14524=CARTESIAN_POINT('Ctrl Pts',(133.560380900853,-129.627554634847,16.0000497364669));
#14525=CARTESIAN_POINT('Ctrl Pts',(132.762712001594,-130.163446956089,16.000032092438));
#14526=CARTESIAN_POINT('Ctrl Pts',(131.37043183238,-130.67717697757,16.0000207968126));
#14527=CARTESIAN_POINT('Ctrl Pts',(130.393483353199,-130.760444744467,16.0000214840415));
#14528=CARTESIAN_POINT('Ctrl Pts',(129.900510186678,-130.736183148732,16.0000193320289));
#14529=CARTESIAN_POINT('Ctrl Pts',(133.43566975048,-128.8353642117,15.9999999854458));
#14530=CARTESIAN_POINT('Ctrl Pts',(133.127170903066,-129.143917632113,15.9999999874414));
#14531=CARTESIAN_POINT('Ctrl Pts',(132.429003815212,-129.679701140296,15.9999999918958));
#14532=CARTESIAN_POINT('Ctrl Pts',(131.20936771073,-130.184922764079,15.9999999947476));
#14533=CARTESIAN_POINT('Ctrl Pts',(130.336850036751,-130.299796730949,15.9999999945741));
#14534=CARTESIAN_POINT('Ctrl Pts',(129.90053878957,-130.299789638976,15.9999999951174));
#14535=CARTESIAN_POINT('',(129.900759042047,-130.30000993786,15.9999999999981));
#14536=CARTESIAN_POINT('Origin',(129.900759042047,-125.300764994871,15.9999999999981));
#14537=CARTESIAN_POINT('',(129.900759042047,-133.835543843793,14.5355339059308));
#14538=CARTESIAN_POINT('Origin',(129.900759042047,-130.30000993786,10.9999999999981));
#14539=CARTESIAN_POINT('Ctrl Pts',(137.155797227008,-132.555803179832,13.2557932419703));
#14540=CARTESIAN_POINT('Ctrl Pts',(136.682119370622,-132.792642108026,13.4926321701635));
#14541=CARTESIAN_POINT('Ctrl Pts',(135.657558731222,-133.185692593357,13.8856826554949));
#14542=CARTESIAN_POINT('Ctrl Pts',(132.964490571131,-133.718803782487,14.4187938446245));
#14543=CARTESIAN_POINT('Ctrl Pts',(130.871307130436,-133.835543843793,14.5355339059308));
#14544=CARTESIAN_POINT('Ctrl Pts',(129.900759042047,-133.835543843793,14.5355339059308));
#14545=CARTESIAN_POINT('Ctrl Pts',(137.15567764578,-132.556042332157,13.2556736607426));
#14546=CARTESIAN_POINT('Ctrl Pts',(137.392570005741,-132.08229774841,13.4925660207022));
#14547=CARTESIAN_POINT('Ctrl Pts',(137.785656733539,-131.057715762424,13.8856527485006));
#14548=CARTESIAN_POINT('Ctrl Pts',(138.318827736657,-128.364345445576,14.4188237516188));
#14549=CARTESIAN_POINT('Ctrl Pts',(138.435557536274,-126.270960804779,14.5355535512361));
#14550=CARTESIAN_POINT('Ctrl Pts',(138.435537886009,-125.300274980507,14.535533900971));
#14551=CARTESIAN_POINT('Ctrl Pts',(137.629379994241,-132.319201321638,13.0188362131714));
#14552=CARTESIAN_POINT('Ctrl Pts',(137.817752122625,-131.849582394446,13.2527949162447));
#14553=CARTESIAN_POINT('Ctrl Pts',(138.142627987496,-130.825479318436,13.6472008874927));
#14554=CARTESIAN_POINT('Ctrl Pts',(138.624165277776,-128.161501890427,14.152695417245));
#14555=CARTESIAN_POINT('Ctrl Pts',(138.726947974368,-126.21706653122,14.2441565137009));
#14556=CARTESIAN_POINT('Ctrl Pts',(138.744080079639,-125.30030220214,14.2269917090074));
#14557=CARTESIAN_POINT('Ctrl Pts',(138.436656207103,-131.796350737994,12.495986827335));
#14558=CARTESIAN_POINT('Ctrl Pts',(138.560748181165,-131.326848881178,12.7276878159705));
#14559=CARTESIAN_POINT('Ctrl Pts',(138.79847302875,-130.276895177959,13.1149760698661));
#14560=CARTESIAN_POINT('Ctrl Pts',(139.189892243801,-127.686318958102,13.5292814650733));
#14561=CARTESIAN_POINT('Ctrl Pts',(139.249326034633,-126.099662964938,13.5773662134598));
#14562=CARTESIAN_POINT('Ctrl Pts',(139.279889505259,-125.300361503304,13.5287021230538));
#14563=CARTESIAN_POINT('Ctrl Pts',(139.557552191668,-130.422413287028,11.1220391909756));
#14564=CARTESIAN_POINT('Ctrl Pts',(139.604517635387,-129.956421397439,11.3774264344567));
#14565=CARTESIAN_POINT('Ctrl Pts',(139.709348175044,-128.895409808677,11.8007170299366));
#14566=CARTESIAN_POINT('Ctrl Pts',(139.776453489183,-127.038938128531,12.2911634221941));
#14567=CARTESIAN_POINT('Ctrl Pts',(139.772368448694,-125.910476937566,12.3648958722861));
#14568=CARTESIAN_POINT('Ctrl Pts',(139.785154409678,-125.30045705714,12.3088593498011));
#14569=CARTESIAN_POINT('Ctrl Pts',(139.900061626342,-129.321079724405,10.020732826289));
#14570=CARTESIAN_POINT('Ctrl Pts',(139.900053721505,-128.960386853677,10.3275446969854));
#14571=CARTESIAN_POINT('Ctrl Pts',(139.900036077476,-128.162717954418,10.8634370182261));
#14572=CARTESIAN_POINT('Ctrl Pts',(139.90002478185,-126.770437785204,11.3771670397078));
#14573=CARTESIAN_POINT('Ctrl Pts',(139.900025469079,-125.793489306023,11.4604348066055));
#14574=CARTESIAN_POINT('Ctrl Pts',(139.900023317067,-125.300516139502,11.4361732108697));
#14575=CARTESIAN_POINT('Ctrl Pts',(139.900003970484,-128.835675703304,9.53535427383873));
#14576=CARTESIAN_POINT('Ctrl Pts',(139.900003972479,-128.527176855889,9.84390769425141));
#14577=CARTESIAN_POINT('Ctrl Pts',(139.900003976934,-127.829009768036,10.3796912024338));
#14578=CARTESIAN_POINT('Ctrl Pts',(139.900003979786,-126.609373663554,10.8849128262166));
#14579=CARTESIAN_POINT('Ctrl Pts',(139.900003979612,-125.736855989576,10.9997867930868));
#14580=CARTESIAN_POINT('Ctrl Pts',(139.900003980155,-125.300544742394,10.9997797011143));
#14581=CARTESIAN_POINT('Origin',(134.900003985036,-125.300764994871,10.9999999999981));
#14582=CARTESIAN_POINT('Ctrl Pts',(137.155797227008,-132.555803179832,13.2557932419703));
#14583=CARTESIAN_POINT('Ctrl Pts',(137.318530577683,-132.474436504494,13.1744265666327));
#14584=CARTESIAN_POINT('Ctrl Pts',(137.472995325356,-132.390167940424,13.0901580025626));
#14585=CARTESIAN_POINT('Ctrl Pts',(137.621423453238,-132.30000993786,12.9999999999981));
#14586=CARTESIAN_POINT('Ctrl Pts',(137.15567764578,-132.555683598604,13.256032394295));
#14587=CARTESIAN_POINT('Ctrl Pts',(137.629379994241,-132.318846151033,13.0191913837763));
#14588=CARTESIAN_POINT('Ctrl Pts',(138.436656207103,-131.795996765197,12.4963408001318));
#14589=CARTESIAN_POINT('Ctrl Pts',(139.557552191668,-130.422049128838,11.1224033491652));
#14590=CARTESIAN_POINT('Ctrl Pts',(139.900061626342,-129.320742764151,10.021069786543));
#14591=CARTESIAN_POINT('Ctrl Pts',(139.900003970484,-128.8353642117,9.53566576544259));
#14592=CARTESIAN_POINT('Ctrl Pts',(137.392570005741,-132.792575958565,12.7822878105482));
#14593=CARTESIAN_POINT('Ctrl Pts',(137.817752122625,-132.552804854107,12.5495724565836));
#14594=CARTESIAN_POINT('Ctrl Pts',(138.560748181165,-132.027697753833,12.0268389433156));
#14595=CARTESIAN_POINT('Ctrl Pts',(139.604517635387,-130.677436372319,10.6564114595766));
#14596=CARTESIAN_POINT('Ctrl Pts',(139.900053721505,-129.627554634847,9.66037691581527));
#14597=CARTESIAN_POINT('Ctrl Pts',(139.900003972479,-129.143917632113,9.22716691802787));
#14598=CARTESIAN_POINT('Ctrl Pts',(137.785656733539,-133.185662686363,11.7577058245626));
#14599=CARTESIAN_POINT('Ctrl Pts',(138.142627987496,-132.947210825354,11.5254693805739));
#14600=CARTESIAN_POINT('Ctrl Pts',(138.79847302875,-132.414986007728,10.976885240097));
#14601=CARTESIAN_POINT('Ctrl Pts',(139.709348175044,-131.100726967799,9.59539987081559));
#14602=CARTESIAN_POINT('Ctrl Pts',(139.900036077476,-130.163446956089,8.8627080165564));
#14603=CARTESIAN_POINT('Ctrl Pts',(139.900003976934,-129.679701140296,8.52899983017451));
#14604=CARTESIAN_POINT('Ctrl Pts',(138.318827736657,-133.718833689481,9.06433550771423));
#14605=CARTESIAN_POINT('Ctrl Pts',(138.624165277776,-133.452705355107,8.86149195256569));
#14606=CARTESIAN_POINT('Ctrl Pts',(139.189892243801,-132.829291402936,8.38630902024073));
#14607=CARTESIAN_POINT('Ctrl Pts',(139.776453489183,-131.591173360056,7.73892819066925));
#14608=CARTESIAN_POINT('Ctrl Pts',(139.900024781851,-130.67717697757,7.47042784734232));
#14609=CARTESIAN_POINT('Ctrl Pts',(139.900003979785,-130.184922764079,7.30936372569233));
#14610=CARTESIAN_POINT('Ctrl Pts',(138.435557536274,-133.835563489098,6.97095086691752));
#14611=CARTESIAN_POINT('Ctrl Pts',(138.726947974368,-133.544166451563,6.91705659335724));
#14612=CARTESIAN_POINT('Ctrl Pts',(139.249326034633,-132.877376151322,6.79965302707599));
#14613=CARTESIAN_POINT('Ctrl Pts',(139.772368448694,-131.664905810149,6.61046699970432));
#14614=CARTESIAN_POINT('Ctrl Pts',(139.900025469079,-130.760444744467,6.49347936816174));
#14615=CARTESIAN_POINT('Ctrl Pts',(139.900003979612,-130.299796730949,6.43684605171339));
#14616=CARTESIAN_POINT('Ctrl Pts',(138.435537886009,-133.835543838833,6.00026504264555));
#14617=CARTESIAN_POINT('Ctrl Pts',(138.744080079639,-133.52700164687,6.00029226427889));
#14618=CARTESIAN_POINT('Ctrl Pts',(139.279889505259,-132.828712060915,6.00035156544211));
#14619=CARTESIAN_POINT('Ctrl Pts',(139.785154409678,-131.608869287663,6.00044711927868));
#14620=CARTESIAN_POINT('Ctrl Pts',(139.900023317067,-130.736183148732,6.00050620164036));
#14621=CARTESIAN_POINT('Ctrl Pts',(139.900003980155,-130.299789638976,6.00053480453247));
#14622=CARTESIAN_POINT('Ctrl Pts',(137.155797227008,-132.555803179832,13.2557932419703));
#14623=CARTESIAN_POINT('Ctrl Pts',(137.19768365298,-132.597689605804,13.1720203900269));
#14624=CARTESIAN_POINT('Ctrl Pts',(137.238309143255,-132.638315096079,13.0870401261748));
#14625=CARTESIAN_POINT('Ctrl Pts',(137.277844644366,-132.67785059719,12.9999999999981));
#14626=CARTESIAN_POINT('Ctrl Pts',(137.15567764578,-132.555683598604,13.256032394295));
#14627=CARTESIAN_POINT('Ctrl Pts',(137.392570005741,-132.792575958565,12.7822878105482));
#14628=CARTESIAN_POINT('Ctrl Pts',(137.785656733539,-133.185662686363,11.7577058245626));
#14629=CARTESIAN_POINT('Ctrl Pts',(138.318827736657,-133.718833689481,9.06433550771423));
#14630=CARTESIAN_POINT('Ctrl Pts',(138.435557536274,-133.835563489098,6.97095086691753));
#14631=CARTESIAN_POINT('Ctrl Pts',(138.435537886009,-133.835543838833,6.00026504264557));
#14632=CARTESIAN_POINT('Ctrl Pts',(136.918840198209,-133.029385947065,13.0191913837763));
#14633=CARTESIAN_POINT('Ctrl Pts',(137.152798901283,-133.217758075449,12.5495724565836));
#14634=CARTESIAN_POINT('Ctrl Pts',(137.54720487253,-133.54263394032,11.5254693805739));
#14635=CARTESIAN_POINT('Ctrl Pts',(138.052699402284,-134.024171230599,8.8614919525657));
#14636=CARTESIAN_POINT('Ctrl Pts',(138.144160498739,-134.126953927192,6.91705659335725));
#14637=CARTESIAN_POINT('Ctrl Pts',(138.126995694046,-134.144086032463,6.00029226427891));
#14638=CARTESIAN_POINT('Ctrl Pts',(136.395990812373,-133.836662159926,12.4963408001317));
#14639=CARTESIAN_POINT('Ctrl Pts',(136.627691801009,-133.96075413399,12.0268389433156));
#14640=CARTESIAN_POINT('Ctrl Pts',(137.014980054904,-134.198478981574,10.976885240097));
#14641=CARTESIAN_POINT('Ctrl Pts',(137.429285450111,-134.589898196624,8.38630902024073));
#14642=CARTESIAN_POINT('Ctrl Pts',(137.477370198498,-134.649331987457,6.79965302707599));
#14643=CARTESIAN_POINT('Ctrl Pts',(137.428706108092,-134.679895458083,6.00035156544212));
#14644=CARTESIAN_POINT('Ctrl Pts',(135.022043176014,-134.957558144492,11.1224033491652));
#14645=CARTESIAN_POINT('Ctrl Pts',(135.277430419495,-135.004523588211,10.6564114595766));
#14646=CARTESIAN_POINT('Ctrl Pts',(135.700721014975,-135.109354127868,9.59539987081558));
#14647=CARTESIAN_POINT('Ctrl Pts',(136.191167407233,-135.176459442007,7.73892819066925));
#14648=CARTESIAN_POINT('Ctrl Pts',(136.264899857325,-135.172374401517,6.61046699970432));
#14649=CARTESIAN_POINT('Ctrl Pts',(136.208863334839,-135.185160362502,6.00044711927868));
#14650=CARTESIAN_POINT('Ctrl Pts',(133.920736811327,-135.300067579166,10.021069786543));
#14651=CARTESIAN_POINT('Ctrl Pts',(134.227548682024,-135.300059674329,9.66037691581526));
#14652=CARTESIAN_POINT('Ctrl Pts',(134.763441003265,-135.3000420303,8.86270801655639));
#14653=CARTESIAN_POINT('Ctrl Pts',(135.277171024746,-135.300030734674,7.47042784734231));
#14654=CARTESIAN_POINT('Ctrl Pts',(135.360438791643,-135.300031421903,6.49347936816175));
#14655=CARTESIAN_POINT('Ctrl Pts',(135.336177195908,-135.300029269891,6.00050620164036));
#14656=CARTESIAN_POINT('Ctrl Pts',(133.435358258877,-135.300009923307,9.53566576544258));
#14657=CARTESIAN_POINT('Ctrl Pts',(133.743911679289,-135.300009925303,9.22716691802786));
#14658=CARTESIAN_POINT('Ctrl Pts',(134.279695187472,-135.300009929758,8.5289998301745));
#14659=CARTESIAN_POINT('Ctrl Pts',(134.784916811255,-135.300009932609,7.30936372569233));
#14660=CARTESIAN_POINT('Ctrl Pts',(134.899790778125,-135.300009932436,6.4368460517134));
#14661=CARTESIAN_POINT('Ctrl Pts',(134.899783686152,-135.300009932979,6.00053480453247));
#14662=CARTESIAN_POINT('Ctrl Pts',(137.155797227008,-132.555803179832,13.2557932419703));
#14663=CARTESIAN_POINT('Ctrl Pts',(137.074430551671,-132.718536530507,13.1744265666327));
#14664=CARTESIAN_POINT('Ctrl Pts',(136.9901619876,-132.87300127818,13.0901580025626));
#14665=CARTESIAN_POINT('Ctrl Pts',(136.900003985036,-133.021429406062,12.9999999999981));
#14666=CARTESIAN_POINT('Origin',(120.749039356318,-74.0000054946093,15.4999999999981));
#14667=CARTESIAN_POINT('',(129.749039356318,-74.0000054946093,15.9999999999981));
#14668=CARTESIAN_POINT('Origin',(120.749039356318,-74.0000054946093,15.9999999999981));
#14669=CARTESIAN_POINT('',(129.249039356318,-74.0000054946093,15.4999999999981));
#14670=CARTESIAN_POINT('Origin',(129.749039356318,-74.0000054946093,15.4999999999981));
#14671=CARTESIAN_POINT('Origin',(120.749039356318,-74.0000054946093,15.4999999999981));
#14672=CARTESIAN_POINT('Origin',(87.7500019830186,-85.1000080474576,15.9999999999981));
#14673=CARTESIAN_POINT('Origin',(45.5992449430251,-44.8992510810489,15.9999999999981));
#14674=CARTESIAN_POINT('',(61.6750009915274,-130.30000993786,15.9999999999981));
#14675=CARTESIAN_POINT('',(134.900003985036,-110.200008992659,15.9999999999981));
#14676=CARTESIAN_POINT('',(114.890003295848,-88.750008244572,15.9999999999981));
#14677=CARTESIAN_POINT('',(114.890003295848,-115.859049927157,15.9999999999981));
#14678=CARTESIAN_POINT('',(114.890003295848,-87.1750081460148,15.9999999999981));
#14679=CARTESIAN_POINT('',(127.488673463032,-88.750008244572,15.9999999999981));
#14680=CARTESIAN_POINT('',(107.369337723025,-88.750008244572,15.9999999999981));
#14681=CARTESIAN_POINT('',(127.488673463032,-115.859049927157,15.9999999999981));
#14682=CARTESIAN_POINT('',(127.488673463032,-100.229528987307,15.9999999999981));
#14683=CARTESIAN_POINT('',(101.570002639433,-115.859049927157,15.9999999999981));
#14684=CARTESIAN_POINT('',(89.075,-121.12500614281,15.9999999999981));
#14685=CARTESIAN_POINT('',(89.075,-108.12500614281,15.9999999999981));
#14686=CARTESIAN_POINT('',(89.075,-103.112507095134,15.9999999999981));
#14687=CARTESIAN_POINT('',(88.075,-122.12500614281,15.9999999999981));
#14688=CARTESIAN_POINT('Origin',(88.075,-121.12500614281,15.9999999999981));
#14689=CARTESIAN_POINT('',(75.075,-122.12500614281,15.9999999999981));
#14690=CARTESIAN_POINT('',(81.4125009915093,-122.12500614281,15.9999999999981));
#14691=CARTESIAN_POINT('',(74.075,-121.12500614281,15.9999999999981));
#14692=CARTESIAN_POINT('Origin',(75.075,-121.12500614281,15.9999999999981));
#14693=CARTESIAN_POINT('',(74.075,-108.12500614281,15.9999999999981));
#14694=CARTESIAN_POINT('',(74.075,-96.6125070951337,15.9999999999981));
#14695=CARTESIAN_POINT('',(75.075,-107.12500614281,15.9999999999981));
#14696=CARTESIAN_POINT('Origin',(75.075,-108.12500614281,15.9999999999981));
#14697=CARTESIAN_POINT('',(88.075,-107.12500614281,15.9999999999981));
#14698=CARTESIAN_POINT('',(87.9125009915093,-107.12500614281,15.9999999999981));
#14699=CARTESIAN_POINT('Origin',(88.075,-108.12500614281,15.9999999999981));
#14700=CARTESIAN_POINT('',(108.125,-102.07500614281,15.9999999999981));
#14701=CARTESIAN_POINT('',(108.125,-89.0750061428098,15.9999999999981));
#14702=CARTESIAN_POINT('',(108.125,-93.5875070951337,15.9999999999981));
#14703=CARTESIAN_POINT('',(107.125,-103.07500614281,15.9999999999981));
#14704=CARTESIAN_POINT('Origin',(107.125,-102.07500614281,15.9999999999981));
#14705=CARTESIAN_POINT('',(94.125,-103.07500614281,15.9999999999981));
#14706=CARTESIAN_POINT('',(90.9375009915093,-103.07500614281,15.9999999999981));
#14707=CARTESIAN_POINT('',(93.125,-102.07500614281,15.9999999999981));
#14708=CARTESIAN_POINT('Origin',(94.125,-102.07500614281,15.9999999999981));
#14709=CARTESIAN_POINT('',(93.125,-89.0750061428098,15.9999999999981));
#14710=CARTESIAN_POINT('',(93.125,-87.0875070951337,15.9999999999981));
#14711=CARTESIAN_POINT('',(94.125,-88.0750061428098,15.9999999999981));
#14712=CARTESIAN_POINT('Origin',(94.125,-89.0750061428098,15.9999999999981));
#14713=CARTESIAN_POINT('',(107.125,-88.0750061428098,15.9999999999981));
#14714=CARTESIAN_POINT('',(97.4375009915093,-88.0750061428098,15.9999999999981));
#14715=CARTESIAN_POINT('Origin',(107.125,-89.0750061428098,15.9999999999981));
#14716=CARTESIAN_POINT('',(70.025,-102.07500614281,15.9999999999981));
#14717=CARTESIAN_POINT('',(70.025,-89.0750061428098,15.9999999999981));
#14718=CARTESIAN_POINT('',(70.025,-93.5875070951337,15.9999999999981));
#14719=CARTESIAN_POINT('',(69.025,-103.07500614281,15.9999999999981));
#14720=CARTESIAN_POINT('Origin',(69.025,-102.07500614281,15.9999999999981));
#14721=CARTESIAN_POINT('',(56.025,-103.07500614281,15.9999999999981));
#14722=CARTESIAN_POINT('',(71.8875009915093,-103.07500614281,15.9999999999981));
#14723=CARTESIAN_POINT('',(55.025,-102.07500614281,15.9999999999981));
#14724=CARTESIAN_POINT('Origin',(56.025,-102.07500614281,15.9999999999981));
#14725=CARTESIAN_POINT('',(55.025,-89.0750061428098,15.9999999999981));
#14726=CARTESIAN_POINT('',(55.025,-87.0875070951337,15.9999999999981));
#14727=CARTESIAN_POINT('',(56.025,-88.0750061428098,15.9999999999981));
#14728=CARTESIAN_POINT('Origin',(56.025,-89.0750061428098,15.9999999999981));
#14729=CARTESIAN_POINT('',(69.025,-88.0750061428098,15.9999999999981));
#14730=CARTESIAN_POINT('',(78.3875009915093,-88.0750061428098,15.9999999999981));
#14731=CARTESIAN_POINT('Origin',(69.025,-89.0750061428098,15.9999999999981));
#14732=CARTESIAN_POINT('',(89.075,-83.0250061428098,15.9999999999981));
#14733=CARTESIAN_POINT('',(89.075,-70.0250061428098,15.9999999999981));
#14734=CARTESIAN_POINT('',(89.075,-84.0625070951337,15.9999999999981));
#14735=CARTESIAN_POINT('',(88.075,-84.0250061428098,15.9999999999981));
#14736=CARTESIAN_POINT('Origin',(88.075,-83.0250061428098,15.9999999999981));
#14737=CARTESIAN_POINT('',(75.075,-84.0250061428098,15.9999999999981));
#14738=CARTESIAN_POINT('',(81.4125009915093,-84.0250061428098,15.9999999999981));
#14739=CARTESIAN_POINT('',(74.075,-83.0250061428098,15.9999999999981));
#14740=CARTESIAN_POINT('Origin',(75.075,-83.0250061428098,15.9999999999981));
#14741=CARTESIAN_POINT('',(74.075,-70.0250061428098,15.9999999999981));
#14742=CARTESIAN_POINT('',(74.075,-77.5625070951337,15.9999999999981));
#14743=CARTESIAN_POINT('',(75.075,-69.0250061428098,15.9999999999981));
#14744=CARTESIAN_POINT('Origin',(75.075,-70.0250061428098,15.9999999999981));
#14745=CARTESIAN_POINT('',(88.075,-69.0250061428098,15.9999999999981));
#14746=CARTESIAN_POINT('',(87.9125009915093,-69.0250061428098,15.9999999999981));
#14747=CARTESIAN_POINT('Origin',(88.075,-70.0250061428098,15.9999999999981));
#14748=CARTESIAN_POINT('',(70.025,-83.0250061428098,15.9999999999981));
#14749=CARTESIAN_POINT('',(70.025,-70.0250061428098,15.9999999999981));
#14750=CARTESIAN_POINT('',(70.025,-84.0625070951337,15.9999999999981));
#14751=CARTESIAN_POINT('',(69.025,-84.0250061428098,15.9999999999981));
#14752=CARTESIAN_POINT('Origin',(69.025,-83.0250061428098,15.9999999999981));
#14753=CARTESIAN_POINT('',(56.025,-84.0250061428098,15.9999999999981));
#14754=CARTESIAN_POINT('',(71.8875009915093,-84.0250061428098,15.9999999999981));
#14755=CARTESIAN_POINT('',(55.025,-83.0250061428098,15.9999999999981));
#14756=CARTESIAN_POINT('Origin',(56.025,-83.0250061428098,15.9999999999981));
#14757=CARTESIAN_POINT('',(55.025,-70.0250061428098,15.9999999999981));
#14758=CARTESIAN_POINT('',(55.025,-77.5625070951337,15.9999999999981));
#14759=CARTESIAN_POINT('',(56.025,-69.0250061428098,15.9999999999981));
#14760=CARTESIAN_POINT('Origin',(56.025,-70.0250061428098,15.9999999999981));
#14761=CARTESIAN_POINT('',(69.025,-69.0250061428098,15.9999999999981));
#14762=CARTESIAN_POINT('',(78.3875009915093,-69.0250061428098,15.9999999999981));
#14763=CARTESIAN_POINT('Origin',(69.025,-70.0250061428098,15.9999999999981));
#14764=CARTESIAN_POINT('',(108.125,-83.0250061428098,15.9999999999981));
#14765=CARTESIAN_POINT('',(108.125,-70.0250061428098,15.9999999999981));
#14766=CARTESIAN_POINT('',(108.125,-84.0625070951337,15.9999999999981));
#14767=CARTESIAN_POINT('',(107.125,-84.0250061428098,15.9999999999981));
#14768=CARTESIAN_POINT('Origin',(107.125,-83.0250061428098,15.9999999999981));
#14769=CARTESIAN_POINT('',(94.125,-84.0250061428098,15.9999999999981));
#14770=CARTESIAN_POINT('',(90.9375009915093,-84.0250061428098,15.9999999999981));
#14771=CARTESIAN_POINT('',(93.125,-83.0250061428098,15.9999999999981));
#14772=CARTESIAN_POINT('Origin',(94.125,-83.0250061428098,15.9999999999981));
#14773=CARTESIAN_POINT('',(93.125,-70.0250061428098,15.9999999999981));
#14774=CARTESIAN_POINT('',(93.125,-77.5625070951337,15.9999999999981));
#14775=CARTESIAN_POINT('',(94.125,-69.0250061428098,15.9999999999981));
#14776=CARTESIAN_POINT('Origin',(94.125,-70.0250061428098,15.9999999999981));
#14777=CARTESIAN_POINT('',(107.125,-69.0250061428098,15.9999999999981));
#14778=CARTESIAN_POINT('',(97.4375009915093,-69.0250061428098,15.9999999999981));
#14779=CARTESIAN_POINT('Origin',(107.125,-70.0250061428098,15.9999999999981));
#14780=CARTESIAN_POINT('',(89.075,-102.07500614281,15.9999999999981));
#14781=CARTESIAN_POINT('',(89.075,-89.0750061428098,15.9999999999981));
#14782=CARTESIAN_POINT('',(89.075,-93.5875070951337,15.9999999999981));
#14783=CARTESIAN_POINT('',(88.075,-103.07500614281,15.9999999999981));
#14784=CARTESIAN_POINT('Origin',(88.075,-102.07500614281,15.9999999999981));
#14785=CARTESIAN_POINT('',(75.075,-103.07500614281,15.9999999999981));
#14786=CARTESIAN_POINT('',(81.4125009915093,-103.07500614281,15.9999999999981));
#14787=CARTESIAN_POINT('',(74.075,-102.07500614281,15.9999999999981));
#14788=CARTESIAN_POINT('Origin',(75.075,-102.07500614281,15.9999999999981));
#14789=CARTESIAN_POINT('',(74.075,-89.0750061428098,15.9999999999981));
#14790=CARTESIAN_POINT('',(74.075,-87.0875070951337,15.9999999999981));
#14791=CARTESIAN_POINT('',(75.075,-88.0750061428098,15.9999999999981));
#14792=CARTESIAN_POINT('Origin',(75.075,-89.0750061428098,15.9999999999981));
#14793=CARTESIAN_POINT('',(88.075,-88.0750061428098,15.9999999999981));
#14794=CARTESIAN_POINT('',(87.9125009915093,-88.0750061428098,15.9999999999981));
#14795=CARTESIAN_POINT('Origin',(88.075,-89.0750061428098,15.9999999999981));
#14796=CARTESIAN_POINT('',(70.025,-121.12500614281,15.9999999999981));
#14797=CARTESIAN_POINT('',(70.025,-108.12500614281,15.9999999999981));
#14798=CARTESIAN_POINT('',(70.025,-103.112507095134,15.9999999999981));
#14799=CARTESIAN_POINT('',(69.025,-122.12500614281,15.9999999999981));
#14800=CARTESIAN_POINT('Origin',(69.025,-121.12500614281,15.9999999999981));
#14801=CARTESIAN_POINT('',(56.025,-122.12500614281,15.9999999999981));
#14802=CARTESIAN_POINT('',(71.8875009915093,-122.12500614281,15.9999999999981));
#14803=CARTESIAN_POINT('',(55.025,-121.12500614281,15.9999999999981));
#14804=CARTESIAN_POINT('Origin',(56.025,-121.12500614281,15.9999999999981));
#14805=CARTESIAN_POINT('',(55.025,-108.12500614281,15.9999999999981));
#14806=CARTESIAN_POINT('',(55.025,-96.6125070951337,15.9999999999981));
#14807=CARTESIAN_POINT('',(56.025,-107.12500614281,15.9999999999981));
#14808=CARTESIAN_POINT('Origin',(56.025,-108.12500614281,15.9999999999981));
#14809=CARTESIAN_POINT('',(69.025,-107.12500614281,15.9999999999981));
#14810=CARTESIAN_POINT('',(78.3875009915093,-107.12500614281,15.9999999999981));
#14811=CARTESIAN_POINT('Origin',(69.025,-108.12500614281,15.9999999999981));
#14812=CARTESIAN_POINT('',(108.125,-121.12500614281,15.9999999999981));
#14813=CARTESIAN_POINT('',(108.125,-108.12500614281,15.9999999999981));
#14814=CARTESIAN_POINT('',(108.125,-103.112507095134,15.9999999999981));
#14815=CARTESIAN_POINT('',(107.125,-122.12500614281,15.9999999999981));
#14816=CARTESIAN_POINT('Origin',(107.125,-121.12500614281,15.9999999999981));
#14817=CARTESIAN_POINT('',(94.125,-122.12500614281,15.9999999999981));
#14818=CARTESIAN_POINT('',(90.9375009915093,-122.12500614281,15.9999999999981));
#14819=CARTESIAN_POINT('',(93.125,-121.12500614281,15.9999999999981));
#14820=CARTESIAN_POINT('Origin',(94.125,-121.12500614281,15.9999999999981));
#14821=CARTESIAN_POINT('',(93.125,-108.12500614281,15.9999999999981));
#14822=CARTESIAN_POINT('',(93.125,-96.6125070951337,15.9999999999981));
#14823=CARTESIAN_POINT('',(94.125,-107.12500614281,15.9999999999981));
#14824=CARTESIAN_POINT('Origin',(94.125,-108.12500614281,15.9999999999981));
#14825=CARTESIAN_POINT('',(107.125,-107.12500614281,15.9999999999981));
#14826=CARTESIAN_POINT('',(97.4375009915093,-107.12500614281,15.9999999999981));
#14827=CARTESIAN_POINT('Origin',(107.125,-108.12500614281,15.9999999999981));
#14828=CARTESIAN_POINT('Origin',(120.749039356318,-74.0000054946093,15.9999999999981));
#14829=CARTESIAN_POINT('',(129.249039356318,-74.0000054946093,15.9999999999981));
#14830=CARTESIAN_POINT('Origin',(127.488673463032,-100.229528987307,15.4999999999981));
#14831=CARTESIAN_POINT('',(126.988673463032,-89.250008244572,15.4999999999981));
#14832=CARTESIAN_POINT('Origin',(127.488673463032,-88.750008244572,15.4999999999981));
#14833=CARTESIAN_POINT('',(126.988673463032,-115.359049927157,15.4999999999981));
#14834=CARTESIAN_POINT('',(126.988673463032,-100.229528987307,15.4999999999981));
#14835=CARTESIAN_POINT('Origin',(127.488673463032,-115.859049927157,15.4999999999981));
#14836=CARTESIAN_POINT('Origin',(114.890003295848,-87.1750081460148,15.4999999999981));
#14837=CARTESIAN_POINT('',(115.390003295848,-115.359049927157,15.4999999999981));
#14838=CARTESIAN_POINT('',(115.390003295848,-89.250008244572,15.4999999999981));
#14839=CARTESIAN_POINT('',(115.390003295848,-87.1750081460148,15.4999999999981));
#14840=CARTESIAN_POINT('Origin',(114.890003295848,-88.750008244572,15.4999999999981));
#14841=CARTESIAN_POINT('Origin',(114.890003295848,-115.859049927157,15.4999999999981));
#14842=CARTESIAN_POINT('Origin',(107.369337723025,-88.750008244572,15.4999999999981));
#14843=CARTESIAN_POINT('',(107.369337723025,-89.250008244572,15.4999999999981));
#14844=CARTESIAN_POINT('Origin',(101.570002639433,-115.859049927157,15.4999999999981));
#14845=CARTESIAN_POINT('',(101.570002639433,-115.359049927157,15.4999999999981));
#14846=CARTESIAN_POINT('Origin',(126.988673463032,-89.250008244572,12.9999999999981));
#14847=CARTESIAN_POINT('',(115.390003295848,-89.250008244572,12.9999999999981));
#14848=CARTESIAN_POINT('',(126.988673463032,-89.250008244572,12.9999999999981));
#14849=CARTESIAN_POINT('Origin',(115.390003295848,-89.250008244572,12.9999999999981));
#14850=CARTESIAN_POINT('',(115.390003295848,-115.359049927157,12.9999999999981));
#14851=CARTESIAN_POINT('Origin',(108.125,-103.112507095134,15.4999999999981));
#14852=CARTESIAN_POINT('',(107.625,-108.12500614281,15.4999999999981));
#14853=CARTESIAN_POINT('Origin',(108.125,-108.12500614281,15.4999999999981));
#14854=CARTESIAN_POINT('',(107.625,-121.12500614281,15.4999999999981));
#14855=CARTESIAN_POINT('',(107.625,-103.112507095134,15.4999999999981));
#14856=CARTESIAN_POINT('Origin',(108.125,-121.12500614281,15.4999999999981));
#14857=CARTESIAN_POINT('Origin',(107.125,-121.12500614281,15.4999999999981));
#14858=CARTESIAN_POINT('',(107.125,-121.62500614281,15.4999999999981));
#14859=CARTESIAN_POINT('Origin',(107.125,-122.12500614281,15.4999999999981));
#14860=CARTESIAN_POINT('Origin',(107.125,-121.12500614281,15.4999999999981));
#14861=CARTESIAN_POINT('Origin',(90.9375009915093,-122.12500614281,15.4999999999981));
#14862=CARTESIAN_POINT('',(94.125,-121.62500614281,15.4999999999981));
#14863=CARTESIAN_POINT('Origin',(94.125,-122.12500614281,15.4999999999981));
#14864=CARTESIAN_POINT('',(90.9375009915093,-121.62500614281,15.4999999999981));
#14865=CARTESIAN_POINT('Origin',(94.125,-121.12500614281,15.4999999999981));
#14866=CARTESIAN_POINT('',(93.625,-121.12500614281,15.4999999999981));
#14867=CARTESIAN_POINT('Origin',(93.125,-121.12500614281,15.4999999999981));
#14868=CARTESIAN_POINT('Origin',(94.125,-121.12500614281,15.4999999999981));
#14869=CARTESIAN_POINT('Origin',(93.125,-96.6125070951337,15.4999999999981));
#14870=CARTESIAN_POINT('',(93.625,-108.12500614281,15.4999999999981));
#14871=CARTESIAN_POINT('Origin',(93.125,-108.12500614281,15.4999999999981));
#14872=CARTESIAN_POINT('',(93.625,-96.6125070951337,15.4999999999981));
#14873=CARTESIAN_POINT('Origin',(94.125,-108.12500614281,15.4999999999981));
#14874=CARTESIAN_POINT('',(94.125,-107.62500614281,15.4999999999981));
#14875=CARTESIAN_POINT('Origin',(94.125,-107.12500614281,15.4999999999981));
#14876=CARTESIAN_POINT('Origin',(94.125,-108.12500614281,15.4999999999981));
#14877=CARTESIAN_POINT('Origin',(97.4375009915093,-107.12500614281,15.4999999999981));
#14878=CARTESIAN_POINT('',(107.125,-107.62500614281,15.4999999999981));
#14879=CARTESIAN_POINT('Origin',(107.125,-107.12500614281,15.4999999999981));
#14880=CARTESIAN_POINT('',(97.4375009915093,-107.62500614281,15.4999999999981));
#14881=CARTESIAN_POINT('Origin',(107.125,-108.12500614281,15.4999999999981));
#14882=CARTESIAN_POINT('Origin',(107.125,-108.12500614281,15.4999999999981));
#14883=CARTESIAN_POINT('Origin',(94.125,-121.12500614281,12.9999999999981));
#14884=CARTESIAN_POINT('',(94.125,-121.62500614281,12.9999999999981));
#14885=CARTESIAN_POINT('',(93.625,-121.12500614281,12.9999999999981));
#14886=CARTESIAN_POINT('Origin',(94.125,-121.62500614281,12.9999999999981));
#14887=CARTESIAN_POINT('',(107.125,-121.62500614281,12.9999999999981));
#14888=CARTESIAN_POINT('Origin',(107.125,-121.12500614281,12.9999999999981));
#14889=CARTESIAN_POINT('',(107.625,-121.12500614281,12.9999999999981));
#14890=CARTESIAN_POINT('Origin',(107.625,-121.12500614281,12.9999999999981));
#14891=CARTESIAN_POINT('',(107.625,-108.12500614281,12.9999999999981));
#14892=CARTESIAN_POINT('Origin',(89.075,-103.112507095134,15.4999999999981));
#14893=CARTESIAN_POINT('',(88.575,-108.12500614281,15.4999999999981));
#14894=CARTESIAN_POINT('Origin',(89.075,-108.12500614281,15.4999999999981));
#14895=CARTESIAN_POINT('',(88.575,-121.12500614281,15.4999999999981));
#14896=CARTESIAN_POINT('',(88.575,-103.112507095134,15.4999999999981));
#14897=CARTESIAN_POINT('Origin',(89.075,-121.12500614281,15.4999999999981));
#14898=CARTESIAN_POINT('Origin',(88.075,-121.12500614281,15.4999999999981));
#14899=CARTESIAN_POINT('',(88.075,-121.62500614281,15.4999999999981));
#14900=CARTESIAN_POINT('Origin',(88.075,-122.12500614281,15.4999999999981));
#14901=CARTESIAN_POINT('Origin',(88.075,-121.12500614281,15.4999999999981));
#14902=CARTESIAN_POINT('Origin',(81.4125009915093,-122.12500614281,15.4999999999981));
#14903=CARTESIAN_POINT('',(75.075,-121.62500614281,15.4999999999981));
#14904=CARTESIAN_POINT('Origin',(75.075,-122.12500614281,15.4999999999981));
#14905=CARTESIAN_POINT('',(81.4125009915093,-121.62500614281,15.4999999999981));
#14906=CARTESIAN_POINT('Origin',(75.075,-121.12500614281,15.4999999999981));
#14907=CARTESIAN_POINT('',(74.575,-121.12500614281,15.4999999999981));
#14908=CARTESIAN_POINT('Origin',(74.075,-121.12500614281,15.4999999999981));
#14909=CARTESIAN_POINT('Origin',(75.075,-121.12500614281,15.4999999999981));
#14910=CARTESIAN_POINT('Origin',(74.075,-96.6125070951337,15.4999999999981));
#14911=CARTESIAN_POINT('',(74.575,-108.12500614281,15.4999999999981));
#14912=CARTESIAN_POINT('Origin',(74.075,-108.12500614281,15.4999999999981));
#14913=CARTESIAN_POINT('',(74.575,-96.6125070951337,15.4999999999981));
#14914=CARTESIAN_POINT('Origin',(75.075,-108.12500614281,15.4999999999981));
#14915=CARTESIAN_POINT('',(75.075,-107.62500614281,15.4999999999981));
#14916=CARTESIAN_POINT('Origin',(75.075,-107.12500614281,15.4999999999981));
#14917=CARTESIAN_POINT('Origin',(75.075,-108.12500614281,15.4999999999981));
#14918=CARTESIAN_POINT('Origin',(87.9125009915093,-107.12500614281,15.4999999999981));
#14919=CARTESIAN_POINT('',(88.075,-107.62500614281,15.4999999999981));
#14920=CARTESIAN_POINT('Origin',(88.075,-107.12500614281,15.4999999999981));
#14921=CARTESIAN_POINT('',(87.9125009915093,-107.62500614281,15.4999999999981));
#14922=CARTESIAN_POINT('Origin',(88.075,-108.12500614281,15.4999999999981));
#14923=CARTESIAN_POINT('Origin',(88.075,-108.12500614281,15.4999999999981));
#14924=CARTESIAN_POINT('Origin',(75.075,-121.12500614281,12.9999999999981));
#14925=CARTESIAN_POINT('',(75.075,-121.62500614281,12.9999999999981));
#14926=CARTESIAN_POINT('',(74.575,-121.12500614281,12.9999999999981));
#14927=CARTESIAN_POINT('Origin',(75.075,-121.62500614281,12.9999999999981));
#14928=CARTESIAN_POINT('',(88.075,-121.62500614281,12.9999999999981));
#14929=CARTESIAN_POINT('Origin',(88.075,-121.12500614281,12.9999999999981));
#14930=CARTESIAN_POINT('',(88.575,-121.12500614281,12.9999999999981));
#14931=CARTESIAN_POINT('Origin',(88.575,-121.12500614281,12.9999999999981));
#14932=CARTESIAN_POINT('',(88.575,-108.12500614281,12.9999999999981));
#14933=CARTESIAN_POINT('Origin',(70.025,-103.112507095134,15.4999999999981));
#14934=CARTESIAN_POINT('',(69.525,-108.12500614281,15.4999999999981));
#14935=CARTESIAN_POINT('Origin',(70.025,-108.12500614281,15.4999999999981));
#14936=CARTESIAN_POINT('',(69.525,-121.12500614281,15.4999999999981));
#14937=CARTESIAN_POINT('',(69.525,-103.112507095134,15.4999999999981));
#14938=CARTESIAN_POINT('Origin',(70.025,-121.12500614281,15.4999999999981));
#14939=CARTESIAN_POINT('Origin',(69.025,-121.12500614281,15.4999999999981));
#14940=CARTESIAN_POINT('',(69.025,-121.62500614281,15.4999999999981));
#14941=CARTESIAN_POINT('Origin',(69.025,-122.12500614281,15.4999999999981));
#14942=CARTESIAN_POINT('Origin',(69.025,-121.12500614281,15.4999999999981));
#14943=CARTESIAN_POINT('Origin',(71.8875009915093,-122.12500614281,15.4999999999981));
#14944=CARTESIAN_POINT('',(56.025,-121.62500614281,15.4999999999981));
#14945=CARTESIAN_POINT('Origin',(56.025,-122.12500614281,15.4999999999981));
#14946=CARTESIAN_POINT('',(71.8875009915093,-121.62500614281,15.4999999999981));
#14947=CARTESIAN_POINT('Origin',(56.025,-121.12500614281,15.4999999999981));
#14948=CARTESIAN_POINT('',(55.525,-121.12500614281,15.4999999999981));
#14949=CARTESIAN_POINT('Origin',(55.025,-121.12500614281,15.4999999999981));
#14950=CARTESIAN_POINT('Origin',(56.025,-121.12500614281,15.4999999999981));
#14951=CARTESIAN_POINT('Origin',(55.025,-96.6125070951337,15.4999999999981));
#14952=CARTESIAN_POINT('',(55.525,-108.12500614281,15.4999999999981));
#14953=CARTESIAN_POINT('Origin',(55.025,-108.12500614281,15.4999999999981));
#14954=CARTESIAN_POINT('',(55.525,-96.6125070951337,15.4999999999981));
#14955=CARTESIAN_POINT('Origin',(56.025,-108.12500614281,15.4999999999981));
#14956=CARTESIAN_POINT('',(56.025,-107.62500614281,15.4999999999981));
#14957=CARTESIAN_POINT('Origin',(56.025,-107.12500614281,15.4999999999981));
#14958=CARTESIAN_POINT('Origin',(56.025,-108.12500614281,15.4999999999981));
#14959=CARTESIAN_POINT('Origin',(78.3875009915093,-107.12500614281,15.4999999999981));
#14960=CARTESIAN_POINT('',(69.025,-107.62500614281,15.4999999999981));
#14961=CARTESIAN_POINT('Origin',(69.025,-107.12500614281,15.4999999999981));
#14962=CARTESIAN_POINT('',(78.3875009915093,-107.62500614281,15.4999999999981));
#14963=CARTESIAN_POINT('Origin',(69.025,-108.12500614281,15.4999999999981));
#14964=CARTESIAN_POINT('Origin',(69.025,-108.12500614281,15.4999999999981));
#14965=CARTESIAN_POINT('Origin',(56.025,-121.12500614281,12.9999999999981));
#14966=CARTESIAN_POINT('',(56.025,-121.62500614281,12.9999999999981));
#14967=CARTESIAN_POINT('',(55.525,-121.12500614281,12.9999999999981));
#14968=CARTESIAN_POINT('Origin',(56.025,-121.62500614281,12.9999999999981));
#14969=CARTESIAN_POINT('',(69.025,-121.62500614281,12.9999999999981));
#14970=CARTESIAN_POINT('Origin',(69.025,-121.12500614281,12.9999999999981));
#14971=CARTESIAN_POINT('',(69.525,-121.12500614281,12.9999999999981));
#14972=CARTESIAN_POINT('Origin',(69.525,-121.12500614281,12.9999999999981));
#14973=CARTESIAN_POINT('',(69.525,-108.12500614281,12.9999999999981));
#14974=CARTESIAN_POINT('Origin',(108.125,-93.5875070951337,15.4999999999981));
#14975=CARTESIAN_POINT('',(107.625,-89.0750061428098,15.4999999999981));
#14976=CARTESIAN_POINT('Origin',(108.125,-89.0750061428098,15.4999999999981));
#14977=CARTESIAN_POINT('',(107.625,-102.07500614281,15.4999999999981));
#14978=CARTESIAN_POINT('',(107.625,-93.5875070951337,15.4999999999981));
#14979=CARTESIAN_POINT('Origin',(108.125,-102.07500614281,15.4999999999981));
#14980=CARTESIAN_POINT('Origin',(107.125,-102.07500614281,15.4999999999981));
#14981=CARTESIAN_POINT('',(107.125,-102.57500614281,15.4999999999981));
#14982=CARTESIAN_POINT('Origin',(107.125,-103.07500614281,15.4999999999981));
#14983=CARTESIAN_POINT('Origin',(107.125,-102.07500614281,15.4999999999981));
#14984=CARTESIAN_POINT('Origin',(90.9375009915093,-103.07500614281,15.4999999999981));
#14985=CARTESIAN_POINT('',(94.125,-102.57500614281,15.4999999999981));
#14986=CARTESIAN_POINT('Origin',(94.125,-103.07500614281,15.4999999999981));
#14987=CARTESIAN_POINT('',(90.9375009915093,-102.57500614281,15.4999999999981));
#14988=CARTESIAN_POINT('Origin',(94.125,-102.07500614281,15.4999999999981));
#14989=CARTESIAN_POINT('',(93.625,-102.07500614281,15.4999999999981));
#14990=CARTESIAN_POINT('Origin',(93.125,-102.07500614281,15.4999999999981));
#14991=CARTESIAN_POINT('Origin',(94.125,-102.07500614281,15.4999999999981));
#14992=CARTESIAN_POINT('Origin',(93.125,-87.0875070951337,15.4999999999981));
#14993=CARTESIAN_POINT('',(93.625,-89.0750061428098,15.4999999999981));
#14994=CARTESIAN_POINT('Origin',(93.125,-89.0750061428098,15.4999999999981));
#14995=CARTESIAN_POINT('',(93.625,-87.0875070951337,15.4999999999981));
#14996=CARTESIAN_POINT('Origin',(94.125,-89.0750061428098,15.4999999999981));
#14997=CARTESIAN_POINT('',(94.125,-88.5750061428098,15.4999999999981));
#14998=CARTESIAN_POINT('Origin',(94.125,-88.0750061428098,15.4999999999981));
#14999=CARTESIAN_POINT('Origin',(94.125,-89.0750061428098,15.4999999999981));
#15000=CARTESIAN_POINT('Origin',(97.4375009915093,-88.0750061428098,15.4999999999981));
#15001=CARTESIAN_POINT('',(107.125,-88.5750061428098,15.4999999999981));
#15002=CARTESIAN_POINT('Origin',(107.125,-88.0750061428098,15.4999999999981));
#15003=CARTESIAN_POINT('',(97.4375009915093,-88.5750061428098,15.4999999999981));
#15004=CARTESIAN_POINT('Origin',(107.125,-89.0750061428098,15.4999999999981));
#15005=CARTESIAN_POINT('Origin',(107.125,-89.0750061428098,15.4999999999981));
#15006=CARTESIAN_POINT('Origin',(94.125,-102.07500614281,12.9999999999981));
#15007=CARTESIAN_POINT('',(94.125,-102.57500614281,12.9999999999981));
#15008=CARTESIAN_POINT('',(93.625,-102.07500614281,12.9999999999981));
#15009=CARTESIAN_POINT('Origin',(94.125,-102.57500614281,12.9999999999981));
#15010=CARTESIAN_POINT('',(107.125,-102.57500614281,12.9999999999981));
#15011=CARTESIAN_POINT('Origin',(107.125,-102.07500614281,12.9999999999981));
#15012=CARTESIAN_POINT('',(107.625,-102.07500614281,12.9999999999981));
#15013=CARTESIAN_POINT('Origin',(107.625,-102.07500614281,12.9999999999981));
#15014=CARTESIAN_POINT('',(107.625,-89.0750061428098,12.9999999999981));
#15015=CARTESIAN_POINT('Origin',(89.075,-93.5875070951337,15.4999999999981));
#15016=CARTESIAN_POINT('',(88.575,-89.0750061428098,15.4999999999981));
#15017=CARTESIAN_POINT('Origin',(89.075,-89.0750061428098,15.4999999999981));
#15018=CARTESIAN_POINT('',(88.575,-102.07500614281,15.4999999999981));
#15019=CARTESIAN_POINT('',(88.575,-93.5875070951337,15.4999999999981));
#15020=CARTESIAN_POINT('Origin',(89.075,-102.07500614281,15.4999999999981));
#15021=CARTESIAN_POINT('Origin',(88.075,-102.07500614281,15.4999999999981));
#15022=CARTESIAN_POINT('',(88.075,-102.57500614281,15.4999999999981));
#15023=CARTESIAN_POINT('Origin',(88.075,-103.07500614281,15.4999999999981));
#15024=CARTESIAN_POINT('Origin',(88.075,-102.07500614281,15.4999999999981));
#15025=CARTESIAN_POINT('Origin',(81.4125009915093,-103.07500614281,15.4999999999981));
#15026=CARTESIAN_POINT('',(75.075,-102.57500614281,15.4999999999981));
#15027=CARTESIAN_POINT('Origin',(75.075,-103.07500614281,15.4999999999981));
#15028=CARTESIAN_POINT('',(81.4125009915093,-102.57500614281,15.4999999999981));
#15029=CARTESIAN_POINT('Origin',(75.075,-102.07500614281,15.4999999999981));
#15030=CARTESIAN_POINT('',(74.575,-102.07500614281,15.4999999999981));
#15031=CARTESIAN_POINT('Origin',(74.075,-102.07500614281,15.4999999999981));
#15032=CARTESIAN_POINT('Origin',(75.075,-102.07500614281,15.4999999999981));
#15033=CARTESIAN_POINT('Origin',(74.075,-87.0875070951337,15.4999999999981));
#15034=CARTESIAN_POINT('',(74.575,-89.0750061428098,15.4999999999981));
#15035=CARTESIAN_POINT('Origin',(74.075,-89.0750061428098,15.4999999999981));
#15036=CARTESIAN_POINT('',(74.575,-87.0875070951337,15.4999999999981));
#15037=CARTESIAN_POINT('Origin',(75.075,-89.0750061428098,15.4999999999981));
#15038=CARTESIAN_POINT('',(75.075,-88.5750061428098,15.4999999999981));
#15039=CARTESIAN_POINT('Origin',(75.075,-88.0750061428098,15.4999999999981));
#15040=CARTESIAN_POINT('Origin',(75.075,-89.0750061428098,15.4999999999981));
#15041=CARTESIAN_POINT('Origin',(87.9125009915093,-88.0750061428098,15.4999999999981));
#15042=CARTESIAN_POINT('',(88.075,-88.5750061428098,15.4999999999981));
#15043=CARTESIAN_POINT('Origin',(88.075,-88.0750061428098,15.4999999999981));
#15044=CARTESIAN_POINT('',(87.9125009915093,-88.5750061428098,15.4999999999981));
#15045=CARTESIAN_POINT('Origin',(88.075,-89.0750061428098,15.4999999999981));
#15046=CARTESIAN_POINT('Origin',(88.075,-89.0750061428098,15.4999999999981));
#15047=CARTESIAN_POINT('Origin',(75.075,-102.07500614281,12.9999999999981));
#15048=CARTESIAN_POINT('',(75.075,-102.57500614281,12.9999999999981));
#15049=CARTESIAN_POINT('',(74.575,-102.07500614281,12.9999999999981));
#15050=CARTESIAN_POINT('Origin',(75.075,-102.57500614281,12.9999999999981));
#15051=CARTESIAN_POINT('',(88.075,-102.57500614281,12.9999999999981));
#15052=CARTESIAN_POINT('Origin',(88.075,-102.07500614281,12.9999999999981));
#15053=CARTESIAN_POINT('',(88.575,-102.07500614281,12.9999999999981));
#15054=CARTESIAN_POINT('Origin',(88.575,-102.07500614281,12.9999999999981));
#15055=CARTESIAN_POINT('',(88.575,-89.0750061428098,12.9999999999981));
#15056=CARTESIAN_POINT('Origin',(70.025,-93.5875070951337,15.4999999999981));
#15057=CARTESIAN_POINT('',(69.525,-89.0750061428098,15.4999999999981));
#15058=CARTESIAN_POINT('Origin',(70.025,-89.0750061428098,15.4999999999981));
#15059=CARTESIAN_POINT('',(69.525,-102.07500614281,15.4999999999981));
#15060=CARTESIAN_POINT('',(69.525,-93.5875070951337,15.4999999999981));
#15061=CARTESIAN_POINT('Origin',(70.025,-102.07500614281,15.4999999999981));
#15062=CARTESIAN_POINT('Origin',(69.025,-102.07500614281,15.4999999999981));
#15063=CARTESIAN_POINT('',(69.025,-102.57500614281,15.4999999999981));
#15064=CARTESIAN_POINT('Origin',(69.025,-103.07500614281,15.4999999999981));
#15065=CARTESIAN_POINT('Origin',(69.025,-102.07500614281,15.4999999999981));
#15066=CARTESIAN_POINT('Origin',(71.8875009915093,-103.07500614281,15.4999999999981));
#15067=CARTESIAN_POINT('',(56.025,-102.57500614281,15.4999999999981));
#15068=CARTESIAN_POINT('Origin',(56.025,-103.07500614281,15.4999999999981));
#15069=CARTESIAN_POINT('',(71.8875009915093,-102.57500614281,15.4999999999981));
#15070=CARTESIAN_POINT('Origin',(56.025,-102.07500614281,15.4999999999981));
#15071=CARTESIAN_POINT('',(55.525,-102.07500614281,15.4999999999981));
#15072=CARTESIAN_POINT('Origin',(55.025,-102.07500614281,15.4999999999981));
#15073=CARTESIAN_POINT('Origin',(56.025,-102.07500614281,15.4999999999981));
#15074=CARTESIAN_POINT('Origin',(55.025,-87.0875070951337,15.4999999999981));
#15075=CARTESIAN_POINT('',(55.525,-89.0750061428098,15.4999999999981));
#15076=CARTESIAN_POINT('Origin',(55.025,-89.0750061428098,15.4999999999981));
#15077=CARTESIAN_POINT('',(55.525,-87.0875070951337,15.4999999999981));
#15078=CARTESIAN_POINT('Origin',(56.025,-89.0750061428098,15.4999999999981));
#15079=CARTESIAN_POINT('',(56.025,-88.5750061428098,15.4999999999981));
#15080=CARTESIAN_POINT('Origin',(56.025,-88.0750061428098,15.4999999999981));
#15081=CARTESIAN_POINT('Origin',(56.025,-89.0750061428098,15.4999999999981));
#15082=CARTESIAN_POINT('Origin',(78.3875009915093,-88.0750061428098,15.4999999999981));
#15083=CARTESIAN_POINT('',(69.025,-88.5750061428098,15.4999999999981));
#15084=CARTESIAN_POINT('Origin',(69.025,-88.0750061428098,15.4999999999981));
#15085=CARTESIAN_POINT('',(78.3875009915093,-88.5750061428098,15.4999999999981));
#15086=CARTESIAN_POINT('Origin',(69.025,-89.0750061428098,15.4999999999981));
#15087=CARTESIAN_POINT('Origin',(69.025,-89.0750061428098,15.4999999999981));
#15088=CARTESIAN_POINT('Origin',(56.025,-102.07500614281,12.9999999999981));
#15089=CARTESIAN_POINT('',(56.025,-102.57500614281,12.9999999999981));
#15090=CARTESIAN_POINT('',(55.525,-102.07500614281,12.9999999999981));
#15091=CARTESIAN_POINT('Origin',(56.025,-102.57500614281,12.9999999999981));
#15092=CARTESIAN_POINT('',(69.025,-102.57500614281,12.9999999999981));
#15093=CARTESIAN_POINT('Origin',(69.025,-102.07500614281,12.9999999999981));
#15094=CARTESIAN_POINT('',(69.525,-102.07500614281,12.9999999999981));
#15095=CARTESIAN_POINT('Origin',(69.525,-102.07500614281,12.9999999999981));
#15096=CARTESIAN_POINT('',(69.525,-89.0750061428098,12.9999999999981));
#15097=CARTESIAN_POINT('Origin',(108.125,-84.0625070951337,15.4999999999981));
#15098=CARTESIAN_POINT('',(107.625,-70.0250061428098,15.4999999999981));
#15099=CARTESIAN_POINT('Origin',(108.125,-70.0250061428098,15.4999999999981));
#15100=CARTESIAN_POINT('',(107.625,-83.0250061428098,15.4999999999981));
#15101=CARTESIAN_POINT('',(107.625,-84.0625070951337,15.4999999999981));
#15102=CARTESIAN_POINT('Origin',(108.125,-83.0250061428098,15.4999999999981));
#15103=CARTESIAN_POINT('Origin',(107.125,-83.0250061428098,15.4999999999981));
#15104=CARTESIAN_POINT('',(107.125,-83.5250061428098,15.4999999999981));
#15105=CARTESIAN_POINT('Origin',(107.125,-84.0250061428098,15.4999999999981));
#15106=CARTESIAN_POINT('Origin',(107.125,-83.0250061428098,15.4999999999981));
#15107=CARTESIAN_POINT('Origin',(90.9375009915093,-84.0250061428098,15.4999999999981));
#15108=CARTESIAN_POINT('',(94.125,-83.5250061428098,15.4999999999981));
#15109=CARTESIAN_POINT('Origin',(94.125,-84.0250061428098,15.4999999999981));
#15110=CARTESIAN_POINT('',(90.9375009915093,-83.5250061428098,15.4999999999981));
#15111=CARTESIAN_POINT('Origin',(94.125,-83.0250061428098,15.4999999999981));
#15112=CARTESIAN_POINT('',(93.625,-83.0250061428098,15.4999999999981));
#15113=CARTESIAN_POINT('Origin',(93.125,-83.0250061428098,15.4999999999981));
#15114=CARTESIAN_POINT('Origin',(94.125,-83.0250061428098,15.4999999999981));
#15115=CARTESIAN_POINT('Origin',(93.125,-77.5625070951337,15.4999999999981));
#15116=CARTESIAN_POINT('',(93.625,-70.0250061428098,15.4999999999981));
#15117=CARTESIAN_POINT('Origin',(93.125,-70.0250061428098,15.4999999999981));
#15118=CARTESIAN_POINT('',(93.625,-77.5625070951337,15.4999999999981));
#15119=CARTESIAN_POINT('Origin',(94.125,-70.0250061428098,15.4999999999981));
#15120=CARTESIAN_POINT('',(94.125,-69.5250061428098,15.4999999999981));
#15121=CARTESIAN_POINT('Origin',(94.125,-69.0250061428098,15.4999999999981));
#15122=CARTESIAN_POINT('Origin',(94.125,-70.0250061428098,15.4999999999981));
#15123=CARTESIAN_POINT('Origin',(97.4375009915093,-69.0250061428098,15.4999999999981));
#15124=CARTESIAN_POINT('',(107.125,-69.5250061428098,15.4999999999981));
#15125=CARTESIAN_POINT('Origin',(107.125,-69.0250061428098,15.4999999999981));
#15126=CARTESIAN_POINT('',(97.4375009915093,-69.5250061428098,15.4999999999981));
#15127=CARTESIAN_POINT('Origin',(107.125,-70.0250061428098,15.4999999999981));
#15128=CARTESIAN_POINT('Origin',(107.125,-70.0250061428098,15.4999999999981));
#15129=CARTESIAN_POINT('Origin',(94.125,-83.0250061428098,12.9999999999981));
#15130=CARTESIAN_POINT('',(94.125,-83.5250061428098,12.9999999999981));
#15131=CARTESIAN_POINT('',(93.625,-83.0250061428098,12.9999999999981));
#15132=CARTESIAN_POINT('Origin',(94.125,-83.5250061428098,12.9999999999981));
#15133=CARTESIAN_POINT('',(107.125,-83.5250061428098,12.9999999999981));
#15134=CARTESIAN_POINT('Origin',(107.125,-83.0250061428098,12.9999999999981));
#15135=CARTESIAN_POINT('',(107.625,-83.0250061428098,12.9999999999981));
#15136=CARTESIAN_POINT('Origin',(107.625,-83.0250061428098,12.9999999999981));
#15137=CARTESIAN_POINT('',(107.625,-70.0250061428098,12.9999999999981));
#15138=CARTESIAN_POINT('Origin',(89.075,-84.0625070951337,15.4999999999981));
#15139=CARTESIAN_POINT('',(88.575,-70.0250061428098,15.4999999999981));
#15140=CARTESIAN_POINT('Origin',(89.075,-70.0250061428098,15.4999999999981));
#15141=CARTESIAN_POINT('',(88.575,-83.0250061428098,15.4999999999981));
#15142=CARTESIAN_POINT('',(88.575,-84.0625070951337,15.4999999999981));
#15143=CARTESIAN_POINT('Origin',(89.075,-83.0250061428098,15.4999999999981));
#15144=CARTESIAN_POINT('Origin',(88.075,-83.0250061428098,15.4999999999981));
#15145=CARTESIAN_POINT('',(88.075,-83.5250061428098,15.4999999999981));
#15146=CARTESIAN_POINT('Origin',(88.075,-84.0250061428098,15.4999999999981));
#15147=CARTESIAN_POINT('Origin',(88.075,-83.0250061428098,15.4999999999981));
#15148=CARTESIAN_POINT('Origin',(81.4125009915093,-84.0250061428098,15.4999999999981));
#15149=CARTESIAN_POINT('',(75.075,-83.5250061428098,15.4999999999981));
#15150=CARTESIAN_POINT('Origin',(75.075,-84.0250061428098,15.4999999999981));
#15151=CARTESIAN_POINT('',(81.4125009915093,-83.5250061428098,15.4999999999981));
#15152=CARTESIAN_POINT('Origin',(75.075,-83.0250061428098,15.4999999999981));
#15153=CARTESIAN_POINT('',(74.575,-83.0250061428098,15.4999999999981));
#15154=CARTESIAN_POINT('Origin',(74.075,-83.0250061428098,15.4999999999981));
#15155=CARTESIAN_POINT('Origin',(75.075,-83.0250061428098,15.4999999999981));
#15156=CARTESIAN_POINT('Origin',(74.075,-77.5625070951337,15.4999999999981));
#15157=CARTESIAN_POINT('',(74.575,-70.0250061428098,15.4999999999981));
#15158=CARTESIAN_POINT('Origin',(74.075,-70.0250061428098,15.4999999999981));
#15159=CARTESIAN_POINT('',(74.575,-77.5625070951337,15.4999999999981));
#15160=CARTESIAN_POINT('Origin',(75.075,-70.0250061428098,15.4999999999981));
#15161=CARTESIAN_POINT('',(75.075,-69.5250061428098,15.4999999999981));
#15162=CARTESIAN_POINT('Origin',(75.075,-69.0250061428098,15.4999999999981));
#15163=CARTESIAN_POINT('Origin',(75.075,-70.0250061428098,15.4999999999981));
#15164=CARTESIAN_POINT('Origin',(87.9125009915093,-69.0250061428098,15.4999999999981));
#15165=CARTESIAN_POINT('',(88.075,-69.5250061428098,15.4999999999981));
#15166=CARTESIAN_POINT('Origin',(88.075,-69.0250061428098,15.4999999999981));
#15167=CARTESIAN_POINT('',(87.9125009915093,-69.5250061428098,15.4999999999981));
#15168=CARTESIAN_POINT('Origin',(88.075,-70.0250061428098,15.4999999999981));
#15169=CARTESIAN_POINT('Origin',(88.075,-70.0250061428098,15.4999999999981));
#15170=CARTESIAN_POINT('Origin',(75.075,-83.0250061428098,12.9999999999981));
#15171=CARTESIAN_POINT('',(75.075,-83.5250061428098,12.9999999999981));
#15172=CARTESIAN_POINT('',(74.575,-83.0250061428098,12.9999999999981));
#15173=CARTESIAN_POINT('Origin',(75.075,-83.5250061428098,12.9999999999981));
#15174=CARTESIAN_POINT('',(88.075,-83.5250061428098,12.9999999999981));
#15175=CARTESIAN_POINT('Origin',(88.075,-83.0250061428098,12.9999999999981));
#15176=CARTESIAN_POINT('',(88.575,-83.0250061428098,12.9999999999981));
#15177=CARTESIAN_POINT('Origin',(88.575,-83.0250061428098,12.9999999999981));
#15178=CARTESIAN_POINT('',(88.575,-70.0250061428098,12.9999999999981));
#15179=CARTESIAN_POINT('Origin',(70.025,-84.0625070951337,15.4999999999981));
#15180=CARTESIAN_POINT('',(69.525,-70.0250061428098,15.4999999999981));
#15181=CARTESIAN_POINT('Origin',(70.025,-70.0250061428098,15.4999999999981));
#15182=CARTESIAN_POINT('',(69.525,-83.0250061428098,15.4999999999981));
#15183=CARTESIAN_POINT('',(69.525,-84.0625070951337,15.4999999999981));
#15184=CARTESIAN_POINT('Origin',(70.025,-83.0250061428098,15.4999999999981));
#15185=CARTESIAN_POINT('Origin',(69.025,-83.0250061428098,15.4999999999981));
#15186=CARTESIAN_POINT('',(69.025,-83.5250061428098,15.4999999999981));
#15187=CARTESIAN_POINT('Origin',(69.025,-84.0250061428098,15.4999999999981));
#15188=CARTESIAN_POINT('Origin',(69.025,-83.0250061428098,15.4999999999981));
#15189=CARTESIAN_POINT('Origin',(71.8875009915093,-84.0250061428098,15.4999999999981));
#15190=CARTESIAN_POINT('',(56.025,-83.5250061428098,15.4999999999981));
#15191=CARTESIAN_POINT('Origin',(56.025,-84.0250061428098,15.4999999999981));
#15192=CARTESIAN_POINT('',(71.8875009915093,-83.5250061428098,15.4999999999981));
#15193=CARTESIAN_POINT('Origin',(56.025,-83.0250061428098,15.4999999999981));
#15194=CARTESIAN_POINT('',(55.525,-83.0250061428098,15.4999999999981));
#15195=CARTESIAN_POINT('Origin',(55.025,-83.0250061428098,15.4999999999981));
#15196=CARTESIAN_POINT('Origin',(56.025,-83.0250061428098,15.4999999999981));
#15197=CARTESIAN_POINT('Origin',(55.025,-77.5625070951337,15.4999999999981));
#15198=CARTESIAN_POINT('',(55.525,-70.0250061428098,15.4999999999981));
#15199=CARTESIAN_POINT('Origin',(55.025,-70.0250061428098,15.4999999999981));
#15200=CARTESIAN_POINT('',(55.525,-77.5625070951337,15.4999999999981));
#15201=CARTESIAN_POINT('Origin',(56.025,-70.0250061428098,15.4999999999981));
#15202=CARTESIAN_POINT('',(56.025,-69.5250061428098,15.4999999999981));
#15203=CARTESIAN_POINT('Origin',(56.025,-69.0250061428098,15.4999999999981));
#15204=CARTESIAN_POINT('Origin',(56.025,-70.0250061428098,15.4999999999981));
#15205=CARTESIAN_POINT('Origin',(78.3875009915093,-69.0250061428098,15.4999999999981));
#15206=CARTESIAN_POINT('',(69.025,-69.5250061428098,15.4999999999981));
#15207=CARTESIAN_POINT('Origin',(69.025,-69.0250061428098,15.4999999999981));
#15208=CARTESIAN_POINT('',(78.3875009915093,-69.5250061428098,15.4999999999981));
#15209=CARTESIAN_POINT('Origin',(69.025,-70.0250061428098,15.4999999999981));
#15210=CARTESIAN_POINT('Origin',(69.025,-70.0250061428098,15.4999999999981));
#15211=CARTESIAN_POINT('Origin',(56.025,-83.0250061428098,12.9999999999981));
#15212=CARTESIAN_POINT('',(56.025,-83.5250061428098,12.9999999999981));
#15213=CARTESIAN_POINT('',(55.525,-83.0250061428098,12.9999999999981));
#15214=CARTESIAN_POINT('Origin',(56.025,-83.5250061428098,12.9999999999981));
#15215=CARTESIAN_POINT('',(69.025,-83.5250061428098,12.9999999999981));
#15216=CARTESIAN_POINT('Origin',(69.025,-83.0250061428098,12.9999999999981));
#15217=CARTESIAN_POINT('',(69.525,-83.0250061428098,12.9999999999981));
#15218=CARTESIAN_POINT('Origin',(69.525,-83.0250061428098,12.9999999999981));
#15219=CARTESIAN_POINT('',(69.525,-70.0250061428098,12.9999999999981));
#15220=CARTESIAN_POINT('Ctrl Pts',(137.156036379333,-132.555683598604,13.2556736607425));
#15221=CARTESIAN_POINT('Ctrl Pts',(136.919195368814,-133.029385947065,13.0188362131713));
#15222=CARTESIAN_POINT('Ctrl Pts',(136.39634478517,-133.836662159926,12.4959868273349));
#15223=CARTESIAN_POINT('Ctrl Pts',(135.022407334204,-134.957558144492,11.1220391909755));
#15224=CARTESIAN_POINT('Ctrl Pts',(133.921073771581,-135.300067579166,10.0207328262888));
#15225=CARTESIAN_POINT('Ctrl Pts',(133.43566975048,-135.300009923308,9.5353542738384));
#15226=CARTESIAN_POINT('Ctrl Pts',(136.682291795586,-132.792575958564,13.4925660207022));
#15227=CARTESIAN_POINT('Ctrl Pts',(136.449576441622,-133.217758075449,13.2527949162447));
#15228=CARTESIAN_POINT('Ctrl Pts',(135.926842928354,-133.96075413399,12.7276878159705));
#15229=CARTESIAN_POINT('Ctrl Pts',(134.556415444615,-135.004523588211,11.3774264344565));
#15230=CARTESIAN_POINT('Ctrl Pts',(133.560380900853,-135.300059674329,10.3275446969852));
#15231=CARTESIAN_POINT('Ctrl Pts',(133.127170903066,-135.300009925303,9.84390769425113));
#15232=CARTESIAN_POINT('Ctrl Pts',(135.657709809601,-133.185662686363,13.8856527485006));
#15233=CARTESIAN_POINT('Ctrl Pts',(135.425473365613,-133.54263394032,13.6472008874927));
#15234=CARTESIAN_POINT('Ctrl Pts',(134.876889225136,-134.198478981574,13.1149760698661));
#15235=CARTESIAN_POINT('Ctrl Pts',(133.495403855854,-135.109354127868,11.8007170299366));
#15236=CARTESIAN_POINT('Ctrl Pts',(132.762712001594,-135.3000420303,10.8634370182259));
#15237=CARTESIAN_POINT('Ctrl Pts',(132.429003815212,-135.300009929758,10.3796912024336));
#15238=CARTESIAN_POINT('Ctrl Pts',(132.964339492752,-133.718833689481,14.4188237516188));
#15239=CARTESIAN_POINT('Ctrl Pts',(132.761495937603,-134.024171230599,14.1526954172451));
#15240=CARTESIAN_POINT('Ctrl Pts',(132.286313005278,-134.589898196624,13.5292814650734));
#15241=CARTESIAN_POINT('Ctrl Pts',(131.638932175707,-135.176459442007,12.2911634221941));
#15242=CARTESIAN_POINT('Ctrl Pts',(131.37043183238,-135.300030734674,11.3771670397077));
#15243=CARTESIAN_POINT('Ctrl Pts',(131.20936771073,-135.300009932609,10.8849128262164));
#15244=CARTESIAN_POINT('Ctrl Pts',(130.870954851955,-133.835563489098,14.5355535512362));
#15245=CARTESIAN_POINT('Ctrl Pts',(130.817060578395,-134.126953927192,14.2441565137009));
#15246=CARTESIAN_POINT('Ctrl Pts',(130.699657012114,-134.649331987457,13.5773662134597));
#15247=CARTESIAN_POINT('Ctrl Pts',(130.510470984742,-135.172374401517,12.3648958722861));
#15248=CARTESIAN_POINT('Ctrl Pts',(130.393483353199,-135.300031421903,11.4604348066054));
#15249=CARTESIAN_POINT('Ctrl Pts',(130.336850036751,-135.300009932436,10.9997867930866));
#15250=CARTESIAN_POINT('Ctrl Pts',(129.900269027683,-133.835543838833,14.535533900971));
#15251=CARTESIAN_POINT('Ctrl Pts',(129.900296249316,-134.144086032463,14.2269917090074));
#15252=CARTESIAN_POINT('Ctrl Pts',(129.90035555048,-134.679895458083,13.5287021230538));
#15253=CARTESIAN_POINT('Ctrl Pts',(129.900451104316,-135.185160362502,12.3088593498011));
#15254=CARTESIAN_POINT('Ctrl Pts',(129.900510186678,-135.300029269891,11.4361732108696));
#15255=CARTESIAN_POINT('Ctrl Pts',(129.90053878957,-135.300009932979,10.9997797011142));
#15256=CARTESIAN_POINT('Origin',(129.900759042047,-130.30000993786,10.9999999999981));
#15257=CARTESIAN_POINT('Origin',(61.6750009915274,-130.30000993786,10.9999999999981));
#15258=CARTESIAN_POINT('Ctrl Pts',(137.15567764578,-37.6439737437628,13.2556736607425));
#15259=CARTESIAN_POINT('Ctrl Pts',(137.629379994241,-37.8808147542816,13.0188362131713));
#15260=CARTESIAN_POINT('Ctrl Pts',(138.436656207102,-38.4036653379261,12.495986827335));
#15261=CARTESIAN_POINT('Ctrl Pts',(139.557552191668,-39.7776027888927,11.1220391909755));
#15262=CARTESIAN_POINT('Ctrl Pts',(139.900061626342,-40.8789363515151,10.0207328262888));
#15263=CARTESIAN_POINT('Ctrl Pts',(139.900003970484,-41.3643403726157,9.53535427383843));
#15264=CARTESIAN_POINT('Ctrl Pts',(137.392570005741,-38.1177183275097,13.4925660207022));
#15265=CARTESIAN_POINT('Ctrl Pts',(137.817752122625,-38.3504336814744,13.2527949162448));
#15266=CARTESIAN_POINT('Ctrl Pts',(138.560748181165,-38.8731671947425,12.7276878159705));
#15267=CARTESIAN_POINT('Ctrl Pts',(139.604517635387,-40.2435946784814,11.3774264344565));
#15268=CARTESIAN_POINT('Ctrl Pts',(139.900053721505,-41.2396292222429,10.3275446969853));
#15269=CARTESIAN_POINT('Ctrl Pts',(139.900003972479,-41.6728392200303,9.84390769425117));
#15270=CARTESIAN_POINT('Ctrl Pts',(137.785656733539,-39.1423003134954,13.8856527485007));
#15271=CARTESIAN_POINT('Ctrl Pts',(138.142627987496,-39.3745367574841,13.6472008874927));
#15272=CARTESIAN_POINT('Ctrl Pts',(138.79847302875,-39.923120897961,13.1149760698662));
#15273=CARTESIAN_POINT('Ctrl Pts',(139.709348175044,-41.3046062672426,11.8007170299366));
#15274=CARTESIAN_POINT('Ctrl Pts',(139.900036077476,-42.0372981215018,10.8634370182259));
#15275=CARTESIAN_POINT('Ctrl Pts',(139.900003976934,-42.3710063078837,10.3796912024336));
#15276=CARTESIAN_POINT('Ctrl Pts',(138.318827736657,-41.8356706303441,14.4188237516189));
#15277=CARTESIAN_POINT('Ctrl Pts',(138.624165277776,-42.0385141854926,14.1526954172452));
#15278=CARTESIAN_POINT('Ctrl Pts',(139.189892243801,-42.5136971178177,13.5292814650735));
#15279=CARTESIAN_POINT('Ctrl Pts',(139.776453489183,-43.161077947389,12.2911634221942));
#15280=CARTESIAN_POINT('Ctrl Pts',(139.900024781851,-43.429578290716,11.3771670397078));
#15281=CARTESIAN_POINT('Ctrl Pts',(139.900003979785,-43.590642412366,10.8849128262164));
#15282=CARTESIAN_POINT('Ctrl Pts',(138.435557536274,-43.929055271141,14.5355535512362));
#15283=CARTESIAN_POINT('Ctrl Pts',(138.726947974368,-43.9829495447012,14.244156513701));
#15284=CARTESIAN_POINT('Ctrl Pts',(139.249326034633,-44.1003531109825,13.5773662134598));
#15285=CARTESIAN_POINT('Ctrl Pts',(139.772368448694,-44.289539138354,12.3648958722862));
#15286=CARTESIAN_POINT('Ctrl Pts',(139.900025469079,-44.4065267698966,11.4604348066055));
#15287=CARTESIAN_POINT('Ctrl Pts',(139.900003979612,-44.4631600863449,10.9997867930866));
#15288=CARTESIAN_POINT('Ctrl Pts',(138.435537886009,-44.8997410954131,14.535533900971));
#15289=CARTESIAN_POINT('Ctrl Pts',(138.744080079639,-44.8997138737797,14.2269917090074));
#15290=CARTESIAN_POINT('Ctrl Pts',(139.279889505259,-44.8996545726164,13.5287021230538));
#15291=CARTESIAN_POINT('Ctrl Pts',(139.785154409678,-44.8995590187798,12.3088593498011));
#15292=CARTESIAN_POINT('Ctrl Pts',(139.900023317067,-44.899499936418,11.4361732108697));
#15293=CARTESIAN_POINT('Ctrl Pts',(139.900003980155,-44.8994713335259,10.9997797011142));
#15294=CARTESIAN_POINT('Origin',(134.900003985036,-44.8992510810489,10.9999999999981));
#15295=CARTESIAN_POINT('Ctrl Pts',(38.3443263392918,-37.6439737437629,13.2556736607426));
#15296=CARTESIAN_POINT('Ctrl Pts',(38.581163786863,-37.8808147542816,13.7293760092025));
#15297=CARTESIAN_POINT('Ctrl Pts',(39.1040131726994,-38.4036653379261,14.5366522220641));
#15298=CARTESIAN_POINT('Ctrl Pts',(40.4779608090588,-39.7776027888927,15.6575482066299));
#15299=CARTESIAN_POINT('Ctrl Pts',(41.5792671737455,-40.8789363515151,16.0000576413041));
#15300=CARTESIAN_POINT('Ctrl Pts',(42.0646457261959,-41.3643403726157,15.9999999854458));
#15301=CARTESIAN_POINT('Ctrl Pts',(38.1074339793321,-38.1177183275097,13.4925660207023));
#15302=CARTESIAN_POINT('Ctrl Pts',(38.3472050837895,-38.3504336814744,13.9177481375876));
#15303=CARTESIAN_POINT('Ctrl Pts',(38.8723121840639,-38.8731671947424,14.6607441961275));
#15304=CARTESIAN_POINT('Ctrl Pts',(40.2225735655778,-40.2435946784814,15.7045136503484));
#15305=CARTESIAN_POINT('Ctrl Pts',(41.272455303049,-41.2396292222429,16.0000497364669));
#15306=CARTESIAN_POINT('Ctrl Pts',(41.7560923057831,-41.6728392200303,15.9999999874414));
#15307=CARTESIAN_POINT('Ctrl Pts',(37.7143472515337,-39.1423003134954,13.8856527485007));
#15308=CARTESIAN_POINT('Ctrl Pts',(37.9527991125416,-39.3745367574841,14.2426240024579));
#15309=CARTESIAN_POINT('Ctrl Pts',(38.4850239301682,-39.923120897961,14.8984690437122));
#15310=CARTESIAN_POINT('Ctrl Pts',(39.7992829700978,-41.3046062672426,15.809344190006));
#15311=CARTESIAN_POINT('Ctrl Pts',(40.7365629818084,-42.0372981215018,16.000032092438));
#15312=CARTESIAN_POINT('Ctrl Pts',(41.2203087976007,-42.3710063078837,15.9999999918958));
#15313=CARTESIAN_POINT('Ctrl Pts',(37.1811762484154,-41.8356706303441,14.4188237516189));
#15314=CARTESIAN_POINT('Ctrl Pts',(37.4473045827892,-42.0385141854927,14.7241612927378));
#15315=CARTESIAN_POINT('Ctrl Pts',(38.070718534961,-42.5136971178176,15.289888258763));
#15316=CARTESIAN_POINT('Ctrl Pts',(39.3088365778401,-43.161077947389,15.8764495041446));
#15317=CARTESIAN_POINT('Ctrl Pts',(40.2228329603265,-43.429578290716,16.0000207968126));
#15318=CARTESIAN_POINT('Ctrl Pts',(40.7150871738179,-43.590642412366,15.9999999947476));
#15319=CARTESIAN_POINT('Ctrl Pts',(37.0644464487982,-43.929055271141,14.5355535512363));
#15320=CARTESIAN_POINT('Ctrl Pts',(37.3558434863333,-43.9829495447012,14.8269439893299));
#15321=CARTESIAN_POINT('Ctrl Pts',(38.0226337865745,-44.1003531109825,15.3493220495952));
#15322=CARTESIAN_POINT('Ctrl Pts',(39.2351041277481,-44.289539138354,15.8723644636552));
#15323=CARTESIAN_POINT('Ctrl Pts',(40.1395651934288,-44.4065267698965,16.0000214840415));
#15324=CARTESIAN_POINT('Ctrl Pts',(40.6002132069477,-44.4631600863449,15.9999999945741));
#15325=CARTESIAN_POINT('Ctrl Pts',(37.0644660990633,-44.899741095413,14.5355339009711));
#15326=CARTESIAN_POINT('Ctrl Pts',(37.3730082910269,-44.8997138737797,14.8440760946009));
#15327=CARTESIAN_POINT('Ctrl Pts',(38.0712978769805,-44.8996545726164,15.379885520221));
#15328=CARTESIAN_POINT('Ctrl Pts',(39.2911406502333,-44.8995590187797,15.8851504246399));
#15329=CARTESIAN_POINT('Ctrl Pts',(40.1638267891646,-44.899499936418,16.0000193320289));
#15330=CARTESIAN_POINT('Ctrl Pts',(40.6002202989201,-44.8994713335259,15.9999999951174));
#15331=CARTESIAN_POINT('Origin',(134.900003985036,-110.200008992659,10.9999999999981));
#15332=CARTESIAN_POINT('Origin',(55.525,-70.0250061428098,12.9999999999981));
#15333=CARTESIAN_POINT('',(55.525,-70.0250061428098,12.9999999999981));
#15334=CARTESIAN_POINT('Origin',(56.025,-70.0250061428098,12.9999999999981));
#15335=CARTESIAN_POINT('',(56.025,-69.5250061428098,12.9999999999981));
#15336=CARTESIAN_POINT('Origin',(69.025,-69.5250061428098,12.9999999999981));
#15337=CARTESIAN_POINT('',(69.025,-69.5250061428098,12.9999999999981));
#15338=CARTESIAN_POINT('Origin',(69.025,-70.0250061428098,12.9999999999981));
#15339=CARTESIAN_POINT('Origin',(74.575,-89.0750061428098,12.9999999999981));
#15340=CARTESIAN_POINT('',(74.575,-89.0750061428098,12.9999999999981));
#15341=CARTESIAN_POINT('Origin',(75.075,-89.0750061428098,12.9999999999981));
#15342=CARTESIAN_POINT('',(75.075,-88.5750061428098,12.9999999999981));
#15343=CARTESIAN_POINT('Origin',(88.075,-88.5750061428098,12.9999999999981));
#15344=CARTESIAN_POINT('',(88.075,-88.5750061428098,12.9999999999981));
#15345=CARTESIAN_POINT('Origin',(88.075,-89.0750061428098,12.9999999999981));
#15346=CARTESIAN_POINT('Origin',(55.525,-108.12500614281,12.9999999999981));
#15347=CARTESIAN_POINT('',(55.525,-108.12500614281,12.9999999999981));
#15348=CARTESIAN_POINT('Origin',(56.025,-108.12500614281,12.9999999999981));
#15349=CARTESIAN_POINT('',(56.025,-107.62500614281,12.9999999999981));
#15350=CARTESIAN_POINT('Origin',(69.025,-107.62500614281,12.9999999999981));
#15351=CARTESIAN_POINT('',(69.025,-107.62500614281,12.9999999999981));
#15352=CARTESIAN_POINT('Origin',(69.025,-108.12500614281,12.9999999999981));
#15353=CARTESIAN_POINT('Origin',(55.525,-89.0750061428098,12.9999999999981));
#15354=CARTESIAN_POINT('',(55.525,-89.0750061428098,12.9999999999981));
#15355=CARTESIAN_POINT('Origin',(56.025,-89.0750061428098,12.9999999999981));
#15356=CARTESIAN_POINT('',(56.025,-88.5750061428098,12.9999999999981));
#15357=CARTESIAN_POINT('Origin',(69.025,-88.5750061428098,12.9999999999981));
#15358=CARTESIAN_POINT('',(69.025,-88.5750061428098,12.9999999999981));
#15359=CARTESIAN_POINT('Origin',(69.025,-89.0750061428098,12.9999999999981));
#15360=CARTESIAN_POINT('Origin',(74.575,-70.0250061428098,12.9999999999981));
#15361=CARTESIAN_POINT('',(74.575,-70.0250061428098,12.9999999999981));
#15362=CARTESIAN_POINT('Origin',(75.075,-70.0250061428098,12.9999999999981));
#15363=CARTESIAN_POINT('',(75.075,-69.5250061428098,12.9999999999981));
#15364=CARTESIAN_POINT('Origin',(88.075,-69.5250061428098,12.9999999999981));
#15365=CARTESIAN_POINT('',(88.075,-69.5250061428098,12.9999999999981));
#15366=CARTESIAN_POINT('Origin',(88.075,-70.0250061428098,12.9999999999981));
#15367=CARTESIAN_POINT('Origin',(93.625,-89.0750061428098,12.9999999999981));
#15368=CARTESIAN_POINT('',(93.625,-89.0750061428098,12.9999999999981));
#15369=CARTESIAN_POINT('Origin',(94.125,-89.0750061428098,12.9999999999981));
#15370=CARTESIAN_POINT('',(94.125,-88.5750061428098,12.9999999999981));
#15371=CARTESIAN_POINT('Origin',(107.125,-88.5750061428098,12.9999999999981));
#15372=CARTESIAN_POINT('',(107.125,-88.5750061428098,12.9999999999981));
#15373=CARTESIAN_POINT('Origin',(107.125,-89.0750061428098,12.9999999999981));
#15374=CARTESIAN_POINT('Origin',(74.575,-108.12500614281,12.9999999999981));
#15375=CARTESIAN_POINT('',(74.575,-108.12500614281,12.9999999999981));
#15376=CARTESIAN_POINT('Origin',(75.075,-108.12500614281,12.9999999999981));
#15377=CARTESIAN_POINT('',(75.075,-107.62500614281,12.9999999999981));
#15378=CARTESIAN_POINT('Origin',(88.075,-107.62500614281,12.9999999999981));
#15379=CARTESIAN_POINT('',(88.075,-107.62500614281,12.9999999999981));
#15380=CARTESIAN_POINT('Origin',(88.075,-108.12500614281,12.9999999999981));
#15381=CARTESIAN_POINT('Origin',(93.625,-108.12500614281,12.9999999999981));
#15382=CARTESIAN_POINT('',(93.625,-108.12500614281,12.9999999999981));
#15383=CARTESIAN_POINT('Origin',(94.125,-108.12500614281,12.9999999999981));
#15384=CARTESIAN_POINT('',(94.125,-107.62500614281,12.9999999999981));
#15385=CARTESIAN_POINT('Origin',(107.125,-107.62500614281,12.9999999999981));
#15386=CARTESIAN_POINT('',(107.125,-107.62500614281,12.9999999999981));
#15387=CARTESIAN_POINT('Origin',(107.125,-108.12500614281,12.9999999999981));
#15388=CARTESIAN_POINT('Origin',(93.625,-70.0250061428098,12.9999999999981));
#15389=CARTESIAN_POINT('',(93.625,-70.0250061428098,12.9999999999981));
#15390=CARTESIAN_POINT('Origin',(94.125,-70.0250061428098,12.9999999999981));
#15391=CARTESIAN_POINT('',(94.125,-69.5250061428098,12.9999999999981));
#15392=CARTESIAN_POINT('Origin',(107.125,-69.5250061428098,12.9999999999981));
#15393=CARTESIAN_POINT('',(107.125,-69.5250061428098,12.9999999999981));
#15394=CARTESIAN_POINT('Origin',(107.125,-70.0250061428098,12.9999999999981));
#15395=CARTESIAN_POINT('Origin',(126.988673463032,-115.359049927157,12.9999999999981));
#15396=CARTESIAN_POINT('',(126.988673463032,-115.359049927157,12.9999999999981));
#15397=CARTESIAN_POINT('Origin',(115.390003295848,-115.359049927157,12.9999999999981));
#15398=CARTESIAN_POINT('',(-1.77635683940025E-14,6.93889390390721E-17,5.));
#15399=CARTESIAN_POINT('',(-1.77635683940025E-14,6.93889390390721E-17,5.));
#15400=CARTESIAN_POINT('',(-1.77635683940025E-14,6.93889390390721E-17,5.));
#15401=CARTESIAN_POINT('',(-1.77635683940025E-14,6.93889390390721E-17,5.));
#15402=CARTESIAN_POINT('',(-1.77635683940025E-14,6.93889390390721E-17,5.));
#15403=CARTESIAN_POINT('',(-1.77635683940025E-14,6.93889390390721E-17,5.));
#15404=CARTESIAN_POINT('',(-1.77635683940025E-14,6.93889390390721E-17,5.));
#15405=CARTESIAN_POINT('',(-1.77635683940025E-14,6.93889390390721E-17,5.));
#15406=UNCERTAINTY_MEASURE_WITH_UNIT(LENGTH_MEASURE(0.01),#15426,
'DISTANCE_ACCURACY_VALUE',
'Maximum model space distance between geometric entities at asserted c
onnectivities');
#15407=UNCERTAINTY_MEASURE_WITH_UNIT(LENGTH_MEASURE(0.01),#15426,
'DISTANCE_ACCURACY_VALUE',
'Maximum model space distance between geometric entities at asserted c
onnectivities');
#15408=UNCERTAINTY_MEASURE_WITH_UNIT(LENGTH_MEASURE(0.01),#15426,
'DISTANCE_ACCURACY_VALUE',
'Maximum model space distance between geometric entities at asserted c
onnectivities');
#15409=UNCERTAINTY_MEASURE_WITH_UNIT(LENGTH_MEASURE(0.01),#15426,
'DISTANCE_ACCURACY_VALUE',
'Maximum model space distance between geometric entities at asserted c
onnectivities');
#15410=UNCERTAINTY_MEASURE_WITH_UNIT(LENGTH_MEASURE(0.01),#15426,
'DISTANCE_ACCURACY_VALUE',
'Maximum model space distance between geometric entities at asserted c
onnectivities');
#15411=UNCERTAINTY_MEASURE_WITH_UNIT(LENGTH_MEASURE(0.01),#15426,
'DISTANCE_ACCURACY_VALUE',
'Maximum model space distance between geometric entities at asserted c
onnectivities');
#15412=UNCERTAINTY_MEASURE_WITH_UNIT(LENGTH_MEASURE(0.01),#15426,
'DISTANCE_ACCURACY_VALUE',
'Maximum model space distance between geometric entities at asserted c
onnectivities');
#15413=UNCERTAINTY_MEASURE_WITH_UNIT(LENGTH_MEASURE(0.01),#15426,
'DISTANCE_ACCURACY_VALUE',
'Maximum model space distance between geometric entities at asserted c
onnectivities');
#15414=UNCERTAINTY_MEASURE_WITH_UNIT(LENGTH_MEASURE(0.01),#15426,
'DISTANCE_ACCURACY_VALUE',
'Maximum model space distance between geometric entities at asserted c
onnectivities');
#15415=UNCERTAINTY_MEASURE_WITH_UNIT(LENGTH_MEASURE(0.01),#15426,
'DISTANCE_ACCURACY_VALUE',
'Maximum model space distance between geometric entities at asserted c
onnectivities');
#15416=(
GEOMETRIC_REPRESENTATION_CONTEXT(3)
GLOBAL_UNCERTAINTY_ASSIGNED_CONTEXT((#15406))
GLOBAL_UNIT_ASSIGNED_CONTEXT((#15426,#15428,#15429))
REPRESENTATION_CONTEXT('','3D')
);
#15417=(
GEOMETRIC_REPRESENTATION_CONTEXT(3)
GLOBAL_UNCERTAINTY_ASSIGNED_CONTEXT((#15407))
GLOBAL_UNIT_ASSIGNED_CONTEXT((#15426,#15428,#15429))
REPRESENTATION_CONTEXT('','3D')
);
#15418=(
GEOMETRIC_REPRESENTATION_CONTEXT(3)
GLOBAL_UNCERTAINTY_ASSIGNED_CONTEXT((#15408))
GLOBAL_UNIT_ASSIGNED_CONTEXT((#15426,#15428,#15429))
REPRESENTATION_CONTEXT('','3D')
);
#15419=(
GEOMETRIC_REPRESENTATION_CONTEXT(3)
GLOBAL_UNCERTAINTY_ASSIGNED_CONTEXT((#15409))
GLOBAL_UNIT_ASSIGNED_CONTEXT((#15426,#15428,#15429))
REPRESENTATION_CONTEXT('','3D')
);
#15420=(
GEOMETRIC_REPRESENTATION_CONTEXT(3)
GLOBAL_UNCERTAINTY_ASSIGNED_CONTEXT((#15410))
GLOBAL_UNIT_ASSIGNED_CONTEXT((#15426,#15428,#15429))
REPRESENTATION_CONTEXT('','3D')
);
#15421=(
GEOMETRIC_REPRESENTATION_CONTEXT(3)
GLOBAL_UNCERTAINTY_ASSIGNED_CONTEXT((#15411))
GLOBAL_UNIT_ASSIGNED_CONTEXT((#15426,#15428,#15429))
REPRESENTATION_CONTEXT('','3D')
);
#15422=(
GEOMETRIC_REPRESENTATION_CONTEXT(3)
GLOBAL_UNCERTAINTY_ASSIGNED_CONTEXT((#15412))
GLOBAL_UNIT_ASSIGNED_CONTEXT((#15426,#15428,#15429))
REPRESENTATION_CONTEXT('','3D')
);
#15423=(
GEOMETRIC_REPRESENTATION_CONTEXT(3)
GLOBAL_UNCERTAINTY_ASSIGNED_CONTEXT((#15413))
GLOBAL_UNIT_ASSIGNED_CONTEXT((#15426,#15428,#15429))
REPRESENTATION_CONTEXT('','3D')
);
#15424=(
GEOMETRIC_REPRESENTATION_CONTEXT(3)
GLOBAL_UNCERTAINTY_ASSIGNED_CONTEXT((#15414))
GLOBAL_UNIT_ASSIGNED_CONTEXT((#15426,#15428,#15429))
REPRESENTATION_CONTEXT('','3D')
);
#15425=(
GEOMETRIC_REPRESENTATION_CONTEXT(3)
GLOBAL_UNCERTAINTY_ASSIGNED_CONTEXT((#15415))
GLOBAL_UNIT_ASSIGNED_CONTEXT((#15426,#15428,#15429))
REPRESENTATION_CONTEXT('','3D')
);
#15426=(
LENGTH_UNIT()
NAMED_UNIT(*)
SI_UNIT(.MILLI.,.METRE.)
);
#15427=(
LENGTH_UNIT()
NAMED_UNIT(*)
SI_UNIT($,.METRE.)
);
#15428=(
NAMED_UNIT(*)
PLANE_ANGLE_UNIT()
SI_UNIT($,.RADIAN.)
);
#15429=(
NAMED_UNIT(*)
SI_UNIT($,.STERADIAN.)
SOLID_ANGLE_UNIT()
);
#15430=SHAPE_DEFINITION_REPRESENTATION(#15439,#15456);
#15431=SHAPE_DEFINITION_REPRESENTATION(#15440,#15457);
#15432=SHAPE_DEFINITION_REPRESENTATION(#15441,#15458);
#15433=SHAPE_DEFINITION_REPRESENTATION(#15442,#15459);
#15434=SHAPE_DEFINITION_REPRESENTATION(#15443,#15460);
#15435=SHAPE_DEFINITION_REPRESENTATION(#15444,#15461);
#15436=SHAPE_DEFINITION_REPRESENTATION(#15445,#15462);
#15437=SHAPE_DEFINITION_REPRESENTATION(#15446,#15463);
#15438=SHAPE_DEFINITION_REPRESENTATION(#15447,#15464);
#15439=PRODUCT_DEFINITION_SHAPE('',$,#15466);
#15440=PRODUCT_DEFINITION_SHAPE('',$,#15467);
#15441=PRODUCT_DEFINITION_SHAPE('',$,#15468);
#15442=PRODUCT_DEFINITION_SHAPE('',$,#15469);
#15443=PRODUCT_DEFINITION_SHAPE('',$,#15470);
#15444=PRODUCT_DEFINITION_SHAPE('',$,#15471);
#15445=PRODUCT_DEFINITION_SHAPE('',$,#15472);
#15446=PRODUCT_DEFINITION_SHAPE('',$,#15473);
#15447=PRODUCT_DEFINITION_SHAPE('',$,#15474);
#15448=PRODUCT_DEFINITION_SHAPE($,$,#35);
#15449=PRODUCT_DEFINITION_SHAPE($,$,#36);
#15450=PRODUCT_DEFINITION_SHAPE($,$,#37);
#15451=PRODUCT_DEFINITION_SHAPE($,$,#38);
#15452=PRODUCT_DEFINITION_SHAPE($,$,#39);
#15453=PRODUCT_DEFINITION_SHAPE($,$,#40);
#15454=PRODUCT_DEFINITION_SHAPE($,$,#41);
#15455=PRODUCT_DEFINITION_SHAPE($,$,#42);
#15456=SHAPE_REPRESENTATION('',(#7704,#8145,#8146,#8147,#8148,#8149,#8150,
#8151,#8152),#15416);
#15457=SHAPE_REPRESENTATION('',(#7705),#15417);
#15458=SHAPE_REPRESENTATION('',(#7714),#15418);
#15459=SHAPE_REPRESENTATION('',(#7719),#15419);
#15460=SHAPE_REPRESENTATION('',(#7735),#15420);
#15461=SHAPE_REPRESENTATION('',(#7739),#15421);
#15462=SHAPE_REPRESENTATION('',(#7744),#15422);
#15463=SHAPE_REPRESENTATION('',(#7752),#15423);
#15464=SHAPE_REPRESENTATION('',(#7757),#15424);
#15465=PRODUCT_DEFINITION_CONTEXT('part definition',#15494,'design');
#15466=PRODUCT_DEFINITION('2026-07-02-19-32-54-443','Top_Case',#15475,#15465);
#15467=PRODUCT_DEFINITION('2026-07-02-19-32-54-439','Component3',#15476,
#15465);
#15468=PRODUCT_DEFINITION('2026-07-02-19-32-54-439_1','Component4',#15477,
#15465);
#15469=PRODUCT_DEFINITION('2026-07-02-19-32-54-439_2','Component5',#15478,
#15465);
#15470=PRODUCT_DEFINITION('2026-07-02-19-32-54-439_3','Component7',#15479,
#15465);
#15471=PRODUCT_DEFINITION('2026-07-02-19-32-54-439_4','Component8',#15480,
#15465);
#15472=PRODUCT_DEFINITION('2026-07-02-19-32-54-439_5','Component2',#15481,
#15465);
#15473=PRODUCT_DEFINITION('2026-07-02-19-32-54-439_6','Component1',#15482,
#15465);
#15474=PRODUCT_DEFINITION('2026-07-02-19-32-54-439_7','Component6',#15483,
#15465);
#15475=PRODUCT_DEFINITION_FORMATION('',$,#15496);
#15476=PRODUCT_DEFINITION_FORMATION('',$,#15497);
#15477=PRODUCT_DEFINITION_FORMATION('',$,#15498);
#15478=PRODUCT_DEFINITION_FORMATION('',$,#15499);
#15479=PRODUCT_DEFINITION_FORMATION('',$,#15500);
#15480=PRODUCT_DEFINITION_FORMATION('',$,#15501);
#15481=PRODUCT_DEFINITION_FORMATION('',$,#15502);
#15482=PRODUCT_DEFINITION_FORMATION('',$,#15503);
#15483=PRODUCT_DEFINITION_FORMATION('',$,#15504);
#15484=PRODUCT_RELATED_PRODUCT_CATEGORY('Top_Case','Top_Case',(#15496));
#15485=PRODUCT_RELATED_PRODUCT_CATEGORY('Component3','Component3',(#15497));
#15486=PRODUCT_RELATED_PRODUCT_CATEGORY('Component4','Component4',(#15498));
#15487=PRODUCT_RELATED_PRODUCT_CATEGORY('Component5','Component5',(#15499));
#15488=PRODUCT_RELATED_PRODUCT_CATEGORY('Component7','Component7',(#15500));
#15489=PRODUCT_RELATED_PRODUCT_CATEGORY('Component8','Component8',(#15501));
#15490=PRODUCT_RELATED_PRODUCT_CATEGORY('Component2','Component2',(#15502));
#15491=PRODUCT_RELATED_PRODUCT_CATEGORY('Component1','Component1',(#15503));
#15492=PRODUCT_RELATED_PRODUCT_CATEGORY('Component6','Component6',(#15504));
#15493=APPLICATION_PROTOCOL_DEFINITION('international standard',
'automotive_design',2009,#15494);
#15494=APPLICATION_CONTEXT(
'Core Data for Automotive Mechanical Design Process');
#15495=PRODUCT_CONTEXT('part definition',#15494,'mechanical');
#15496=PRODUCT('2026-07-02-19-32-54-443','Top_Case',$,(#15495));
#15497=PRODUCT('2026-07-02-19-32-54-439','Component3',$,(#15495));
#15498=PRODUCT('2026-07-02-19-32-54-439_1','Component4',$,(#15495));
#15499=PRODUCT('2026-07-02-19-32-54-439_2','Component5',$,(#15495));
#15500=PRODUCT('2026-07-02-19-32-54-439_3','Component7',$,(#15495));
#15501=PRODUCT('2026-07-02-19-32-54-439_4','Component8',$,(#15495));
#15502=PRODUCT('2026-07-02-19-32-54-439_5','Component2',$,(#15495));
#15503=PRODUCT('2026-07-02-19-32-54-439_6','Component1',$,(#15495));
#15504=PRODUCT('2026-07-02-19-32-54-439_7','Component6',$,(#15495));
#15505=PRESENTATION_STYLE_ASSIGNMENT((#15509));
#15506=PRESENTATION_STYLE_ASSIGNMENT((#15510));
#15507=PRESENTATION_STYLE_ASSIGNMENT((#15511));
#15508=PRESENTATION_STYLE_ASSIGNMENT((#15512));
#15509=SURFACE_STYLE_USAGE(.BOTH.,#15513);
#15510=SURFACE_STYLE_USAGE(.BOTH.,#15514);
#15511=SURFACE_STYLE_USAGE(.BOTH.,#15515);
#15512=SURFACE_STYLE_USAGE(.BOTH.,#15516);
#15513=SURFACE_SIDE_STYLE('',(#15517));
#15514=SURFACE_SIDE_STYLE('',(#15518));
#15515=SURFACE_SIDE_STYLE('',(#15519));
#15516=SURFACE_SIDE_STYLE('',(#15520));
#15517=SURFACE_STYLE_FILL_AREA(#15521);
#15518=SURFACE_STYLE_FILL_AREA(#15522);
#15519=SURFACE_STYLE_FILL_AREA(#15523);
#15520=SURFACE_STYLE_FILL_AREA(#15524);
#15521=FILL_AREA_STYLE('Steel - Satin',(#15525));
#15522=FILL_AREA_STYLE('Opaque(64,64,64)',(#15526));
#15523=FILL_AREA_STYLE('Opaque(242,242,255)',(#15527));
#15524=FILL_AREA_STYLE('Opaque(178,25,13)',(#15528));
#15525=FILL_AREA_STYLE_COLOUR('Steel - Satin',#15529);
#15526=FILL_AREA_STYLE_COLOUR('Opaque(64,64,64)',#15530);
#15527=FILL_AREA_STYLE_COLOUR('Opaque(242,242,255)',#15531);
#15528=FILL_AREA_STYLE_COLOUR('Opaque(178,25,13)',#15532);
#15529=COLOUR_RGB('Steel - Satin',0.627450980392157,0.627450980392157,0.627450980392157);
#15530=COLOUR_RGB('Opaque(64,64,64)',0.250980392156863,0.250980392156863,
0.250980392156863);
#15531=COLOUR_RGB('Opaque(242,242,255)',0.949019607843137,0.949019607843137,
1.);
#15532=COLOUR_RGB('Opaque(178,25,13)',0.698039215686274,0.0980392156862745,
0.0509803921568627);
ENDSEC;
END-ISO-10303-21;
